2026-10-04T03:59:35.8276245Z Current runner version: '2.337.0'
2026-10-04T03:59:35.8606867Z ##[group]Runner Image Provisioner
2026-10-04T03:59:35.8607778Z Hosted Compute Agent
2026-10-04T03:59:35.8608330Z Version: 20260901.588
2026-10-04T03:59:35.8608963Z Commit: f88ec8081b781fac6c440065ac7ff9e710ce3d0b
2026-10-04T03:59:35.8609699Z Build Date: 2026-09-01T19:56:44Z
2026-10-04T03:59:35.8610361Z Worker ID: {8442f9cd-2aa1-4947-b9ee-fefa364a42db}
2026-10-04T03:59:35.8611054Z Azure Region: eastus
2026-10-04T03:59:35.8611561Z ##[endgroup]
2026-10-04T03:59:35.8612998Z ##[group]Operating System
2026-10-04T03:59:35.8613633Z Microsoft Windows Server 2025
2026-10-04T03:59:35.8614225Z 10.0.26100
2026-10-04T03:59:35.8614732Z Datacenter
2026-10-04T03:59:35.8615190Z ##[endgroup]
2026-10-04T03:59:35.8615712Z ##[group]Runner Image
2026-10-04T03:59:35.8616276Z Image: windows-2025-vs2026
2026-10-04T03:59:35.8617366Z Version: 20260925.250.1
2026-10-04T03:59:35.8618913Z Included Software: https://github.com/actions/runner-images/blob/win25-vs2026/20260925.250/images/windows/Windows2025-VS2026-Readme.md
2026-10-04T03:59:35.8620568Z Image Release: https://github.com/actions/runner-images/releases/tag/win25-vs2026%2F20260925.250
2026-10-04T03:59:35.8621518Z ##[endgroup]
2026-10-04T03:59:35.8622611Z ##[group]GITHUB_TOKEN Permissions
2026-10-04T03:59:35.8624569Z Contents: read
2026-10-04T03:59:35.8625137Z Metadata: read
2026-10-04T03:59:35.8625635Z ##[endgroup]
2026-10-04T03:59:35.8627908Z Secret source: Actions
2026-10-04T03:59:35.8628829Z Cache mode: write
2026-10-04T03:59:35.8629492Z Prepare workflow directory
2026-10-04T03:59:35.9870400Z Prepare all required actions
2026-10-04T03:59:35.9920564Z Getting action download info
2026-10-04T03:59:36.1680532Z Download action repository 'actions/checkout@3d3c42e5aac5ba805825da76410c181273ba90b1' (SHA:3d3c42e5aac5ba805825da76410c181273ba90b1)
2026-10-04T03:59:36.3653359Z Download action repository 'actions/setup-go@b7ad1dad31e06c5925ef5d2fc7ad053ef454303e' (SHA:b7ad1dad31e06c5925ef5d2fc7ad053ef454303e)
2026-10-04T03:59:36.6837774Z Download action repository 'actions/cache@55cc8345863c7cc4c66a329aec7e433d2d1c52a9' (SHA:55cc8345863c7cc4c66a329aec7e433d2d1c52a9)
2026-10-04T03:59:36.8388602Z Download action repository 'actions/upload-artifact@043fb46d1a93c77aae656e7c1c64a875d1fc6a0a' (SHA:043fb46d1a93c77aae656e7c1c64a875d1fc6a0a)
2026-10-04T03:59:37.1156806Z Complete job name: rust-migration-windows
2026-10-04T03:59:37.2991987Z ##[group]Run actions/checkout@3d3c42e5aac5ba805825da76410c181273ba90b1
2026-10-04T03:59:37.2993576Z with:
2026-10-04T03:59:37.2994090Z   fetch-depth: 0
2026-10-04T03:59:37.2994683Z   repository: danieljustus/symaira-brain
2026-10-04T03:59:37.2999545Z   token: ***
2026-10-04T03:59:37.2999966Z   ssh-strict: true
2026-10-04T03:59:37.3000392Z   ssh-user: git
2026-10-04T03:59:37.3000831Z   persist-credentials: true
2026-10-04T03:59:37.3001312Z   clean: true
2026-10-04T03:59:37.3001736Z   sparse-checkout-cone-mode: true
2026-10-04T03:59:37.3002258Z   fetch-tags: false
2026-10-04T03:59:37.3002710Z   show-progress: true
2026-10-04T03:59:37.3003147Z   lfs: false
2026-10-04T03:59:37.3003550Z   submodules: false
2026-10-04T03:59:37.3003979Z   set-safe-directory: true
2026-10-04T03:59:37.3004470Z   allow-unsafe-pr-checkout: false
2026-10-04T03:59:37.3005199Z ##[endgroup]
2026-10-04T03:59:37.4471666Z Syncing repository: danieljustus/symaira-brain
2026-10-04T03:59:37.4473669Z ##[group]Getting Git version info
2026-10-04T03:59:37.4475021Z Working directory is 'D:\a\symaira-brain\symaira-brain'
2026-10-04T03:59:37.5529905Z [command]"C:\Program Files\Git\bin\git.exe" version
2026-10-04T03:59:37.9357938Z git version 2.55.0.windows.5
2026-10-04T03:59:37.9412135Z ##[endgroup]
2026-10-04T03:59:37.9427838Z Temporarily overriding HOME='D:\a\_temp\4258f77e-0cfc-4239-95c1-f6ad1aa98018' before making global git config changes
2026-10-04T03:59:37.9429250Z Adding repository directory to the temporary git global config as a safe directory
2026-10-04T03:59:37.9438856Z [command]"C:\Program Files\Git\bin\git.exe" config --global --add safe.directory D:\a\symaira-brain\symaira-brain
2026-10-04T03:59:38.0093095Z Deleting the contents of 'D:\a\symaira-brain\symaira-brain'
2026-10-04T03:59:38.0098343Z ##[group]Determining repository object format
2026-10-04T03:59:38.0100665Z ##[endgroup]
2026-10-04T03:59:38.0101460Z ##[group]Initializing the repository
2026-10-04T03:59:38.0109008Z [command]"C:\Program Files\Git\bin\git.exe" init D:\a\symaira-brain\symaira-brain
2026-10-04T03:59:38.0954898Z Initialized empty Git repository in D:/a/symaira-brain/symaira-brain/.git/
2026-10-04T03:59:38.0997624Z [command]"C:\Program Files\Git\bin\git.exe" remote add origin https://github.com/danieljustus/symaira-brain
2026-10-04T03:59:38.1683470Z ##[endgroup]
2026-10-04T03:59:38.1684890Z ##[group]Disabling automatic garbage collection
2026-10-04T03:59:38.1693467Z [command]"C:\Program Files\Git\bin\git.exe" config --local gc.auto 0
2026-10-04T03:59:38.2080166Z ##[endgroup]
2026-10-04T03:59:38.2081259Z ##[group]Setting up auth
2026-10-04T03:59:38.2082095Z Removing SSH command configuration
2026-10-04T03:59:38.2090278Z [command]"C:\Program Files\Git\bin\git.exe" config --local --name-only --get-regexp core\.sshCommand
2026-10-04T03:59:38.2401883Z [command]"C:\Program Files\Git\bin\git.exe" submodule foreach --recursive "sh -c \"git config --local --name-only --get-regexp 'core\.sshCommand' && git config --local --unset-all 'core.sshCommand' || :\""
2026-10-04T03:59:39.7601823Z Removing HTTP extra header
2026-10-04T03:59:39.7611661Z [command]"C:\Program Files\Git\bin\git.exe" config --local --name-only --get-regexp http\.https\:\/\/github\.com\/\.extraheader
2026-10-04T03:59:39.7915851Z [command]"C:\Program Files\Git\bin\git.exe" submodule foreach --recursive "sh -c \"git config --local --name-only --get-regexp 'http\.https\:\/\/github\.com\/\.extraheader' && git config --local --unset-all 'http.https://github.com/.extraheader' || :\""
2026-10-04T03:59:40.3343135Z Removing includeIf entries pointing to credentials config files
2026-10-04T03:59:40.3343925Z [command]"C:\Program Files\Git\bin\git.exe" config --local --name-only --get-regexp ^includeIf\.gitdir:
2026-10-04T03:59:40.3640063Z [command]"C:\Program Files\Git\bin\git.exe" submodule foreach --recursive "git config --local --show-origin --name-only --get-regexp remote.origin.url"
2026-10-04T03:59:40.9145974Z [command]"C:\Program Files\Git\bin\git.exe" config --file D:\a\_temp\git-credentials-2ad47b06-da24-4d53-ae7b-3172ec7f1b8d.config http.https://github.com/.extraheader "AUTHORIZATION: basic ***"
2026-10-04T03:59:40.9455977Z [command]"C:\Program Files\Git\bin\git.exe" config --local includeIf.gitdir:D:/a/symaira-brain/symaira-brain/.git.path D:\a\_temp\git-credentials-2ad47b06-da24-4d53-ae7b-3172ec7f1b8d.config
2026-10-04T03:59:40.9752601Z [command]"C:\Program Files\Git\bin\git.exe" config --local includeIf.gitdir:D:/a/symaira-brain/symaira-brain/.git/worktrees/*.path D:\a\_temp\git-credentials-2ad47b06-da24-4d53-ae7b-3172ec7f1b8d.config
2026-10-04T03:59:41.0110805Z [command]"C:\Program Files\Git\bin\git.exe" config --local includeIf.gitdir:/github/workspace/.git.path /github/runner_temp/git-credentials-2ad47b06-da24-4d53-ae7b-3172ec7f1b8d.config
2026-10-04T03:59:41.0428904Z [command]"C:\Program Files\Git\bin\git.exe" config --local includeIf.gitdir:/github/workspace/.git/worktrees/*.path /github/runner_temp/git-credentials-2ad47b06-da24-4d53-ae7b-3172ec7f1b8d.config
2026-10-04T03:59:41.0752639Z ##[endgroup]
2026-10-04T03:59:41.0753292Z ##[group]Fetching the repository
2026-10-04T03:59:41.0771410Z [command]"C:\Program Files\Git\bin\git.exe" -c protocol.version=2 fetch --no-tags --prune --no-recurse-submodules origin +refs/heads/*:refs/remotes/origin/* +refs/tags/*:refs/tags/* +92d0b1697144e77f4a2feeec8ddee3881ba3b591:refs/remotes/pull/806/merge
2026-10-04T03:59:44.8048127Z From https://github.com/danieljustus/symaira-brain
2026-10-04T03:59:44.8051084Z  * [new branch]        agent/skills-preflight-793               -> origin/agent/skills-preflight-793
2026-10-04T03:59:44.8054128Z  * [new branch]        codex/browse-batch-mcp-profiles-20260926 -> origin/codex/browse-batch-mcp-profiles-20260926
2026-10-04T03:59:44.8055500Z  * [new branch]        codex/browse-cli-parity-proof-20260927   -> origin/codex/browse-cli-parity-proof-20260927
2026-10-04T03:59:44.8056803Z  * [new branch]        codex/browse-cli-runtime-20260926        -> origin/codex/browse-cli-runtime-20260926
2026-10-04T03:59:44.8058041Z  * [new branch]        codex/browse-native-daemon-gate-20260924 -> origin/codex/browse-native-daemon-gate-20260924
2026-10-04T03:59:44.8059207Z  * [new branch]        codex/browse-perf003-win-timeout-20260926 -> origin/codex/browse-perf003-win-timeout-20260926
2026-10-04T03:59:44.8060004Z  * [new branch]        codex/browse-upgrade-check-native-20260927 -> origin/codex/browse-upgrade-check-native-20260927
2026-10-04T03:59:44.8060907Z  * [new branch]        coverage-data                            -> origin/coverage-data
2026-10-04T03:59:44.8061492Z  * [new branch]        handoff/20261003-skills-457-partial      -> origin/handoff/20261003-skills-457-partial
2026-10-04T03:59:44.8062172Z  * [new branch]        handoff/20261003-skills-457-worker       -> origin/handoff/20261003-skills-457-worker
2026-10-04T03:59:44.8063224Z  * [new branch]        handoff/20261003-skills-476-interrupted  -> origin/handoff/20261003-skills-476-interrupted
2026-10-04T03:59:44.8064314Z  * [new branch]        issue/621-skills-render-drift            -> origin/issue/621-skills-render-drift
2026-10-04T03:59:44.8065768Z  * [new branch]        issue/649-native-doctor-schema           -> origin/issue/649-native-doctor-schema
2026-10-04T03:59:44.8066932Z  * [new branch]        issue/730-release-verification           -> origin/issue/730-release-verification
2026-10-04T03:59:44.8068119Z  * [new branch]        issue/758-native-memory-store            -> origin/issue/758-native-memory-store
2026-10-04T03:59:44.8069668Z  * [new branch]        issue/759-native-memory-mcp              -> origin/issue/759-native-memory-mcp
2026-10-04T03:59:44.8070933Z  * [new branch]        issue/763-native-memory-http-reviewed    -> origin/issue/763-native-memory-http-reviewed
2026-10-04T03:59:44.8072120Z  * [new branch]        issue/765-native-doctor-fix              -> origin/issue/765-native-doctor-fix
2026-10-04T03:59:44.8074287Z  * [new branch]        issue/768-native-credential-usage        -> origin/issue/768-native-credential-usage
2026-10-04T03:59:44.8075576Z  * [new branch]        issue/770-standalone-rust-guard          -> origin/issue/770-standalone-rust-guard
2026-10-04T03:59:44.8076830Z  * [new branch]        issue/772-daemon-native-acceptance       -> origin/issue/772-daemon-native-acceptance
2026-10-04T03:59:44.8078133Z  * [new branch]        issue/773-proxy-auth-bytes               -> origin/issue/773-proxy-auth-bytes
2026-10-04T03:59:44.8078999Z  * [new branch]        main                                     -> origin/main
2026-10-04T03:59:44.8079659Z  * [new tag]           v0.1.0                                   -> v0.1.0
2026-10-04T03:59:44.8080355Z  * [new tag]           v0.10.0                                  -> v0.10.0
2026-10-04T03:59:44.8080976Z  * [new tag]           v0.11.0                                  -> v0.11.0
2026-10-04T03:59:44.8081599Z  * [new tag]           v0.12.0                                  -> v0.12.0
2026-10-04T03:59:44.8082237Z  * [new tag]           v0.2.0                                   -> v0.2.0
2026-10-04T03:59:44.8082906Z  * [new tag]           v0.2.1                                   -> v0.2.1
2026-10-04T03:59:44.8083538Z  * [new tag]           v0.2.2                                   -> v0.2.2
2026-10-04T03:59:44.8084162Z  * [new tag]           v0.2.3                                   -> v0.2.3
2026-10-04T03:59:44.8084773Z  * [new tag]           v0.2.4                                   -> v0.2.4
2026-10-04T03:59:44.8085533Z  * [new tag]           v0.3.0                                   -> v0.3.0
2026-10-04T03:59:44.8086177Z  * [new tag]           v0.3.1                                   -> v0.3.1
2026-10-04T03:59:44.8087090Z  * [new tag]           v0.4.0                                   -> v0.4.0
2026-10-04T03:59:44.8087702Z  * [new tag]           v0.4.1                                   -> v0.4.1
2026-10-04T03:59:44.8088333Z  * [new tag]           v0.4.2                                   -> v0.4.2
2026-10-04T03:59:44.8088959Z  * [new tag]           v0.4.3                                   -> v0.4.3
2026-10-04T03:59:44.8089986Z  * [new tag]           v0.5.0                                   -> v0.5.0
2026-10-04T03:59:44.8090611Z  * [new tag]           v0.5.1                                   -> v0.5.1
2026-10-04T03:59:44.8091214Z  * [new tag]           v0.6.0                                   -> v0.6.0
2026-10-04T03:59:44.8091820Z  * [new tag]           v0.7.0                                   -> v0.7.0
2026-10-04T03:59:44.8092456Z  * [new tag]           v0.7.1                                   -> v0.7.1
2026-10-04T03:59:44.8093170Z  * [new tag]           v0.7.2                                   -> v0.7.2
2026-10-04T03:59:44.8093771Z  * [new tag]           v0.7.3                                   -> v0.7.3
2026-10-04T03:59:44.8094387Z  * [new tag]           v0.8.0                                   -> v0.8.0
2026-10-04T03:59:44.8095008Z  * [new tag]           v0.8.1                                   -> v0.8.1
2026-10-04T03:59:44.8095714Z  * [new tag]           v0.9.0                                   -> v0.9.0
2026-10-04T03:59:44.8096228Z  * [new tag]           v0.9.1                                   -> v0.9.1
2026-10-04T03:59:44.8096654Z  * [new ref]           92d0b1697144e77f4a2feeec8ddee3881ba3b591 -> pull/806/merge
2026-10-04T03:59:44.8102599Z ##[endgroup]
2026-10-04T03:59:44.8103054Z ##[group]Determining the checkout info
2026-10-04T03:59:44.8104078Z ##[endgroup]
2026-10-04T03:59:44.8113235Z [command]"C:\Program Files\Git\bin\git.exe" sparse-checkout disable
2026-10-04T03:59:44.8585668Z [command]"C:\Program Files\Git\bin\git.exe" config --local --unset-all extensions.worktreeConfig
2026-10-04T03:59:44.8896116Z ##[group]Checking out the ref
2026-10-04T03:59:44.8905371Z [command]"C:\Program Files\Git\bin\git.exe" checkout --progress --force refs/remotes/pull/806/merge
2026-10-04T03:59:45.9500832Z Updating files:  59% (2533/4283)
2026-10-04T03:59:45.9907843Z Updating files:  60% (2570/4283)
2026-10-04T03:59:46.0169432Z Updating files:  61% (2613/4283)
2026-10-04T03:59:46.0456503Z Updating files:  62% (2656/4283)
2026-10-04T03:59:46.0692991Z Updating files:  63% (2699/4283)
2026-10-04T03:59:46.0920855Z Updating files:  64% (2742/4283)
2026-10-04T03:59:46.1113119Z Updating files:  65% (2784/4283)
2026-10-04T03:59:46.1277420Z Updating files:  66% (2827/4283)
2026-10-04T03:59:46.1545726Z Updating files:  67% (2870/4283)
2026-10-04T03:59:46.1783258Z Updating files:  68% (2913/4283)
2026-10-04T03:59:46.1913604Z Updating files:  69% (2956/4283)
2026-10-04T03:59:46.2040579Z Updating files:  70% (2999/4283)
2026-10-04T03:59:46.2185195Z Updating files:  71% (3041/4283)
2026-10-04T03:59:46.2317285Z Updating files:  72% (3084/4283)
2026-10-04T03:59:46.2512190Z Updating files:  73% (3127/4283)
2026-10-04T03:59:46.2786826Z Updating files:  74% (3170/4283)
2026-10-04T03:59:46.2977817Z Updating files:  75% (3213/4283)
2026-10-04T03:59:46.3100208Z Updating files:  76% (3256/4283)
2026-10-04T03:59:46.3359540Z Updating files:  77% (3298/4283)
2026-10-04T03:59:46.3632903Z Updating files:  78% (3341/4283)
2026-10-04T03:59:46.3920416Z Updating files:  79% (3384/4283)
2026-10-04T03:59:46.4291066Z Updating files:  80% (3427/4283)
2026-10-04T03:59:46.4437457Z Updating files:  81% (3470/4283)
2026-10-04T03:59:46.4557332Z Updating files:  82% (3513/4283)
2026-10-04T03:59:46.4683175Z Updating files:  83% (3555/4283)
2026-10-04T03:59:46.4805705Z Updating files:  84% (3598/4283)
2026-10-04T03:59:46.4930637Z Updating files:  85% (3641/4283)
2026-10-04T03:59:46.5062551Z Updating files:  86% (3684/4283)
2026-10-04T03:59:46.5186768Z Updating files:  87% (3727/4283)
2026-10-04T03:59:46.5321268Z Updating files:  88% (3770/4283)
2026-10-04T03:59:46.5438686Z Updating files:  89% (3812/4283)
2026-10-04T03:59:46.5560782Z Updating files:  90% (3855/4283)
2026-10-04T03:59:46.5677287Z Updating files:  91% (3898/4283)
2026-10-04T03:59:46.5800845Z Updating files:  92% (3941/4283)
2026-10-04T03:59:46.5918265Z Updating files:  93% (3984/4283)
2026-10-04T03:59:46.6032290Z Updating files:  94% (4027/4283)
2026-10-04T03:59:46.6166580Z Updating files:  95% (4069/4283)
2026-10-04T03:59:46.6293095Z Updating files:  96% (4112/4283)
2026-10-04T03:59:46.6422615Z Updating files:  97% (4155/4283)
2026-10-04T03:59:46.6545932Z Updating files:  98% (4198/4283)
2026-10-04T03:59:46.6668080Z Updating files:  99% (4241/4283)
2026-10-04T03:59:46.6668771Z Updating files: 100% (4283/4283)
2026-10-04T03:59:46.6669052Z Updating files: 100% (4283/4283), done.
2026-10-04T03:59:46.6821562Z Note: switching to 'refs/remotes/pull/806/merge'.
2026-10-04T03:59:46.6822022Z 
2026-10-04T03:59:46.6822335Z You are in 'detached HEAD' state. You can look around, make experimental
2026-10-04T03:59:46.6822824Z changes and commit them, and you can discard any commits you make in this
2026-10-04T03:59:46.6823580Z state without impacting any branches by switching back to a branch.
2026-10-04T03:59:46.6823851Z 
2026-10-04T03:59:46.6824047Z If you want to create a new branch to retain commits you create, you may
2026-10-04T03:59:46.6824479Z do so (now or later) by using -c with the switch command. Example:
2026-10-04T03:59:46.6824733Z 
2026-10-04T03:59:46.6824854Z   git switch -c <new-branch-name>
2026-10-04T03:59:46.6825022Z 
2026-10-04T03:59:46.6825108Z Or undo this operation with:
2026-10-04T03:59:46.6825317Z 
2026-10-04T03:59:46.6825439Z   git switch -
2026-10-04T03:59:46.6825640Z 
2026-10-04T03:59:46.6825947Z Turn off this advice by setting config variable advice.detachedHead to false
2026-10-04T03:59:46.6826538Z 
2026-10-04T03:59:46.6826888Z HEAD is now at 92d0b169 Merge f9447c5e01bd8c3d78df5115fd62636ac807cbd0 into 2b6d49f250a81650eda1b93cec7d859a171873bb
2026-10-04T03:59:46.7038350Z ##[endgroup]
2026-10-04T03:59:46.7496999Z [command]"C:\Program Files\Git\bin\git.exe" log -1 --format=%H
2026-10-04T03:59:46.7780524Z 92d0b1697144e77f4a2feeec8ddee3881ba3b591
2026-10-04T03:59:46.8292265Z ##[group]Run actions/setup-go@b7ad1dad31e06c5925ef5d2fc7ad053ef454303e
2026-10-04T03:59:46.8292690Z with:
2026-10-04T03:59:46.8292878Z   go-version-file: go.mod
2026-10-04T03:59:46.8293088Z   cache: true
2026-10-04T03:59:46.8293262Z   check-latest: false
2026-10-04T03:59:46.8321252Z   token: ***
2026-10-04T03:59:46.8321484Z ##[endgroup]
2026-10-04T03:59:46.9921211Z Setup go version spec 1.26.7
2026-10-04T03:59:46.9934532Z Attempting to download 1.26.7...
2026-10-04T03:59:47.4250061Z matching 1.26.7...
2026-10-04T03:59:47.4262918Z Acquiring 1.26.7 from https://github.com/actions/go-versions/releases/download/1.26.7-32325178046/go-1.26.7-win32-x64.zip
2026-10-04T03:59:47.9776992Z Extracting Go...
2026-10-04T03:59:48.0826314Z [command]"C:\Program Files\PowerShell\7\pwsh.exe" -NoLogo -NoProfile -NonInteractive -ExecutionPolicy Unrestricted -Command "$ErrorActionPreference = 'Stop' ; try { Add-Type -AssemblyName System.IO.Compression.ZipFile } catch { } ; try { [System.IO.Compression.ZipFile]::ExtractToDirectory('D:\a\_temp\go-1.26.7-win32-x64.zip', 'D:\a\_temp\3c6ba4ac-f227-408c-ab41-e98e7ca4d891', $true) } catch { if (($_.Exception.GetType().FullName -eq 'System.Management.Automation.MethodException') -or ($_.Exception.GetType().FullName -eq 'System.Management.Automation.RuntimeException') ){ Expand-Archive -LiteralPath 'D:\a\_temp\go-1.26.7-win32-x64.zip' -DestinationPath 'D:\a\_temp\3c6ba4ac-f227-408c-ab41-e98e7ca4d891' -Force } else { throw $_ } } ;"
2026-10-04T03:59:52.8914968Z Successfully extracted go to D:\a\_temp\3c6ba4ac-f227-408c-ab41-e98e7ca4d891
2026-10-04T03:59:52.8915403Z Adding to the cache ...
2026-10-04T04:00:05.1082015Z Created link C:\hostedtoolcache\windows\go\1.26.7\x64 => D:\hostedtoolcache\windows\go\1.26.7\x64
2026-10-04T04:00:05.1087045Z Created link C:\hostedtoolcache\windows\go\1.26.7\x64.complete => D:\hostedtoolcache\windows\go\1.26.7\x64.complete
2026-10-04T04:00:05.1089381Z Successfully cached go to C:\hostedtoolcache\windows\go\1.26.7\x64
2026-10-04T04:00:05.1097156Z Added go to the path
2026-10-04T04:00:05.1100050Z Successfully set up Go version 1.26.7
2026-10-04T04:00:05.6501783Z [command]C:\hostedtoolcache\windows\go\1.26.7\x64\bin\go.exe env GOMODCACHE
2026-10-04T04:00:05.6554544Z [command]C:\hostedtoolcache\windows\go\1.26.7\x64\bin\go.exe env GOCACHE
2026-10-04T04:00:05.6893646Z C:\Users\runneradmin\go\pkg\mod
2026-10-04T04:00:05.6908616Z C:\Users\runneradmin\AppData\Local\go-build
2026-10-04T04:00:06.4368333Z Cache hit for: setup-go-Windows-x64-go-1.26.7-da193973ccd725fdd1a6125e59e1398e6714d9dc4da6b8fd1ec8954a4a0bd404
2026-10-04T04:00:07.5161512Z Received 209715200 of 219869179 (95.4%), 193.8 MBs/sec
2026-10-04T04:00:07.6776828Z Received 219869179 of 219869179 (100.0%), 175.8 MBs/sec
2026-10-04T04:00:07.6779817Z Cache Size: ~210 MB (219869179 B)
2026-10-04T04:00:07.6913498Z [command]"C:\Program Files\Git\usr\bin\tar.exe" -xf D:/a/_temp/833af043-c515-46db-9355-f2de9d2ff843/cache.tzst -P -C D:/a/symaira-brain/symaira-brain --force-local --use-compress-program "zstd -d"
2026-10-04T04:00:30.2261512Z Cache restored successfully
2026-10-04T04:00:30.2412369Z Cache restored from key: setup-go-Windows-x64-go-1.26.7-da193973ccd725fdd1a6125e59e1398e6714d9dc4da6b8fd1ec8954a4a0bd404
2026-10-04T04:00:30.2433639Z go version go1.26.7 windows/amd64
2026-10-04T04:00:30.2433877Z 
2026-10-04T04:00:30.2434163Z ##[group]go env
2026-10-04T04:00:30.5855145Z set AR=ar
2026-10-04T04:00:30.5855518Z set CC=gcc
2026-10-04T04:00:30.5855866Z set CGO_CFLAGS=-O2 -g
2026-10-04T04:00:30.5856227Z set CGO_CPPFLAGS=
2026-10-04T04:00:30.5856588Z set CGO_CXXFLAGS=-O2 -g
2026-10-04T04:00:30.5856957Z set CGO_ENABLED=1
2026-10-04T04:00:30.5857319Z set CGO_FFLAGS=-O2 -g
2026-10-04T04:00:30.5857706Z set CGO_LDFLAGS=-O2 -g
2026-10-04T04:00:30.5858314Z set CXX=g++
2026-10-04T04:00:30.5858602Z set GCCGO=gccgo
2026-10-04T04:00:30.5858899Z set GO111MODULE=
2026-10-04T04:00:30.5859207Z set GOAMD64=v1
2026-10-04T04:00:30.5859504Z set GOARCH=amd64
2026-10-04T04:00:30.5862663Z set GOAUTH=netrc
2026-10-04T04:00:30.5862986Z set GOBIN=
2026-10-04T04:00:30.5863579Z set GOCACHE=C:\Users\runneradmin\AppData\Local\go-build
2026-10-04T04:00:30.5864146Z set GOCACHEPROG=
2026-10-04T04:00:30.5864468Z set GODEBUG=
2026-10-04T04:00:30.5864898Z set GOENV=C:\Users\runneradmin\AppData\Roaming\go\env
2026-10-04T04:00:30.5866862Z set GOEXE=.exe
2026-10-04T04:00:30.5867731Z set GOEXPERIMENT=
2026-10-04T04:00:30.5868066Z set GOFIPS140=off
2026-10-04T04:00:30.5868381Z set GOFLAGS=
2026-10-04T04:00:30.5869794Z set GOGCCFLAGS=-m64 -mthreads -Wl,--no-gc-sections -fmessage-length=0 -ffile-prefix-map=C:\Users\RUNNER~1\AppData\Local\Temp\go-build1679532488=/tmp/go-build -gno-record-gcc-switches
2026-10-04T04:00:30.5872508Z set GOHOSTARCH=amd64
2026-10-04T04:00:30.5872890Z set GOHOSTOS=windows
2026-10-04T04:00:30.5873561Z set GOINSECURE=
2026-10-04T04:00:30.5874000Z set GOMOD=D:\a\symaira-brain\symaira-brain\go.mod
2026-10-04T04:00:30.5874608Z set GOMODCACHE=C:\Users\runneradmin\go\pkg\mod
2026-10-04T04:00:30.5875096Z set GONOPROXY=
2026-10-04T04:00:30.5875412Z set GONOSUMDB=
2026-10-04T04:00:30.5875734Z set GOOS=windows
2026-10-04T04:00:30.5876092Z set GOPATH=C:\Users\runneradmin\go
2026-10-04T04:00:30.5876519Z set GOPRIVATE=
2026-10-04T04:00:30.5876940Z set GOPROXY=https://proxy.golang.org,direct
2026-10-04T04:00:30.5877536Z set GOROOT=C:\hostedtoolcache\windows\go\1.26.7\x64
2026-10-04T04:00:30.5878051Z set GOSUMDB=sum.golang.org
2026-10-04T04:00:30.5878442Z set GOTELEMETRY=local
2026-10-04T04:00:30.5879018Z set GOTELEMETRYDIR=C:\Users\runneradmin\AppData\Roaming\go\telemetry
2026-10-04T04:00:30.5879669Z set GOTMPDIR=
2026-10-04T04:00:30.5879986Z set GOTOOLCHAIN=local
2026-10-04T04:00:30.5880923Z set GOTOOLDIR=C:\hostedtoolcache\windows\go\1.26.7\x64\pkg\tool\windows_amd64
2026-10-04T04:00:30.5881608Z set GOVCS=
2026-10-04T04:00:30.5881944Z set GOVERSION=go1.26.7
2026-10-04T04:00:30.5882220Z set GOWORK=
2026-10-04T04:00:30.5882422Z set PKG_CONFIG=pkg-config
2026-10-04T04:00:30.5882586Z 
2026-10-04T04:00:30.5883003Z ##[endgroup]
2026-10-04T04:00:30.6185050Z ##[group]Run rustup show active-toolchain
2026-10-04T04:00:30.6185487Z [36;1mrustup show active-toolchain[0m
2026-10-04T04:00:30.6696527Z shell: C:\Program Files\PowerShell\7\pwsh.EXE -command ". '{0}'"
2026-10-04T04:00:30.6696986Z env:
2026-10-04T04:00:30.6697204Z   GOTOOLCHAIN: local
2026-10-04T04:00:30.6697449Z ##[endgroup]
2026-10-04T04:00:31.7768360Z info: syncing channel updates for 1.98.0-x86_64-pc-windows-msvc
2026-10-04T04:00:32.4243226Z info: latest update on 2026-08-20 for version 1.98.0 (88d9e12ae 2026-08-18)
2026-10-04T04:00:32.4306098Z info: downloading 5 components
2026-10-04T04:00:42.0117495Z warn: the missing active toolchain `1.98.0-x86_64-pc-windows-msvc` has been auto-installed
2026-10-04T04:00:42.0118582Z warn: auto-installation is deprecated for most `rustup` commands
2026-10-04T04:00:42.0119225Z warn: scripts relying on this behavior in `rustup` may stop working in the future
2026-10-04T04:00:42.0120545Z warn: to install the active toolchain, use `rustup install` instead
2026-10-04T04:00:42.0122777Z warn: see <https://github.com/rust-lang/rustup/issues/4836> for more info
2026-10-04T04:00:42.0124586Z 1.98.0-x86_64-pc-windows-msvc (overridden by 'D:\a\symaira-brain\symaira-brain\rust-toolchain.toml')
2026-10-04T04:00:42.1393322Z ##[group]Run choco install make --version=4.4.1 --yes --no-progress
2026-10-04T04:00:42.1393911Z [36;1mchoco install make --version=4.4.1 --yes --no-progress[0m
2026-10-04T04:00:42.1469152Z shell: C:\Program Files\PowerShell\7\pwsh.EXE -command ". '{0}'"
2026-10-04T04:00:42.1469497Z env:
2026-10-04T04:00:42.1469680Z   GOTOOLCHAIN: local
2026-10-04T04:00:42.1469893Z ##[endgroup]
2026-10-04T04:00:45.6313974Z Chocolatey v2.7.4
2026-10-04T04:00:45.8939050Z Installing the following packages:
2026-10-04T04:00:45.8944375Z make
2026-10-04T04:00:45.8948709Z By installing, you accept licenses for the packages.
2026-10-04T04:00:48.9325914Z Downloading package from source 'https://community.chocolatey.org/api/v2/'
2026-10-04T04:00:49.3926084Z 
2026-10-04T04:00:49.3928281Z make v4.4.1 [Approved]
2026-10-04T04:00:49.4154683Z make package files install completed. Performing other installation steps.
2026-10-04T04:00:50.4659877Z  ShimGen has successfully created a shim for make.exe
2026-10-04T04:00:50.5239978Z  The install of make was successful.
2026-10-04T04:00:50.5243402Z   Deployed to 'C:\ProgramData\chocolatey\lib\make'
2026-10-04T04:00:50.5332805Z 
2026-10-04T04:00:50.5333229Z Chocolatey installed 1/1 packages. 
2026-10-04T04:00:50.5333976Z  See the log for details (C:\ProgramData\chocolatey\logs\chocolatey.log).
2026-10-04T04:00:50.5343835Z 
2026-10-04T04:00:50.5344325Z Enjoy using Chocolatey? Explore more amazing features to take your
2026-10-04T04:00:50.5345123Z experience to the next level at
2026-10-04T04:00:50.5345684Z  https://chocolatey.org/compare
2026-10-04T04:00:50.9077278Z ##[group]Run actions/cache@55cc8345863c7cc4c66a329aec7e433d2d1c52a9
2026-10-04T04:00:50.9077754Z with:
2026-10-04T04:00:50.9078335Z   path: ~/.cargo/registry
~/.cargo/git
~/.cargo/.crates.toml
~/.cargo/.crates2.json
~/.cargo/bin/cargo-audit.exe
~/.cargo/bin/cargo-deny.exe

2026-10-04T04:00:50.9079761Z   key: rust-quality-install-meta-v2-Windows-X64-toolchain-33a4ad9670c778b981b4e54b55039bd7ea7f3eb24b2a78b861b2cdf081a972a3-lock-23ba8f84f55703267a28197a3196e0d3a3bd6915525ff5dde2f53f312ad9c0d4-audit-0.22.2-deny-0.20.2
2026-10-04T04:00:50.9080860Z   enableCrossOsArchive: false
2026-10-04T04:00:50.9081104Z   fail-on-cache-miss: false
2026-10-04T04:00:50.9081324Z   lookup-only: false
2026-10-04T04:00:50.9081525Z   save-always: false
2026-10-04T04:00:50.9081928Z env:
2026-10-04T04:00:50.9082099Z   GOTOOLCHAIN: local
2026-10-04T04:00:50.9082285Z ##[endgroup]
2026-10-04T04:00:51.2162817Z Cache not found for input keys: rust-quality-install-meta-v2-Windows-X64-toolchain-33a4ad9670c778b981b4e54b55039bd7ea7f3eb24b2a78b861b2cdf081a972a3-lock-23ba8f84f55703267a28197a3196e0d3a3bd6915525ff5dde2f53f312ad9c0d4-audit-0.22.2-deny-0.20.2
2026-10-04T04:00:51.2432264Z ##[group]Run set -euo pipefail
2026-10-04T04:00:51.2432633Z [36;1mset -euo pipefail[0m
2026-10-04T04:00:51.2432976Z [36;1maudit_version="$(cargo-audit --version 2>/dev/null || true)"[0m
2026-10-04T04:00:51.2433388Z [36;1mif [ "$audit_version" != "cargo-audit 0.22.2" ]; then[0m
2026-10-04T04:00:51.2433765Z [36;1m  cargo install cargo-audit --version 0.22.2 --locked[0m
2026-10-04T04:00:51.2434072Z [36;1mfi[0m
2026-10-04T04:00:51.2434336Z [36;1mdeny_version="$(cargo-deny --version 2>/dev/null || true)"[0m
2026-10-04T04:00:51.2434721Z [36;1mif [ "$deny_version" != "cargo-deny 0.20.2" ]; then[0m
2026-10-04T04:00:51.2435094Z [36;1m  cargo install cargo-deny --version 0.20.2 --locked[0m
2026-10-04T04:00:51.2435400Z [36;1mfi[0m
2026-10-04T04:00:51.2454866Z shell: C:\Program Files\Git\bin\bash.EXE --noprofile --norc -e -o pipefail {0}
2026-10-04T04:00:51.2455268Z env:
2026-10-04T04:00:51.2455448Z   GOTOOLCHAIN: local
2026-10-04T04:00:51.2455683Z ##[endgroup]
2026-10-04T04:00:52.3752862Z     Updating crates.io index
2026-10-04T04:00:52.4302793Z  Downloading crates ...
2026-10-04T04:00:52.5161514Z   Downloaded cargo-audit v0.22.2
2026-10-04T04:00:52.6582998Z   Installing cargo-audit v0.22.2
2026-10-04T04:00:52.6583726Z warning: default toolchain implicitly overridden with `1.98.0-x86_64-pc-windows-msvc` by rustup toolchain file
2026-10-04T04:00:52.6584219Z   |
2026-10-04T04:00:52.6584548Z   = help: use `cargo +stable install` if you meant to use the stable toolchain
2026-10-04T04:00:52.6585255Z   = note: rustup selects the toolchain based on the parent environment and not the environment of the package being installed
2026-10-04T04:00:52.6668507Z     Updating crates.io index
2026-10-04T04:00:54.4883556Z     Updating crates.io index
2026-10-04T04:00:54.6752532Z  Downloading crates ...
2026-10-04T04:00:54.7022749Z   Downloaded abscissa_derive v0.9.0
2026-10-04T04:00:54.7127853Z   Downloaded gix-ignore v0.21.1
2026-10-04T04:00:54.7284887Z   Downloaded gix-fs v0.21.2
2026-10-04T04:00:54.7463796Z   Downloaded maybe-async v0.2.10
2026-10-04T04:00:54.8883069Z   Downloaded abscissa_core v0.9.0
2026-10-04T04:00:54.9307949Z   Downloaded adler2 v2.0.1
2026-10-04T04:00:54.9436257Z   Downloaded io-close v0.3.7
2026-10-04T04:00:54.9550378Z   Downloaded clap v4.6.1
2026-10-04T04:00:55.0805801Z   Downloaded lru-slab v0.1.2
2026-10-04T04:00:55.0895002Z   Downloaded foldhash v0.1.5
2026-10-04T04:00:55.1014773Z   Downloaded kstring v2.0.2
2026-10-04T04:00:55.1195137Z   Downloaded platforms v3.10.0
2026-10-04T04:00:55.1376344Z   Downloaded gix-object v0.61.0
2026-10-04T04:00:55.1705264Z   Downloaded hyper v1.9.0
2026-10-04T04:00:55.2341799Z   Downloaded gix-pack v0.71.0
2026-10-04T04:00:55.3100921Z   Downloaded heapless v0.8.0
2026-10-04T04:00:55.3464808Z   Downloaded heck v0.5.0
2026-10-04T04:00:55.3622642Z   Downloaded hash32 v0.3.1
2026-10-04T04:00:55.3794200Z   Downloaded gix-index v0.52.0
2026-10-04T04:00:55.4183950Z   Downloaded hashbrown v0.17.1
2026-10-04T04:00:55.4722010Z   Downloaded hashbrown v0.16.1
2026-10-04T04:00:55.5094356Z   Downloaded home v0.5.12
2026-10-04T04:00:55.5193822Z   Downloaded gix-path v0.12.1
2026-10-04T04:00:55.5366373Z   Downloaded http-body v1.0.1
2026-10-04T04:00:55.5458649Z   Downloaded hashbrown v0.15.5
2026-10-04T04:00:55.5812150Z   Downloaded gix-packetline v0.21.4
2026-10-04T04:00:55.6028764Z   Downloaded hyper-rustls v0.27.9
2026-10-04T04:00:55.6178440Z   Downloaded tempfile v3.27.0
2026-10-04T04:00:55.6422185Z   Downloaded gix-hashtable v0.15.1
2026-10-04T04:00:55.6503222Z   Downloaded ipnet v2.12.0
2026-10-04T04:00:55.6657853Z   Downloaded gix-refspec v0.42.0
2026-10-04T04:00:55.6834101Z   Downloaded httparse v1.10.1
2026-10-04T04:00:55.7020834Z   Downloaded hyper-util v0.1.20
2026-10-04T04:00:55.7490067Z   Downloaded once_cell v1.21.4
2026-10-04T04:00:55.7739550Z   Downloaded gix-lock v23.0.0
2026-10-04T04:00:55.7835324Z   Downloaded gix-negotiate v0.32.0
2026-10-04T04:00:55.7929693Z   Downloaded ident_case v1.0.1
2026-10-04T04:00:55.8051629Z   Downloaded gix-odb v0.81.0
2026-10-04T04:00:55.8342016Z   Downloaded gix-shallow v0.12.1
2026-10-04T04:00:55.8417233Z   Downloaded idna v1.1.0
2026-10-04T04:00:55.8618530Z   Downloaded fs_extra v1.3.0
2026-10-04T04:00:55.8732883Z   Downloaded itoa v1.0.18
2026-10-04T04:00:55.8901651Z   Downloaded proc-macro2 v1.0.106
2026-10-04T04:00:55.9201113Z   Downloaded memmap2 v0.9.10
2026-10-04T04:00:55.9337179Z   Downloaded once_cell_polyfill v1.70.2
2026-10-04T04:00:55.9470511Z   Downloaded futures-sink v0.3.32
2026-10-04T04:00:55.9551780Z   Downloaded gix-pathspec v0.18.1
2026-10-04T04:00:55.9669406Z   Downloaded display-error-chain v0.2.2
2026-10-04T04:00:55.9773763Z   Downloaded gix-quote v0.7.2
2026-10-04T04:00:55.9884792Z   Downloaded twox-hash v2.1.2
2026-10-04T04:00:56.0581094Z   Downloaded arrayvec v0.7.6
2026-10-04T04:00:56.0785091Z   Downloaded cvss v2.2.0
2026-10-04T04:00:56.1461086Z   Downloaded icu_properties_data v2.1.2
2026-10-04T04:00:56.6348214Z   Downloaded indenter v0.3.4
2026-10-04T04:00:56.6468587Z   Downloaded is_terminal_polyfill v1.70.2
2026-10-04T04:00:56.6548898Z   Downloaded percent-encoding v2.3.2
2026-10-04T04:00:56.6630789Z   Downloaded cfg-if v1.0.4
2026-10-04T04:00:56.6762175Z   Downloaded eyre v0.6.12
2026-10-04T04:00:56.7097646Z   Downloaded gix-revision v0.46.0
2026-10-04T04:00:56.7236837Z   Downloaded cfg_aliases v0.2.1
2026-10-04T04:00:56.7331278Z   Downloaded equivalent v1.0.2
2026-10-04T04:00:56.7433372Z   Downloaded filetime v0.2.28
2026-10-04T04:00:56.7605679Z   Downloaded futures-task v0.3.32
2026-10-04T04:00:56.7734459Z   Downloaded gix-ref v0.64.0
2026-10-04T04:00:56.8153202Z   Downloaded gix-traverse v0.58.0
2026-10-04T04:00:56.8315788Z   Downloaded gix-worktree-state v0.31.0
2026-10-04T04:00:56.8416007Z   Downloaded owo-colors v4.3.0
2026-10-04T04:00:56.8588241Z   Downloaded powerfmt v0.2.0
2026-10-04T04:00:56.8709958Z   Downloaded flate2 v1.1.9
2026-10-04T04:00:56.9191697Z   Downloaded fs-err v3.3.0
2026-10-04T04:00:56.9395949Z   Downloaded log v0.4.29
2026-10-04T04:00:56.9696965Z   Downloaded anstream v1.0.0
2026-10-04T04:00:56.9871621Z   Downloaded anstyle v1.0.14
2026-10-04T04:00:57.0006994Z   Downloaded digest v0.10.7
2026-10-04T04:00:57.0219578Z   Downloaded futures-core v0.3.32
2026-10-04T04:00:57.0337829Z   Downloaded gix-validate v0.11.2
2026-10-04T04:00:57.0452464Z   Downloaded lazy_static v1.5.0
2026-10-04T04:00:57.0682732Z   Downloaded anstyle-parse v1.0.0
2026-10-04T04:00:57.0835790Z   Downloaded cc v1.2.62
2026-10-04T04:00:57.1082699Z   Downloaded fixedbitset v0.5.7
2026-10-04T04:00:57.1238100Z   Downloaded foldhash v0.2.0
2026-10-04T04:00:57.1342946Z   Downloaded gix-glob v0.26.1
2026-10-04T04:00:57.1481203Z   Downloaded gix-sec v0.14.1
2026-10-04T04:00:57.1593328Z   Downloaded zerofrom-derive v0.1.7
2026-10-04T04:00:57.1681030Z   Downloaded arc-swap v1.9.1
2026-10-04T04:00:57.2057700Z   Downloaded clap_lex v1.1.0
2026-10-04T04:00:57.2144811Z   Downloaded fastrand v2.4.1
2026-10-04T04:00:57.2260751Z   Downloaded jiff-tzdb-platform v0.1.3
2026-10-04T04:00:57.2354412Z   Downloaded nonempty v0.12.0
2026-10-04T04:00:57.2496954Z   Downloaded nu-ansi-term v0.50.3
2026-10-04T04:00:57.2760733Z   Downloaded crypto-common v0.1.7
2026-10-04T04:00:57.3156996Z   Downloaded faster-hex v0.10.0
2026-10-04T04:00:57.3285882Z   Downloaded getrandom v0.3.4
2026-10-04T04:00:57.3665660Z   Downloaded gix-discover v0.52.0
2026-10-04T04:00:57.3802189Z   Downloaded anstyle-query v1.1.5
2026-10-04T04:00:57.3895605Z   Downloaded rustsec v0.33.0
2026-10-04T04:00:57.4479367Z   Downloaded idna_adapter v1.2.1
2026-10-04T04:00:57.4569076Z   Downloaded auditable-serde v0.9.0
2026-10-04T04:00:57.4649556Z   Downloaded fnv v1.0.7
2026-10-04T04:00:57.4731839Z   Downloaded deranged v0.5.8
2026-10-04T04:00:57.4834809Z   Downloaded form_urlencoded v1.2.2
2026-10-04T04:00:57.4909311Z   Downloaded gix-commitgraph v0.37.1
2026-10-04T04:00:57.5032995Z   Downloaded zeroize v1.8.2
2026-10-04T04:00:57.5151710Z   Downloaded http v1.4.0
2026-10-04T04:00:57.5475936Z   Downloaded matchers v0.2.0
2026-10-04T04:00:57.5569736Z   Downloaded mime v0.3.17
2026-10-04T04:00:57.8537203Z   Downloaded potential_utf v0.1.5
2026-10-04T04:00:57.8628616Z   Downloaded anstyle-wincon v3.0.11
2026-10-04T04:00:57.8740672Z   Downloaded gix-trace v0.1.20
2026-10-04T04:00:57.8826861Z   Downloaded num-conv v0.2.1
2026-10-04T04:00:57.8903670Z   Downloaded secrecy v0.10.3
2026-10-04T04:00:57.8986521Z   Downloaded byteorder v1.5.0
2026-10-04T04:00:57.9121403Z   Downloaded generic-array v0.14.7
2026-10-04T04:00:57.9298008Z   Downloaded gix-prompt v0.15.1
2026-10-04T04:00:57.9407020Z   Downloaded icu_normalizer_data v2.1.1
2026-10-04T04:00:57.9584206Z   Downloaded compression-core v0.4.32
2026-10-04T04:00:57.9734831Z   Downloaded atomic-waker v1.1.2
2026-10-04T04:00:57.9857241Z   Downloaded auditable-info v0.10.0
2026-10-04T04:00:57.9950557Z   Downloaded gix-utils v0.3.3
2026-10-04T04:00:58.0096615Z   Downloaded parking_lot_core v0.9.12
2026-10-04T04:00:58.0345543Z   Downloaded shell-words v1.1.1
2026-10-04T04:00:58.0443542Z   Downloaded tower-service v0.3.3
2026-10-04T04:00:58.0539156Z   Downloaded winapi-util v0.1.11
2026-10-04T04:00:58.0721879Z   Downloaded displaydoc v0.2.5
2026-10-04T04:00:58.1092953Z   Downloaded either v1.15.0
2026-10-04T04:00:58.1295420Z   Downloaded gix-command v0.9.1
2026-10-04T04:00:58.1377685Z   Downloaded gix-submodule v0.31.0
2026-10-04T04:00:58.1474892Z   Downloaded gix-worktree-stream v0.33.0
2026-10-04T04:00:58.1576115Z   Downloaded litemap v0.8.2
2026-10-04T04:00:58.1819201Z   Downloaded ppv-lite86 v0.2.21
2026-10-04T04:00:58.1926214Z   Downloaded sync_wrapper v1.0.2
2026-10-04T04:00:58.2002224Z   Downloaded time-macros v0.2.27
2026-10-04T04:00:58.2266075Z   Downloaded utf8_iter v1.0.4
2026-10-04T04:00:58.2362126Z   Downloaded canonical-path v2.0.2
2026-10-04T04:00:58.2431729Z   Downloaded cmake v0.1.58
2026-10-04T04:00:58.2548752Z   Downloaded colorchoice v1.0.5
2026-10-04T04:00:58.2628854Z   Downloaded getrandom v0.2.17
2026-10-04T04:00:58.2926740Z   Downloaded gix-bitmap v0.3.2
2026-10-04T04:00:58.3013903Z   Downloaded autocfg v1.5.0
2026-10-04T04:00:58.4070634Z   Downloaded uluru v3.1.0
2026-10-04T04:00:58.4145569Z   Downloaded windows-link v0.2.1
2026-10-04T04:00:58.4224718Z   Downloaded auditable-extract v0.3.5
2026-10-04T04:00:58.4305461Z   Downloaded dunce v1.0.5
2026-10-04T04:00:58.4388964Z   Downloaded gix-actor v0.41.1
2026-10-04T04:00:58.4505309Z   Downloaded quitters v0.1.0
2026-10-04T04:00:58.4584239Z   Downloaded rustls-platform-verifier v0.7.0
2026-10-04T04:00:58.5002875Z   Downloaded cargo-lock v11.0.1
2026-10-04T04:00:58.5330274Z   Downloaded crossbeam-deque v0.8.6
2026-10-04T04:00:58.5443740Z   Downloaded futures-io v0.3.32
2026-10-04T04:00:58.5524102Z   Downloaded gix-config-value v0.18.1
2026-10-04T04:00:58.5642340Z   Downloaded gix-features v0.48.1
2026-10-04T04:00:58.5878636Z   Downloaded gix-filter v0.31.0
2026-10-04T04:00:58.6077330Z   Downloaded gix-revwalk v0.32.0
2026-10-04T04:00:58.6175481Z   Downloaded gix-tempfile v23.0.0
2026-10-04T04:00:58.6282957Z   Downloaded http-body-util v0.1.3
2026-10-04T04:00:58.6532851Z   Downloaded jobserver v0.1.34
2026-10-04T04:00:58.6743316Z   Downloaded rustc-demangle v0.1.27
2026-10-04T04:00:58.6877207Z   Downloaded termcolor v1.4.1
2026-10-04T04:00:58.6981316Z   Downloaded time-core v0.1.8
2026-10-04T04:00:58.7069864Z   Downloaded toml_datetime v0.7.5+spec-1.1.0
2026-10-04T04:00:58.7190607Z   Downloaded toml_datetime v1.1.1+spec-1.1.0
2026-10-04T04:00:58.7285343Z   Downloaded try-lock v0.2.5
2026-10-04T04:00:58.7366534Z   Downloaded unicode-bom v2.0.3
2026-10-04T04:00:58.7483381Z   Downloaded untrusted v0.9.0
2026-10-04T04:00:58.7632384Z   Downloaded utf8parse v0.2.2
2026-10-04T04:00:58.7736634Z   Downloaded zerovec-derive v0.11.3
2026-10-04T04:00:58.7894940Z   Downloaded allocator-api2 v0.2.21
2026-10-04T04:00:58.8271786Z   Downloaded binfarce v0.2.1
2026-10-04T04:00:58.8446872Z   Downloaded bitflags v2.11.1
2026-10-04T04:00:58.8965811Z   Downloaded block-buffer v0.10.4
2026-10-04T04:00:58.9066146Z   Downloaded borsh v1.6.1
2026-10-04T04:00:59.3573259Z   Downloaded camino v1.2.2
2026-10-04T04:00:59.3778208Z   Downloaded clap_derive v4.6.1
2026-10-04T04:00:59.3958139Z   Downloaded clru v0.6.3
2026-10-04T04:00:59.4067361Z   Downloaded compression-codecs v0.4.38
2026-10-04T04:00:59.4472816Z   Downloaded crc32fast v1.5.0
2026-10-04T04:00:59.4632754Z   Downloaded crossbeam-epoch v0.9.18
2026-10-04T04:00:59.4844990Z   Downloaded crossbeam-utils v0.8.21
2026-10-04T04:00:59.5144965Z   Downloaded find-msvc-tools v0.1.9
2026-10-04T04:00:59.5301624Z   Downloaded futures-channel v0.3.32
2026-10-04T04:00:59.5505767Z   Downloaded getrandom v0.4.2
2026-10-04T04:00:59.5909505Z   Downloaded gix-attributes v0.33.1
2026-10-04T04:00:59.6056581Z   Downloaded gix-credentials v0.38.1
2026-10-04T04:00:59.6189730Z   Downloaded gix-date v0.15.4
2026-10-04T04:00:59.6318233Z   Downloaded gix-error v0.2.4
2026-10-04T04:00:59.6447824Z   Downloaded gix-url v0.36.1
2026-10-04T04:00:59.6571433Z   Downloaded gix-worktree v0.53.0
2026-10-04T04:00:59.6687391Z   Downloaded icu_normalizer v2.1.1
2026-10-04T04:00:59.6999183Z   Downloaded lock_api v0.4.14
2026-10-04T04:00:59.7095925Z   Downloaded memchr v2.8.0
2026-10-04T04:00:59.7557981Z   Downloaded miniz_oxide v0.8.9
2026-10-04T04:00:59.7756119Z   Downloaded mio v1.2.0
2026-10-04T04:00:59.8270323Z   Downloaded pin-project-lite v0.2.17
2026-10-04T04:00:59.9108754Z   Downloaded quote v1.0.45
2026-10-04T04:00:59.9394747Z   Downloaded rustc-hash v2.1.2
2026-10-04T04:00:59.9511160Z   Downloaded rustls-pki-types v1.14.1
2026-10-04T04:00:59.9812376Z   Downloaded scopeguard v1.2.0
2026-10-04T04:00:59.9939880Z   Downloaded shlex v1.3.0
2026-10-04T04:01:00.0056958Z   Downloaded smallvec v1.15.1
2026-10-04T04:01:00.0388162Z   Downloaded stable_deref_trait v1.2.1
2026-10-04T04:01:00.0474317Z   Downloaded static_assertions v1.1.0
2026-10-04T04:01:00.0621160Z   Downloaded strsim v0.11.1
2026-10-04T04:01:00.0736703Z   Downloaded subtle v2.6.1
2026-10-04T04:01:00.0887074Z   Downloaded synstructure v0.13.2
2026-10-04T04:01:00.0976645Z   Downloaded thiserror v2.0.18
2026-10-04T04:01:00.1776487Z   Downloaded tinyvec_macros v0.1.1
2026-10-04T04:01:00.1854743Z   Downloaded toml-span v0.7.1
2026-10-04T04:01:00.2008757Z   Downloaded yoke v0.8.2
2026-10-04T04:01:00.2168138Z   Downloaded async-compression v0.4.42
2026-10-04T04:01:00.2883779Z   Downloaded backtrace v0.3.76
2026-10-04T04:01:00.7397202Z   Downloaded base64 v0.22.1
2026-10-04T04:01:00.7704542Z   Downloaded bytes v1.11.1
2026-10-04T04:01:00.8143332Z   Downloaded gix-config v0.57.0
2026-10-04T04:01:00.8576953Z   Downloaded gix-diff v0.64.0
2026-10-04T04:01:00.8828962Z   Downloaded gix-protocol v0.62.0
2026-10-04T04:01:00.9126904Z   Downloaded gix-transport v0.57.1
2026-10-04T04:01:00.9430473Z   Downloaded icu_locale_core v2.1.1
2026-10-04T04:01:01.0175449Z   Downloaded icu_properties v2.1.2
2026-10-04T04:01:01.0384594Z   Downloaded icu_provider v2.1.1
2026-10-04T04:01:01.0960737Z   Downloaded jiff-tzdb v0.1.6
2026-10-04T04:01:01.1068446Z   Downloaded parking_lot v0.12.5
2026-10-04T04:01:01.1321398Z   Downloaded quinn v0.11.9
2026-10-04T04:01:01.1618532Z   Downloaded quinn-udp v0.5.14
2026-10-04T04:01:01.1758649Z   Downloaded rand_chacha v0.9.0
2026-10-04T04:01:01.1879285Z   Downloaded rustc-stable-hash v0.1.2
2026-10-04T04:01:01.2042364Z   Downloaded rustls-webpki v0.103.13
2026-10-04T04:01:01.2344334Z   Downloaded sha1 v0.10.6
2026-10-04T04:01:01.2509196Z   Downloaded sharded-slab v0.1.7
2026-10-04T04:01:01.2814480Z   Downloaded smol_str v0.3.2
2026-10-04T04:01:01.2948806Z   Downloaded tokio-rustls v0.26.4
2026-10-04T04:01:01.3115971Z   Downloaded tracing-core v0.1.36
2026-10-04T04:01:01.3359506Z   Downloaded unicode-ident v1.0.24
2026-10-04T04:01:01.3619410Z   Downloaded windows-targets v0.53.5
2026-10-04T04:01:01.3703156Z   Downloaded zlib-rs v0.6.3
2026-10-04T04:01:01.4240777Z   Downloaded aho-corasick v1.1.4
2026-10-04T04:01:01.4639980Z   Downloaded clap_builder v4.6.0
2026-10-04T04:01:01.5205487Z   Downloaded crossbeam-channel v0.5.15
2026-10-04T04:01:01.5580262Z   Downloaded futures-util v0.3.32
2026-10-04T04:01:02.0052671Z   Downloaded icu_collections v2.1.1
2026-10-04T04:01:02.0779705Z   Downloaded prodash v31.0.0
2026-10-04T04:01:02.1119899Z   Downloaded rand_core v0.9.5
2026-10-04T04:01:02.1266081Z   Downloaded same-file v1.0.6
2026-10-04T04:01:02.1395904Z   Downloaded semver v1.0.28
2026-10-04T04:01:02.1639492Z   Downloaded serde_json v1.0.149
2026-10-04T04:01:02.2472251Z   Downloaded tame-index v0.26.3
2026-10-04T04:01:02.2896765Z   Downloaded aws-lc-rs v1.16.3
2026-10-04T04:01:03.3322870Z   Downloaded cpufeatures v0.2.17
2026-10-04T04:01:03.3470543Z   Downloaded indexmap v2.14.0
2026-10-04T04:01:03.3837197Z   Downloaded jiff-static v0.2.28
2026-10-04T04:01:03.4105301Z   Downloaded rand v0.9.4
2026-10-04T04:01:03.4454060Z   Downloaded serde_spanned v1.1.1
2026-10-04T04:01:03.4551070Z   Downloaded tinystr v0.8.3
2026-10-04T04:01:03.4763589Z   Downloaded typenum v1.20.0
2026-10-04T04:01:03.4986691Z   Downloaded gix-chunk v0.7.2
2026-10-04T04:01:03.5098488Z   Downloaded tokio-util v0.7.18
2026-10-04T04:01:03.6019963Z   Downloaded tracing-attributes v0.1.31
2026-10-04T04:01:03.6286611Z   Downloaded unicode-normalization v0.1.25
2026-10-04T04:01:03.6503689Z   Downloaded rustversion v1.0.22
2026-10-04T04:01:03.6831540Z   Downloaded serde v1.0.228
2026-10-04T04:01:03.7114293Z   Downloaded socket2 v0.6.3
2026-10-04T04:01:03.7240478Z   Downloaded toml v0.9.12+spec-1.1.0
2026-10-04T04:01:03.7645130Z   Downloaded toml v1.1.2+spec-1.1.0
2026-10-04T04:01:03.8061673Z   Downloaded bstr v1.12.1
2026-10-04T04:01:03.8645446Z   Downloaded h2 v0.4.14
2026-10-04T04:01:03.9221403Z   Downloaded reqwest v0.13.3
2026-10-04T04:01:03.9727092Z   Downloaded tower-http v0.6.10
2026-10-04T04:01:04.0771229Z   Downloaded winnow v0.7.15
2026-10-04T04:01:04.2080941Z   Downloaded slab v0.4.12
2026-10-04T04:01:04.2250324Z   Downloaded wait-timeout v0.2.1
2026-10-04T04:01:04.2390586Z   Downloaded yoke-derive v0.8.2
2026-10-04T04:01:04.2485008Z   Downloaded zerofrom v0.1.7
2026-10-04T04:01:04.2584026Z   Downloaded gix v0.84.0
2026-10-04T04:01:04.7134575Z   Downloaded object v0.39.1
2026-10-04T04:01:04.8101002Z   Downloaded quinn-proto v0.11.14
2026-10-04T04:01:04.8604968Z   Downloaded tracing v0.1.44
2026-10-04T04:01:04.9490802Z   Downloaded libc v0.2.186
2026-10-04T04:01:05.2576836Z   Downloaded syn v2.0.117
2026-10-04T04:01:05.3425737Z   Downloaded toml_writer v1.1.1+spec-1.1.0
2026-10-04T04:01:05.3536694Z   Downloaded wasmparser v0.247.0
2026-10-04T04:01:05.5168371Z   Downloaded zmij v1.0.21
2026-10-04T04:01:05.5322205Z   Downloaded toml_parser v1.1.2+spec-1.1.0
2026-10-04T04:01:05.5509680Z   Downloaded zerovec v0.11.6
2026-10-04T04:01:05.6096616Z   Downloaded rayon-core v1.13.0
2026-10-04T04:01:05.6504837Z   Downloaded wasmparser v0.207.0
2026-10-04T04:01:05.6983856Z   Downloaded zerocopy v0.8.48
2026-10-04T04:01:06.3924115Z   Downloaded regex-syntax v0.8.10
2026-10-04T04:01:06.4318579Z   Downloaded rustls v0.23.40
2026-10-04T04:01:06.5834631Z   Downloaded color-eyre v0.6.5
2026-10-04T04:01:06.6295110Z   Downloaded serde_derive v1.0.228
2026-10-04T04:01:06.6600426Z   Downloaded regex-automata v0.4.14
2026-10-04T04:01:06.7752639Z   Downloaded jiff v0.2.28
2026-10-04T04:01:06.8801788Z   Downloaded petgraph v0.8.3
2026-10-04T04:01:07.0137737Z   Downloaded tower-layer v0.3.3
2026-10-04T04:01:07.0235479Z   Downloaded gix-hash v0.25.1
2026-10-04T04:01:07.0374941Z   Downloaded tracing-subscriber v0.3.23
2026-10-04T04:01:07.1115372Z   Downloaded winapi v0.3.9
2026-10-04T04:01:07.7277271Z   Downloaded winnow v1.0.2
2026-10-04T04:01:07.8183954Z   Downloaded windows_x86_64_msvc v0.53.1
2026-10-04T04:01:07.8401220Z   Downloaded thread_local v1.1.9
2026-10-04T04:01:07.8539809Z   Downloaded ring v0.17.14
2026-10-04T04:01:08.1968100Z   Downloaded rayon v1.12.0
2026-10-04T04:01:08.3004763Z   Downloaded encoding_rs v0.8.35
2026-10-04T04:01:08.3950809Z   Downloaded tracing-log v0.2.0
2026-10-04T04:01:08.4059702Z   Downloaded serde_core v1.0.228
2026-10-04T04:01:08.4298278Z   Downloaded windows-sys v0.60.2
2026-10-04T04:01:09.2148891Z   Downloaded version_check v0.9.5
2026-10-04T04:01:09.2263168Z   Downloaded windows-sys v0.61.2
2026-10-04T04:01:09.5645388Z   Downloaded thiserror-impl v2.0.18
2026-10-04T04:01:09.5793984Z   Downloaded tower v0.5.3
2026-10-04T04:01:09.6906163Z   Downloaded time v0.3.47
2026-10-04T04:01:09.8761525Z   Downloaded want v0.3.1
2026-10-04T04:01:09.8851099Z   Downloaded regex v1.12.3
2026-10-04T04:01:09.9361553Z   Downloaded url v2.5.8
2026-10-04T04:01:09.9560172Z   Downloaded topological-sort v0.2.2
2026-10-04T04:01:09.9662051Z   Downloaded zerotrie v0.2.4
2026-10-04T04:01:10.2658173Z   Downloaded tinyvec v1.11.0
2026-10-04T04:01:10.2868825Z   Downloaded writeable v0.6.3
2026-10-04T04:01:10.3045832Z   Downloaded walkdir v2.5.0
2026-10-04T04:01:10.3194594Z   Downloaded sha1-checked v0.10.0
2026-10-04T04:01:10.3408934Z   Downloaded simd-adler32 v0.3.9
2026-10-04T04:01:10.3638064Z   Downloaded aws-lc-sys v0.40.0
2026-10-04T04:01:12.8907803Z   Downloaded tokio v1.52.3
2026-10-04T04:01:14.3032009Z    Compiling proc-macro2 v1.0.106
2026-10-04T04:01:14.3033757Z    Compiling unicode-ident v1.0.24
2026-10-04T04:01:14.3034386Z    Compiling quote v1.0.45
2026-10-04T04:01:14.3034913Z    Compiling windows-link v0.2.1
2026-10-04T04:01:14.3838944Z    Compiling memchr v2.8.0
2026-10-04T04:01:14.4418028Z    Compiling windows-sys v0.61.2
2026-10-04T04:01:16.2389934Z    Compiling aho-corasick v1.1.4
2026-10-04T04:01:16.8313420Z    Compiling regex-syntax v0.8.10
2026-10-04T04:01:18.7136916Z    Compiling syn v2.0.117
2026-10-04T04:01:24.2173205Z    Compiling regex-automata v0.4.14
2026-10-04T04:01:27.7349123Z    Compiling cfg-if v1.0.4
2026-10-04T04:01:27.8035314Z    Compiling once_cell v1.21.4
2026-10-04T04:01:28.1460369Z    Compiling smallvec v1.15.1
2026-10-04T04:01:28.4908978Z    Compiling bytes v1.11.1
2026-10-04T04:01:28.7868235Z    Compiling stable_deref_trait v1.2.1
2026-10-04T04:01:28.8608392Z    Compiling thiserror v2.0.18
2026-10-04T04:01:29.4329009Z    Compiling bstr v1.12.1
2026-10-04T04:01:30.1303267Z    Compiling thiserror-impl v2.0.18
2026-10-04T04:01:32.5037719Z    Compiling crossbeam-utils v0.8.21
2026-10-04T04:01:32.6822431Z    Compiling gix-trace v0.1.20
2026-10-04T04:01:32.8382679Z    Compiling crc32fast v1.5.0
2026-10-04T04:01:32.9421537Z    Compiling gix-validate v0.11.2
2026-10-04T04:01:33.2267160Z    Compiling tinyvec_macros v0.1.1
2026-10-04T04:01:33.2928222Z    Compiling tinyvec v1.11.0
2026-10-04T04:01:34.0674144Z    Compiling gix-path v0.12.1
2026-10-04T04:01:34.4481044Z    Compiling fastrand v2.4.1
2026-10-04T04:01:34.8757303Z    Compiling unicode-normalization v0.1.25
2026-10-04T04:01:35.2559954Z    Compiling itoa v1.0.18
2026-10-04T04:01:35.6878724Z    Compiling gix-utils v0.3.3
2026-10-04T04:01:35.8895103Z    Compiling winapi-util v0.1.11
2026-10-04T04:01:35.9421261Z    Compiling parking_lot_core v0.9.12
2026-10-04T04:01:36.2996863Z    Compiling scopeguard v1.2.0
2026-10-04T04:01:36.3959473Z    Compiling lock_api v0.4.14
2026-10-04T04:01:36.7743414Z    Compiling parking_lot v0.12.5
2026-10-04T04:01:36.8350118Z    Compiling same-file v1.0.6
2026-10-04T04:01:37.0971929Z    Compiling crossbeam-channel v0.5.15
2026-10-04T04:01:37.4876417Z    Compiling equivalent v1.0.2
2026-10-04T04:01:37.5706162Z    Compiling allocator-api2 v0.2.21
2026-10-04T04:01:38.2030441Z    Compiling foldhash v0.2.0
2026-10-04T04:01:38.3347937Z    Compiling prodash v31.0.0
2026-10-04T04:01:38.5913199Z    Compiling walkdir v2.5.0
2026-10-04T04:01:38.8095958Z    Compiling zlib-rs v0.6.3
2026-10-04T04:01:40.2158231Z    Compiling gix-error v0.2.4
2026-10-04T04:01:41.0273706Z    Compiling version_check v0.9.5
2026-10-04T04:01:41.4467997Z    Compiling generic-array v0.14.7
2026-10-04T04:01:41.7119334Z    Compiling hashbrown v0.17.1
2026-10-04T04:01:42.3619286Z    Compiling gix-features v0.48.1
2026-10-04T04:01:42.9267736Z    Compiling bitflags v2.11.1
2026-10-04T04:01:43.6414703Z    Compiling typenum v1.20.0
2026-10-04T04:01:45.0140486Z    Compiling byteorder v1.5.0
2026-10-04T04:01:45.2862738Z    Compiling heapless v0.8.0
2026-10-04T04:01:45.7180852Z    Compiling serde_core v1.0.228
2026-10-04T04:01:46.1600982Z    Compiling hash32 v0.3.1
2026-10-04T04:01:47.2432631Z    Compiling block-buffer v0.10.4
2026-10-04T04:01:47.4174629Z    Compiling crypto-common v0.1.7
2026-10-04T04:01:47.4628554Z    Compiling faster-hex v0.10.0
2026-10-04T04:01:47.5470040Z    Compiling digest v0.10.7
2026-10-04T04:01:47.8203277Z    Compiling synstructure v0.13.2
2026-10-04T04:01:48.2763175Z    Compiling cpufeatures v0.2.17
2026-10-04T04:01:48.3591300Z    Compiling jiff-tzdb v0.1.6
2026-10-04T04:01:48.7155656Z    Compiling jiff-tzdb-platform v0.1.3
2026-10-04T04:01:48.7795505Z    Compiling sha1 v0.10.6
2026-10-04T04:01:48.8298715Z    Compiling jiff v0.2.28
2026-10-04T04:01:49.7375387Z    Compiling sha1-checked v0.10.0
2026-10-04T04:01:50.5113789Z    Compiling gix-hash v0.25.1
2026-10-04T04:01:51.4990252Z    Compiling zerofrom-derive v0.1.7
2026-10-04T04:01:51.6950021Z    Compiling getrandom v0.3.4
2026-10-04T04:01:52.1939951Z    Compiling yoke-derive v0.8.2
2026-10-04T04:01:53.6581850Z    Compiling zerofrom v0.1.7
2026-10-04T04:01:53.9171884Z    Compiling pin-project-lite v0.2.17
2026-10-04T04:01:54.0470029Z    Compiling yoke v0.8.2
2026-10-04T04:01:54.2099916Z    Compiling gix-hashtable v0.15.1
2026-10-04T04:01:54.3588403Z    Compiling jobserver v0.1.34
2026-10-04T04:01:54.3961849Z    Compiling zerovec-derive v0.11.3
2026-10-04T04:01:54.7791355Z    Compiling shlex v1.3.0
2026-10-04T04:01:55.0223840Z    Compiling gix-date v0.15.4
2026-10-04T04:01:56.2916539Z    Compiling gix-actor v0.41.1
2026-10-04T04:01:57.0938390Z    Compiling gix-object v0.61.0
2026-10-04T04:02:00.6007804Z    Compiling find-msvc-tools v0.1.9
2026-10-04T04:02:01.9751468Z    Compiling cc v1.2.62
2026-10-04T04:02:02.0491744Z    Compiling zerovec v0.11.6
2026-10-04T04:02:02.8796503Z    Compiling displaydoc v0.2.5
2026-10-04T04:02:03.0980648Z    Compiling getrandom v0.4.2
2026-10-04T04:02:03.4780191Z    Compiling serde v1.0.228
2026-10-04T04:02:03.8828767Z    Compiling memmap2 v0.9.10
2026-10-04T04:02:03.9750858Z    Compiling cmake v0.1.58
2026-10-04T04:02:04.3942695Z    Compiling serde_derive v1.0.228
2026-10-04T04:02:04.6316686Z    Compiling dunce v1.0.5
2026-10-04T04:02:04.7664220Z    Compiling fs_extra v1.3.0
2026-10-04T04:02:04.8391090Z    Compiling futures-core v0.3.32
2026-10-04T04:02:05.1501996Z    Compiling aws-lc-sys v0.40.0
2026-10-04T04:02:05.1933637Z    Compiling mio v1.2.0
2026-10-04T04:02:06.7559551Z    Compiling socket2 v0.6.3
2026-10-04T04:02:08.4359086Z    Compiling tokio v1.52.3
2026-10-04T04:02:10.9500790Z    Compiling tempfile v3.27.0
2026-10-04T04:02:12.6002075Z    Compiling tinystr v0.8.3
2026-10-04T04:02:12.8682094Z    Compiling gix-fs v0.21.2
2026-10-04T04:02:14.1081868Z    Compiling gix-chunk v0.7.2
2026-10-04T04:02:14.5311823Z    Compiling futures-sink v0.3.32
2026-10-04T04:02:14.6770399Z    Compiling percent-encoding v2.3.2
2026-10-04T04:02:15.0285299Z    Compiling litemap v0.8.2
2026-10-04T04:02:15.1824422Z    Compiling writeable v0.6.3
2026-10-04T04:02:15.2942375Z    Compiling zeroize v1.8.2
2026-10-04T04:02:15.5181760Z    Compiling icu_locale_core v2.1.1
2026-10-04T04:02:15.5382040Z    Compiling gix-tempfile v23.0.0
2026-10-04T04:02:17.1311065Z    Compiling zerotrie v0.2.4
2026-10-04T04:02:17.9494149Z    Compiling potential_utf v0.1.5
2026-10-04T04:02:18.1816152Z    Compiling gix-quote v0.7.2
2026-10-04T04:02:18.8036104Z    Compiling tracing-core v0.1.36
2026-10-04T04:02:20.6380181Z    Compiling icu_properties_data v2.1.2
2026-10-04T04:02:20.6483033Z    Compiling aws-lc-rs v1.16.3
2026-10-04T04:02:20.8945049Z    Compiling nonempty v0.12.0
2026-10-04T04:02:21.0398336Z    Compiling icu_normalizer_data v2.1.1
2026-10-04T04:02:21.1574843Z    Compiling icu_collections v2.1.1
2026-10-04T04:02:21.3623550Z    Compiling icu_provider v2.1.1
2026-10-04T04:02:21.9841966Z    Compiling http v1.4.0
2026-10-04T04:02:22.4011551Z    Compiling tracing-attributes v0.1.31
2026-10-04T04:02:24.6027529Z    Compiling slab v0.4.12
2026-10-04T04:02:24.8337845Z    Compiling fnv v1.0.7
2026-10-04T04:02:24.9394812Z    Compiling tracing v0.1.44
2026-10-04T04:02:25.8309708Z    Compiling gix-commitgraph v0.37.1
2026-10-04T04:02:25.9094487Z    Compiling gix-glob v0.26.1
2026-10-04T04:02:26.2271004Z    Compiling indexmap v2.14.0
2026-10-04T04:02:27.4774521Z    Compiling adler2 v2.0.1
2026-10-04T04:02:27.6246205Z    Compiling simd-adler32 v0.3.9
2026-10-04T04:02:27.6864369Z    Compiling gix-revwalk v0.32.0
2026-10-04T04:02:27.8396715Z    Compiling miniz_oxide v0.8.9
2026-10-04T04:02:28.2031576Z    Compiling icu_properties v2.1.2
2026-10-04T04:02:29.9046082Z    Compiling icu_normalizer v2.1.1
2026-10-04T04:02:31.1381221Z    Compiling http-body v1.0.1
2026-10-04T04:02:31.3200596Z    Compiling gix-lock v23.0.0
2026-10-04T04:02:31.4474211Z    Compiling rustls-pki-types v1.14.1
2026-10-04T04:02:32.4866527Z    Compiling tokio-util v0.7.18
2026-10-04T04:02:32.6023794Z    Compiling httparse v1.10.1
2026-10-04T04:02:33.0362648Z    Compiling rustls v0.23.40
2026-10-04T04:02:33.2054837Z    Compiling futures-task v0.3.32
2026-10-04T04:02:33.2893217Z    Compiling untrusted v0.9.0
2026-10-04T04:02:33.4198717Z    Compiling futures-io v0.3.32
2026-10-04T04:02:33.4830792Z    Compiling idna_adapter v1.2.1
2026-10-04T04:02:33.6516142Z    Compiling futures-util v0.3.32
2026-10-04T04:02:33.6812168Z    Compiling try-lock v0.2.5
2026-10-04T04:02:33.7917710Z    Compiling tower-service v0.3.3
2026-10-04T04:02:34.0053760Z    Compiling atomic-waker v1.1.2
2026-10-04T04:02:34.1260753Z    Compiling unicode-bom v2.0.3
2026-10-04T04:02:34.3477026Z    Compiling subtle v2.6.1
2026-10-04T04:02:34.5428924Z    Compiling utf8_iter v1.0.4
2026-10-04T04:02:34.6339719Z    Compiling log v0.4.29
2026-10-04T04:02:34.7406195Z    Compiling libc v0.2.186
2026-10-04T04:02:35.0090783Z    Compiling idna v1.1.0
2026-10-04T04:02:35.3572494Z    Compiling h2 v0.4.14
2026-10-04T04:02:38.3734069Z    Compiling want v0.3.1
2026-10-04T04:02:39.4973295Z    Compiling flate2 v1.1.9
2026-10-04T04:02:39.9379900Z    Compiling form_urlencoded v1.2.2
2026-10-04T04:02:40.3370525Z    Compiling futures-channel v0.3.32
2026-10-04T04:02:40.4608959Z    Compiling gix-config-value v0.18.1
2026-10-04T04:02:40.6874052Z    Compiling compression-core v0.4.32
2026-10-04T04:02:40.8830030Z    Compiling static_assertions v1.1.0
2026-10-04T04:02:41.0218792Z    Compiling shell-words v1.1.1
2026-10-04T04:02:41.4164682Z    Compiling gix-command v0.9.1
2026-10-04T04:02:41.9435477Z    Compiling kstring v2.0.2
2026-10-04T04:02:42.2788938Z    Compiling compression-codecs v0.4.38
2026-10-04T04:02:42.7018012Z    Compiling hyper v1.9.0
2026-10-04T04:02:42.8497063Z    Compiling url v2.5.8
2026-10-04T04:02:48.5880791Z    Compiling sync_wrapper v1.0.2
2026-10-04T04:02:48.6486420Z    Compiling gix-sec v0.14.1
2026-10-04T04:02:48.7304936Z    Compiling encoding_rs v0.8.35
2026-10-04T04:02:50.3498260Z    Compiling base64 v0.22.1
2026-10-04T04:02:51.1774222Z    Compiling ipnet v2.12.0
2026-10-04T04:02:51.2989012Z    Compiling tower-layer v0.3.3
2026-10-04T04:02:51.7692121Z    Compiling hyper-util v0.1.20
2026-10-04T04:02:54.0754919Z    Compiling tower v0.5.3
2026-10-04T04:02:54.9953079Z    Compiling async-compression v0.4.42
2026-10-04T04:02:55.8475078Z    Compiling gix-attributes v0.33.1
2026-10-04T04:02:57.3883103Z    Compiling http-body-util v0.1.3
2026-10-04T04:02:57.8522333Z    Compiling semver v1.0.28
2026-10-04T04:02:59.2021900Z    Compiling zmij v1.0.21
2026-10-04T04:02:59.5355930Z    Compiling rustversion v1.0.22
2026-10-04T04:03:00.1759160Z    Compiling tower-http v0.6.10
2026-10-04T04:03:00.8939705Z    Compiling gix-ref v0.64.0
2026-10-04T04:03:01.6617039Z    Compiling gix-url v0.36.1
2026-10-04T04:03:01.8734832Z    Compiling gix-packetline v0.21.4
2026-10-04T04:03:02.6343888Z    Compiling winapi v0.3.9
2026-10-04T04:03:03.1785827Z    Compiling winnow v1.0.2
2026-10-04T04:03:04.1035796Z    Compiling serde_json v1.0.149
2026-10-04T04:03:04.6080394Z    Compiling mime v0.3.17
2026-10-04T04:03:05.4649562Z    Compiling toml_parser v1.1.2+spec-1.1.0
2026-10-04T04:03:07.6680708Z    Compiling gix-prompt v0.15.1
2026-10-04T04:03:08.2290275Z    Compiling gix-traverse v0.58.0
2026-10-04T04:03:08.7482440Z    Compiling gix-revision v0.46.0
2026-10-04T04:03:11.4293521Z    Compiling serde_spanned v1.1.1
2026-10-04T04:03:11.6083277Z    Compiling gix-bitmap v0.3.2
2026-10-04T04:03:12.3567085Z    Compiling hashbrown v0.16.1
2026-10-04T04:03:14.3585040Z    Compiling crossbeam-epoch v0.9.18
2026-10-04T04:03:15.0427531Z    Compiling filetime v0.2.28
2026-10-04T04:03:15.2812094Z    Compiling utf8parse v0.2.2
2026-10-04T04:03:15.3000815Z    Compiling once_cell_polyfill v1.70.2
2026-10-04T04:03:15.3979582Z    Compiling autocfg v1.5.0
2026-10-04T04:03:15.4284127Z    Compiling anstyle v1.0.14
2026-10-04T04:03:15.6067020Z    Compiling arrayvec v0.7.6
2026-10-04T04:03:15.8252213Z    Compiling rayon-core v1.13.0
2026-10-04T04:03:15.9500115Z    Compiling toml_writer v1.1.1+spec-1.1.0
2026-10-04T04:03:16.0674697Z    Compiling fs-err v3.3.0
2026-10-04T04:03:16.1174008Z    Compiling uluru v3.1.0
2026-10-04T04:03:16.2504960Z    Compiling anstyle-wincon v3.0.11
2026-10-04T04:03:16.3236339Z    Compiling anstyle-parse v1.0.0
2026-10-04T04:03:16.3622125Z    Compiling gix-index v0.52.0
2026-10-04T04:03:16.5997987Z    Compiling crossbeam-deque v0.8.6
2026-10-04T04:03:16.9672639Z    Compiling clru v0.6.3
2026-10-04T04:03:16.9691035Z    Compiling gix-refspec v0.42.0
2026-10-04T04:03:17.3764707Z    Compiling gix-credentials v0.38.1
2026-10-04T04:03:20.1224581Z    Compiling arc-swap v1.9.1
2026-10-04T04:03:24.0653334Z    Compiling gix-ignore v0.21.1
2026-10-04T04:03:24.9897891Z    Compiling toml_datetime v0.7.5+spec-1.1.0
2026-10-04T04:03:25.7945972Z    Compiling anstyle-query v1.1.5
2026-10-04T04:03:26.0579973Z    Compiling is_terminal_polyfill v1.70.2
2026-10-04T04:03:26.1997337Z    Compiling foldhash v0.1.5
2026-10-04T04:03:26.3976273Z    Compiling winnow v0.7.15
2026-10-04T04:03:26.6082331Z    Compiling colorchoice v1.0.5
2026-10-04T04:03:26.7184602Z    Compiling owo-colors v4.3.0
2026-10-04T04:03:27.1717776Z    Compiling eyre v0.6.12
2026-10-04T04:03:27.6299962Z    Compiling camino v1.2.2
2026-10-04T04:03:29.2271349Z    Compiling anstream v1.0.0
2026-10-04T04:03:29.2428347Z    Compiling hashbrown v0.15.5
2026-10-04T04:03:30.0838608Z    Compiling toml v0.9.12+spec-1.1.0
2026-10-04T04:03:30.4032294Z    Compiling gix-worktree v0.53.0
2026-10-04T04:03:30.5439651Z    Compiling io-close v0.3.7
2026-10-04T04:03:30.7970375Z    Compiling gix-pack v0.71.0
2026-10-04T04:03:36.3106854Z    Compiling gix-config v0.57.0
2026-10-04T04:03:39.8782781Z    Compiling gix-filter v0.31.0
2026-10-04T04:03:40.4186152Z    Compiling gix-pathspec v0.18.1
2026-10-04T04:03:45.0211635Z    Compiling gix-shallow v0.12.1
2026-10-04T04:03:48.0332771Z    Compiling gix-negotiate v0.32.0
2026-10-04T04:03:50.5571143Z    Compiling wasmparser v0.207.0
2026-10-04T04:03:52.2673539Z    Compiling regex v1.12.3
2026-10-04T04:03:52.3982429Z    Compiling maybe-async v0.2.10
2026-10-04T04:03:54.5230962Z    Compiling powerfmt v0.2.0
2026-10-04T04:03:55.0997441Z    Compiling strsim v0.11.1
2026-10-04T04:03:55.7722990Z    Compiling binfarce v0.2.1
2026-10-04T04:03:56.8057007Z    Compiling heck v0.5.0
2026-10-04T04:03:57.1367979Z    Compiling indenter v0.3.4
2026-10-04T04:03:57.2299956Z    Compiling topological-sort v0.2.2
2026-10-04T04:03:57.4412108Z    Compiling fixedbitset v0.5.7
2026-10-04T04:03:58.4275253Z    Compiling rustc-demangle v0.1.27
2026-10-04T04:04:00.3060825Z    Compiling either v1.15.0
2026-10-04T04:04:00.7190453Z    Compiling lazy_static v1.5.0
2026-10-04T04:04:00.8232524Z    Compiling clap_lex v1.1.0
2026-10-04T04:04:01.0498638Z    Compiling clap_builder v4.6.0
2026-10-04T04:04:01.4224211Z    Compiling sharded-slab v0.1.7
2026-10-04T04:04:02.4277235Z    Compiling gix-discover v0.52.0
2026-10-04T04:04:04.1360547Z    Compiling rayon v1.12.0
2026-10-04T04:04:05.1209194Z    Compiling backtrace v0.3.76
2026-10-04T04:04:06.4928516Z    Compiling petgraph v0.8.3
2026-10-04T04:04:08.4381933Z    Compiling auditable-serde v0.9.0
2026-10-04T04:04:11.3756000Z    Compiling clap_derive v4.6.1
2026-10-04T04:04:11.9550261Z    Compiling auditable-extract v0.3.5
2026-10-04T04:04:12.3047845Z    Compiling deranged v0.5.8
2026-10-04T04:04:14.7444446Z    Compiling gix-submodule v0.31.0
2026-10-04T04:04:19.1391995Z    Compiling gix-worktree-state v0.31.0
2026-10-04T04:04:20.1231494Z    Compiling gix-odb v0.81.0
2026-10-04T04:04:23.0448473Z    Compiling tracing-log v0.2.0
2026-10-04T04:04:23.6154483Z    Compiling smol_str v0.3.2
2026-10-04T04:04:24.0780539Z    Compiling gix-diff v0.64.0
2026-10-04T04:04:24.5234896Z    Compiling toml_datetime v1.1.1+spec-1.1.0
2026-10-04T04:04:25.2559754Z    Compiling matchers v0.2.0
2026-10-04T04:04:25.4630768Z    Compiling toml-span v0.7.1
2026-10-04T04:04:26.4806006Z    Compiling thread_local v1.1.9
2026-10-04T04:04:26.9439287Z    Compiling nu-ansi-term v0.50.3
2026-10-04T04:04:27.9337089Z    Compiling num-conv v0.2.1
2026-10-04T04:04:28.1519027Z    Compiling twox-hash v2.1.2
2026-10-04T04:04:28.3345610Z    Compiling ident_case v1.0.1
2026-10-04T04:04:28.4517314Z    Compiling time-core v0.1.8
2026-10-04T04:04:28.6624181Z    Compiling object v0.39.1
2026-10-04T04:04:29.0173921Z    Compiling rustc-stable-hash v0.1.2
2026-10-04T04:04:29.3644694Z    Compiling time v0.3.47
2026-10-04T04:04:33.0580652Z    Compiling abscissa_derive v0.9.0
2026-10-04T04:04:33.1686400Z    Compiling tracing-subscriber v0.3.23
2026-10-04T04:04:33.7050141Z    Compiling toml v1.1.2+spec-1.1.0
2026-10-04T04:04:36.4767463Z    Compiling color-eyre v0.6.5
2026-10-04T04:04:40.6721566Z    Compiling clap v4.6.1
2026-10-04T04:04:40.8165965Z    Compiling auditable-info v0.10.0
2026-10-04T04:04:42.9020341Z    Compiling cargo-lock v11.0.1
2026-10-04T04:04:43.9071598Z    Compiling quitters v0.1.0
2026-10-04T04:04:45.5390696Z    Compiling secrecy v0.10.3
2026-10-04T04:04:45.7280135Z    Compiling platforms v3.10.0
2026-10-04T04:04:46.5654756Z    Compiling cvss v2.2.0
2026-10-04T04:04:46.5672865Z    Compiling wasmparser v0.247.0
2026-10-04T04:04:51.2620938Z    Compiling termcolor v1.4.1
2026-10-04T04:04:52.3682954Z    Compiling home v0.5.12
2026-10-04T04:04:52.6459363Z    Compiling wait-timeout v0.2.1
2026-10-04T04:04:52.8273845Z    Compiling canonical-path v2.0.2
2026-10-04T04:04:53.1672594Z    Compiling abscissa_core v0.9.0
2026-10-04T04:05:02.3381353Z    Compiling display-error-chain v0.2.2
2026-10-04T04:05:23.3466422Z    Compiling rustls-webpki v0.103.13
2026-10-04T04:05:28.9661023Z    Compiling tokio-rustls v0.26.4
2026-10-04T04:05:28.9661691Z    Compiling rustls-platform-verifier v0.7.0
2026-10-04T04:05:29.3748286Z    Compiling hyper-rustls v0.27.9
2026-10-04T04:05:29.8753221Z    Compiling reqwest v0.13.3
2026-10-04T04:05:33.7327936Z    Compiling gix-transport v0.57.1
2026-10-04T04:05:41.8907842Z    Compiling gix-protocol v0.62.0
2026-10-04T04:05:47.1751739Z    Compiling gix v0.84.0
2026-10-04T04:05:49.9406051Z    Compiling tame-index v0.26.3
2026-10-04T04:06:03.2402182Z    Compiling rustsec v0.33.0
2026-10-04T04:06:11.0190193Z    Compiling cargo-audit v0.22.2
2026-10-04T04:06:56.2142375Z     Finished `release` profile [optimized] target(s) in 6m 03s
2026-10-04T04:06:56.2557279Z   Installing C:\Users\runneradmin\.cargo\bin\cargo-audit.exe
2026-10-04T04:06:56.2564343Z    Installed package `cargo-audit v0.22.2` (executable `cargo-audit.exe`)
2026-10-04T04:06:57.6731494Z     Updating crates.io index
2026-10-04T04:06:57.7636003Z  Downloading crates ...
2026-10-04T04:06:58.9066624Z   Downloaded cargo-deny v0.20.2
2026-10-04T04:06:59.1026931Z   Installing cargo-deny v0.20.2
2026-10-04T04:06:59.1028471Z warning: default toolchain implicitly overridden with `1.98.0-x86_64-pc-windows-msvc` by rustup toolchain file
2026-10-04T04:06:59.1029406Z   |
2026-10-04T04:06:59.1030052Z   = help: use `cargo +stable install` if you meant to use the stable toolchain
2026-10-04T04:06:59.1031345Z   = note: rustup selects the toolchain based on the parent environment and not the environment of the package being installed
2026-10-04T04:06:59.1079040Z     Updating crates.io index
2026-10-04T04:06:59.3918260Z     Updating crates.io index
2026-10-04T04:06:59.4864321Z  Downloading crates ...
2026-10-04T04:06:59.5387761Z   Downloaded anyhow v1.0.103
2026-10-04T04:06:59.5895688Z   Downloaded bitvec v1.0.1
2026-10-04T04:06:59.7564371Z   Downloaded cfg-expr v0.20.7
2026-10-04T04:06:59.7844787Z   Downloaded crossbeam-epoch v0.9.20
2026-10-04T04:06:59.8059002Z   Downloaded funty v2.0.0
2026-10-04T04:06:59.8135487Z   Downloaded either v1.16.0
2026-10-04T04:06:59.8284902Z   Downloaded codespan-reporting v0.13.1
2026-10-04T04:06:59.9165758Z   Downloaded crossbeam v0.8.4
2026-10-04T04:06:59.9270169Z   Downloaded crossbeam-queue v0.3.12
2026-10-04T04:06:59.9396524Z   Downloaded codespan v0.13.1
2026-10-04T04:07:00.0842938Z   Downloaded fern v0.7.1
2026-10-04T04:07:00.1782093Z   Downloaded idna_adapter v1.2.2
2026-10-04T04:07:00.1871504Z   Downloaded icu_properties v2.2.0
2026-10-04T04:07:00.2045961Z   Downloaded pkg-config v0.3.33
2026-10-04T04:07:00.2182588Z   Downloaded globset v0.4.18
2026-10-04T04:07:00.2302729Z   Downloaded icu_locale_core v2.2.0
2026-10-04T04:07:00.3026165Z   Downloaded memmap2 v0.9.11
2026-10-04T04:07:00.3162377Z   Downloaded icu_properties_data v2.2.0
2026-10-04T04:07:00.4309650Z   Downloaded icu_provider v2.2.0
2026-10-04T04:07:00.4525445Z   Downloaded radium v0.7.0
2026-10-04T04:07:00.4619535Z   Downloaded krates v0.21.2
2026-10-04T04:07:00.4808532Z   Downloaded goblin v0.10.5
2026-10-04T04:07:00.5365738Z   Downloaded scroll v0.13.0
2026-10-04T04:07:00.5507704Z   Downloaded tap v1.0.1
2026-10-04T04:07:00.5599588Z   Downloaded plain v0.2.3
2026-10-04T04:07:00.5717910Z   Downloaded strum v0.28.0
2026-10-04T04:07:00.5801897Z   Downloaded scroll_derive v0.13.1
2026-10-04T04:07:00.5880772Z   Downloaded target-lexicon v0.13.3
2026-10-04T04:07:00.6113794Z   Downloaded sha2 v0.10.9
2026-10-04T04:07:00.6425131Z   Downloaded serde_json v1.0.150
2026-10-04T04:07:00.7161213Z   Downloaded strum_macros v0.28.0
2026-10-04T04:07:00.7461202Z   Downloaded icu_collections v2.2.0
2026-10-04T04:07:00.8119404Z   Downloaded icu_normalizer v2.2.0
2026-10-04T04:07:00.8446654Z   Downloaded icu_normalizer_data v2.2.0
2026-10-04T04:07:00.8606091Z   Downloaded petgraph v0.8.1
2026-10-04T04:07:00.9869079Z   Downloaded unicode-width v0.2.2
2026-10-04T04:07:01.0049862Z   Downloaded jiff v0.2.24
2026-10-04T04:07:01.1156381Z   Downloaded zstd-safe v7.2.4
2026-10-04T04:07:01.1303087Z   Downloaded zerofrom v0.1.8
2026-10-04T04:07:01.1387588Z   Downloaded wyz v0.5.1
2026-10-04T04:07:01.1500282Z   Downloaded zstd v0.13.3
2026-10-04T04:07:01.1798858Z   Downloaded zstd-sys v2.0.16+zstd.1.5.7
2026-10-04T04:07:01.2919200Z   Downloaded spdx v0.13.4
2026-10-04T04:07:02.6564319Z    Compiling proc-macro2 v1.0.106
2026-10-04T04:07:02.6565099Z    Compiling unicode-ident v1.0.24
2026-10-04T04:07:02.6565737Z    Compiling quote v1.0.45
2026-10-04T04:07:02.6567061Z    Compiling windows-link v0.2.1
2026-10-04T04:07:02.9160632Z    Compiling windows-sys v0.61.2
2026-10-04T04:07:02.9733863Z    Compiling getrandom v0.3.4
2026-10-04T04:07:03.1548702Z    Compiling stable_deref_trait v1.2.1
2026-10-04T04:07:03.2237152Z    Compiling cfg-if v1.0.4
2026-10-04T04:07:03.3023502Z    Compiling serde_core v1.0.228
2026-10-04T04:07:03.7206666Z    Compiling jobserver v0.1.34
2026-10-04T04:07:03.7996718Z    Compiling smallvec v1.15.1
2026-10-04T04:07:04.1498877Z    Compiling find-msvc-tools v0.1.9
2026-10-04T04:07:04.4966717Z    Compiling syn v2.0.117
2026-10-04T04:07:04.5935547Z    Compiling shlex v1.3.0
2026-10-04T04:07:04.8682579Z    Compiling cc v1.2.62
2026-10-04T04:07:05.4782273Z    Compiling crossbeam-utils v0.8.21
2026-10-04T04:07:06.0028334Z    Compiling memchr v2.8.0
2026-10-04T04:07:07.6068922Z    Compiling version_check v0.9.5
2026-10-04T04:07:08.0178270Z    Compiling synstructure v0.13.2
2026-10-04T04:07:08.5738454Z    Compiling serde v1.0.228
2026-10-04T04:07:08.8029434Z    Compiling generic-array v0.14.7
2026-10-04T04:07:09.0505137Z    Compiling winapi-util v0.1.11
2026-10-04T04:07:09.0652777Z    Compiling litemap v0.8.2
2026-10-04T04:07:09.3606336Z    Compiling crossbeam-epoch v0.9.20
2026-10-04T04:07:09.3751964Z    Compiling writeable v0.6.3
2026-10-04T04:07:09.6070443Z    Compiling pkg-config v0.3.33
2026-10-04T04:07:09.7289273Z    Compiling icu_normalizer_data v2.2.0
2026-10-04T04:07:09.7713669Z    Compiling icu_properties_data v2.2.0
2026-10-04T04:07:10.0487088Z    Compiling zerofrom-derive v0.1.7
2026-10-04T04:07:10.0994166Z    Compiling yoke-derive v0.8.2
2026-10-04T04:07:10.1058054Z    Compiling zerovec-derive v0.11.3
2026-10-04T04:07:10.4777221Z    Compiling displaydoc v0.2.5
2026-10-04T04:07:11.4845703Z    Compiling serde_derive v1.0.228
2026-10-04T04:07:11.5791770Z    Compiling zerofrom v0.1.8
2026-10-04T04:07:11.5893655Z    Compiling zstd-sys v2.0.16+zstd.1.5.7
2026-10-04T04:07:11.7303949Z    Compiling yoke v0.8.2
2026-10-04T04:07:12.0837689Z    Compiling zerotrie v0.2.4
2026-10-04T04:07:12.1148711Z    Compiling utf8_iter v1.0.4
2026-10-04T04:07:12.1165655Z    Compiling zerovec v0.11.6
2026-10-04T04:07:12.3466460Z    Compiling typenum v1.20.0
2026-10-04T04:07:13.0924628Z    Compiling tinystr v0.8.3
2026-10-04T04:07:13.3584458Z    Compiling icu_locale_core v2.2.0
2026-10-04T04:07:13.6116667Z    Compiling potential_utf v0.1.5
2026-10-04T04:07:13.7822427Z    Compiling icu_collections v2.2.0
2026-10-04T04:07:14.7757193Z    Compiling icu_provider v2.2.0
2026-10-04T04:07:17.0823093Z    Compiling zmij v1.0.21
2026-10-04T04:07:17.2600019Z    Compiling crossbeam-deque v0.8.6
2026-10-04T04:07:17.5452533Z    Compiling termcolor v1.4.1
2026-10-04T04:07:17.6962173Z    Compiling aho-corasick v1.1.4
2026-10-04T04:07:17.7486577Z    Compiling anstyle v1.0.14
2026-10-04T04:07:18.4545693Z    Compiling camino v1.2.2
2026-10-04T04:07:18.7077707Z    Compiling regex-syntax v0.8.10
2026-10-04T04:07:19.9398526Z    Compiling equivalent v1.0.2
2026-10-04T04:07:20.0138978Z    Compiling unicode-width v0.2.2
2026-10-04T04:07:20.3223094Z    Compiling rayon-core v1.13.0
2026-10-04T04:07:20.5131884Z    Compiling zstd-safe v7.2.4
2026-10-04T04:07:20.7564588Z    Compiling once_cell_polyfill v1.70.2
2026-10-04T04:07:20.8701606Z    Compiling itoa v1.0.18
2026-10-04T04:07:21.1683790Z    Compiling target-lexicon v0.13.3
2026-10-04T04:07:21.8185739Z    Compiling utf8parse v0.2.2
2026-10-04T04:07:21.9173314Z    Compiling serde_json v1.0.150
2026-10-04T04:07:22.6704166Z    Compiling regex-automata v0.4.14
2026-10-04T04:07:25.6837433Z    Compiling anstyle-parse v1.0.0
2026-10-04T04:07:26.7811302Z    Compiling anstyle-wincon v3.0.11
2026-10-04T04:07:27.9824295Z    Compiling codespan-reporting v0.13.1
2026-10-04T04:07:29.5973841Z    Compiling icu_properties v2.2.0
2026-10-04T04:07:29.9282724Z    Compiling icu_normalizer v2.2.0
2026-10-04T04:07:32.0662871Z    Compiling crypto-common v0.1.7
2026-10-04T04:07:32.1945105Z    Compiling block-buffer v0.10.4
2026-10-04T04:07:32.2905788Z    Compiling anstyle-query v1.1.5
2026-10-04T04:07:32.3690476Z    Compiling hashbrown v0.17.1
2026-10-04T04:07:32.4677589Z    Compiling thiserror v2.0.18
2026-10-04T04:07:33.0175873Z    Compiling tinyvec_macros v0.1.1
2026-10-04T04:07:33.0823525Z    Compiling log v0.4.29
2026-10-04T04:07:33.6525050Z    Compiling parking_lot_core v0.9.12
2026-10-04T04:07:33.7255923Z    Compiling radium v0.7.0
2026-10-04T04:07:34.0018184Z    Compiling is_terminal_polyfill v1.70.2
2026-10-04T04:07:34.0940471Z    Compiling colorchoice v1.0.5
2026-10-04T04:07:34.1170875Z    Compiling foldhash v0.1.5
2026-10-04T04:07:34.1987917Z    Compiling allocator-api2 v0.2.21
2026-10-04T04:07:34.3601503Z    Compiling anstream v1.0.0
2026-10-04T04:07:34.7896036Z    Compiling hashbrown v0.15.5
2026-10-04T04:07:35.0074420Z    Compiling indexmap v2.14.0
2026-10-04T04:07:35.9356256Z    Compiling tinyvec v1.11.0
2026-10-04T04:07:36.8790748Z    Compiling digest v0.10.7
2026-10-04T04:07:37.1620047Z    Compiling idna_adapter v1.2.2
2026-10-04T04:07:38.9998498Z    Compiling scroll_derive v0.13.1
2026-10-04T04:07:40.0153271Z    Compiling thiserror-impl v2.0.18
2026-10-04T04:07:40.3243623Z    Compiling semver v1.0.28
2026-10-04T04:07:40.7385224Z    Compiling ring v0.17.14
2026-10-04T04:07:41.2408840Z    Compiling tap v1.0.1
2026-10-04T04:07:41.5489047Z    Compiling scopeguard v1.2.0
2026-10-04T04:07:41.6514162Z    Compiling clap_lex v1.1.0
2026-10-04T04:07:41.6825479Z    Compiling either v1.16.0
2026-10-04T04:07:41.9447393Z    Compiling cpufeatures v0.2.17
2026-10-04T04:07:41.9758971Z    Compiling bytes v1.11.1
2026-10-04T04:07:42.0236805Z    Compiling strsim v0.11.1
2026-10-04T04:07:42.4836113Z    Compiling heck v0.5.0
2026-10-04T04:07:42.8703554Z    Compiling percent-encoding v2.3.2
2026-10-04T04:07:43.3296615Z    Compiling anyhow v1.0.103
2026-10-04T04:07:43.3351968Z    Compiling fixedbitset v0.5.7
2026-10-04T04:07:43.3814944Z    Compiling form_urlencoded v1.2.2
2026-10-04T04:07:43.6412460Z    Compiling petgraph v0.8.1
2026-10-04T04:07:43.8020821Z    Compiling http v1.4.0
2026-10-04T04:07:44.0545482Z    Compiling strum_macros v0.28.0
2026-10-04T04:07:46.7265714Z    Compiling clap_builder v4.6.0
2026-10-04T04:07:46.9661440Z    Compiling sha2 v0.10.9
2026-10-04T04:07:47.5457422Z    Compiling zstd v0.13.3
2026-10-04T04:07:47.8257512Z    Compiling rayon v1.12.0
2026-10-04T04:07:49.1131913Z    Compiling lock_api v0.4.14
2026-10-04T04:07:49.4984845Z    Compiling wyz v0.5.1
2026-10-04T04:07:49.7644715Z    Compiling scroll v0.13.0
2026-10-04T04:07:50.1022425Z    Compiling cfg-expr v0.20.7
2026-10-04T04:07:51.3884758Z    Compiling idna v1.1.0
2026-10-04T04:07:51.9237179Z    Compiling unicode-normalization v0.1.25
2026-10-04T04:07:53.3744352Z    Compiling toml-span v0.7.1
2026-10-04T04:07:53.5515152Z    Compiling regex v1.12.3
2026-10-04T04:07:54.1004905Z    Compiling smol_str v0.3.2
2026-10-04T04:07:54.5059874Z    Compiling getrandom v0.2.17
2026-10-04T04:07:54.6669016Z    Compiling same-file v1.0.6
2026-10-04T04:07:54.8819258Z    Compiling crossbeam-queue v0.3.12
2026-10-04T04:07:55.0327177Z    Compiling crossbeam-channel v0.5.15
2026-10-04T04:07:55.1335706Z    Compiling bstr v1.12.1
2026-10-04T04:07:55.9741831Z    Compiling rustc-stable-hash v0.1.2
2026-10-04T04:07:56.1614110Z    Compiling untrusted v0.9.0
2026-10-04T04:07:56.2294810Z    Compiling twox-hash v2.1.2
2026-10-04T04:07:56.2953897Z    Compiling funty v2.0.0
2026-10-04T04:07:56.4861694Z    Compiling plain v0.2.3
2026-10-04T04:07:56.6088379Z    Compiling goblin v0.10.5
2026-10-04T04:07:57.5260694Z    Compiling bitvec v1.0.1
2026-10-04T04:07:57.8469340Z    Compiling tame-index v0.26.3
2026-10-04T04:08:01.6996148Z    Compiling globset v0.4.18
2026-10-04T04:08:05.0989122Z    Compiling crossbeam v0.8.4
2026-10-04T04:08:05.1836728Z    Compiling walkdir v2.5.0
2026-10-04T04:08:05.9759140Z    Compiling spdx v0.13.4
2026-10-04T04:08:05.9902538Z    Compiling parking_lot v0.12.5
2026-10-04T04:08:06.1085101Z    Compiling url v2.5.8
2026-10-04T04:08:07.1865790Z    Compiling krates v0.21.2
2026-10-04T04:08:09.1063328Z    Compiling clap v4.6.1
2026-10-04T04:08:09.2254662Z    Compiling strum v0.28.0
2026-10-04T04:08:10.1396987Z    Compiling fern v0.7.1
2026-10-04T04:08:10.4770351Z    Compiling codespan v0.13.1
2026-10-04T04:08:11.0249171Z    Compiling nu-ansi-term v0.50.3
2026-10-04T04:08:11.6948475Z    Compiling memmap2 v0.9.11
2026-10-04T04:08:11.7680401Z    Compiling jiff v0.2.24
2026-10-04T04:08:16.3773622Z    Compiling cargo-deny v0.20.2
2026-10-04T04:10:27.2401065Z     Finished `release` profile [optimized] target(s) in 3m 29s
2026-10-04T04:10:27.2553266Z   Installing C:\Users\runneradmin\.cargo\bin\cargo-deny.exe
2026-10-04T04:10:27.2560026Z    Installed package `cargo-deny v0.20.2` (executable `cargo-deny.exe`)
2026-10-04T04:10:27.7308778Z ##[group]Run set -euo pipefail
2026-10-04T04:10:27.7309370Z [36;1mset -euo pipefail[0m
2026-10-04T04:10:27.7309789Z [36;1mxdg_fixture="$RUNNER_TEMP/xdg-oracle-windows.json"[0m
2026-10-04T04:10:27.7310296Z [36;1mdoctor_fixture="$RUNNER_TEMP/guard-doctor-oracle-windows.json"[0m
2026-10-04T04:10:27.7310859Z [36;1minstructions_fixture="$RUNNER_TEMP/instructions-oracle-windows.json"[0m
2026-10-04T04:10:27.7311410Z [36;1mcli_fixture="$RUNNER_TEMP/cli-tree-oracle-windows.json"[0m
2026-10-04T04:10:27.7311943Z [36;1mactivity_cli_fixture="$RUNNER_TEMP/activity-cli-oracle-windows.json"[0m
2026-10-04T04:10:27.7312511Z [36;1mprofile_remove_fixture="$RUNNER_TEMP/profile-remove-oracle-windows.json"[0m
2026-10-04T04:10:27.7313052Z [36;1mskills_fixture="$RUNNER_TEMP/skills-oracle-windows.json"[0m
2026-10-04T04:10:27.7313609Z [36;1mskills_install_fixture="$RUNNER_TEMP/skills-install-oracle-windows.json"[0m
2026-10-04T04:10:27.7314202Z [36;1mcli_go_binary="$PWD/target/go/symbrain-go.exe"[0m
2026-10-04T04:10:27.7314740Z [36;1m./scripts/run-go-oracle.sh HEAD run ./scripts/xdg-oracle -output "$xdg_fixture"[0m
2026-10-04T04:10:27.7315957Z [36;1m./scripts/run-go-oracle.sh HEAD run ./guard/scripts/guard-doctor-oracle -output "$doctor_fixture"[0m
2026-10-04T04:10:27.7316778Z [36;1m./scripts/run-go-oracle.sh HEAD run ./scripts/instructions-oracle -output "$instructions_fixture"[0m
2026-10-04T04:10:27.7317348Z [36;1mmkdir -p "$(dirname "$cli_go_binary")"[0m
2026-10-04T04:10:27.7317929Z [36;1m./scripts/run-go-oracle.sh HEAD build -ldflags "-X main.version=dev" -o "$cli_go_binary" ./cmd/symbrain[0m
2026-10-04T04:10:27.7318565Z [36;1mgo_toolchain="$(awk '$1 == "go" { print "go" $2; exit }' go.mod)"[0m
2026-10-04T04:10:27.7319288Z [36;1mGOTOOLCHAIN="$go_toolchain" CGO_ENABLED=0 go run ./scripts/cli-oracle -go-binary "$cli_go_binary" -output "$cli_fixture"[0m
2026-10-04T04:10:27.7320240Z [36;1mGOTOOLCHAIN="$go_toolchain" CGO_ENABLED=0 go run ./scripts/activity-cli-oracle -go-binary "$cli_go_binary" -output "$activity_cli_fixture"[0m
2026-10-04T04:10:27.7321166Z [36;1m./scripts/run-go-oracle.sh HEAD run ./scripts/profile-remove-oracle -output "$profile_remove_fixture"[0m
2026-10-04T04:10:27.7321933Z [36;1m./scripts/run-go-oracle.sh HEAD run ./scripts/skills-oracle -output "$skills_fixture"[0m
2026-10-04T04:10:27.7322646Z [36;1m./scripts/run-go-oracle.sh HEAD run ./scripts/skills-install-oracle -output "$skills_install_fixture"[0m
2026-10-04T04:10:27.7323287Z [36;1mscan_fixture="$RUNNER_TEMP/guard-scan-oracle-windows.json"[0m
2026-10-04T04:10:27.7323936Z [36;1mSYMBRAIN_GUARD_SCAN_ORACLE_FIXTURE="$scan_fixture" ./guard/scripts/guard-scan-oracle/run.sh write[0m
2026-10-04T04:10:27.7324582Z [36;1mecho "SYMBRAIN_XDG_ORACLE_FIXTURE=$xdg_fixture" >> "$GITHUB_ENV"[0m
2026-10-04T04:10:27.7325137Z [36;1mecho "SYMBRAIN_GUARD_DOCTOR_ORACLE_FIXTURE=$doctor_fixture" >> "$GITHUB_ENV"[0m
2026-10-04T04:10:27.7325793Z [36;1mecho "SYMBRAIN_INSTRUCTIONS_ORACLE_FIXTURE=$instructions_fixture" >> "$GITHUB_ENV"[0m
2026-10-04T04:10:27.7326395Z [36;1mecho "SYMBRAIN_CLI_TREE_ORACLE_FIXTURE=$cli_fixture" >> "$GITHUB_ENV"[0m
2026-10-04T04:10:27.7326974Z [36;1mecho "SYMBRAIN_ACTIVITY_CLI_ORACLE_FIXTURE=$activity_cli_fixture" >> "$GITHUB_ENV"[0m
2026-10-04T04:10:27.7327624Z [36;1mecho "SYMBRAIN_PROFILE_REMOVE_ORACLE_FIXTURE=$profile_remove_fixture" >> "$GITHUB_ENV"[0m
2026-10-04T04:10:27.7328260Z [36;1mecho "SYMBRAIN_SKILLS_ORACLE_FIXTURE=$skills_fixture" >> "$GITHUB_ENV"[0m
2026-10-04T04:10:27.7329102Z [36;1mecho "SYMBRAIN_SKILLS_INSTALL_ORACLE_FIXTURE=$skills_install_fixture" >> "$GITHUB_ENV"[0m
2026-10-04T04:10:27.7329727Z [36;1mecho "SYMBRAIN_GUARD_SCAN_ORACLE_FIXTURE=$scan_fixture" >> "$GITHUB_ENV"[0m
2026-10-04T04:10:27.7347371Z shell: C:\Program Files\Git\bin\bash.EXE --noprofile --norc -e -o pipefail {0}
2026-10-04T04:10:27.7347864Z env:
2026-10-04T04:10:27.7348132Z   GOTOOLCHAIN: local
2026-10-04T04:10:27.7348396Z ##[endgroup]
2026-10-04T04:10:35.0870066Z Wrote D:\a\_temp/xdg-oracle-windows.json (256 cases)
2026-10-04T04:10:42.8939304Z Wrote D:\a\_temp/guard-doctor-oracle-windows.json (9 cases)
2026-10-04T04:10:48.4950238Z Wrote D:\a\_temp/instructions-oracle-windows.json (32 cases)
2026-10-04T04:11:19.0320411Z Wrote D:\a\_temp/cli-tree-oracle-windows.json (88 cases)
2026-10-04T04:11:23.7547159Z Wrote D:\a\_temp/activity-cli-oracle-windows.json
2026-10-04T04:11:32.0667049Z Wrote D:\a\_temp/profile-remove-oracle-windows.json (19 cases)
2026-10-04T04:11:35.8381969Z Wrote D:\a\_temp/skills-oracle-windows.json
2026-10-04T04:11:39.9949136Z Wrote D:\a\_temp/skills-install-oracle-windows.json (11 cases)
2026-10-04T04:12:09.2638787Z Wrote D:\a\_temp\guard-scan-oracle-windows.json (8 cases)
2026-10-04T04:12:09.3128286Z ##[group]Run make rust-check
2026-10-04T04:12:09.3128624Z [36;1mmake rust-check[0m
2026-10-04T04:12:09.3144923Z shell: C:\Program Files\Git\bin\bash.EXE --noprofile --norc -e -o pipefail {0}
2026-10-04T04:12:09.3145317Z env:
2026-10-04T04:12:09.3145512Z   GOTOOLCHAIN: local
2026-10-04T04:12:09.3146073Z   SYMBRAIN_XDG_ORACLE_FIXTURE: D:\a\_temp/xdg-oracle-windows.json
2026-10-04T04:12:09.3146573Z   SYMBRAIN_GUARD_DOCTOR_ORACLE_FIXTURE: D:\a\_temp/guard-doctor-oracle-windows.json
2026-10-04T04:12:09.3147331Z   SYMBRAIN_INSTRUCTIONS_ORACLE_FIXTURE: D:\a\_temp/instructions-oracle-windows.json
2026-10-04T04:12:09.3147867Z   SYMBRAIN_CLI_TREE_ORACLE_FIXTURE: D:\a\_temp/cli-tree-oracle-windows.json
2026-10-04T04:12:09.3148398Z   SYMBRAIN_ACTIVITY_CLI_ORACLE_FIXTURE: D:\a\_temp/activity-cli-oracle-windows.json
2026-10-04T04:12:09.3148952Z   SYMBRAIN_PROFILE_REMOVE_ORACLE_FIXTURE: D:\a\_temp/profile-remove-oracle-windows.json
2026-10-04T04:12:09.3149521Z   SYMBRAIN_SKILLS_ORACLE_FIXTURE: D:\a\_temp/skills-oracle-windows.json
2026-10-04T04:12:09.3150032Z   SYMBRAIN_SKILLS_INSTALL_ORACLE_FIXTURE: D:\a\_temp/skills-install-oracle-windows.json
2026-10-04T04:12:09.3150574Z   SYMBRAIN_GUARD_SCAN_ORACLE_FIXTURE: D:\a\_temp/guard-scan-oracle-windows.json
2026-10-04T04:12:09.3150958Z ##[endgroup]
2026-10-04T04:12:10.5778071Z ./scripts/run-go-oracle.sh "HEAD" run scripts/generate-go-printable-table.go -check
2026-10-04T04:12:13.6151077Z ./scripts/run-go-oracle.sh "HEAD" run ./scripts/usage-oracle -check
2026-10-04T04:12:17.4034548Z PASS: usage oracle deterministic check passed (10 providers, 10 cases)
2026-10-04T04:12:17.9713905Z SYMAIRA_EXTERNAL_BASE="" bash D:/a/symaira-brain/symaira-brain/scripts/run-external-env.sh env GOTOOLCHAIN=go1.26.7 go run ./scripts/usage-request-oracle/opencode -check
2026-10-04T04:12:19.6151869Z ./scripts/run-go-oracle.sh "HEAD" test -count=1 ./internal/gateway -run '^TestUsageDiscoveryIsDeferredAndRepeatedPerCall$'
2026-10-04T04:12:34.5938011Z ok  	github.com/danieljustus/symaira-brain/internal/gateway	0.491s [no tests to run]
2026-10-04T04:12:35.3333498Z ./scripts/run-go-oracle.sh "HEAD" build -ldflags "-X main.version=dev" -o "D:/a/symaira-brain/symaira-brain/target/go/symbrain-go" ./cmd/symbrain
2026-10-04T04:12:42.8230825Z SYMAIRA_EXTERNAL_BASE="" bash D:/a/symaira-brain/symaira-brain/scripts/run-external-env.sh env GOTOOLCHAIN=go1.26.7 CGO_ENABLED=0 go run ./scripts/activity-cli-oracle -go-binary "D:/a/symaira-brain/symaira-brain/target/go/symbrain-go" -check
2026-10-04T04:12:43.8727346Z PASS: bounded activity CLI Go oracle is current
2026-10-04T04:12:43.8820128Z ./scripts/run-go-oracle.sh "HEAD" run ./scripts/policy-oracle -check
2026-10-04T04:12:46.7993258Z PASS: policy oracle deterministic check passed (0 drift on 50 profile cases, 30 policy cases)
2026-10-04T04:12:47.3460581Z ./scripts/run-go-oracle.sh "HEAD" run ./scripts/xdg-oracle -check
2026-10-04T04:12:52.6223679Z PASS: xdg oracle deterministic check passed (0 drift on 256 cases)
2026-10-04T04:12:53.1625816Z ./scripts/run-go-oracle.sh "HEAD" run ./guard/scripts/guard-oracle -check
2026-10-04T04:12:56.0204173Z PASS: guard oracle deterministic check passed (0 drift on 164 cases)
2026-10-04T04:12:56.6139768Z ./scripts/run-go-oracle.sh "HEAD" run ./guard/scripts/guard-doctor-oracle -check
2026-10-04T04:12:59.3750671Z PASS: guard doctor oracle deterministic check passed (0 drift on 9 cases)
2026-10-04T04:12:59.9340709Z ./guard/scripts/guard-scan-oracle/run.sh check
2026-10-04T04:13:03.2551468Z PASS: guard scan oracle byte check passed (8 cases; POSIX TTY case excluded)
2026-10-04T04:13:03.2656892Z ./guard/scripts/guard-scan-oracle/run.sh test
2026-10-04T04:13:03.8077590Z .....
2026-10-04T04:13:03.8080823Z ----------------------------------------------------------------------
2026-10-04T04:13:03.8081580Z Ran 5 tests in 0.201s
2026-10-04T04:13:03.8081822Z 
2026-10-04T04:13:03.8081994Z OK
2026-10-04T04:13:03.8231565Z ./scripts/run-go-oracle.sh "HEAD" run ./scripts/catalog-oracle -check
2026-10-04T04:13:06.6141772Z PASS: catalog oracle deterministic check passed (0 drift on 3 cases)
2026-10-04T04:13:07.1888408Z ./scripts/run-go-oracle.sh "HEAD" run ./scripts/audit-oracle -check
2026-10-04T04:13:09.9316538Z PASS: audit oracle deterministic check passed
2026-10-04T04:13:10.5035378Z ./scripts/run-go-oracle.sh "HEAD" run ./scripts/patterns-activity-oracle -check
2026-10-04T04:13:14.0738227Z PASS: patterns/activity oracle deterministic check passed
2026-10-04T04:13:14.6647524Z ./scripts/run-go-oracle.sh "HEAD" run ./scripts/mcp-oracle -check
2026-10-04T04:13:17.1194415Z PASS: MCP oracle deterministic check passed (20 cases)
2026-10-04T04:13:17.6682402Z ./scripts/run-go-oracle.sh "HEAD" run ./scripts/gateway-oracle -check
2026-10-04T04:13:23.8861072Z PASS: gateway oracle deterministic check passed (8 cases)
2026-10-04T04:13:24.5117722Z ./scripts/run-go-oracle.sh "HEAD" run ./scripts/broker-oracle -check
2026-10-04T04:13:28.4764978Z PASS: broker oracle deterministic check passed
2026-10-04T04:13:29.0701932Z ./scripts/run-go-oracle.sh "HEAD" test ./internal/managed -run TestRustManagedOracleFixture -count=1
2026-10-04T04:13:33.4024611Z ok  	github.com/danieljustus/symaira-brain/internal/managed	0.027s
2026-10-04T04:13:34.0222579Z ./scripts/run-go-oracle.sh "HEAD" run ./scripts/skills-oracle -check
2026-10-04T04:13:38.1741239Z PASS: skills oracle deterministic check passed
2026-10-04T04:13:38.9436697Z ./scripts/run-go-oracle.sh "HEAD" run ./scripts/instructions-oracle -check
2026-10-04T04:13:42.1749908Z PASS: instructions oracle deterministic check passed (32 cases)
2026-10-04T04:13:42.8159040Z ./scripts/run-go-oracle.sh "HEAD" run ./scripts/adapters-oracle -check
2026-10-04T04:13:45.9538101Z PASS: adapters oracle deterministic check passed (25 cases)
2026-10-04T04:13:46.5276265Z ./scripts/run-go-oracle.sh "HEAD" run ./scripts/install-oracle -check
2026-10-04T04:13:55.0687094Z PASS: install oracle deterministic check passed (21 cases)
2026-10-04T04:13:55.6415937Z ./scripts/run-go-oracle.sh "HEAD" run ./scripts/profile-remove-oracle -check
2026-10-04T04:14:04.0070372Z PASS: profile remove oracle deterministic check passed (19 cases)
2026-10-04T04:14:04.5912498Z ./scripts/run-go-oracle.sh "HEAD" run ./scripts/db-memory-oracle -check
2026-10-04T04:14:07.9255325Z PASS: db-memory oracle deterministic check passed (29 tables, 4 negative cases, 2 ordering cases)
2026-10-04T04:14:08.5394561Z ./scripts/run-go-oracle.sh "HEAD" build -ldflags "-X main.version=dev" -o "D:/a/symaira-brain/symaira-brain/target/go/symbrain-go" ./cmd/symbrain
2026-10-04T04:14:16.0726946Z SYMAIRA_EXTERNAL_BASE="" bash D:/a/symaira-brain/symaira-brain/scripts/run-external-env.sh env GOTOOLCHAIN=go1.26.7 CGO_ENABLED=0 go run ./scripts/cli-oracle -go-binary "D:/a/symaira-brain/symaira-brain/target/go/symbrain-go" -check
2026-10-04T04:14:20.4618691Z PASS: cli oracle deterministic check passed (88 cases)
2026-10-04T04:14:20.4746666Z SYMAIRA_EXTERNAL_BASE="" bash D:/a/symaira-brain/symaira-brain/scripts/run-external-env.sh cargo fmt --all --check
2026-10-04T04:14:23.1069738Z SYMAIRA_EXTERNAL_BASE="" bash D:/a/symaira-brain/symaira-brain/scripts/run-external-env.sh cargo check --workspace --all-targets --all-features --locked
2026-10-04T04:14:23.2788474Z     Updating crates.io index
2026-10-04T04:14:23.2826859Z     Updating git repository `https://github.com/danieljustus/symaira-corekit`
2026-10-04T04:14:25.8857468Z  Downloading crates ...
2026-10-04T04:14:25.9261138Z   Downloaded cfg_aliases v0.2.2
2026-10-04T04:14:25.9392675Z   Downloaded thiserror-impl v2.0.20
2026-10-04T04:14:25.9652172Z   Downloaded cap-std v4.0.3
2026-10-04T04:14:26.0157334Z   Downloaded smallvec v1.16.0
2026-10-04T04:14:26.0281028Z   Downloaded chacha20 v0.10.2
2026-10-04T04:14:26.0530966Z   Downloaded futures-channel v0.3.34
2026-10-04T04:14:26.0746887Z   Downloaded bytes v1.12.1
2026-10-04T04:14:26.1283644Z   Downloaded cap-primitives v4.0.3
2026-10-04T04:14:26.3225329Z   Downloaded flate2 v1.1.10
2026-10-04T04:14:26.4002730Z   Downloaded proc-macro2 v1.0.107
2026-10-04T04:14:26.4699771Z   Downloaded utf8-zero v0.8.1
2026-10-04T04:14:26.5071032Z   Downloaded aho-corasick v1.1.5
2026-10-04T04:14:26.7027642Z   Downloaded cc v1.4.5
2026-10-04T04:14:26.7412987Z   Downloaded synstructure v0.14.0
2026-10-04T04:14:26.7499612Z   Downloaded typenum v1.20.1
2026-10-04T04:14:26.7791186Z   Downloaded zerofrom-derive v0.1.8
2026-10-04T04:14:26.7911138Z   Downloaded tar v0.4.46
2026-10-04T04:14:26.8290722Z   Downloaded thiserror v2.0.20
2026-10-04T04:14:26.9334533Z   Downloaded tokio-macros v2.7.2
2026-10-04T04:14:26.9442695Z   Downloaded tokio-rustls v0.26.6
2026-10-04T04:14:26.9596925Z   Downloaded toml_edit v0.25.13+spec-1.1.0
2026-10-04T04:14:27.0119228Z   Downloaded toml_writer v1.1.2+spec-1.1.0
2026-10-04T04:14:27.0266242Z   Downloaded zerotrie v0.2.5
2026-10-04T04:14:27.0829954Z   Downloaded futures-core v0.3.34
2026-10-04T04:14:27.0982572Z   Downloaded syn v2.0.119
2026-10-04T04:14:27.2189033Z   Downloaded syn v3.0.5
2026-10-04T04:14:27.3381524Z   Downloaded toml_parser v1.1.3+spec-1.1.0
2026-10-04T04:14:27.3600281Z   Downloaded unsafe-libyaml v0.2.11
2026-10-04T04:14:27.4068356Z   Downloaded ureq-proto v0.6.2
2026-10-04T04:14:27.4781835Z   Downloaded vcpkg v0.2.15
2026-10-04T04:14:28.4293702Z   Downloaded webpki-roots v1.0.9
2026-10-04T04:14:28.4448149Z   Downloaded tinystr v0.8.4
2026-10-04T04:14:28.4684490Z   Downloaded tinyvec v1.13.3
2026-10-04T04:14:28.5148453Z   Downloaded tokio-util v0.7.19
2026-10-04T04:14:28.6032379Z   Downloaded typed-path v0.12.3
2026-10-04T04:14:28.6924653Z   Downloaded socket2 v0.6.5
2026-10-04T04:14:28.7047838Z   Downloaded ureq v3.4.1
2026-10-04T04:14:28.7617404Z   Downloaded icu_properties_data v2.3.0
2026-10-04T04:14:28.9363545Z   Downloaded litemap v0.8.3
2026-10-04T04:14:28.9619105Z   Downloaded tokio v1.53.1
2026-10-04T04:14:29.7877938Z   Downloaded windows-implement v0.60.2
2026-10-04T04:14:29.8009317Z   Downloaded yoke-derive v0.8.4
2026-10-04T04:14:29.8135121Z   Downloaded jobserver v0.1.35
2026-10-04T04:14:29.8419983Z   Downloaded tower-http v0.6.11
2026-10-04T04:14:29.9691089Z   Downloaded futures-sink v0.3.34
2026-10-04T04:14:29.9817555Z   Downloaded icu_provider v2.3.1
2026-10-04T04:14:30.0122704Z   Downloaded icu_collections v2.3.0
2026-10-04T04:14:30.1116571Z   Downloaded hyper v1.11.1
2026-10-04T04:14:30.1916540Z   Downloaded windows-collections v0.3.2
2026-10-04T04:14:30.2101720Z   Downloaded windows-registry v0.6.1
2026-10-04T04:14:30.2290991Z   Downloaded winx v0.36.4
2026-10-04T04:14:30.2498562Z   Downloaded hyper-rustls v0.27.10
2026-10-04T04:14:30.2697308Z   Downloaded futures-macro v0.3.34
2026-10-04T04:14:30.2833829Z   Downloaded io-lifetimes v2.0.4
2026-10-04T04:14:30.3022191Z   Downloaded maybe-owned v0.3.4
2026-10-04T04:14:30.3139649Z   Downloaded windows-strings v0.5.1
2026-10-04T04:14:30.3369766Z   Downloaded windows-numerics v0.3.1
2026-10-04T04:14:30.3541552Z   Downloaded windows-threading v0.2.1
2026-10-04T04:14:30.3664059Z   Downloaded writeable v0.6.4
2026-10-04T04:14:30.3897114Z   Downloaded zeroize v1.9.0
2026-10-04T04:14:30.4045644Z   Downloaded zmij v1.0.23
2026-10-04T04:14:30.4221612Z   Downloaded signal-hook-registry v1.4.8
2026-10-04T04:14:30.4345359Z   Downloaded windows-core v0.62.2
2026-10-04T04:14:30.4867499Z   Downloaded num-traits v0.2.19
2026-10-04T04:14:30.5163020Z   Downloaded yoke v0.8.3
2026-10-04T04:14:30.5359957Z   Downloaded bitflags v2.13.1
2026-10-04T04:14:30.6038897Z   Downloaded windows-interface v0.59.3
2026-10-04T04:14:30.6156249Z   Downloaded windows-result v0.4.1
2026-10-04T04:14:30.6357175Z   Downloaded windows-targets v0.52.6
2026-10-04T04:14:30.6438637Z   Downloaded zerovec-derive v0.11.6
2026-10-04T04:14:31.0958936Z   Downloaded miniz_oxide v0.9.1
2026-10-04T04:14:31.1151008Z   Downloaded icu_properties v2.3.0
2026-10-04T04:14:31.1412791Z   Downloaded quinn v0.11.12
2026-10-04T04:14:31.1731952Z   Downloaded zip v8.6.0
2026-10-04T04:14:31.2358287Z   Downloaded http-body v1.1.0
2026-10-04T04:14:31.2501080Z   Downloaded quote v1.0.47
2026-10-04T04:14:31.2896996Z   Downloaded windows-future v0.3.2
2026-10-04T04:14:31.3078712Z   Downloaded getrandom v0.3.3
2026-10-04T04:14:31.3483221Z   Downloaded icu_normalizer v2.3.0
2026-10-04T04:14:31.4050723Z   Downloaded serde_core v1.0.229
2026-10-04T04:14:31.4348720Z   Downloaded zerovec v0.11.8
2026-10-04T04:14:31.5347100Z   Downloaded rustls-platform-verifier v0.7.1
2026-10-04T04:14:31.5807761Z   Downloaded aws-lc-rs v1.18.1
2026-10-04T04:14:31.6967353Z   Downloaded http v1.5.0
2026-10-04T04:14:31.7331723Z   Downloaded lru-slab v0.1.3
2026-10-04T04:14:31.7451745Z   Downloaded winnow v1.0.4
2026-10-04T04:14:31.8578604Z   Downloaded zlib-rs v0.6.7
2026-10-04T04:14:31.9285206Z   Downloaded icu_normalizer_data v2.3.0
2026-10-04T04:14:31.9468373Z   Downloaded fallible-streaming-iterator v0.1.9
2026-10-04T04:14:31.9580132Z   Downloaded quinn-udp v0.5.16
2026-10-04T04:14:31.9766052Z   Downloaded rand_pcg v0.10.2
2026-10-04T04:14:31.9987180Z   Downloaded fastrand v2.5.0
2026-10-04T04:14:32.0111814Z   Downloaded rustls-pki-types v1.15.1
2026-10-04T04:14:32.2770716Z   Downloaded icu_locale_core v2.3.0
2026-10-04T04:14:32.3727341Z   Downloaded indexmap v2.14.2
2026-10-04T04:14:32.4195858Z   Downloaded ipnet v2.12.2
2026-10-04T04:14:32.4390833Z   Downloaded serde_derive v1.0.229
2026-10-04T04:14:32.4853528Z   Downloaded windows_x86_64_msvc v0.52.6
2026-10-04T04:14:32.5137339Z   Downloaded ambient-authority v0.0.2
2026-10-04T04:14:32.5286783Z   Downloaded io-lifetimes v3.0.1
2026-10-04T04:14:32.5467886Z   Downloaded futures-task v0.3.34
2026-10-04T04:14:32.5625035Z   Downloaded pkg-config v0.3.34
2026-10-04T04:14:32.5758166Z   Downloaded simd-adler32 v0.3.10
2026-10-04T04:14:32.6104404Z   Downloaded autocfg v1.5.1
2026-10-04T04:14:32.6393254Z   Downloaded fs-set-times v0.20.3
2026-10-04T04:14:32.6547650Z   Downloaded io-extras v0.19.0
2026-10-04T04:14:32.6809989Z   Downloaded base64 v0.23.1
2026-10-04T04:14:32.7158907Z   Downloaded cpufeatures v0.3.1
2026-10-04T04:14:32.7321906Z   Downloaded potential_utf v0.1.6
2026-10-04T04:14:32.7414928Z   Downloaded filetime v0.2.29
2026-10-04T04:14:32.7605932Z   Downloaded find-msvc-tools v0.1.12
2026-10-04T04:14:32.7858970Z   Downloaded errno v0.3.14
2026-10-04T04:14:32.8014739Z   Downloaded rustc-hash v2.1.3
2026-10-04T04:14:32.8150380Z   Downloaded shlex v2.0.1
2026-10-04T04:14:32.8325019Z   Downloaded cap-fs-ext v4.0.3
2026-10-04T04:14:32.8579451Z   Downloaded fallible-iterator v0.3.0
2026-10-04T04:14:32.8725083Z   Downloaded windows-sys v0.52.0
2026-10-04T04:14:33.2728107Z   Downloaded rand_core v0.10.1
2026-10-04T04:14:33.2928811Z   Downloaded hostname v0.4.2
2026-10-04T04:14:33.3149670Z   Downloaded displaydoc v0.2.7
2026-10-04T04:14:33.3506382Z   Downloaded getrandom v0.4.3
2026-10-04T04:14:33.6495356Z   Downloaded hashlink v0.12.1
2026-10-04T04:14:33.6770010Z   Downloaded http-body-util v0.1.5
2026-10-04T04:14:33.7086520Z   Downloaded serde_yaml_ng v0.10.0
2026-10-04T04:14:33.7501235Z   Downloaded log v0.4.34
2026-10-04T04:14:33.7871116Z   Downloaded rustls-webpki v0.103.15
2026-10-04T04:14:33.8273293Z   Downloaded crc32fast v1.5.1
2026-10-04T04:14:33.8438513Z   Downloaded fs2 v0.4.3
2026-10-04T04:14:33.8550628Z   Downloaded hmac v0.12.1
2026-10-04T04:14:33.8888063Z   Downloaded mio v1.2.3
2026-10-04T04:14:33.9604992Z   Downloaded ryu v1.0.23
2026-10-04T04:14:34.0107186Z   Downloaded serde v1.0.229
2026-10-04T04:14:34.0465593Z   Downloaded signal-hook v0.3.18
2026-10-04T04:14:34.0809094Z   Downloaded hyper-util v0.1.21
2026-10-04T04:14:34.1370594Z   Downloaded memchr v2.8.3
2026-10-04T04:14:34.1916163Z   Downloaded process-wrap v10.0.1
2026-10-04T04:14:34.3022998Z   Downloaded rand v0.10.3
2026-10-04T04:14:34.3486865Z   Downloaded regex v1.13.1
2026-10-04T04:14:34.4080240Z   Downloaded rusqlite v0.40.2
2026-10-04T04:14:34.4873260Z   Downloaded serde_json v1.0.151
2026-10-04T04:14:34.5938226Z   Downloaded futures-util v0.3.34
2026-10-04T04:14:35.0963444Z   Downloaded reqwest v0.13.4
2026-10-04T04:14:35.1555081Z   Downloaded hkdf v0.12.4
2026-10-04T04:14:35.1763171Z   Downloaded rustls v0.23.45
2026-10-04T04:14:35.3388664Z   Downloaded chrono v0.4.45
2026-10-04T04:14:35.3985559Z   Downloaded quinn-proto v0.11.19
2026-10-04T04:14:35.4689635Z   Downloaded rustix v1.1.4
2026-10-04T04:14:36.8105556Z   Downloaded regex-syntax v0.8.11
2026-10-04T04:14:36.8596169Z   Downloaded regex-automata v0.4.18
2026-10-04T04:14:36.9879560Z   Downloaded libc v0.2.189
2026-10-04T04:14:37.4438306Z   Downloaded libsqlite3-sys v0.38.2
2026-10-04T04:14:37.8072349Z   Downloaded windows v0.62.2
2026-10-04T04:14:38.9525538Z   Downloaded aws-lc-sys v0.45.0
2026-10-04T04:14:43.1124332Z    Compiling proc-macro2 v1.0.107
2026-10-04T04:14:43.1125121Z    Compiling unicode-ident v1.0.24
2026-10-04T04:14:43.1125721Z    Compiling quote v1.0.47
2026-10-04T04:14:43.1128074Z     Checking windows-link v0.2.1
2026-10-04T04:14:43.1746229Z     Checking windows-sys v0.61.2
2026-10-04T04:14:43.2428870Z     Checking cfg-if v1.0.4
2026-10-04T04:14:43.3049841Z     Checking itoa v1.0.18
2026-10-04T04:14:43.4854114Z    Compiling serde_core v1.0.229
2026-10-04T04:14:43.4985777Z     Checking memchr v2.8.3
2026-10-04T04:14:44.1390014Z    Compiling serde v1.0.229
2026-10-04T04:14:45.0177631Z    Compiling syn v3.0.5
2026-10-04T04:14:45.2731632Z     Checking once_cell v1.21.4
2026-10-04T04:14:45.5437034Z    Compiling zmij v1.0.23
2026-10-04T04:14:46.1541638Z    Compiling serde_json v1.0.151
2026-10-04T04:14:47.1714585Z    Compiling getrandom v0.4.3
2026-10-04T04:14:47.8088773Z     Checking fastrand v2.5.0
2026-10-04T04:14:48.0209058Z    Compiling autocfg v1.5.1
2026-10-04T04:14:48.6714425Z     Checking foldhash v0.2.0
2026-10-04T04:14:48.8350334Z     Checking hashbrown v0.17.1
2026-10-04T04:14:49.1822657Z    Compiling num-traits v0.2.19
2026-10-04T04:14:49.6894844Z     Checking equivalent v1.0.2
2026-10-04T04:14:49.7529461Z     Checking indexmap v2.14.2
2026-10-04T04:14:50.6008053Z     Checking winnow v1.0.4
2026-10-04T04:14:50.6611206Z     Checking toml_writer v1.1.2+spec-1.1.0
2026-10-04T04:14:50.8918209Z     Checking toml_datetime v1.1.1+spec-1.1.0
2026-10-04T04:14:51.0895496Z     Checking subtle v2.6.1
2026-10-04T04:14:51.2417673Z    Compiling version_check v0.9.5
2026-10-04T04:14:51.7018832Z    Compiling generic-array v0.14.7
2026-10-04T04:14:51.9830200Z     Checking typenum v1.20.1
2026-10-04T04:14:52.1872024Z     Checking toml_parser v1.1.3+spec-1.1.0
2026-10-04T04:14:52.6872861Z     Checking toml_edit v0.25.13+spec-1.1.0
2026-10-04T04:14:52.8401364Z     Checking tempfile v3.27.0
2026-10-04T04:14:53.1360153Z     Checking cpufeatures v0.2.17
2026-10-04T04:14:53.1883662Z     Checking bitflags v2.13.1
2026-10-04T04:14:53.4005065Z     Checking ipnet v2.12.2
2026-10-04T04:14:53.4733190Z    Compiling windows_x86_64_msvc v0.52.6
2026-10-04T04:14:53.7142252Z    Compiling libc v0.2.189
2026-10-04T04:14:53.8084567Z     Checking windows-targets v0.52.6
2026-10-04T04:14:53.8628067Z     Checking windows-sys v0.52.0
2026-10-04T04:14:54.0505502Z     Checking crypto-common v0.1.7
2026-10-04T04:14:54.1597705Z     Checking block-buffer v0.10.4
2026-10-04T04:14:54.2087385Z    Compiling io-lifetimes v2.0.4
2026-10-04T04:14:54.3111736Z     Checking digest v0.10.7
2026-10-04T04:14:54.5492330Z    Compiling io-lifetimes v3.0.1
2026-10-04T04:14:54.5793143Z     Checking sha2 v0.10.9
2026-10-04T04:14:54.7875441Z    Compiling serde_derive v1.0.229
2026-10-04T04:14:54.9565697Z    Compiling io-extras v0.19.0
2026-10-04T04:14:55.4060923Z    Compiling cap-primitives v4.0.3
2026-10-04T04:14:55.4361151Z     Checking ambient-authority v0.0.2
2026-10-04T04:14:55.4947883Z    Compiling cap-std v4.0.3
2026-10-04T04:14:55.8608006Z     Checking maybe-owned v0.3.4
2026-10-04T04:14:56.1071903Z    Compiling cap-fs-ext v4.0.3
2026-10-04T04:14:56.1526763Z     Checking fs-set-times v0.20.3
2026-10-04T04:14:56.2037268Z     Checking winx v0.36.4
2026-10-04T04:14:56.6271214Z    Compiling shlex v2.0.1
2026-10-04T04:14:56.8888747Z    Compiling find-msvc-tools v0.1.12
2026-10-04T04:14:57.1908631Z    Compiling jobserver v0.1.35
2026-10-04T04:14:57.6520253Z    Compiling cc v1.4.5
2026-10-04T04:14:57.7705193Z     Checking unsafe-libyaml v0.2.11
2026-10-04T04:14:58.3734364Z     Checking ryu v1.0.23
2026-10-04T04:14:58.5218990Z     Checking bytes v1.12.1
2026-10-04T04:14:58.6793281Z    Compiling fs_extra v1.3.0
2026-10-04T04:14:59.0635807Z    Compiling cmake v0.1.58
2026-10-04T04:14:59.2603265Z    Compiling dunce v1.0.5
2026-10-04T04:14:59.4515276Z     Checking zeroize v1.9.0
2026-10-04T04:14:59.6213646Z    Compiling aws-lc-rs v1.18.1
2026-10-04T04:14:59.6863218Z    Compiling winapi v0.3.9
2026-10-04T04:15:00.0000999Z     Checking http v1.5.0
2026-10-04T04:15:00.6650729Z    Compiling aws-lc-sys v0.45.0
2026-10-04T04:15:01.0058982Z    Compiling ring v0.17.14
2026-10-04T04:15:01.0714627Z     Checking chrono v0.4.45
2026-10-04T04:15:01.7296383Z     Checking serde_yaml_ng v0.10.0
2026-10-04T04:15:02.3794987Z     Checking symbrain-core v0.12.1 (D:\a\symaira-brain\symaira-brain\rust\symbrain-core)
2026-10-04T04:15:02.4416838Z     Checking symbrain-harness v0.12.1 (D:\a\symaira-brain\symaira-brain\rust\symbrain-harness)
2026-10-04T04:15:03.1033506Z     Checking rustls-pki-types v1.15.1
2026-10-04T04:15:03.4610663Z     Checking getrandom v0.2.17
2026-10-04T04:15:03.5335366Z     Checking untrusted v0.9.0
2026-10-04T04:15:03.5705135Z    Compiling httparse v1.10.1
2026-10-04T04:15:03.6162801Z     Checking fs2 v0.4.3
2026-10-04T04:15:03.7177058Z    Compiling synstructure v0.14.0
2026-10-04T04:15:04.0046479Z     Checking log v0.4.34
2026-10-04T04:15:04.1665715Z     Checking percent-encoding v2.3.2
2026-10-04T04:15:04.3047356Z    Compiling rustls v0.23.45
2026-10-04T04:15:04.6107412Z    Compiling zerofrom-derive v0.1.8
2026-10-04T04:15:04.7337954Z     Checking symbrain-skills v0.12.1 (D:\a\symaira-brain\symaira-brain\rust\symbrain-skills)
2026-10-04T04:15:06.6141956Z     Checking base64 v0.23.1
2026-10-04T04:15:06.9920426Z     Checking zerofrom v0.1.8
2026-10-04T04:15:07.1566327Z    Compiling yoke-derive v0.8.4
2026-10-04T04:15:07.2811735Z     Checking symbrain-policy v0.12.1 (D:\a\symaira-brain\symaira-brain\rust\symbrain-policy)
2026-10-04T04:15:08.0913286Z     Checking stable_deref_trait v1.2.1
2026-10-04T04:15:08.1428297Z    Compiling getrandom v0.3.3
2026-10-04T04:15:08.3075231Z     Checking base64 v0.22.1
2026-10-04T04:15:08.6576796Z    Compiling zerovec-derive v0.11.6
2026-10-04T04:15:08.7460956Z     Checking ureq-proto v0.6.2
2026-10-04T04:15:09.1563552Z     Checking yoke v0.8.3
2026-10-04T04:15:09.2450021Z     Checking webpki-roots v1.0.9
2026-10-04T04:15:09.3566309Z    Compiling displaydoc v0.2.7
2026-10-04T04:15:09.3702142Z     Checking pin-project-lite v0.2.17
2026-10-04T04:15:09.4399623Z     Checking utf8-zero v0.8.1
2026-10-04T04:15:09.5590476Z     Checking futures-core v0.3.34
2026-10-04T04:15:09.6800753Z     Checking windows-strings v0.5.1
2026-10-04T04:15:09.9151531Z     Checking windows-result v0.4.1
2026-10-04T04:15:10.0756995Z     Checking smallvec v1.16.0
2026-10-04T04:15:10.3184707Z    Compiling tokio-macros v2.7.2
2026-10-04T04:15:10.4666276Z     Checking socket2 v0.6.5
2026-10-04T04:15:10.5288728Z     Checking zerovec v0.11.8
2026-10-04T04:15:10.8486697Z     Checking mio v1.2.3
2026-10-04T04:15:11.4079270Z     Checking writeable v0.6.4
2026-10-04T04:15:11.4132596Z     Checking tinystr v0.8.4
2026-10-04T04:15:11.5577008Z     Checking litemap v0.8.3
2026-10-04T04:15:11.6398467Z     Checking tokio v1.53.1
2026-10-04T04:15:11.6558637Z     Checking potential_utf v0.1.6
2026-10-04T04:15:11.7689472Z     Checking zerotrie v0.2.5
2026-10-04T04:15:11.8027885Z     Checking icu_locale_core v2.3.0
2026-10-04T04:15:12.1195845Z     Checking errno v0.3.14
2026-10-04T04:15:12.2984687Z    Compiling icu_normalizer_data v2.3.0
2026-10-04T04:15:12.5801802Z    Compiling icu_properties_data v2.3.0
2026-10-04T04:15:12.8201362Z     Checking utf8_iter v1.0.4
2026-10-04T04:15:12.9402960Z     Checking icu_collections v2.3.0
2026-10-04T04:15:12.9407028Z     Checking icu_provider v2.3.1
2026-10-04T04:15:13.2766130Z    Compiling futures-macro v0.3.34
2026-10-04T04:15:13.3865662Z    Compiling rustix v1.1.4
2026-10-04T04:15:13.8911138Z     Checking futures-task v0.3.34
2026-10-04T04:15:14.0863935Z     Checking slab v0.4.12
2026-10-04T04:15:14.5609379Z     Checking futures-util v0.3.34
2026-10-04T04:15:14.6868417Z     Checking http-body v1.1.0
2026-10-04T04:15:14.8170893Z     Checking hmac v0.12.1
2026-10-04T04:15:14.9345893Z     Checking hkdf v0.12.4
2026-10-04T04:15:15.0518357Z     Checking icu_properties v2.3.0
2026-10-04T04:15:16.2464236Z     Checking icu_normalizer v2.3.0
2026-10-04T04:15:16.7724618Z     Checking aho-corasick v1.1.5
2026-10-04T04:15:16.9941397Z     Checking regex-syntax v0.8.11
2026-10-04T04:15:17.2508616Z     Checking try-lock v0.2.5
2026-10-04T04:15:17.3669799Z     Checking tower-service v0.3.3
2026-10-04T04:15:17.4408807Z     Checking want v0.3.1
2026-10-04T04:15:17.5381491Z     Checking idna_adapter v1.2.2
2026-10-04T04:15:17.6390801Z     Checking futures-channel v0.3.34
2026-10-04T04:15:17.8715035Z     Checking tracing-core v0.1.36
2026-10-04T04:15:17.9287576Z     Checking atomic-waker v1.1.2
2026-10-04T04:15:18.0054836Z     Checking hyper v1.11.1
2026-10-04T04:15:18.3384309Z     Checking tracing v0.1.44
2026-10-04T04:15:18.5597361Z     Checking idna v1.1.0
2026-10-04T04:15:18.9144556Z     Checking symbrain-guard-core v0.12.1 (D:\a\symaira-brain\symaira-brain\rust\symbrain-guard-core)
2026-10-04T04:15:19.0350957Z     Checking windows-registry v0.6.1
2026-10-04T04:15:19.2530898Z     Checking sync_wrapper v1.0.2
2026-10-04T04:15:19.3276055Z     Checking form_urlencoded v1.2.2
2026-10-04T04:15:19.4422355Z     Checking regex-automata v0.4.18
2026-10-04T04:15:19.4466762Z     Checking symbrain-audit v0.12.1 (D:\a\symaira-brain\symaira-brain\rust\symbrain-audit)
2026-10-04T04:15:20.1979576Z    Compiling vcpkg v0.2.15
2026-10-04T04:15:20.9002239Z    Compiling thiserror v2.0.20
2026-10-04T04:15:21.3332441Z    Compiling pkg-config v0.3.34
2026-10-04T04:15:21.3909462Z     Checking tower-layer v0.3.3
2026-10-04T04:15:21.6201284Z     Checking tower v0.5.3
2026-10-04T04:15:22.1157519Z     Checking regex v1.13.1
2026-10-04T04:15:22.1962465Z    Compiling libsqlite3-sys v0.38.2
2026-10-04T04:15:22.3985420Z     Checking url v2.5.8
2026-10-04T04:15:22.5554442Z     Checking hyper-util v0.1.21
2026-10-04T04:15:22.6459530Z     Checking symbrain-mcp v0.12.1 (D:\a\symaira-brain\symaira-brain\rust\symbrain-mcp)
2026-10-04T04:15:23.0125941Z    Compiling thiserror-impl v2.0.20
2026-10-04T04:15:23.0741819Z    Compiling crc32fast v1.5.1
2026-10-04T04:15:23.4612808Z     Checking tower-http v0.6.11
2026-10-04T04:15:24.0203238Z     Checking http-body-util v0.1.5
2026-10-04T04:15:24.3598208Z     Checking simd-adler32 v0.3.10
2026-10-04T04:15:24.5380697Z     Checking futures-sink v0.3.34
2026-10-04T04:15:24.6160843Z     Checking adler2 v2.0.1
2026-10-04T04:15:24.6936500Z     Checking miniz_oxide v0.9.1
2026-10-04T04:15:25.1154058Z     Checking symaira-core-secretref v0.0.0 (https://github.com/danieljustus/symaira-corekit?rev=04d1411adb57aa602b992509121011aa7666ff1a#04d1411a)
2026-10-04T04:15:25.1653626Z     Checking tokio-util v0.7.19
2026-10-04T04:15:25.4604820Z     Checking symbrain-activity v0.12.1 (D:\a\symaira-brain\symaira-brain\rust\symbrain-activity)
2026-10-04T04:15:25.5771357Z     Checking hashlink v0.12.1
2026-10-04T04:15:25.8586888Z     Checking fallible-streaming-iterator v0.1.9
2026-10-04T04:15:25.9444668Z     Checking fallible-iterator v0.3.0
2026-10-04T04:15:26.0039273Z     Checking symaira-core-exit v0.0.0 (https://github.com/danieljustus/symaira-corekit?rev=04d1411adb57aa602b992509121011aa7666ff1a#04d1411a)
2026-10-04T04:15:26.1114889Z     Checking flate2 v1.1.10
2026-10-04T04:15:26.3502802Z    Compiling syn v2.0.119
2026-10-04T04:15:26.5757066Z     Checking hostname v0.4.2
2026-10-04T04:15:26.6572653Z     Checking filetime v0.2.29
2026-10-04T04:15:26.7602547Z     Checking typed-path v0.12.3
2026-10-04T04:15:28.1635541Z     Checking zip v8.6.0
2026-10-04T04:15:29.0232495Z     Checking rusqlite v0.40.2
2026-10-04T04:15:29.1513896Z     Checking tar v0.4.46
2026-10-04T04:15:29.7183215Z     Checking symbrain-broker v0.12.1 (D:\a\symaira-brain\symaira-brain\rust\symbrain-broker)
2026-10-04T04:15:30.2584904Z    Compiling symguard-cli v0.12.1 (D:\a\symaira-brain\symaira-brain\rust\symguard-cli)
2026-10-04T04:15:30.3126298Z     Checking symbrain-patterns v0.12.1 (D:\a\symaira-brain\symaira-brain\rust\symbrain-patterns)
2026-10-04T04:15:30.7075826Z     Checking symbrain-instructions v0.12.1 (D:\a\symaira-brain\symaira-brain\rust\symbrain-instructions)
2026-10-04T04:15:30.8892322Z     Checking symbrain-catalog v0.12.1 (D:\a\symaira-brain\symaira-brain\rust\symbrain-catalog)
2026-10-04T04:15:31.1189297Z     Checking windows-threading v0.2.1
2026-10-04T04:15:31.2015185Z     Checking symbrain-adapter v0.12.1 (D:\a\symaira-brain\symaira-brain\rust\symbrain-adapter)
2026-10-04T04:15:31.4357473Z    Compiling signal-hook v0.3.18
2026-10-04T04:15:31.6058303Z     Checking signal-hook-registry v1.4.8
2026-10-04T04:15:31.8019723Z     Checking winapi-util v0.1.11
2026-10-04T04:15:31.9860806Z    Compiling symbrain-cli v0.12.1 (D:\a\symaira-brain\symaira-brain\rust\symbrain-cli)
2026-10-04T04:15:32.5476324Z     Checking same-file v1.0.6
2026-10-04T04:15:33.0931458Z    Compiling windows-implement v0.60.2
2026-10-04T04:15:33.3599160Z    Compiling windows-interface v0.59.3
2026-10-04T04:15:34.5129475Z     Checking windows-core v0.62.2
2026-10-04T04:15:34.9856213Z     Checking windows-collections v0.3.2
2026-10-04T04:15:34.9963107Z     Checking windows-future v0.3.2
2026-10-04T04:15:35.0847649Z     Checking windows-numerics v0.3.1
2026-10-04T04:15:35.8912686Z     Checking windows v0.62.2
2026-10-04T04:15:39.5416739Z     Checking process-wrap v10.0.1
2026-10-04T04:16:22.1414694Z     Checking rustls-webpki v0.103.15
2026-10-04T04:16:25.2274454Z     Checking ureq v3.4.1
2026-10-04T04:16:25.2275101Z     Checking tokio-rustls v0.26.6
2026-10-04T04:16:25.2275736Z     Checking rustls-platform-verifier v0.7.1
2026-10-04T04:16:25.4863748Z     Checking hyper-rustls v0.27.10
2026-10-04T04:16:25.6385944Z     Checking reqwest v0.13.4
2026-10-04T04:16:25.9201610Z     Checking symbrain-usage v0.12.1 (D:\a\symaira-brain\symaira-brain\rust\symbrain-usage)
2026-10-04T04:16:25.9203007Z     Checking symbrain-managed v0.12.1 (D:\a\symaira-brain\symaira-brain\rust\symbrain-managed)
2026-10-04T04:16:26.5584462Z     Checking symaira-core-llm v0.0.0 (https://github.com/danieljustus/symaira-corekit?rev=04d1411adb57aa602b992509121011aa7666ff1a#04d1411a)
2026-10-04T04:16:28.0728840Z     Checking symbrain-memory v0.12.1 (D:\a\symaira-brain\symaira-brain\rust\symbrain-memory)
2026-10-04T04:16:29.7111064Z     Checking symbrain-gateway v0.12.1 (D:\a\symaira-brain\symaira-brain\rust\symbrain-gateway)
2026-10-04T04:16:35.4363430Z     Finished `dev` profile [unoptimized + debuginfo] target(s) in 2m 12s
2026-10-04T04:16:35.5622795Z SYMAIRA_EXTERNAL_BASE="" bash D:/a/symaira-brain/symaira-brain/scripts/run-external-env.sh cargo clippy --workspace --all-targets --all-features --locked -- -D warnings
2026-10-04T04:16:36.9636297Z     Checking symbrain-core v0.12.1 (D:\a\symaira-brain\symaira-brain\rust\symbrain-core)
2026-10-04T04:16:36.9662684Z     Checking symbrain-harness v0.12.1 (D:\a\symaira-brain\symaira-brain\rust\symbrain-harness)
2026-10-04T04:16:36.9847704Z     Checking symbrain-mcp v0.12.1 (D:\a\symaira-brain\symaira-brain\rust\symbrain-mcp)
2026-10-04T04:16:36.9850968Z    Compiling symguard-cli v0.12.1 (D:\a\symaira-brain\symaira-brain\rust\symguard-cli)
2026-10-04T04:16:37.5563326Z     Checking symbrain-broker v0.12.1 (D:\a\symaira-brain\symaira-brain\rust\symbrain-broker)
2026-10-04T04:16:37.6697966Z     Checking symbrain-policy v0.12.1 (D:\a\symaira-brain\symaira-brain\rust\symbrain-policy)
2026-10-04T04:16:38.1039391Z     Checking symbrain-skills v0.12.1 (D:\a\symaira-brain\symaira-brain\rust\symbrain-skills)
2026-10-04T04:16:38.2446972Z     Checking symbrain-audit v0.12.1 (D:\a\symaira-brain\symaira-brain\rust\symbrain-audit)
2026-10-04T04:16:38.6454421Z     Checking symbrain-guard-core v0.12.1 (D:\a\symaira-brain\symaira-brain\rust\symbrain-guard-core)
2026-10-04T04:16:38.9376494Z     Checking symbrain-activity v0.12.1 (D:\a\symaira-brain\symaira-brain\rust\symbrain-activity)
2026-10-04T04:16:39.4630376Z     Checking symbrain-usage v0.12.1 (D:\a\symaira-brain\symaira-brain\rust\symbrain-usage)
2026-10-04T04:16:39.5072030Z     Checking symbrain-memory v0.12.1 (D:\a\symaira-brain\symaira-brain\rust\symbrain-memory)
2026-10-04T04:16:41.4324590Z     Checking symbrain-instructions v0.12.1 (D:\a\symaira-brain\symaira-brain\rust\symbrain-instructions)
2026-10-04T04:16:41.5155515Z     Checking symbrain-patterns v0.12.1 (D:\a\symaira-brain\symaira-brain\rust\symbrain-patterns)
2026-10-04T04:16:41.8435343Z     Checking symbrain-catalog v0.12.1 (D:\a\symaira-brain\symaira-brain\rust\symbrain-catalog)
2026-10-04T04:16:41.9187747Z     Checking symbrain-managed v0.12.1 (D:\a\symaira-brain\symaira-brain\rust\symbrain-managed)
2026-10-04T04:16:41.9963945Z     Checking symbrain-adapter v0.12.1 (D:\a\symaira-brain\symaira-brain\rust\symbrain-adapter)
2026-10-04T04:16:42.2964656Z     Checking symbrain-gateway v0.12.1 (D:\a\symaira-brain\symaira-brain\rust\symbrain-gateway)
2026-10-04T04:16:42.4834667Z    Compiling symbrain-cli v0.12.1 (D:\a\symaira-brain\symaira-brain\rust\symbrain-cli)
2026-10-04T04:17:00.9812628Z     Finished `dev` profile [unoptimized + debuginfo] target(s) in 24.58s
2026-10-04T04:17:01.1314681Z SYMAIRA_EXTERNAL_BASE="" bash D:/a/symaira-brain/symaira-brain/scripts/run-external-env.sh cargo test --workspace --all-features --locked
2026-10-04T04:17:01.7631468Z    Compiling windows-link v0.2.1
2026-10-04T04:17:01.7637176Z    Compiling cfg-if v1.0.4
2026-10-04T04:17:01.7637693Z    Compiling itoa v1.0.18
2026-10-04T04:17:01.7649923Z    Compiling serde_core v1.0.229
2026-10-04T04:17:01.8225573Z    Compiling windows-sys v0.61.2
2026-10-04T04:17:01.8310653Z    Compiling memchr v2.8.3
2026-10-04T04:17:02.1104059Z    Compiling once_cell v1.21.4
2026-10-04T04:17:02.4360905Z    Compiling zmij v1.0.23
2026-10-04T04:17:02.8996732Z    Compiling getrandom v0.4.3
2026-10-04T04:17:03.0591490Z    Compiling fastrand v2.5.0
2026-10-04T04:17:03.2673146Z    Compiling foldhash v0.2.0
2026-10-04T04:17:03.3645137Z    Compiling num-traits v0.2.19
2026-10-04T04:17:03.5260347Z    Compiling hashbrown v0.17.1
2026-10-04T04:17:04.4575032Z    Compiling equivalent v1.0.2
2026-10-04T04:17:04.5209051Z    Compiling indexmap v2.14.2
2026-10-04T04:17:04.5580206Z    Compiling winnow v1.0.4
2026-10-04T04:17:05.6171054Z    Compiling serde v1.0.229
2026-10-04T04:17:05.6343350Z    Compiling serde_json v1.0.151
2026-10-04T04:17:06.6154014Z    Compiling chrono v0.4.45
2026-10-04T04:17:06.7449650Z    Compiling toml_parser v1.1.3+spec-1.1.0
2026-10-04T04:17:08.2126354Z    Compiling toml_datetime v1.1.1+spec-1.1.0
2026-10-04T04:17:08.6498654Z    Compiling toml_writer v1.1.2+spec-1.1.0
2026-10-04T04:17:08.6546735Z    Compiling subtle v2.6.1
2026-10-04T04:17:08.8275316Z    Compiling typenum v1.20.1
2026-10-04T04:17:08.9686832Z    Compiling toml_edit v0.25.13+spec-1.1.0
2026-10-04T04:17:09.1824635Z    Compiling cpufeatures v0.2.17
2026-10-04T04:17:09.2479736Z    Compiling bitflags v2.13.1
2026-10-04T04:17:09.6430983Z    Compiling ipnet v2.12.2
2026-10-04T04:17:10.1111727Z    Compiling generic-array v0.14.7
2026-10-04T04:17:10.7209568Z    Compiling windows_x86_64_msvc v0.52.6
2026-10-04T04:17:10.7799326Z    Compiling windows-targets v0.52.6
2026-10-04T04:17:10.8429917Z    Compiling windows-sys v0.52.0
2026-10-04T04:17:11.0278879Z    Compiling tempfile v3.27.0
2026-10-04T04:17:11.8923952Z    Compiling block-buffer v0.10.4
2026-10-04T04:17:12.0346999Z    Compiling crypto-common v0.1.7
2026-10-04T04:17:12.1562869Z    Compiling digest v0.10.7
2026-10-04T04:17:12.2455510Z    Compiling symbrain-core v0.12.1 (D:\a\symaira-brain\symaira-brain\rust\symbrain-core)
2026-10-04T04:17:12.4755112Z    Compiling sha2 v0.10.9
2026-10-04T04:17:13.1511175Z    Compiling io-lifetimes v2.0.4
2026-10-04T04:17:13.2780155Z    Compiling io-lifetimes v3.0.1
2026-10-04T04:17:13.4192586Z    Compiling libc v0.2.189
2026-10-04T04:17:13.4233511Z    Compiling io-extras v0.19.0
2026-10-04T04:17:13.5685076Z    Compiling fs-set-times v0.20.3
2026-10-04T04:17:13.6813635Z    Compiling winx v0.36.4
2026-10-04T04:17:13.7933614Z    Compiling maybe-owned v0.3.4
2026-10-04T04:17:13.9052845Z    Compiling ambient-authority v0.0.2
2026-10-04T04:17:14.0178992Z    Compiling bytes v1.12.1
2026-10-04T04:17:14.1619015Z    Compiling jobserver v0.1.35
2026-10-04T04:17:14.6004367Z    Compiling cap-primitives v4.0.3
2026-10-04T04:17:14.6662398Z    Compiling cc v1.4.5
2026-10-04T04:17:14.9596407Z    Compiling unsafe-libyaml v0.2.11
2026-10-04T04:17:15.2499689Z    Compiling cap-std v4.0.3
2026-10-04T04:17:15.6625994Z    Compiling cap-fs-ext v4.0.3
2026-10-04T04:17:15.8091304Z    Compiling symbrain-harness v0.12.1 (D:\a\symaira-brain\symaira-brain\rust\symbrain-harness)
2026-10-04T04:17:15.8417689Z    Compiling ryu v1.0.23
2026-10-04T04:17:16.1099360Z    Compiling cmake v0.1.58
2026-10-04T04:17:16.6708079Z    Compiling serde_yaml_ng v0.10.0
2026-10-04T04:17:16.8076851Z    Compiling zeroize v1.9.0
2026-10-04T04:17:17.0469014Z    Compiling http v1.5.0
2026-10-04T04:17:17.5565774Z    Compiling aws-lc-sys v0.45.0
2026-10-04T04:17:19.0827940Z    Compiling ring v0.17.14
2026-10-04T04:17:19.8845997Z    Compiling rustls-pki-types v1.15.1
2026-10-04T04:17:20.4264125Z    Compiling getrandom v0.2.17
2026-10-04T04:17:20.5831573Z    Compiling untrusted v0.9.0
2026-10-04T04:17:20.6702347Z    Compiling percent-encoding v2.3.2
2026-10-04T04:17:20.7410110Z    Compiling log v0.4.34
2026-10-04T04:17:20.9505052Z    Compiling httparse v1.10.1
2026-10-04T04:17:20.9931386Z    Compiling winapi v0.3.9
2026-10-04T04:17:21.3979379Z    Compiling symbrain-policy v0.12.1 (D:\a\symaira-brain\symaira-brain\rust\symbrain-policy)
2026-10-04T04:17:22.8236303Z    Compiling fs2 v0.4.3
2026-10-04T04:17:23.0655740Z    Compiling base64 v0.23.1
2026-10-04T04:17:23.8482000Z    Compiling base64 v0.22.1
2026-10-04T04:17:24.4301005Z    Compiling symbrain-skills v0.12.1 (D:\a\symaira-brain\symaira-brain\rust\symbrain-skills)
2026-10-04T04:17:24.8787513Z    Compiling zerofrom v0.1.8
2026-10-04T04:17:25.0180556Z    Compiling getrandom v0.3.3
2026-10-04T04:17:25.1645189Z    Compiling stable_deref_trait v1.2.1
2026-10-04T04:17:25.2246877Z    Compiling yoke v0.8.3
2026-10-04T04:17:25.4685828Z    Compiling ureq-proto v0.6.2
2026-10-04T04:17:27.1594252Z    Compiling webpki-roots v1.0.9
2026-10-04T04:17:27.2720391Z    Compiling utf8-zero v0.8.1
2026-10-04T04:17:27.4797868Z    Compiling zerovec v0.11.8
2026-10-04T04:17:27.5339700Z    Compiling pin-project-lite v0.2.17
2026-10-04T04:17:27.6339230Z    Compiling futures-core v0.3.34
2026-10-04T04:17:27.8044816Z    Compiling windows-strings v0.5.1
2026-10-04T04:17:28.3800754Z    Compiling windows-result v0.4.1
2026-10-04T04:17:28.4005825Z    Compiling smallvec v1.16.0
2026-10-04T04:17:28.6706453Z    Compiling tinystr v0.8.4
2026-10-04T04:17:28.7875760Z    Compiling errno v0.3.14
2026-10-04T04:17:28.9763270Z    Compiling socket2 v0.6.5
2026-10-04T04:17:29.0730167Z    Compiling mio v1.2.3
2026-10-04T04:17:29.9346478Z    Compiling litemap v0.8.3
2026-10-04T04:17:30.1977648Z    Compiling writeable v0.6.4
2026-10-04T04:17:30.5687202Z    Compiling icu_locale_core v2.3.0
2026-10-04T04:17:30.6742063Z    Compiling tokio v1.53.1
2026-10-04T04:17:32.8393174Z    Compiling potential_utf v0.1.6
2026-10-04T04:17:33.0266063Z    Compiling zerotrie v0.2.5
2026-10-04T04:17:33.5315419Z    Compiling utf8_iter v1.0.4
2026-10-04T04:17:33.6975396Z    Compiling icu_collections v2.3.0
2026-10-04T04:17:34.7660005Z    Compiling icu_provider v2.3.1
2026-10-04T04:17:35.3211180Z    Compiling slab v0.4.12
2026-10-04T04:17:35.5325322Z    Compiling futures-task v0.3.34
2026-10-04T04:17:35.7423255Z    Compiling futures-util v0.3.34
2026-10-04T04:17:38.8761463Z    Compiling rustix v1.1.4
2026-10-04T04:17:39.2202321Z    Compiling icu_properties_data v2.3.0
2026-10-04T04:17:39.3984900Z    Compiling icu_normalizer_data v2.3.0
2026-10-04T04:17:39.4073956Z    Compiling http-body v1.1.0
2026-10-04T04:17:39.4647549Z    Compiling hmac v0.12.1
2026-10-04T04:17:39.5770162Z    Compiling aho-corasick v1.1.5
2026-10-04T04:17:39.5923262Z    Compiling regex-syntax v0.8.11
2026-10-04T04:17:39.6177292Z    Compiling hkdf v0.12.4
2026-10-04T04:17:39.7534511Z    Compiling icu_normalizer v2.3.0
2026-10-04T04:17:40.9016629Z    Compiling icu_properties v2.3.0
2026-10-04T04:17:43.6428331Z    Compiling regex-automata v0.4.18
2026-10-04T04:17:44.5052019Z    Compiling try-lock v0.2.5
2026-10-04T04:17:44.6014064Z    Compiling tower-service v0.3.3
2026-10-04T04:17:44.7321421Z    Compiling want v0.3.1
2026-10-04T04:17:44.9721505Z    Compiling idna_adapter v1.2.2
2026-10-04T04:17:45.1533630Z    Compiling futures-channel v0.3.34
2026-10-04T04:17:45.4401216Z    Compiling symbrain-audit v0.12.1 (D:\a\symaira-brain\symaira-brain\rust\symbrain-audit)
2026-10-04T04:17:45.8200180Z    Compiling tracing-core v0.1.36
2026-10-04T04:17:46.9610239Z    Compiling regex v1.13.1
2026-10-04T04:17:47.7367009Z    Compiling atomic-waker v1.1.2
2026-10-04T04:17:47.8849801Z    Compiling hyper v1.11.1
2026-10-04T04:17:49.1346565Z    Compiling tracing v0.1.44
2026-10-04T04:17:49.4743145Z    Compiling idna v1.1.0
2026-10-04T04:17:50.6076169Z    Compiling symbrain-guard-core v0.12.1 (D:\a\symaira-brain\symaira-brain\rust\symbrain-guard-core)
2026-10-04T04:17:51.2094878Z    Compiling windows-registry v0.6.1
2026-10-04T04:17:51.6090090Z    Compiling sync_wrapper v1.0.2
2026-10-04T04:17:51.7043151Z    Compiling form_urlencoded v1.2.2
2026-10-04T04:17:51.9856758Z    Compiling symbrain-mcp v0.12.1 (D:\a\symaira-brain\symaira-brain\rust\symbrain-mcp)
2026-10-04T04:17:52.2397888Z    Compiling tower-layer v0.3.3
2026-10-04T04:17:52.4589955Z    Compiling tower v0.5.3
2026-10-04T04:17:53.2468754Z    Compiling libsqlite3-sys v0.38.2
2026-10-04T04:17:53.5318818Z    Compiling url v2.5.8
2026-10-04T04:17:53.7590163Z    Compiling hyper-util v0.1.21
2026-10-04T04:17:55.2820552Z    Compiling thiserror v2.0.20
2026-10-04T04:17:55.4012888Z    Compiling tower-http v0.6.11
2026-10-04T04:17:56.8860063Z    Compiling http-body-util v0.1.5
2026-10-04T04:17:57.2630605Z    Compiling symbrain-activity v0.12.1 (D:\a\symaira-brain\symaira-brain\rust\symbrain-activity)
2026-10-04T04:17:57.9404809Z    Compiling futures-sink v0.3.34
2026-10-04T04:17:58.0528940Z    Compiling tokio-util v0.7.19
2026-10-04T04:17:58.4213753Z    Compiling symaira-core-secretref v0.0.0 (https://github.com/danieljustus/symaira-corekit?rev=04d1411adb57aa602b992509121011aa7666ff1a#04d1411a)
2026-10-04T04:17:59.5478511Z    Compiling hashlink v0.12.1
2026-10-04T04:17:59.7272234Z    Compiling adler2 v2.0.1
2026-10-04T04:17:59.8725493Z    Compiling fallible-iterator v0.3.0
2026-10-04T04:17:59.9784974Z    Compiling symaira-core-exit v0.0.0 (https://github.com/danieljustus/symaira-corekit?rev=04d1411adb57aa602b992509121011aa7666ff1a#04d1411a)
2026-10-04T04:17:59.9852502Z    Compiling fallible-streaming-iterator v0.1.9
2026-10-04T04:18:00.1627573Z    Compiling simd-adler32 v0.3.10
2026-10-04T04:18:00.2261925Z    Compiling crc32fast v1.5.1
2026-10-04T04:18:00.3446803Z    Compiling miniz_oxide v0.9.1
2026-10-04T04:18:00.4527890Z    Compiling rusqlite v0.40.2
2026-10-04T04:18:00.4922202Z    Compiling hostname v0.4.2
2026-10-04T04:18:00.6814522Z    Compiling symbrain-broker v0.12.1 (D:\a\symaira-brain\symaira-brain\rust\symbrain-broker)
2026-10-04T04:18:01.6878333Z    Compiling flate2 v1.1.10
2026-10-04T04:18:02.4952772Z    Compiling symbrain-patterns v0.12.1 (D:\a\symaira-brain\symaira-brain\rust\symbrain-patterns)
2026-10-04T04:18:03.2743251Z    Compiling filetime v0.2.29
2026-10-04T04:18:03.4697644Z    Compiling typed-path v0.12.3
2026-10-04T04:18:04.7338118Z    Compiling tar v0.4.46
2026-10-04T04:18:04.7643889Z    Compiling symbrain-instructions v0.12.1 (D:\a\symaira-brain\symaira-brain\rust\symbrain-instructions)
2026-10-04T04:18:05.6000019Z    Compiling zip v8.6.0
2026-10-04T04:18:06.2865512Z    Compiling symbrain-catalog v0.12.1 (D:\a\symaira-brain\symaira-brain\rust\symbrain-catalog)
2026-10-04T04:18:06.9988419Z    Compiling windows-core v0.62.2
2026-10-04T04:18:07.6147587Z    Compiling symguard-cli v0.12.1 (D:\a\symaira-brain\symaira-brain\rust\symguard-cli)
2026-10-04T04:18:07.9290852Z    Compiling symbrain-adapter v0.12.1 (D:\a\symaira-brain\symaira-brain\rust\symbrain-adapter)
2026-10-04T04:18:08.1015743Z    Compiling windows-threading v0.2.1
2026-10-04T04:18:08.2652600Z    Compiling windows-future v0.3.2
2026-10-04T04:18:08.7866636Z    Compiling windows-collections v0.3.2
2026-10-04T04:18:09.4861423Z    Compiling windows-numerics v0.3.1
2026-10-04T04:18:09.6358190Z    Compiling signal-hook-registry v1.4.8
2026-10-04T04:18:09.7766944Z    Compiling windows v0.62.2
2026-10-04T04:18:10.1182597Z    Compiling winapi-util v0.1.11
2026-10-04T04:18:10.5084444Z    Compiling same-file v1.0.6
2026-10-04T04:18:10.8203187Z    Compiling signal-hook v0.3.18
2026-10-04T04:18:13.7850748Z    Compiling process-wrap v10.0.1
2026-10-04T04:19:30.2300937Z    Compiling aws-lc-rs v1.18.1
2026-10-04T04:19:30.2421655Z    Compiling rustls v0.23.45
2026-10-04T04:19:31.8640481Z    Compiling rustls-webpki v0.103.15
2026-10-04T04:19:36.4308216Z    Compiling ureq v3.4.1
2026-10-04T04:19:36.4308902Z    Compiling tokio-rustls v0.26.6
2026-10-04T04:19:36.4313760Z    Compiling rustls-platform-verifier v0.7.1
2026-10-04T04:19:36.8734859Z    Compiling hyper-rustls v0.27.10
2026-10-04T04:19:37.2429816Z    Compiling reqwest v0.13.4
2026-10-04T04:19:40.2147013Z    Compiling symaira-core-llm v0.0.0 (https://github.com/danieljustus/symaira-corekit?rev=04d1411adb57aa602b992509121011aa7666ff1a#04d1411a)
2026-10-04T04:19:42.4894105Z    Compiling symbrain-memory v0.12.1 (D:\a\symaira-brain\symaira-brain\rust\symbrain-memory)
2026-10-04T04:19:46.0769103Z    Compiling symbrain-usage v0.12.1 (D:\a\symaira-brain\symaira-brain\rust\symbrain-usage)
2026-10-04T04:19:46.2306578Z    Compiling symbrain-managed v0.12.1 (D:\a\symaira-brain\symaira-brain\rust\symbrain-managed)
2026-10-04T04:19:52.1195022Z    Compiling symbrain-gateway v0.12.1 (D:\a\symaira-brain\symaira-brain\rust\symbrain-gateway)
2026-10-04T04:19:56.3090770Z    Compiling symbrain-cli v0.12.1 (D:\a\symaira-brain\symaira-brain\rust\symbrain-cli)
2026-10-04T04:20:54.0266000Z     Finished `test` profile [unoptimized + debuginfo] target(s) in 3m 52s
2026-10-04T04:20:54.1391838Z      Running unittests src\lib.rs (target\debug\deps\symbrain_activity-d104e9e85e5e6d07.exe)
2026-10-04T04:20:54.1506290Z 
2026-10-04T04:20:54.1506572Z running 4 tests
2026-10-04T04:20:54.1512805Z test tests::unicode_fencing_and_token_count_match_go_runes ... ok
2026-10-04T04:20:54.1513544Z test tests::validates_every_bound ... ok
2026-10-04T04:20:54.1514256Z test tests::stable_id_and_unique_sort_are_deterministic ... ok
2026-10-04T04:20:54.1515047Z test tests::profile_access_requires_explicit_activity_tool ... ok
2026-10-04T04:20:54.1515521Z 
2026-10-04T04:20:54.1516009Z test result: ok. 4 passed; 0 failed; 0 ignored; 0 measured; 0 filtered out; finished in 0.00s
2026-10-04T04:20:54.1516635Z 
2026-10-04T04:20:54.1533903Z      Running tests\oracle_differential_tests.rs (target\debug\deps\oracle_differential_tests-12878ae2d0edb431.exe)
2026-10-04T04:20:54.1641112Z 
2026-10-04T04:20:54.1641634Z running 4 tests
2026-10-04T04:20:54.1648406Z test activity_error_type_remains_stable ... ok
2026-10-04T04:20:54.1659704Z test activity_order_and_token_budget_match_go_store_search ... ok
2026-10-04T04:20:54.1661643Z test activity_validation_messages_match_go ... ok
2026-10-04T04:20:54.1672497Z test pattern_names_promotion_and_store_bytes_match_go ... ok
2026-10-04T04:20:54.1673389Z 
2026-10-04T04:20:54.1674177Z test result: ok. 4 passed; 0 failed; 0 ignored; 0 measured; 0 filtered out; finished in 0.00s
2026-10-04T04:20:54.1674836Z 
2026-10-04T04:20:54.1691472Z      Running unittests src\lib.rs (target\debug\deps\symbrain_adapter-ce617aadaf5f8f75.exe)
2026-10-04T04:20:54.1791758Z 
2026-10-04T04:20:54.1792140Z running 0 tests
2026-10-04T04:20:54.1792546Z 
2026-10-04T04:20:54.1793141Z test result: ok. 0 passed; 0 failed; 0 ignored; 0 measured; 0 filtered out; finished in 0.00s
2026-10-04T04:20:54.1794070Z 
2026-10-04T04:20:54.1810193Z      Running tests\adapter_tests.rs (target\debug\deps\adapter_tests-f901298ce2bb6bc8.exe)
2026-10-04T04:20:54.1922359Z 
2026-10-04T04:20:54.1922787Z running 7 tests
2026-10-04T04:20:54.1937191Z test registry_derives_exactly_four_targets_and_five_skips ... ok
2026-10-04T04:20:54.1943448Z test oracle_render_cases_match_go_byte_for_byte ... ok
2026-10-04T04:20:54.1947242Z test target_path_validation_rejects_absolute_and_traversal_forms ... ok
2026-10-04T04:20:54.1950021Z test unknown_harness_is_not_silently_skipped ... ok
2026-10-04T04:20:54.1954014Z test rendering_is_idempotent_and_preserves_user_prefix_and_suffix ... ok
2026-10-04T04:20:54.2239732Z test oracle_is_pinned_to_current_go_sources_and_generator ... ok
2026-10-04T04:20:54.2270963Z test atomic_write_preserves_mode_and_rejects_symlink_parents ... ok
2026-10-04T04:20:54.2271389Z 
2026-10-04T04:20:54.2271766Z test result: ok. 7 passed; 0 failed; 0 ignored; 0 measured; 0 filtered out; finished in 0.03s
2026-10-04T04:20:54.2272818Z 
2026-10-04T04:20:54.2291340Z      Running tests\confinement_tests.rs (target\debug\deps\confinement_tests-8df6acc8964a7763.exe)
2026-10-04T04:20:54.2412512Z 
2026-10-04T04:20:54.2412958Z running 0 tests
2026-10-04T04:20:54.2413548Z 
2026-10-04T04:20:54.2414375Z test result: ok. 0 passed; 0 failed; 0 ignored; 0 measured; 0 filtered out; finished in 0.00s
2026-10-04T04:20:54.2415259Z 
2026-10-04T04:20:54.2432661Z      Running unittests src\lib.rs (target\debug\deps\symbrain_audit-2a5daff973982ea4.exe)
2026-10-04T04:20:54.2549134Z 
2026-10-04T04:20:54.2549480Z running 29 tests
2026-10-04T04:20:54.2559755Z test raw::raw_windows::tests::reserved_windows_device_names_match_exact_list ... ok
2026-10-04T04:20:54.2565308Z test raw::raw_windows::tests::split_target_normalizes_bare_target_to_current_directory ... ok
2026-10-04T04:20:54.2568722Z test logger::tests::disabled_logger_has_no_side_effects ... ok
2026-10-04T04:20:54.2591422Z test logger::tests::fixed_entry_matches_go_field_order_and_redaction ... ok
2026-10-04T04:20:54.2596256Z test raw::raw_windows::tests::open_parent_protects_against_rename_and_appends_exact_bytes ... ok
2026-10-04T04:20:54.2604334Z test raw::tests::rejects_line_breaks_and_unsafe_paths ... ok
2026-10-04T04:20:54.2608847Z test raw::tests::appends_exact_bytes_without_rewriting_fields ... ok
2026-10-04T04:20:54.2611495Z test redact::tests::arbitrary_precision_internal_number_key_remains_a_user_object_key ... ok
2026-10-04T04:20:54.2623467Z test redact::tests::negative_zero_survives_feature_unified_json_parsing_without_touching_strings ... ok
2026-10-04T04:20:54.2626341Z test redact::tests::malformed_and_non_object_arguments_are_ignored ... ok
2026-10-04T04:20:54.2632859Z test redact::tests::overflowing_nested_numbers_match_go_json_decode_failure ... ok
2026-10-04T04:20:54.2636370Z test redact::tests::non_verbose_logs_sorted_keys_only ... ok
2026-10-04T04:20:54.2647259Z test redact::tests::vault_never_logs_arguments ... ok
2026-10-04T04:20:54.2670547Z test redact::tests::verbose_numbers_match_go_float64_formatting ... ok
2026-10-04T04:20:54.2721189Z test redact::tests::verbose_recursively_redacts_sensitive_values ... ok
2026-10-04T04:20:54.2734075Z 
2026-10-04T04:20:54.2740871Z running 1 test
2026-10-04T04:20:54.2788284Z test raw::tests::bare_relative_path_uses_process_working_directory ... ok
2026-10-04T04:20:54.2794081Z 
2026-10-04T04:20:54.2797361Z test result: ok. 1 passed; 0 failed; 0 ignored; 0 measured; 28 filtered out; finished in 0.00s
2026-10-04T04:20:54.2801840Z 
2026-10-04T04:20:54.2815654Z test sink::tests::corruption_in_current_segment_fails_closed ... ok
2026-10-04T04:20:54.2935202Z test redact::tests::raw_value_recursion_keeps_the_json_depth_bound ... ok
2026-10-04T04:20:54.2976637Z test sink::tests::corruption_in_rotated_segment_fails_closed ... ok
2026-10-04T04:20:54.3062487Z test sink::tests::hash_matches_known_go_vector ... ok
2026-10-04T04:20:54.3097734Z test raw::tests::bare_relative_path_uses_process_working_directory ... ok
2026-10-04T04:20:54.3113257Z test sink::tests::current_torn_tail_is_removed_before_recovery ... ok
2026-10-04T04:20:54.3171978Z test sink::tests::rotation_metadata_failure_degrades_sink ... ok
2026-10-04T04:20:54.3198556Z test sink::tests::sink_recovers_and_extends_chain ... ok
2026-10-04T04:20:54.3288770Z test sink::tests::single_rotation_from_genesis_reopens ... ok
2026-10-04T04:20:54.3293220Z test tail::tests::limit_returns_most_recent_in_chronological_order ... ok
2026-10-04T04:20:54.3300510Z test tail::tests::missing_path_error_matches_go_wording ... ok
2026-10-04T04:20:54.3463690Z test sink::tests::multiple_rotations_reopen_and_continue_chain ... ok
2026-10-04T04:20:54.3561857Z test raw::tests::concurrent_appends_are_complete_jsonl_records ... ok
2026-10-04T04:20:54.3716431Z test tail::tests::reverse_reader_preserves_chunk_boundaries_and_latest_session ... ok
2026-10-04T04:20:54.3717154Z 
2026-10-04T04:20:54.3718515Z test result: ok. 29 passed; 0 failed; 0 ignored; 0 measured; 0 filtered out; finished in 0.12s
2026-10-04T04:20:54.3745099Z      Running tests\oracle_differential_tests.rs (target\debug\deps\oracle_differential_tests-99565838caf9bf99.exe)
2026-10-04T04:20:54.3745623Z 
2026-10-04T04:20:54.3878577Z 
2026-10-04T04:20:54.3879036Z running 4 tests
2026-10-04T04:20:54.3902778Z test fixed_entry_json_and_chain_hashes_match_go ... ok
2026-10-04T04:20:54.3921328Z test bounded_tail_and_latest_degradations_match_go ... ok
2026-10-04T04:20:54.3930720Z test production_chained_tail_entries_decode_envelopes_like_go ... ok
2026-10-04T04:20:54.4005465Z test logger_redaction_matches_go_oracle ... ok
2026-10-04T04:20:54.4005919Z 
2026-10-04T04:20:54.4008919Z test result: ok. 4 passed; 0 failed; 0 ignored; 0 measured; 0 filtered out; finished in 0.01s
2026-10-04T04:20:54.4010218Z 
2026-10-04T04:20:54.4027582Z      Running tests\raw_windows_tests.rs (target\debug\deps\raw_windows_tests-b37b2a363aaa9e7c.exe)
2026-10-04T04:20:54.4137315Z 
2026-10-04T04:20:54.4137749Z running 8 tests
2026-10-04T04:20:54.4159659Z test raw_jsonl_appender_rejects_line_break_variants ... ok
2026-10-04T04:20:54.4160852Z test raw_jsonl_appender_rejects_parent_traversal ... ok
2026-10-04T04:20:54.4244608Z test windows_rejects_ads_device_namespaces_superscripts_and_trailing_aliases ... ok
2026-10-04T04:20:54.4255381Z test windows_appends_to_nested_absolute_path ... ok
2026-10-04T04:20:54.4277639Z test windows_validates_all_components_before_creating_directories ... ok
2026-10-04T04:20:54.4386522Z test windows_rejects_file_and_directory_symlinks ... ok
2026-10-04T04:20:54.4520451Z Junction created for D:\a\_temp\.tmpmLA3ch\junction_link <<===>> D:\a\_temp\.tmpmLA3ch\real_target
2026-10-04T04:20:54.4633722Z test windows_rejects_directory_junctions ... ok
2026-10-04T04:20:54.5276731Z test windows_concurrent_appends_preserve_exact_records ... ok
2026-10-04T04:20:54.5277300Z 
2026-10-04T04:20:54.5278461Z test result: ok. 8 passed; 0 failed; 0 ignored; 0 measured; 0 filtered out; finished in 0.11s
2026-10-04T04:20:54.5279142Z 
2026-10-04T04:20:54.5299001Z      Running unittests src\lib.rs (target\debug\deps\symbrain_broker-f44be6d864a9c057.exe)
2026-10-04T04:20:54.5407129Z 
2026-10-04T04:20:54.5407403Z running 8 tests
2026-10-04T04:20:54.5414228Z test client::tests::bounded_reader_delivers_unterminated_line_then_eof ... ok
2026-10-04T04:20:54.5415285Z test client::tests::bounded_reader_handles_newline_and_crlf ... ok
2026-10-04T04:20:54.5420999Z test client::tests::discover_uses_actual_path_selection ... ok
2026-10-04T04:20:54.5436864Z test server::tests::config_defaults_match_go ... ok
2026-10-04T04:20:54.5441302Z test server::tests::state_strings_are_stable ... ok
2026-10-04T04:20:54.5455927Z test client::tests::discover_rejects_directory_and_accepts_unix_executable ... ok
2026-10-04T04:20:54.5505010Z test client::tests::bounded_reader_rejects_before_growing_past_cap ... ok
2026-10-04T04:20:54.5640131Z test client::tests::missing_binary_error_uses_go_platform_path_placeholder ... ok
2026-10-04T04:20:54.5640628Z 
2026-10-04T04:20:54.5641728Z test result: ok. 8 passed; 0 failed; 0 ignored; 0 measured; 0 filtered out; finished in 0.02s
2026-10-04T04:20:54.5642149Z 
2026-10-04T04:20:54.5658764Z      Running unittests src\bin\fakemcp.rs (target\debug\deps\symbrain_fakemcp-fbedff77282fd79d.exe)
2026-10-04T04:20:54.5766539Z 
2026-10-04T04:20:54.5767131Z running 0 tests
2026-10-04T04:20:54.5767731Z 
2026-10-04T04:20:54.5768154Z test result: ok. 0 passed; 0 failed; 0 ignored; 0 measured; 0 filtered out; finished in 0.00s
2026-10-04T04:20:54.5768536Z 
2026-10-04T04:20:54.5784647Z      Running tests\broker_tests.rs (target\debug\deps\broker_tests-22042049c3020696.exe)
2026-10-04T04:20:54.5887964Z 
2026-10-04T04:20:54.5888519Z running 8 tests
2026-10-04T04:20:54.6128788Z test captures_child_stderr_without_stdout_pollution ... ok
2026-10-04T04:20:54.6183054Z test concurrent_lazy_start_spawns_exactly_one_child ... ok
2026-10-04T04:20:54.6271567Z test protocol_mismatch_is_terminal_degradation ... ok
2026-10-04T04:20:54.6299049Z test initialize_list_tools_and_call_roundtrip ... ok
2026-10-04T04:20:54.6359828Z test crash_then_restart_with_backoff ... ok
2026-10-04T04:20:54.6585747Z test published_compatible_protocol_versions_initialize ... ok
2026-10-04T04:20:55.1267470Z test in_flight_child_call_observes_connection_cancellation ... ok
2026-10-04T04:20:55.1498897Z test slow_call_times_out_and_shutdown_reaps_child ... ok
2026-10-04T04:20:55.1499796Z 
2026-10-04T04:20:55.1500489Z test result: ok. 8 passed; 0 failed; 0 ignored; 0 measured; 0 filtered out; finished in 0.56s
2026-10-04T04:20:55.1501155Z 
2026-10-04T04:20:55.1519907Z      Running unittests src\lib.rs (target\debug\deps\symbrain_catalog-9474eecf78a2288d.exe)
2026-10-04T04:20:55.1629566Z 
2026-10-04T04:20:55.1629979Z running 5 tests
2026-10-04T04:20:55.1638149Z test tests::collision_preserves_first_owner_and_exact_message ... ok
2026-10-04T04:20:55.1639982Z test tests::foreign_exposure_metadata_is_carried ... ok
2026-10-04T04:20:55.1640889Z test tests::input_schema_bytes_survive_catalog_construction ... ok
2026-10-04T04:20:55.1641749Z test tests::exposed_lookup_and_names_are_stable ... ok
2026-10-04T04:20:55.1642464Z test tests::namespace_matches_go_edge_cases ... ok
2026-10-04T04:20:55.1642708Z 
2026-10-04T04:20:55.1643311Z test result: ok. 5 passed; 0 failed; 0 ignored; 0 measured; 0 filtered out; finished in 0.00s
2026-10-04T04:20:55.1643706Z 
2026-10-04T04:20:55.1657788Z      Running tests\oracle_differential_tests.rs (target\debug\deps\oracle_differential_tests-cc7551022542cc8d.exe)
2026-10-04T04:20:55.1761175Z 
2026-10-04T04:20:55.1761457Z running 1 test
2026-10-04T04:20:55.1772658Z test catalog_matches_go_oracle ... ok
2026-10-04T04:20:55.1773098Z 
2026-10-04T04:20:55.1773576Z test result: ok. 1 passed; 0 failed; 0 ignored; 0 measured; 0 filtered out; finished in 0.00s
2026-10-04T04:20:55.1774061Z 
2026-10-04T04:20:55.1790280Z      Running unittests src\lib.rs (target\debug\deps\symbrain_cli-1054bbb611de4da6.exe)
2026-10-04T04:20:55.1931016Z 
2026-10-04T04:20:55.1931265Z running 99 tests
2026-10-04T04:20:55.1943246Z test audit_cli::tests::parses_tail_flags_and_ignores_positionals_after_first ... ok
2026-10-04T04:20:55.1947944Z test activity_cli::tests::invalid_get_and_status_budgets_match_usage_before_opening_database ... ok
2026-10-04T04:20:55.1949301Z test config_cli::tests::no_subcommand_matches_go_usage ... ok
2026-10-04T04:20:55.1952242Z test audit_cli::tests::formats_human_entry_like_go ... ok
2026-10-04T04:20:55.1954071Z test config_cli::tests::unknown_subcommand_matches_go_error ... ok
2026-10-04T04:20:55.1956765Z test doctor_cli::doctor_output::tests::ignored_fmt_failures_continue_at_the_next_whole_operation ... ok
2026-10-04T04:20:55.1958924Z test doctor_cli::tests::doctor_argument_parser_accepts_go_flag_forms ... ok
2026-10-04T04:20:55.1960877Z test doctor_cli::doctor_process::executable_name_tests::windows_lookup_follows_pathext_order_and_ignores_extensionless_files ... ok
2026-10-04T04:20:55.1963096Z test doctor_cli::tests::help_lists_the_force_release_flag ... ok
2026-10-04T04:20:55.1967077Z test doctor_cli::tests::secret_reference_classification_is_compatible_with_go ... ok
2026-10-04T04:20:55.1970529Z test doctor_cli::tests::json_harness_entries_match_go_basename_and_profile_rules ... ok
2026-10-04T04:20:55.1976606Z test doctor_cli::tests::toml_harness_entries_preserve_sorted_server_names ... ok
2026-10-04T04:20:55.1981020Z test health_probe::tests::latency_keeps_sub_millisecond_measurement_as_a_fraction ... ok
2026-10-04T04:20:55.1986868Z test doctor_cli::tests::valid_configuration_allows_native_repair_flag_forms ... ok
2026-10-04T04:20:55.1988192Z test health_probe::tests::sse_reply_parser_accepts_jsonrpc_data_and_ignores_other_events ... ok
2026-10-04T04:20:55.1989391Z test activity_cli::tests::db_override_is_used_by_each_activity_read_command ... ok
2026-10-04T04:20:55.1996119Z test health_probe::tests::stdio_argument_credential_guards_are_conservative ... ok
2026-10-04T04:20:55.2118634Z test health_probe::tests::streamable_http_rejects_malformed_and_error_replies_without_leaking_body ... ok
2026-10-04T04:20:55.2122262Z test health_probe::tests::unsupported_transports_and_credentials_never_get_probe_metadata ... ok
2026-10-04T04:20:55.2125325Z test init_cli::tests::help_flag_outputs_usage ... ok
2026-10-04T04:20:55.2128755Z test init_cli::tests::malformed_flag_preserves_go_diagnostic ... ok
2026-10-04T04:20:55.2134587Z test health_probe::tests::streamable_http_accepts_bounded_sse_rpc_replies ... ok
2026-10-04T04:20:55.2139128Z test health_probe::tests::streamable_http_negotiates_protocol_and_pings_with_session ... ok
2026-10-04T04:20:55.2140960Z test init_cli::tests::unknown_flag_fails_with_usage ... ok
2026-10-04T04:20:55.2143591Z test install_cli::tests::parser_accepts_all_install_flags ... ok
2026-10-04T04:20:55.2146551Z test init_cli::tests::mkdir_collision_reports_first_failing_ancestor ... ok
2026-10-04T04:20:55.2148252Z test install_cli::tests::foreign_symbrain_entry_is_not_removed ... ok
2026-10-04T04:20:55.2150530Z test managed_home::tests::lexical_clean_preserves_unix_bytes_and_relative_parents ... ok
2026-10-04T04:20:55.2152660Z test install_cli::tests::superseded_names_are_exact_basenames ... ok
2026-10-04T04:20:55.2155773Z test managed_home::tests::managed_join_keeps_drive_relative_and_unc_ownership ... ok
2026-10-04T04:20:55.2158357Z test managed_home::tests::lexical_windows_drive_unc_and_device_roots_follow_sdk ... ok
2026-10-04T04:20:55.2160746Z test mcp_cli::tests::configured_module_path_reads_server_override ... ok
2026-10-04T04:20:55.2162538Z test mcp_cli::tests::inline_flags_accept_both_dash_forms ... ok
2026-10-04T04:20:55.2165159Z test memory_cli::tests::json_output_escapes_what_the_shipped_encoder_escapes ... ok
2026-10-04T04:20:55.2166709Z test memory_cli::tests::hand_written_usage_shapes_stay_native ... ok
2026-10-04T04:20:55.2168835Z test mcp_cli::tests::url_only_foreign_server_matches_go_warning_and_is_skipped ... ok
2026-10-04T04:20:55.2169936Z test memory_cli::tests::memory_sync_with_arguments_stays_on_go ... ok
2026-10-04T04:20:55.2174058Z test memory_cli::tests::query_log_rejects_positionals_and_unknown_flags ... ok
2026-10-04T04:20:55.3168196Z test memory_cli::tests::query_log_json_matches_go_fixture ... ok
2026-10-04T04:20:55.3607811Z test memory_cli::tests::query_log_table_and_actor_filter_match_go_shape ... ok
2026-10-04T04:20:55.3613838Z test memory_cli::tests::search_flag_parser_rejects_unsupported_query_shapes ... ok
2026-10-04T04:20:55.3624983Z test memory_cli::tests::search_flags_consume_their_values ... ok
2026-10-04T04:20:55.3628140Z test memory_cli::tests::search_prints_the_shipped_usage_for_help ... ok
2026-10-04T04:20:55.3631091Z test memory_cli::tests::search_refuses_a_missing_query_with_the_shipped_message ... ok
2026-10-04T04:20:55.3635553Z test memory_cli::write_output::tests::injected_broken_pipe_does_not_terminate_the_library_caller ... ok
2026-10-04T04:20:55.3678275Z test memory_cli::tests::query_log_normalizes_schema_default_timestamp ... ok
2026-10-04T04:20:55.3691415Z test passthrough::tests::config_binary_path_is_read_from_nested_table ... ok
2026-10-04T04:20:55.3703624Z test passthrough::tests::empty_config_binary_path_is_not_an_override ... ok
2026-10-04T04:20:55.3712582Z test passthrough::tests::managed_binary_requires_regular_executable_file ... ok
2026-10-04T04:20:55.3730412Z test passthrough::tests::path_lookup_finds_binary_in_ordered_path_entry ... ok
2026-10-04T04:20:55.3733648Z test passthrough::tests::windows_path_extensions_match_go_defaults ... ok
2026-10-04T04:20:55.3736597Z test setup_cli::config::tests::go_parse_bool_spellings_and_empty_env_contract ... ok
2026-10-04T04:20:55.3744039Z test setup_cli::config::tests::optional_browse_selection_matches_go_default_and_explicit_values ... ok
2026-10-04T04:20:55.3745691Z test memory_cli::tests::query_log_table_sanitizes_multiline_query_text ... ok
2026-10-04T04:20:55.3752158Z test setup_cli::flags::tests::help_lists_the_retained_module_lifecycle_flags ... ok
2026-10-04T04:20:55.3756795Z test setup_cli::flags::tests::parse_flags_and_stop_at_first_positional_match_go_flagset ... ok
2026-10-04T04:20:55.3763446Z test setup_cli::config::tests::toml_false_does_not_clear_prior_true_like_configkit ... ok
2026-10-04T04:20:55.3764691Z test setup_cli::flags::tests::unknown_flag_has_go_usage_shape ... ok
2026-10-04T04:20:55.3775812Z test setup_cli::json_tests::setup_json_preserves_raw_bytes_and_escapes_ordinary_fields_once ... ok
2026-10-04T04:20:55.3777623Z test setup_cli::json_tests::setup_json_write_failure_remains_checked ... ok
2026-10-04T04:20:55.3795554Z test skills_cli::tests::explicit_target_status_is_native_only_for_absent_user_roots ... ok
2026-10-04T04:20:55.3797283Z test skills_cli::tests::list_fallback_uses_cached_typed_inventory_issues ... ok
2026-10-04T04:20:55.3800750Z test skills_cli::tests::sync_project_dir_matches_absolute_working_directory ... ok
2026-10-04T04:20:55.3802353Z test stdio_output::tests::embedded_raw_and_kind_only_pipe_errors_are_ordinary_errors ... ok
2026-10-04T04:20:55.3805441Z test sync_cli::tests::help_flag_prints_bare_usage_not_unknown_flag_rejection ... ok
2026-10-04T04:20:55.3806906Z test sync_cli::tests::unknown_flag_matches_go_flag_package_rejection ... ok
2026-10-04T04:20:55.3810695Z test tests::config_get_executes_in_process ... ok
2026-10-04T04:20:55.3812166Z test tests::config_get_extra_arg_rejected ... ok
2026-10-04T04:20:55.3816013Z test tests::config_get_normalizes_extra_flag ... ok
2026-10-04T04:20:55.3817140Z test tests::config_path_normalizes_unexpected_flags ... ok
2026-10-04T04:20:55.3820073Z test tests::config_path_prints_path ... ok
2026-10-04T04:20:55.3821752Z test tests::config_path_rejects_extra_argument ... ok
2026-10-04T04:20:55.3825340Z test tests::config_set_executes_in_process ... ok
2026-10-04T04:20:55.3827027Z test tests::config_terminator_before_get ... ok
2026-10-04T04:20:55.3830302Z test tests::config_terminator_before_set ... ok
2026-10-04T04:20:55.3831848Z test tests::fallback_executor_receives_unmigrated_commands_only ... ok
2026-10-04T04:20:55.3834835Z test tests::help_matches_frozen_usage ... ok
2026-10-04T04:20:55.3836301Z test tests::json_help_exits_usage_with_unknown_command ... ok
2026-10-04T04:20:55.3839884Z test tests::missing_command_prints_help_and_exits_usage ... ok
2026-10-04T04:20:55.3841572Z test tests::run_in_process_returns_none_for_unmigrated_commands ... ok
2026-10-04T04:20:55.3844914Z test tests::unknown_command_quotes_properly ... ok
2026-10-04T04:20:55.3849592Z test tests::unrelated_native_doctor_and_setup_invocations_do_not_fallback ... ok
2026-10-04T04:20:55.3850778Z test tests::version_bare_hyphen_treated_as_positional ... ok
2026-10-04T04:20:55.3854399Z test tests::version_help_flags_print_usage_only ... ok
2026-10-04T04:20:55.3855147Z test tests::version_json_keeps_schema ... ok
2026-10-04T04:20:55.3858233Z test tests::version_json_order_variants ... ok
2026-10-04T04:20:55.3859434Z test tests::version_rejects_unknown_flag ... ok
2026-10-04T04:20:55.3863138Z test tests::version_terminator_alone_succeeds ... ok
2026-10-04T04:20:55.3863931Z test tests::version_rejects_unknown_flag_with_value ... ok
2026-10-04T04:20:55.3867627Z test tests::version_terminator_with_extra_arg_rejected ... ok
2026-10-04T04:20:55.3868881Z test tests::version_terminator_with_flag_arg_rejected_as_positional ... ok
2026-10-04T04:20:55.3872412Z test tests::version_terminator_with_json_succeeds ... ok
2026-10-04T04:20:55.3873826Z test tests::version_unexpected_argument ... ok
2026-10-04T04:20:55.3876827Z test tests::version_version_exits_usage_with_unexpected_argument ... ok
2026-10-04T04:20:55.3880985Z test usage_cli::tests::help_is_native_without_resolving_credentials ... ok
2026-10-04T04:20:55.3885569Z test usage_cli::tests::table_matches_go_shape ... ok
2026-10-04T04:20:55.4045387Z test usage_cli::fetch_output_tests::usage_fetch_620_cli_json_and_table_match_go_bytes ... ok
2026-10-04T04:20:55.4644079Z test health_probe::tests::http_deadline_and_redirect_refusal_are_measured_and_redacted ... ok
2026-10-04T04:20:55.4808968Z test memory_cli::write_output::tests::output_failure_reports_error_after_committed_set ... ok
2026-10-04T04:20:55.4809433Z 
2026-10-04T04:20:55.4809757Z test result: ok. 99 passed; 0 failed; 0 ignored; 0 measured; 0 filtered out; finished in 0.29s
2026-10-04T04:20:55.4810137Z 
2026-10-04T04:20:55.4853085Z      Running unittests src\main.rs (target\debug\deps\symbrain-7d43f7a20e3ab46c.exe)
2026-10-04T04:20:55.4962178Z 
2026-10-04T04:20:55.4962615Z running 0 tests
2026-10-04T04:20:55.4963378Z 
2026-10-04T04:20:55.4963803Z test result: ok. 0 passed; 0 failed; 0 ignored; 0 measured; 0 filtered out; finished in 0.00s
2026-10-04T04:20:55.4964189Z 
2026-10-04T04:20:55.4979620Z      Running tests\activity_cli_oracle_tests.rs (target\debug\deps\activity_cli_oracle_tests-168c2d5458bbd0ab.exe)
2026-10-04T04:20:55.5091082Z 
2026-10-04T04:20:55.5091367Z running 1 test
2026-10-04T04:20:55.6861235Z test bounded_activity_reads_match_the_pinned_go_commands ... ok
2026-10-04T04:20:55.6861609Z 
2026-10-04T04:20:55.6861927Z test result: ok. 1 passed; 0 failed; 0 ignored; 0 measured; 0 filtered out; finished in 0.18s
2026-10-04T04:20:55.6862298Z 
2026-10-04T04:20:55.6882643Z      Running tests\activity_validation_tests.rs (target\debug\deps\activity_validation_tests-5df7daf4559748df.exe)
2026-10-04T04:20:55.6990103Z 
2026-10-04T04:20:55.6990564Z running 1 test
2026-10-04T04:20:59.0766491Z test activity_validation_matches_complete_go_process_fixture_without_fallback ... ok
2026-10-04T04:20:59.0767328Z 
2026-10-04T04:20:59.0767956Z test result: ok. 1 passed; 0 failed; 0 ignored; 0 measured; 0 filtered out; finished in 3.38s
2026-10-04T04:20:59.0768638Z 
2026-10-04T04:20:59.0787868Z      Running tests\cli_tree_tests.rs (target\debug\deps\cli_tree_tests-d4383d9d0ce628b3.exe)
2026-10-04T04:20:59.0892693Z 
2026-10-04T04:20:59.0893012Z running 4 tests
2026-10-04T04:20:59.0920553Z test tests::fixture_loads_and_has_correct_count ... ok
2026-10-04T04:20:59.0945575Z test tests::path_separator_normalization_is_confined_to_oracle_roots ... ok
2026-10-04T04:20:59.0960941Z test tests::temp_root_normalization_accepts_windows_short_path_aliases ... ok
2026-10-04T04:21:02.6286015Z test cli_tree_fixture_matches_native_binary ... ok
2026-10-04T04:21:02.6286427Z 
2026-10-04T04:21:02.6286735Z test result: ok. 4 passed; 0 failed; 0 ignored; 0 measured; 0 filtered out; finished in 3.54s
2026-10-04T04:21:02.6287139Z 
2026-10-04T04:21:02.6311873Z      Running tests\doctor_fix_native.rs (target\debug\deps\doctor_fix_native-85800ea774932e1e.exe)
2026-10-04T04:21:02.6423207Z 
2026-10-04T04:21:02.6423743Z running 2 tests
2026-10-04T04:21:02.6673952Z test missing_managed_home_fails_before_config_probes_or_publication ... ok
2026-10-04T04:21:57.6850535Z test doctor_repair_preserves_source_and_corruption_and_continues_failures ... ok
2026-10-04T04:21:57.6851337Z 
2026-10-04T04:21:57.6851900Z test result: ok. 2 passed; 0 failed; 0 ignored; 0 measured; 0 filtered out; finished in 55.04s
2026-10-04T04:21:57.6852567Z 
2026-10-04T04:21:57.6872320Z      Running tests\doctor_modules.rs (target\debug\deps\doctor_modules-95a3ad7b7a761a06.exe)
2026-10-04T04:21:57.6983662Z 
2026-10-04T04:21:57.6984096Z running 0 tests
2026-10-04T04:21:57.6984511Z 
2026-10-04T04:21:57.6985138Z test result: ok. 0 passed; 0 failed; 0 ignored; 0 measured; 0 filtered out; finished in 0.00s
2026-10-04T04:21:57.6985738Z 
2026-10-04T04:21:57.7003081Z      Running tests\doctor_native.rs (target\debug\deps\doctor_native-a3435180f429192b.exe)
2026-10-04T04:21:57.7116758Z 
2026-10-04T04:21:57.7117172Z running 0 tests
2026-10-04T04:21:57.7117600Z 
2026-10-04T04:21:57.7118458Z test result: ok. 0 passed; 0 failed; 0 ignored; 0 measured; 0 filtered out; finished in 0.00s
2026-10-04T04:21:57.7119326Z 
2026-10-04T04:21:57.7136698Z      Running tests\guard_decide_adapter.rs (target\debug\deps\guard_decide_adapter-ec5bcad505698c1d.exe)
2026-10-04T04:21:57.7245509Z 
2026-10-04T04:21:57.7246468Z running 4 tests
2026-10-04T04:21:57.7323271Z test production_route_reader_failure_is_one_audited_deny ... ok
2026-10-04T04:21:57.7324308Z test production_route_bounds_input_audits_and_writes_one_response ... ok
2026-10-04T04:21:57.7324851Z test production_route_oversize_input_is_fail_closed ... ok
2026-10-04T04:21:57.7339621Z test production_route_audit_failure_denies_and_output_failure_returns_one ... ok
2026-10-04T04:21:57.7340251Z 
2026-10-04T04:21:57.7340783Z test result: ok. 4 passed; 0 failed; 0 ignored; 0 measured; 0 filtered out; finished in 0.01s
2026-10-04T04:21:57.7341421Z 
2026-10-04T04:21:57.7360290Z      Running tests\guard_decide_raw_bytes.rs (target\debug\deps\guard_decide_raw_bytes-b709ff8051cc8d17.exe)
2026-10-04T04:21:57.7488657Z 
2026-10-04T04:21:57.7489072Z running 1 test
2026-10-04T04:21:57.7917399Z test production_binary_matches_frozen_raw_byte_responses_and_audits ... ok
2026-10-04T04:21:57.7918154Z 
2026-10-04T04:21:57.7918668Z test result: ok. 1 passed; 0 failed; 0 ignored; 0 measured; 0 filtered out; finished in 0.04s
2026-10-04T04:21:57.7919375Z 
2026-10-04T04:21:57.7938095Z      Running tests\guard_doctor_oracle_tests.rs (target\debug\deps\guard_doctor_oracle_tests-aa032c61c0880ec0.exe)
2026-10-04T04:21:57.8079030Z 
2026-10-04T04:21:57.8079691Z running 1 test
2026-10-04T04:21:58.0267376Z test every_oracle_case_matches_native_go_bytes ... ok
2026-10-04T04:21:58.0268643Z 
2026-10-04T04:21:58.0269245Z test result: ok. 1 passed; 0 failed; 0 ignored; 0 measured; 0 filtered out; finished in 0.22s
2026-10-04T04:21:58.0269921Z 
2026-10-04T04:21:58.0292121Z      Running tests\guard_grants_native.rs (target\debug\deps\guard_grants_native-be592f43b19a2c79.exe)
2026-10-04T04:21:58.0401121Z 
2026-10-04T04:21:58.0401510Z running 9 tests
2026-10-04T04:21:58.0430985Z test native_grants_keeps_go_malformed_diagnostic_for_oracle_case ... ok
2026-10-04T04:21:58.0444070Z test native_grants_formats_list_time_and_preserves_persisted_time_shape ... ok
2026-10-04T04:21:58.0448195Z test native_grants_does_not_rewrite_ephemeral_revoke ... ok
2026-10-04T04:21:58.0452703Z test native_grants_accepts_go_null_defaults_but_rejects_empty_timestamps ... ok
2026-10-04T04:21:58.0459497Z test native_grants_module_compiles_and_handles_empty_store ... ok
2026-10-04T04:21:58.0466885Z test native_grants_keeps_legacy_entries_revivable ... ok
2026-10-04T04:21:58.0473929Z test native_grants_opens_store_before_empty_id_usage ... ok
2026-10-04T04:21:58.0480626Z test native_grants_persist_uses_go_html_escaping ... ok
2026-10-04T04:21:58.0489709Z test native_grants_matches_order_and_revoke_shape ... ok
2026-10-04T04:21:58.0490236Z 
2026-10-04T04:21:58.0490708Z test result: ok. 9 passed; 0 failed; 0 ignored; 0 measured; 0 filtered out; finished in 0.01s
2026-10-04T04:21:58.0491432Z 
2026-10-04T04:21:58.0509406Z      Running tests\guard_oracle_grants.rs (target\debug\deps\guard_oracle_grants-9c369dae305993d9.exe)
2026-10-04T04:21:58.0618864Z 
2026-10-04T04:21:58.0619279Z running 1 test
2026-10-04T04:21:58.0763085Z test grants_cli_matches_go_oracle_bytes ... ok
2026-10-04T04:21:58.0763932Z 
2026-10-04T04:21:58.0764712Z test result: ok. 1 passed; 0 failed; 0 ignored; 0 measured; 0 filtered out; finished in 0.01s
2026-10-04T04:21:58.0765395Z 
2026-10-04T04:21:58.0784873Z      Running tests\harness_health_tests.rs (target\debug\deps\harness_health_tests-7a29fd3a7193e687.exe)
2026-10-04T04:21:58.0892247Z 
2026-10-04T04:21:58.0892698Z running 0 tests
2026-10-04T04:21:58.0893149Z 
2026-10-04T04:21:58.0893747Z test result: ok. 0 passed; 0 failed; 0 ignored; 0 measured; 0 filtered out; finished in 0.00s
2026-10-04T04:21:58.0894423Z 
2026-10-04T04:21:58.0911784Z      Running tests\harness_list_tests.rs (target\debug\deps\harness_list_tests-51388502127163a6.exe)
2026-10-04T04:21:58.1020832Z 
2026-10-04T04:21:58.1021298Z running 8 tests
2026-10-04T04:21:58.1285966Z test json_is_compact_and_preserves_inventory_schema ... ok
2026-10-04T04:21:58.1488214Z test invalid_and_extra_arguments_keep_go_exit_and_diagnostics ... ok
2026-10-04T04:21:58.1504786Z test malformed_json_inventory_is_native_without_go_fallback ... ok
2026-10-04T04:21:58.1519643Z test malformed_config_health_is_native_without_go_fallback ... ok
2026-10-04T04:21:58.1555092Z test missing_command_health_reports_redacted_error_without_go_fallback ... ok
2026-10-04T04:21:58.1713904Z test table_matches_go_layout_for_populated_and_missing_configs ... ok
2026-10-04T04:21:58.1740816Z test table_reports_parsed_global_and_project_configs ... ok
2026-10-04T04:21:58.1854567Z test successful_health_probe_is_native_without_go_fallback ... ok
2026-10-04T04:21:58.1855217Z 
2026-10-04T04:21:58.1856407Z test result: ok. 8 passed; 0 failed; 0 ignored; 0 measured; 0 filtered out; finished in 0.08s
2026-10-04T04:21:58.1857124Z 
2026-10-04T04:21:58.1876077Z      Running tests\init_cli_tests.rs (target\debug\deps\init_cli_tests-42c29a961a9cafbd.exe)
2026-10-04T04:21:58.1985323Z 
2026-10-04T04:21:58.1985808Z running 7 tests
2026-10-04T04:21:58.2199287Z test missing_home_fails_with_expected_error ... ok
2026-10-04T04:21:58.2266427Z test fresh_init_creates_files_and_dirs_with_proper_modes ... ok
2026-10-04T04:21:58.2399037Z test custom_xdg_environment_variables_honored ... ok
2026-10-04T04:21:58.2551102Z test native_success_with_nonexistent_symbrain_go_binary ... ok
2026-10-04T04:21:58.2572059Z test init_help_and_unknown_flags_via_subprocess ... ok
2026-10-04T04:21:58.2788427Z test rerun_skips_existing_files_and_preserves_user_edits ... ok
2026-10-04T04:21:58.2903510Z test positionals_and_terminators_are_accepted ... ok
2026-10-04T04:21:58.2904033Z 
2026-10-04T04:21:58.2904518Z test result: ok. 7 passed; 0 failed; 0 ignored; 0 measured; 0 filtered out; finished in 0.09s
2026-10-04T04:21:58.2905136Z 
2026-10-04T04:21:58.2926106Z      Running tests\install_oracle_tests.rs (target\debug\deps\install_oracle_tests-026ae2e65c2d6ce3.exe)
2026-10-04T04:21:58.3047774Z 
2026-10-04T04:21:58.3048285Z running 2 tests
2026-10-04T04:21:58.3287309Z test install_oracle_comparison_rejects_intentional_mutation ... ok
2026-10-04T04:21:58.6522564Z test install_oracle_fixture_is_consumed_by_the_native_rust_cli ... ok
2026-10-04T04:21:58.6523154Z 
2026-10-04T04:21:58.6523642Z test result: ok. 2 passed; 0 failed; 0 ignored; 0 measured; 0 filtered out; finished in 0.35s
2026-10-04T04:21:58.6524251Z 
2026-10-04T04:21:58.6543893Z      Running tests\mcp_cli_tests.rs (target\debug\deps\mcp_cli_tests-bbc1b2836ac0e211.exe)
2026-10-04T04:21:58.6686057Z 
2026-10-04T04:21:58.6686844Z running 18 tests
2026-10-04T04:21:58.7124960Z test claude_oauth_file_routes_usage_to_native_parser_without_keychain_or_provider_request ... ok
2026-10-04T04:21:58.7502491Z test codex_default_file_env_and_home_override_routes_are_native ... ok
2026-10-04T04:21:58.7667018Z test differing_home_and_userprofile_keep_the_whole_usage_report_on_go ... ok
2026-10-04T04:21:58.7831489Z test direct_claude_oauth_routes_usage_to_native_parser_without_provider_request ... ok
2026-10-04T04:21:58.8141837Z test enabled_skills_server_exposes_native_tools_without_go_fallback ... ok
2026-10-04T04:21:58.9262876Z test kimi_and_nous_supported_home_overrides_route_natively_only_for_proven_files ... ok
2026-10-04T04:21:58.9861223Z test copilot_single_default_file_routes_natively_and_unproven_shapes_keep_go ... ok
2026-10-04T04:21:59.0107977Z test deprecated_serve_alias_is_native_and_warns_only_on_stderr ... ok
2026-10-04T04:21:59.0465814Z test command_factory_hermetically_isolates_environment_from_outer_xdg_and_provider_keys ... ok
2026-10-04T04:21:59.0686959Z test mcp_profile_errors_and_unknown_flags_do_not_fallback ... ok
2026-10-04T04:21:59.0882080Z test kimi_default_file_routes_follow_the_source_bound_candidate_contract ... ok
2026-10-04T04:21:59.1692971Z test mcp_profile_flag_loads_xdg_profile_directory ... ok
2026-10-04T04:21:59.2014027Z test mcp_subprocess_runs_native_initialize_list_call_and_silent_notification ... ok
2026-10-04T04:21:59.2227944Z test supported_provider_combination_routes_before_any_live_request ... ok
2026-10-04T04:21:59.2242637Z test noncanonical_or_ambiguous_claude_files_remain_on_go ... ok
2026-10-04T04:21:59.2414942Z test native_mcp_audit_creates_redacted_jsonl_without_stdout_pollution ... ok
2026-10-04T04:21:59.2510215Z test usage_subprocess_lists_and_calls_native_tool_without_go_fallback ... ok
2026-10-04T04:21:59.5145296Z test nous_auth_file_presence_keeps_unproven_shapes_on_go ... ok
2026-10-04T04:21:59.5145869Z 
2026-10-04T04:21:59.5146913Z test result: ok. 18 passed; 0 failed; 0 ignored; 0 measured; 0 filtered out; finished in 0.85s
2026-10-04T04:21:59.5149107Z 
2026-10-04T04:21:59.5167723Z      Running tests\memory_set_sigpipe.rs (target\debug\deps\memory_set_sigpipe-3906454176023c70.exe)
2026-10-04T04:21:59.5272226Z 
2026-10-04T04:21:59.5272664Z running 0 tests
2026-10-04T04:21:59.5273243Z 
2026-10-04T04:21:59.5273933Z test result: ok. 0 passed; 0 failed; 0 ignored; 0 measured; 0 filtered out; finished in 0.00s
2026-10-04T04:21:59.5274834Z 
2026-10-04T04:21:59.5290667Z      Running tests\profile_cli_tests.rs (target\debug\deps\profile_cli_tests-c40550cd5b360424.exe)
2026-10-04T04:21:59.5395197Z 
2026-10-04T04:21:59.5396036Z running 12 tests
2026-10-04T04:21:59.5680497Z test add_uses_restricted_template_by_default_and_secure_modes ... ok
2026-10-04T04:21:59.5766389Z test remove_aborts_on_oversized_confirmation_input ... ok
2026-10-04T04:21:59.5863617Z test list_json_has_canonical_core_order_and_partial_errors ... ok
2026-10-04T04:21:59.5892478Z test add_personal_flag_after_name_and_show_json_are_native ... ok
2026-10-04T04:21:59.5947886Z test remove_deletes_file_symlink_without_following ... ok
2026-10-04T04:21:59.5991271Z test remove_oracle_fixture_records_source_provenance ... ok
2026-10-04T04:21:59.6048458Z test remove_fails_closed_for_symlink_harness_config ... ok
2026-10-04T04:21:59.6124895Z test remove_is_native_and_force_deletes_profile ... ok
2026-10-04T04:21:59.6393150Z test remove_rejects_symlinked_profiles_root_without_touching_target ... ok
2026-10-04T04:21:59.6440507Z test remove_keeps_relative_project_display_and_rejects_symlink_project_root ... ok
2026-10-04T04:21:59.6527667Z test remove_refuses_global_and_project_bindings_without_side_effects ... ok
2026-10-04T04:21:59.6647016Z test remove_prompt_matches_go_for_yes_no_and_eof ... ok
2026-10-04T04:21:59.6648119Z 
2026-10-04T04:21:59.6648625Z test result: ok. 12 passed; 0 failed; 0 ignored; 0 measured; 0 filtered out; finished in 0.13s
2026-10-04T04:21:59.6649267Z 
2026-10-04T04:21:59.6667133Z      Running tests\setup_fix_native.rs (target\debug\deps\setup_fix_native-27d23396bce5a80e.exe)
2026-10-04T04:21:59.6786738Z 
2026-10-04T04:21:59.6787195Z running 0 tests
2026-10-04T04:21:59.6787775Z 
2026-10-04T04:21:59.6788267Z test result: ok. 0 passed; 0 failed; 0 ignored; 0 measured; 0 filtered out; finished in 0.00s
2026-10-04T04:21:59.6788839Z 
2026-10-04T04:21:59.6805448Z      Running tests\setup_repair_native.rs (target\debug\deps\setup_repair_native-2e963b2518fcc284.exe)
2026-10-04T04:21:59.6918371Z 
2026-10-04T04:21:59.6918751Z running 1 test
2026-10-04T04:22:00.0684777Z test source_installs_are_preserved_without_a_go_binary_or_release_host ... ok
2026-10-04T04:22:00.0685224Z 
2026-10-04T04:22:00.0685714Z test result: ok. 1 passed; 0 failed; 0 ignored; 0 measured; 0 filtered out; finished in 0.38s
2026-10-04T04:22:00.0686385Z 
2026-10-04T04:22:00.0709165Z      Running tests\skills_doctor_native.rs (target\debug\deps\skills_doctor_native-d2e206266b7cb0dc.exe)
2026-10-04T04:22:00.0849772Z 
2026-10-04T04:22:00.0850488Z running 0 tests
2026-10-04T04:22:00.0850961Z 
2026-10-04T04:22:00.0852232Z test result: ok. 0 passed; 0 failed; 0 ignored; 0 measured; 0 filtered out; finished in 0.00s
2026-10-04T04:22:00.0853638Z 
2026-10-04T04:22:00.0875369Z      Running tests\skills_list_native.rs (target\debug\deps\skills_list_native-e27ffdf92a8510f4.exe)
2026-10-04T04:22:00.1013435Z 
2026-10-04T04:22:00.1014212Z running 9 tests
2026-10-04T04:22:00.1288315Z test empty_library_table_matches_go_bytes ... ok
2026-10-04T04:22:00.1315419Z test empty_library_json_matches_go_bytes ... ok
2026-10-04T04:22:00.1408158Z test category_variants_collapse_to_one_spelling ... ok
2026-10-04T04:22:00.1539524Z test empty_library_with_extra_flag_keeps_go_fallback ... ok
2026-10-04T04:22:00.1545277Z test classified_input_rejection_never_uses_go_even_with_an_override ... ok
2026-10-04T04:22:00.1580175Z test marker_install_and_access_time_fill_the_record ... ok
2026-10-04T04:22:00.1666781Z test populated_library_is_reported_natively ... ok
2026-10-04T04:22:00.1712398Z test sync_dry_run_json_matches_go_bytes ... ok
2026-10-04T04:22:00.2318571Z test unloadable_library_entry_keeps_go_fallback ... ok
2026-10-04T04:22:00.2318898Z 
2026-10-04T04:22:00.2319179Z test result: ok. 9 passed; 0 failed; 0 ignored; 0 measured; 0 filtered out; finished in 0.13s
2026-10-04T04:22:00.2319524Z 
2026-10-04T04:22:00.2343687Z      Running tests\skills_log_native.rs (target\debug\deps\skills_log_native-efae3da36162e21c.exe)
2026-10-04T04:22:00.2463039Z 
2026-10-04T04:22:00.2463664Z running 0 tests
2026-10-04T04:22:00.2463961Z 
2026-10-04T04:22:00.2464563Z test result: ok. 0 passed; 0 failed; 0 ignored; 0 measured; 0 filtered out; finished in 0.00s
2026-10-04T04:22:00.2465195Z 
2026-10-04T04:22:00.2482235Z      Running tests\skills_status_opencode_tests.rs (target\debug\deps\skills_status_opencode_tests-65372e5bf668759a.exe)
2026-10-04T04:22:00.2591973Z 
2026-10-04T04:22:00.2593126Z running 16 tests
2026-10-04T04:22:00.2834955Z test default_user_status_empty_json_matches_go_bytes ... ok
2026-10-04T04:22:00.2845741Z test default_user_status_empty_table_matches_go_bytes ... ok
2026-10-04T04:22:00.2868068Z test default_status_with_dynamic_target_state_keeps_go_fallback ... ok
2026-10-04T04:22:00.2883433Z test configured_status_keeps_go_fallback ... ok
2026-10-04T04:22:00.3087331Z test legacy_go_config_wins_when_new_skills_config_dir_exists ... ok
2026-10-04T04:22:00.3158901Z test opencode_project_status_ignores_the_user_root ... ok
2026-10-04T04:22:00.3159729Z test opencode_project_status_matches_go_bytes ... ok
2026-10-04T04:22:00.3312018Z test opencode_project_status_no_scope_flag_defaults_to_user ... ok
2026-10-04T04:22:00.3340600Z test opencode_user_status_empty_table_matches_go_bytes ... ok
2026-10-04T04:22:00.3388935Z test opencode_user_status_empty_json_matches_go_bytes ... ok
2026-10-04T04:22:00.3562330Z test opencode_user_status_json_escapes_html_like_go ... ok
2026-10-04T04:22:00.3582787Z test opencode_user_status_managed_marker_row_matches_go_bytes ... ok
2026-10-04T04:22:00.3786129Z test symskills_config_override_keeps_go_fallback ... ok
2026-10-04T04:22:00.3820420Z test empty_explicit_user_roots_are_native ... ok
2026-10-04T04:22:00.3827128Z test opencode_user_status_populated_table_matches_go_bytes ... ok
2026-10-04T04:22:00.4116981Z test opencode_user_status_marker_states_keep_go_fallback ... ok
2026-10-04T04:22:00.4117307Z 
2026-10-04T04:22:00.4117584Z test result: ok. 16 passed; 0 failed; 0 ignored; 0 measured; 0 filtered out; finished in 0.15s
2026-10-04T04:22:00.4117936Z 
2026-10-04T04:22:00.4137510Z      Running tests\skills_sync_legacy_roots.rs (target\debug\deps\skills_sync_legacy_roots-d80b1c9db8d24f28.exe)
2026-10-04T04:22:00.4240709Z 
2026-10-04T04:22:00.4241391Z running 1 test
2026-10-04T04:22:00.4455673Z test native_sync_plan_uses_the_platform_home_when_home_variables_disagree ... ok
2026-10-04T04:22:00.4456260Z 
2026-10-04T04:22:00.4457096Z test result: ok. 1 passed; 0 failed; 0 ignored; 0 measured; 0 filtered out; finished in 0.02s
2026-10-04T04:22:00.4457735Z 
2026-10-04T04:22:00.4475285Z      Running tests\skills_targets_native.rs (target\debug\deps\skills_targets_native-cd14e5eee80769e2.exe)
2026-10-04T04:22:00.4580565Z 
2026-10-04T04:22:00.4581051Z running 6 tests
2026-10-04T04:22:00.4790640Z test config_file_targets_variant_keeps_go_fallback_before_output ... ok
2026-10-04T04:22:00.4837899Z test target_binary_is_reported_as_evidence_natively ... ok
2026-10-04T04:22:00.4858375Z test managed_and_unmanaged_skill_roots_are_classified_natively ... ok
2026-10-04T04:22:00.4983981Z test user_targets_json_is_compact_and_has_go_schema ... ok
2026-10-04T04:22:00.5025557Z test user_targets_table_matches_go_bytes_for_empty_sandbox ... ok
2026-10-04T04:22:00.5222217Z test scope_flag_is_native_but_config_stays_on_go ... ok
2026-10-04T04:22:00.5222748Z 
2026-10-04T04:22:00.5223807Z test result: ok. 6 passed; 0 failed; 0 ignored; 0 measured; 0 filtered out; finished in 0.06s
2026-10-04T04:22:00.5224470Z 
2026-10-04T04:22:00.5244490Z      Running tests\sync_native.rs (target\debug\deps\sync_native-c50e0983f5a5b9b7.exe)
2026-10-04T04:22:00.5358507Z 
2026-10-04T04:22:00.5358901Z running 4 tests
2026-10-04T04:22:00.5617924Z test skill_target_harness_syncs_natively_without_a_go_binary ... ok
2026-10-04T04:22:00.5619030Z test project_override_syncs_natively_without_a_go_binary ... ok
2026-10-04T04:22:00.5677328Z test instruction_only_target_is_native_and_matches_sync_schema ... ok
2026-10-04T04:22:00.5749572Z test instruction_target_error_fails_sync_after_reporting_all_statuses ... ok
2026-10-04T04:22:00.5750382Z 
2026-10-04T04:22:00.5750856Z test result: ok. 4 passed; 0 failed; 0 ignored; 0 measured; 0 filtered out; finished in 0.04s
2026-10-04T04:22:00.5751495Z 
2026-10-04T04:22:00.5769333Z      Running tests\vault_admin_native.rs (target\debug\deps\vault_admin_native-81a0e03110300bfb.exe)
2026-10-04T04:22:00.5917186Z 
2026-10-04T04:22:00.5917717Z running 2 tests
2026-10-04T04:22:00.5925189Z test vault_validation_stays_native_with_a_fallback_executor ... ok
2026-10-04T04:22:05.0889979Z test vault_administration_matches_real_go_process_contracts ... ok
2026-10-04T04:22:05.0890888Z 
2026-10-04T04:22:05.0891370Z test result: ok. 2 passed; 0 failed; 0 ignored; 0 measured; 0 filtered out; finished in 4.50s
2026-10-04T04:22:05.0892026Z 
2026-10-04T04:22:05.0918378Z      Running unittests src\lib.rs (target\debug\deps\symbrain_core-44d54d04346742ab.exe)
2026-10-04T04:22:05.1035717Z 
2026-10-04T04:22:05.1036222Z running 101 tests
2026-10-04T04:22:05.4280118Z test config::atomic::tests::rename_with_retry_exhausts_ten_attempts ... ok
2026-10-04T04:22:05.4281271Z test config::atomic::tests::rename_with_retry_handles_windows_sharing_violation ... ok
2026-10-04T04:22:05.4283963Z test config::atomic::tests::rename_with_retry_succeeds_immediately ... ok
2026-10-04T04:22:05.4286204Z test config::atomic::tests::rename_with_retry_recovers_after_transient_failures ... ok
2026-10-04T04:22:05.4290450Z test config::atomic::tests::windows_errors_match_go_path_error_text ... ok
2026-10-04T04:22:05.4291699Z test config::atomic::tests::atomic_write_handles_relative_path_without_parent ... ok
2026-10-04T04:22:05.4293858Z test config::format::tests::format_go_datetime_matches_burnt_sushi_berlin_variants ... ok
2026-10-04T04:22:05.4295811Z test config::atomic::tests::atomic_write_creates_and_replaces_file ... ok
2026-10-04T04:22:05.4298080Z test config::get::tests::get_extra_arguments_rejected ... ok
2026-10-04T04:22:05.4299237Z test config::format::tests::format_go_datetime_matches_burnt_sushi_utc_variants ... ok
2026-10-04T04:22:05.4300937Z test config::get::tests::get_key_from_missing_file_exits_usage_with_not_set_message ... ok
2026-10-04T04:22:05.4302646Z test config::get::tests::get_key_malformed_toml_exits_generic_with_parse_error ... ok
2026-10-04T04:22:05.4304232Z test config::get::tests::get_missing_file_prints_note_to_stdout_and_exits_zero ... ok
2026-10-04T04:22:05.4305627Z test config::get::tests::get_key_missing_in_file_exits_usage ... ok
2026-10-04T04:22:05.4306462Z test config::get::tests::get_whole_file_preserves_comments_and_exact_bytes ... ok
2026-10-04T04:22:05.4307385Z test config::lossless::tests::distinct_encoding_for_pua_and_raw_byte ... ok
2026-10-04T04:22:05.4308316Z test config::get::tests::get_whole_file_succeeds_even_if_toml_malformed ... ok
2026-10-04T04:22:05.4308825Z test config::lossless::tests::roundtrip_arbitrary_invalid_bytes ... ok
2026-10-04T04:22:05.4310910Z test config::lossless::tests::roundtrip_all_single_bytes ... ok
2026-10-04T04:22:05.4312329Z test config::lossless::tests::roundtrip_literal_pua_and_sentinels ... ok
2026-10-04T04:22:05.4313281Z test config::lossless::tests::roundtrip_mixing_literal_pua_and_raw_bytes ... ok
2026-10-04T04:22:05.4314162Z test config::lossless::tests::roundtrip_valid_ascii_and_unicode ... ok
2026-10-04T04:22:05.4315111Z test config::get::tests::get_key_formats_primitives_lists_and_tables_identically_to_go ... ok
2026-10-04T04:22:05.4318843Z test config::format::tests::get_key_formats_floats_including_neg_zero_infinities_nan_and_scientific_boundaries ... ok
2026-10-04T04:22:05.4320963Z test config::set::fixtures_tests::datetime_preservation_subseconds_and_tz ... ok
2026-10-04T04:22:05.4322241Z test config::set::fixtures_tests::deeply_nested_mixed_inline_tables ... ok
2026-10-04T04:22:05.4324066Z test config::set::fixtures_tests::float_encoding_conventions_in_existing_tables ... ok
2026-10-04T04:22:05.4325781Z test config::set::fixtures_tests::preserve_arrays_datetime_quoted_keys_and_arrays_of_tables ... ok
2026-10-04T04:22:05.4327317Z test config::set::flag_alias_tests::set_accepts_go_single_dash_safeguard_flags ... ok
2026-10-04T04:22:05.4328773Z test config::set::fixtures_tests::recursively_flatten_nested_inline_tables ... ok
2026-10-04T04:22:05.4330572Z test config::set::tests::set_handles_relative_path_without_parent ... ok
2026-10-04T04:22:05.4332240Z test config::set::fixtures_tests::mutate_and_flatten_existing_inline_tables ... ok
2026-10-04T04:22:05.4334804Z test config::set::tests::set_creates_nested_tables_and_matches_burnt_sushi_ordering ... ok
2026-10-04T04:22:05.4337895Z test config::set::tests::set_preview_is_non_mutating_and_does_not_reveal_value ... ok
2026-10-04T04:22:05.4340364Z test config::set::tests::set_rejects_intermediate_scalar_without_writing ... ok
2026-10-04T04:22:05.4341783Z test config::set::tests::set_requires_exactly_two_arguments_and_nonempty_key ... ok
2026-10-04T04:22:05.4344032Z test exit::tests::exit_code_constants_match_symaira_specification ... ok
2026-10-04T04:22:05.4346550Z test go_text::tests::json_escapes_html_javascript_and_controls_without_replacing_valid_text ... ok
2026-10-04T04:22:05.4348576Z test go_text::tests::malformed_bytes_and_literal_replacement_character_remain_distinct ... ok
2026-10-04T04:22:05.4350071Z test output::tests::extract_accepts_all_flag_variants ... ok
2026-10-04T04:22:05.4351231Z test output::tests::extract_accepts_duplicate_identical_flags ... ok
2026-10-04T04:22:05.4353497Z test output::tests::extract_accepts_flag_after_double_dash ... ok
2026-10-04T04:22:05.4355342Z test output::tests::extract_accepts_global_flags_anywhere ... ok
2026-10-04T04:22:05.4356127Z test output::tests::extract_defaults_to_table_without_flags ... ok
2026-10-04T04:22:05.4356866Z test output::tests::extract_rejects_conflicting_formats ... ok
2026-10-04T04:22:05.4357665Z test output::tests::missing_output_value_error_normalizes_to_double_dash ... ok
2026-10-04T04:22:05.4358505Z test output::tests::parse_accepts_empty_and_table_formats ... ok
2026-10-04T04:22:05.4358989Z test output::tests::parse_accepts_json_formats ... ok
2026-10-04T04:22:05.4359368Z test output::tests::parse_rejects_unknown_formats ... ok
2026-10-04T04:22:05.4359764Z test output::tests::render_helper_formats_json_and_table ... ok
2026-10-04T04:22:05.4360214Z test output::tests::render_json_escapes_html_like_go ... ok
2026-10-04T04:22:05.4360783Z test output::tests::render_json_preserves_values_and_appends_newline ... ok
2026-10-04T04:22:05.4361580Z test output::tests::render_table_uses_table_function ... ok
2026-10-04T04:22:05.4362379Z test config::set::tests::set_rewrites_comments_and_preserves_existing_values ... ok
2026-10-04T04:22:05.4363298Z test config::set::tests::set_infers_go_bool_and_int64_spellings_then_string ... ok
2026-10-04T04:22:05.4364553Z test config::set::tests::set_writes_backup_and_preserves_original_when_backup_fails ... ok
2026-10-04T04:22:05.4365481Z test output::tests::resolve_defaults_to_table_and_recognizes_json ... ok
2026-10-04T04:22:05.4366297Z test paths::tests::resolve_location_defaults_to_current_namespace ... ok
2026-10-04T04:22:05.4367200Z test paths::tests::resolve_location_falls_back_to_legacy_when_only_legacy_exists ... ok
2026-10-04T04:22:05.4368141Z test paths::tests::live_component_paths_resolve_when_home_is_present ... ok
2026-10-04T04:22:05.4369184Z test paths::tests::resolve_location_honors_absolute_xdg_env ... ok
2026-10-04T04:22:05.4369944Z test paths::tests::resolve_location_ignores_relative_xdg_env ... ok
2026-10-04T04:22:05.4370655Z test paths::tests::resolve_location_memory_data_dir ... ok
2026-10-04T04:22:05.4371412Z test paths::tests::resolve_location_prefers_current_when_both_exist ... ok
2026-10-04T04:22:05.4372276Z test paths::tests::resolve_location_returns_none_when_no_base_or_home ... ok
2026-10-04T04:22:05.4373042Z test paths::tests::resolve_location_skills_cache_dir ... ok
2026-10-04T04:22:05.4391651Z test paths::tests::resolve_location_skills_cache_legacy_fallback ... ok
2026-10-04T04:22:05.4392533Z test paths::tests::resolve_location_skills_config_dir ... ok
2026-10-04T04:22:05.4393218Z test paths::tests::resolve_location_skills_data_dir ... ok
2026-10-04T04:22:05.4393980Z test paths::tests::resolve_location_skills_config_legacy_fallback ... ok
2026-10-04T04:22:05.4395058Z test version::tests::current_platform_non_empty ... ok
2026-10-04T04:22:05.4395688Z test version::tests::platform_mapping_arch ... ok
2026-10-04T04:22:05.4396055Z test version::tests::platform_mapping_os ... ok
2026-10-04T04:22:05.4396406Z test version::tests::platform_pair_formatting ... ok
2026-10-04T04:22:05.4396774Z test version::tests::version_info_json_roundtrip ... ok
2026-10-04T04:22:05.4397202Z test version::tests::version_info_json_serialization_matches_schema ... ok
2026-10-04T04:22:05.4397625Z test version::tests::version_info_with_schema ... ok
2026-10-04T04:22:05.4398106Z test version::tests::version_info_sets_correct_fields ... ok
2026-10-04T04:22:05.4398772Z test xdg::tests::audit_dir_sits_under_data_dir ... ok
2026-10-04T04:22:05.4399463Z test xdg::tests::cache_dir_accepts_relative_xdg_cache_home ... ok
2026-10-04T04:22:05.4400150Z test xdg::tests::cache_dir_honors_env_and_falls_back_to_home ... ok
2026-10-04T04:22:05.4400899Z test xdg::tests::config_dir_is_parent_of_config_path ... ok
2026-10-04T04:22:05.4401693Z test xdg::tests::config_path_falls_back_to_default_when_both_missing ... ok
2026-10-04T04:22:05.4402634Z test xdg::tests::config_path_falls_back_to_home_when_xdg_empty ... ok
2026-10-04T04:22:05.4403088Z test xdg::tests::config_path_falls_back_to_home_when_xdg_unset ... ok
2026-10-04T04:22:05.4403516Z test xdg::tests::config_path_honors_absolute_xdg_config_home ... ok
2026-10-04T04:22:05.4403938Z test xdg::tests::config_path_ignores_relative_xdg_config_home ... ok
2026-10-04T04:22:05.4404966Z test xdg::tests::data_dir_accepts_relative_xdg_data_home ... ok
2026-10-04T04:22:05.4405723Z test xdg::tests::data_dir_honors_env_and_falls_back_to_home ... ok
2026-10-04T04:22:05.4406408Z test xdg::tests::home_dir_empty_returns_none ... ok
2026-10-04T04:22:05.4407148Z test xdg::tests::home_dir_unix_ignores_userprofile_and_homedrive ... ok
2026-10-04T04:22:05.4407631Z test xdg::tests::home_dir_unix_uses_home_only ... ok
2026-10-04T04:22:05.4408055Z test xdg::tests::home_dir_windows_falls_back_to_homedrive_and_homepath ... ok
2026-10-04T04:22:05.4408478Z test xdg::tests::home_dir_windows_ignores_home ... ok
2026-10-04T04:22:05.4408922Z test xdg::tests::home_dir_windows_partial_homedrive_or_homepath_returns_none ... ok
2026-10-04T04:22:05.4409391Z test xdg::tests::home_dir_windows_uses_userprofile_first ... ok
2026-10-04T04:22:05.4409771Z test xdg::tests::live_config_path_always_resolves ... ok
2026-10-04T04:22:05.4410203Z test xdg::tests::managed_bin_dir_sits_under_home ... ok
2026-10-04T04:22:05.4410889Z test xdg::tests::live_env_resolves_when_home_is_present ... ok
2026-10-04T04:22:05.4411642Z test xdg::tests::patterns_dir_sits_under_data_dir_as_recipes ... ok
2026-10-04T04:22:05.4412782Z      Running tests\xdg_paths_tests.rs (target\debug\deps\xdg_paths_tests-86bd37e7061b8c25.exe)
2026-10-04T04:22:05.4413304Z test xdg::tests::profiles_dir_sits_under_config_dir ... ok
2026-10-04T04:22:05.4413540Z 
2026-10-04T04:22:05.4413820Z test result: ok. 101 passed; 0 failed; 0 ignored; 0 measured; 0 filtered out; finished in 0.33s
2026-10-04T04:22:05.4414153Z 
2026-10-04T04:22:05.4497304Z 
2026-10-04T04:22:05.4497733Z running 1 test
2026-10-04T04:22:05.4648943Z test xdg_paths_match_go_oracle ... ok
2026-10-04T04:22:05.4649256Z 
2026-10-04T04:22:05.4649548Z test result: ok. 1 passed; 0 failed; 0 ignored; 0 measured; 0 filtered out; finished in 0.02s
2026-10-04T04:22:05.4650066Z 
2026-10-04T04:22:05.4670907Z      Running unittests src\lib.rs (target\debug\deps\symbrain_gateway-6a9711b1e0747772.exe)
2026-10-04T04:22:05.4784643Z 
2026-10-04T04:22:05.4785105Z running 3 tests
2026-10-04T04:22:05.4793644Z test audit::tests::usage_audit_status_distinguishes_success_partial_and_cancelled ... ok
2026-10-04T04:22:05.4794852Z test response::tests::success_response_never_swallows_serialization_errors ... ok
2026-10-04T04:22:05.5149868Z test embedded::skills::skills_status::tests::target_status_matches_harness_inventory_semantics ... ok
2026-10-04T04:22:05.5150706Z 
2026-10-04T04:22:05.5150978Z test result: ok. 3 passed; 0 failed; 0 ignored; 0 measured; 0 filtered out; finished in 0.04s
2026-10-04T04:22:05.5151327Z 
2026-10-04T04:22:05.5172463Z      Running tests\gateway_tests.rs (target\debug\deps\gateway_tests-3faf6c0301cffb8e.exe)
2026-10-04T04:22:05.5310323Z 
2026-10-04T04:22:05.5310650Z running 9 tests
2026-10-04T04:22:05.5340574Z test identity_injection_covers_missing_unmapped_and_disabled_calls ... ok
2026-10-04T04:22:05.5352562Z test optional_modules_default_disabled_without_public_registration ... ok
2026-10-04T04:22:05.5354166Z test memory_identity_injection_is_caller_wins ... ok
2026-10-04T04:22:05.5362811Z test optional_modules_enabled_without_allowlist_remain_private ... ok
2026-10-04T04:22:05.5368705Z test optional_modules_public_handlers_bound_tools_and_deny_unknown_calls ... ok
2026-10-04T04:22:05.5369638Z test routing_joins_all_content_and_classifies_broker_failures ... ok
2026-10-04T04:22:05.5377318Z test writer_loop_preserves_framed_gateway_responses ... ok
2026-10-04T04:22:05.5438798Z test fixture_is_the_complete_gateway_black_box_contract ... ok
2026-10-04T04:22:16.8612995Z test in_flight_tools_call_cancellation_matches_go_oracle ... ok
2026-10-04T04:22:16.8613382Z 
2026-10-04T04:22:16.8613666Z test result: ok. 9 passed; 0 failed; 0 ignored; 0 measured; 0 filtered out; finished in 11.33s
2026-10-04T04:22:16.8614011Z 
2026-10-04T04:22:16.8639196Z      Running tests\usage_tests.rs (target\debug\deps\usage_tests-61f1f64105dd0cda.exe)
2026-10-04T04:22:16.8779324Z 
2026-10-04T04:22:16.8779633Z running 3 tests
2026-10-04T04:22:16.8821255Z test usage_tools_deny_hides_native_tool_and_returns_method_not_found ... ok
2026-10-04T04:22:16.8929121Z test usage_is_one_policy_filtered_native_tool_and_dispatches_without_identity ... ok
2026-10-04T04:22:46.8885652Z test usage_handler_deadline_cancels_active_provider_and_skips_later_batches ... ok
2026-10-04T04:22:46.8886124Z 
2026-10-04T04:22:46.8886486Z test result: ok. 3 passed; 0 failed; 0 ignored; 0 measured; 0 filtered out; finished in 30.01s
2026-10-04T04:22:46.8886913Z 
2026-10-04T04:22:46.8913066Z      Running unittests src\lib.rs (target\debug\deps\symbrain_guard_core-3351a03c6868aeb6.exe)
2026-10-04T04:22:46.9023488Z 
2026-10-04T04:22:46.9023741Z running 18 tests
2026-10-04T04:22:46.9031557Z test external_decision::tests::quote_go_char_preserves_frozen_latin1_printability ... ok
2026-10-04T04:22:46.9032625Z test go_json::tests::matches_go_html_and_line_separator_escaping ... ok
2026-10-04T04:22:46.9034497Z test go_json::tests::formats_utc_seconds_from_fractional_offset_time ... ok
2026-10-04T04:22:46.9035410Z test go_json::tests::matches_go_marshal_indent_layout_and_escaping ... ok
2026-10-04T04:22:46.9036344Z test key_storage::tests::default_data_path_prefers_xdg_then_home_then_temp ... ok
2026-10-04T04:22:46.9037298Z test key_storage::tests::generate_key_has_required_size ... ok
2026-10-04T04:22:46.9044963Z test sequence::tests::canonicalizes_object_key_order ... ok
2026-10-04T04:22:46.9050095Z test sequence::tests::disabled_detector_does_not_record ... ok
2026-10-04T04:22:46.9055011Z test sequence::tests::exact_repetition_blocks_at_default_threshold ... ok
2026-10-04T04:22:46.9056635Z test key_storage::tests::short_existing_key_fails_closed ... ok
2026-10-04T04:22:46.9057786Z test key_storage::tests::regular_file_parent_fails_closed ... ok
2026-10-04T04:22:46.9058706Z test key_storage::tests::load_or_create_is_stable_and_owner_only ... ok
2026-10-04T04:22:46.9061512Z test sequence::tests::ledger_summarizes_successes_failures_and_last_error_sorted ... ok
2026-10-04T04:22:46.9062752Z test sequence::tests::fuzzy_search_and_find_tools_deduplicate_queries ... ok
2026-10-04T04:22:46.9064346Z test sequence::tests::only_attempt_states_count_and_denies_are_recoverable ... ok
2026-10-04T04:22:46.9065182Z test sequence::tests::threshold_and_tool_are_part_of_exact_contract ... ok
2026-10-04T04:22:46.9065671Z test sequence::tests::non_positive_window_size_uses_default ... ok
2026-10-04T04:22:46.9067822Z test sequence::tests::window_eviction_forgets_least_recent_signature ... ok
2026-10-04T04:22:46.9068164Z 
2026-10-04T04:22:46.9068450Z test result: ok. 18 passed; 0 failed; 0 ignored; 0 measured; 0 filtered out; finished in 0.00s
2026-10-04T04:22:46.9068798Z 
2026-10-04T04:22:46.9086296Z      Running tests\capability_oracle_tests.rs (target\debug\deps\capability_oracle_tests-cc7d431f72f918bb.exe)
2026-10-04T04:22:46.9189398Z 
2026-10-04T04:22:46.9189636Z running 5 tests
2026-10-04T04:22:46.9271332Z test capability_scope_intersection_matches_pinned_go ... ok
2026-10-04T04:22:46.9299865Z test capability_oracle_provenance_and_case_ids_are_complete ... ok
2026-10-04T04:22:46.9320130Z test capability_signing_matches_pinned_go_bytes ... ok
2026-10-04T04:22:46.9336656Z test capability_wire_matches_pinned_go_bytes ... ok
2026-10-04T04:22:46.9349097Z test capability_verification_matches_pinned_go ... ok
2026-10-04T04:22:46.9349491Z 
2026-10-04T04:22:46.9349758Z test result: ok. 5 passed; 0 failed; 0 ignored; 0 measured; 0 filtered out; finished in 0.02s
2026-10-04T04:22:46.9350109Z 
2026-10-04T04:22:46.9367508Z      Running tests\external_decision.rs (target\debug\deps\external_decision-df4978cb0f285f59.exe)
2026-10-04T04:22:46.9468445Z 
2026-10-04T04:22:46.9468640Z running 6 tests
2026-10-04T04:22:46.9486057Z test deadline_equality_is_expired_with_injected_time ... ok
2026-10-04T04:22:46.9486930Z test audit_record_preserves_received_fields_and_injected_timestamp ... ok
2026-10-04T04:22:46.9488066Z test audit_failure_flips_allow_to_deny_but_keeps_existing_deny ... ok
2026-10-04T04:22:46.9492730Z test trailing_json_diagnostics_match_go_byte_scanner ... ok
2026-10-04T04:22:46.9580253Z test pinned_go_fixture_matches_direct_response_bytes ... ok
2026-10-04T04:22:46.9609661Z test fixture_provenance_mutations_are_rejected_by_the_same_validator ... ok
2026-10-04T04:22:46.9610017Z 
2026-10-04T04:22:46.9610281Z test result: ok. 6 passed; 0 failed; 0 ignored; 0 measured; 0 filtered out; finished in 0.01s
2026-10-04T04:22:46.9610644Z 
2026-10-04T04:22:46.9628041Z      Running tests\external_decision_review.rs (target\debug\deps\external_decision_review-5833bdfdb286a6c8.exe)
2026-10-04T04:22:46.9735486Z 
2026-10-04T04:22:46.9735801Z running 2 tests
2026-10-04T04:22:47.0820860Z test reviewed_counterexamples_match_go_response_and_audit ... ok
2026-10-04T04:22:47.0822655Z test mutated_review_capture_fails_the_actual_validator ... ok
2026-10-04T04:22:47.0823155Z 
2026-10-04T04:22:47.0823617Z test result: ok. 2 passed; 0 failed; 0 ignored; 0 measured; 0 filtered out; finished in 0.11s
2026-10-04T04:22:47.0824249Z 
2026-10-04T04:22:47.0845117Z      Running tests\external_decision_serialization.rs (target\debug\deps\external_decision_serialization-5f47e76d4d26c3fc.exe)
2026-10-04T04:22:47.0961137Z 
2026-10-04T04:22:47.0961732Z running 3 tests
2026-10-04T04:22:47.0968201Z test audit_serialization_omits_optional_empty_fields_like_go ... ok
2026-10-04T04:22:47.0970087Z test go_timestamp_is_utc_seconds_precision_for_audit_records ... ok
2026-10-04T04:22:47.0970995Z test matches_pinned_go_generated_audit_and_response_fixture ... ok
2026-10-04T04:22:47.0971579Z 
2026-10-04T04:22:47.0972065Z test result: ok. 3 passed; 0 failed; 0 ignored; 0 measured; 0 filtered out; finished in 0.00s
2026-10-04T04:22:47.0972672Z 
2026-10-04T04:22:47.0990476Z      Running tests\external_repair.rs (target\debug\deps\external_repair-0d9f54aea92f6bc6.exe)
2026-10-04T04:22:47.1102358Z 
2026-10-04T04:22:47.1102826Z running 2 tests
2026-10-04T04:22:47.1112133Z test deadline_nanosecond_boundary_is_not_rounded ... ok
2026-10-04T04:22:47.1342164Z test replay_f01_f05_production_go_observations ... ok
2026-10-04T04:22:47.1342456Z 
2026-10-04T04:22:47.1342732Z test result: ok. 2 passed; 0 failed; 0 ignored; 0 measured; 0 filtered out; finished in 0.02s
2026-10-04T04:22:47.1343085Z 
2026-10-04T04:22:47.1363038Z      Running tests\oracle_tests.rs (target\debug\deps\oracle_tests-1192aabd89b4e69a.exe)
2026-10-04T04:22:47.1474131Z 
2026-10-04T04:22:47.1474323Z running 5 tests
2026-10-04T04:22:47.1482406Z test fail_closed_control_has_no_reason_bytes ... ok
2026-10-04T04:22:47.1483038Z test policy_match_criteria_is_conjunctive ... ok
2026-10-04T04:22:47.1485627Z test static_scope_kernel_rejects_missing_capability ... ok
2026-10-04T04:22:47.1486918Z test catalog_json_validation_preserves_unknown_decision_error ... ok
2026-10-04T04:22:47.1572345Z test guard_core_matches_go_oracle_bytes ... ok
2026-10-04T04:22:47.1572919Z 
2026-10-04T04:22:47.1574332Z test result: ok. 5 passed; 0 failed; 0 ignored; 0 measured; 0 filtered out; finished in 0.01s
2026-10-04T04:22:47.1575140Z 
2026-10-04T04:22:47.1592315Z      Running unittests src\lib.rs (target\debug\deps\symbrain_harness-bdce755084787413.exe)
2026-10-04T04:22:47.1697692Z 
2026-10-04T04:22:47.1697889Z running 1 test
2026-10-04T04:22:47.1701447Z test inventory_read::tests::clean_path_preserves_leading_parent_components ... ok
2026-10-04T04:22:47.1702175Z 
2026-10-04T04:22:47.1703353Z test result: ok. 1 passed; 0 failed; 0 ignored; 0 measured; 0 filtered out; finished in 0.00s
2026-10-04T04:22:47.1704414Z 
2026-10-04T04:22:47.1718939Z      Running tests\harness_tests.rs (target\debug\deps\harness_tests-4d2ae89e2b568206.exe)
2026-10-04T04:22:47.1823653Z 
2026-10-04T04:22:47.1823878Z running 15 tests
2026-10-04T04:22:47.1833493Z test entry_semantics_match_go_and_are_cross_platform ... ok
2026-10-04T04:22:47.1840432Z test failed_remove_is_rollback_safe ... ok
2026-10-04T04:22:47.1855275Z test go_toml_goldens_are_byte_exact_and_reversible ... ok
2026-10-04T04:22:47.1859945Z test injected_paths_use_target_os_not_host_goos ... ok
2026-10-04T04:22:47.1863749Z test go_json_goldens_are_byte_exact_and_reversible ... ok
2026-10-04T04:22:47.1869488Z test json_preserves_duplicate_key_order_and_numeric_lexemes ... ok
2026-10-04T04:22:47.1874203Z test backup_clock_and_mode_are_deterministic_on_unix ... ok
2026-10-04T04:22:47.1875855Z test parser_rejects_malformed_and_wrong_top_level_documents ... ok
2026-10-04T04:22:47.1885199Z test parsers_reject_excessive_depth_and_redact_malformed_toml_values ... ok
2026-10-04T04:22:47.1888901Z test registry_is_exactly_the_nine_entry_go_registry ... ok
2026-10-04T04:22:47.1896472Z test inventory_models_are_read_only_and_redact_environment_values ... ok
2026-10-04T04:22:47.1899708Z test backups_with_same_timestamp_keep_both_snapshots ... ok
2026-10-04T04:22:47.1900395Z test unsupported_adapters_are_not_mcp_documents ... ok
2026-10-04T04:22:47.1913824Z test unified_diff_matches_go_small_and_oversized_contracts ... ok
2026-10-04T04:22:47.2490144Z test parsers_reject_excessive_input_shapes ... ok
2026-10-04T04:22:47.2490434Z 
2026-10-04T04:22:47.2490711Z test result: ok. 15 passed; 0 failed; 0 ignored; 0 measured; 0 filtered out; finished in 0.07s
2026-10-04T04:22:47.2491056Z 
2026-10-04T04:22:47.2514645Z      Running tests\path_safety.rs (target\debug\deps\path_safety-3c79743ac53418ad.exe)
2026-10-04T04:22:47.2628544Z 
2026-10-04T04:22:47.2629023Z running 2 tests
2026-10-04T04:22:47.2636513Z test inventory_display_preserves_leading_parent_sibling_path ... ok
2026-10-04T04:22:47.2657559Z test profile_binding_scan_preserves_leading_parent_sibling_path ... ok
2026-10-04T04:22:47.2658138Z 
2026-10-04T04:22:47.2658955Z test result: ok. 2 passed; 0 failed; 0 ignored; 0 measured; 0 filtered out; finished in 0.00s
2026-10-04T04:22:47.2659891Z 
2026-10-04T04:22:47.2677248Z      Running unittests src\lib.rs (target\debug\deps\symbrain_instructions-6691cc931fe6d3c4.exe)
2026-10-04T04:22:47.2781050Z 
2026-10-04T04:22:47.2781591Z running 0 tests
2026-10-04T04:22:47.2781902Z 
2026-10-04T04:22:47.2782488Z test result: ok. 0 passed; 0 failed; 0 ignored; 0 measured; 0 filtered out; finished in 0.00s
2026-10-04T04:22:47.2782864Z 
2026-10-04T04:22:47.2797741Z      Running tests\confinement_tests.rs (target\debug\deps\confinement_tests-690f55dbac4fb32f.exe)
2026-10-04T04:22:47.2909470Z 
2026-10-04T04:22:47.2909673Z running 1 test
2026-10-04T04:22:47.2920185Z test trusted_root_api_rejects_absolute_target_components ... ok
2026-10-04T04:22:47.2920715Z 
2026-10-04T04:22:47.2921301Z test result: ok. 1 passed; 0 failed; 0 ignored; 0 measured; 0 filtered out; finished in 0.00s
2026-10-04T04:22:47.2921656Z 
2026-10-04T04:22:47.2938059Z      Running tests\instruction_tests.rs (target\debug\deps\instruction_tests-e8fc3e407747d71f.exe)
2026-10-04T04:22:47.3039148Z 
2026-10-04T04:22:47.3039644Z running 16 tests
2026-10-04T04:22:47.3046313Z test malformed_and_multiple_boundaries_use_only_the_first_block ... ok
2026-10-04T04:22:47.3055625Z test missing_source_files_are_empty_and_other_io_errors_are_returned ... ok
2026-10-04T04:22:47.3060761Z test oracle_provenance_is_present_and_pinned ... ok
2026-10-04T04:22:47.3064658Z test oracle_render_cases_match_go ... ok
2026-10-04T04:22:47.3065793Z test prefix_code_escape_is_injective_and_preserves_ordinary_bytes ... ok
2026-10-04T04:22:47.3068736Z test preserves_non_utf8_bytes_like_go_strings ... ok
2026-10-04T04:22:47.3079073Z test renders_the_pinned_five_goldens ... ok
2026-10-04T04:22:47.3079862Z test preserves_unmanaged_prefix_and_suffix_across_property_inputs ... ok
2026-10-04T04:22:47.3083808Z test reserved_markers_in_content_are_escaped_and_idempotent ... ok
2026-10-04T04:22:47.3094783Z test second_render_is_byte_identical_for_deterministic_inputs ... ok
2026-10-04T04:22:47.3106881Z test source_paths_follow_xdg_and_project_layout ... ok
2026-10-04T04:22:47.3117823Z test source_concatenates_without_inventing_a_separator ... ok
2026-10-04T04:22:47.3147054Z test source_rejects_directories_and_oversized_files ... ok
2026-10-04T04:22:47.3151082Z test oracle_source_cases_match_go ... ok
2026-10-04T04:22:47.3200043Z test oracle_source_verdict_cases_match_go ... ok
2026-10-04T04:22:47.3206961Z test source_rejects_oversized_merged_content ... ok
2026-10-04T04:22:47.3207385Z 
2026-10-04T04:22:47.3208526Z test result: ok. 16 passed; 0 failed; 0 ignored; 0 measured; 0 filtered out; finished in 0.02s
2026-10-04T04:22:47.3209189Z 
2026-10-04T04:22:47.3226573Z      Running unittests src\lib.rs (target\debug\deps\symbrain_managed-08eb5208b7cce352.exe)
2026-10-04T04:22:47.3330029Z 
2026-10-04T04:22:47.3330535Z running 7 tests
2026-10-04T04:22:47.3343137Z test json_record::syntax::tests::truncated_scalar_errors_retain_go_eof_transition ... ok
2026-10-04T04:22:47.3344178Z test manifest::tests::active_cores_defaults_to_mandatory_only ... ok
2026-10-04T04:22:47.3346590Z test manifest::tests::active_cores_honors_explicit_false_and_true ... ok
2026-10-04T04:22:47.3347960Z test process_status::tests::windows_large_status_codes_preserve_unsigned_hex ... ok
2026-10-04T04:22:47.3354475Z test mkdir::tests::obstruction_reports_the_actual_ancestor_without_overwriting ... ok
2026-10-04T04:22:47.3367954Z test provenance::tests::release_provenance_matches_go_sidecar_contract ... ok
2026-10-04T04:22:47.3371469Z test version_probe::tests::extensionless_pe_is_not_executed_without_a_pathext_candidate ... ok
2026-10-04T04:22:47.3372265Z 
2026-10-04T04:22:47.3372564Z test result: ok. 7 passed; 0 failed; 0 ignored; 0 measured; 0 filtered out; finished in 0.00s
2026-10-04T04:22:47.3372907Z 
2026-10-04T04:22:47.3388639Z      Running tests\install_tests.rs (target\debug\deps\install_tests-19e69af2eea5a03b.exe)
2026-10-04T04:22:47.3509729Z 
2026-10-04T04:22:47.3510345Z running 7 tests
2026-10-04T04:22:47.3715662Z test checksum_failure_leaves_existing_binary_untouched ... ok
2026-10-04T04:22:47.3729480Z test installer_downloads_fallback_asset_verifies_and_installs ... ok
2026-10-04T04:22:47.3853806Z test installer_prefers_versioned_asset_with_manifest_pin ... ok
2026-10-04T04:22:47.3979441Z test pinned_primary_mismatch_does_not_downgrade_to_alternate ... ok
2026-10-04T04:22:47.4203860Z test installer_retries_alternate_after_http10_closes_missing_asset_response ... ok
2026-10-04T04:22:47.6017882Z test installed_version_probes_native_windows_executable ... ok
2026-10-04T04:22:50.5680041Z test installed_version_timeout_kills_native_windows_executable ... ok
2026-10-04T04:22:50.5680603Z 
2026-10-04T04:22:50.5681049Z test result: ok. 7 passed; 0 failed; 0 ignored; 0 measured; 0 filtered out; finished in 3.22s
2026-10-04T04:22:50.5681760Z 
2026-10-04T04:22:50.5703252Z      Running tests\oracle_differential_tests.rs (target\debug\deps\oracle_differential_tests-7e09ae3f123905a0.exe)
2026-10-04T04:22:50.5853364Z 
2026-10-04T04:22:50.5854131Z running 5 tests
2026-10-04T04:22:50.5875422Z test embedded_manifest_and_core_naming_match_go ... ok
2026-10-04T04:22:50.5880756Z test release_url_is_tag_pinned ... ok
2026-10-04T04:22:50.5885308Z test checksum_contract_matches_go ... ok
2026-10-04T04:22:50.5891636Z test atomic_install_replaces_bytes_and_sets_executable_mode ... ok
2026-10-04T04:22:50.5944189Z test archive_selection_and_security_errors_match_go ... ok
2026-10-04T04:22:50.5944983Z 
2026-10-04T04:22:50.5945451Z test result: ok. 5 passed; 0 failed; 0 ignored; 0 measured; 0 filtered out; finished in 0.01s
2026-10-04T04:22:50.5946078Z 
2026-10-04T04:22:50.5965560Z      Running tests\provenance_windows.rs (target\debug\deps\provenance_windows-a455c95dfa61c951.exe)
2026-10-04T04:22:50.6087945Z 
2026-10-04T04:22:50.6089689Z running 2 tests
2026-10-04T04:22:50.6106889Z test ordinary_and_absent_records_keep_source_ownership ... ok
2026-10-04T04:22:50.6107999Z test directory_read_reports_actual_read_failure_and_retains_sidecar ... ok
2026-10-04T04:22:50.6108842Z 
2026-10-04T04:22:50.6109270Z test result: ok. 2 passed; 0 failed; 0 ignored; 0 measured; 0 filtered out; finished in 0.00s
2026-10-04T04:22:50.6109866Z 
2026-10-04T04:22:50.6129265Z      Running tests\source_local.rs (target\debug\deps\source_local-6dd945e4d4007261.exe)
2026-10-04T04:22:50.6254105Z 
2026-10-04T04:22:50.6254566Z running 1 test
2026-10-04T04:22:50.6341043Z test source_publication_identifies_installed_bytes_and_retains_binary_on_sidecar_failure ... ok
2026-10-04T04:22:50.6341749Z 
2026-10-04T04:22:50.6342225Z test result: ok. 1 passed; 0 failed; 0 ignored; 0 measured; 0 filtered out; finished in 0.01s
2026-10-04T04:22:50.6342803Z 
2026-10-04T04:22:50.6363845Z      Running tests\version_probe_windows.rs (target\debug\deps\version_probe_windows-2ccd337b890f60ad.exe)
2026-10-04T04:22:50.6487316Z 
2026-10-04T04:22:50.6487832Z running 1 test
2026-10-04T04:22:50.8691813Z test managed_version_checks_original_name_before_windows_extension_lookup ... ok
2026-10-04T04:22:50.8692520Z 
2026-10-04T04:22:50.8693017Z test result: ok. 1 passed; 0 failed; 0 ignored; 0 measured; 0 filtered out; finished in 0.22s
2026-10-04T04:22:50.8693692Z 
2026-10-04T04:22:50.8710627Z      Running unittests src\lib.rs (target\debug\deps\symbrain_mcp-680b34aedd221904.exe)
2026-10-04T04:22:50.8819506Z 
2026-10-04T04:22:50.8820075Z running 5 tests
2026-10-04T04:22:50.8829029Z test frame::tests::response_mode_is_symmetric ... ok
2026-10-04T04:22:50.8830160Z test model::tests::request_distinguishes_absent_null_and_numeric_ids ... ok
2026-10-04T04:22:50.8831221Z test frame::tests::reads_line_and_framed_requests ... ok
2026-10-04T04:22:50.8832361Z test frame::tests::preserves_null_id_as_a_request ... ok
2026-10-04T04:22:50.8833157Z test model::tests::response_omits_opposite_branch_and_keeps_null_id ... ok
2026-10-04T04:22:50.8833658Z 
2026-10-04T04:22:50.8834049Z test result: ok. 5 passed; 0 failed; 0 ignored; 0 measured; 0 filtered out; finished in 0.00s
2026-10-04T04:22:50.8834396Z 
2026-10-04T04:22:50.8857167Z      Running tests\gateway_protocol_tests.rs (target\debug\deps\gateway_protocol_tests-a2e74f1cd137d6e2.exe)
2026-10-04T04:22:50.8965499Z 
2026-10-04T04:22:50.8966021Z running 16 tests
2026-10-04T04:22:50.8978026Z test every_write_mode_flushes_buffered_writer ... ok
2026-10-04T04:22:50.8987955Z test cancellation_context_reaches_in_flight_tool_dispatch ... ok
2026-10-04T04:22:50.8990263Z test concurrent_failures_preserve_dispatch_and_response_types ... ok
2026-10-04T04:22:50.8996587Z test excessive_framed_headers_are_rejected_by_total_bytes_and_line_count ... ok
2026-10-04T04:22:50.8997984Z test loop_dispatches_requests_and_keeps_transport_mode_symmetric ... ok
2026-10-04T04:22:50.8998975Z test dispatcher_panics_become_internal_errors_in_sync_and_concurrent_modes ... ok
2026-10-04T04:22:50.9003039Z test invalid_jsonrpc_envelopes_receive_invalid_request_errors ... ok
2026-10-04T04:22:50.9004626Z test malformed_framed_body_gets_framed_parse_error ... ok
2026-10-04T04:22:50.9005600Z test malformed_line_gets_parse_error_and_loop_continues ... ok
2026-10-04T04:22:50.9011785Z test notifications_are_silent_but_null_id_is_a_request ... ok
2026-10-04T04:22:50.9013321Z test protocol_fixture_covers_required_loop_cases ... ok
2026-10-04T04:22:50.9014237Z test partial_framed_body_is_a_fatal_frame_error ... ok
2026-10-04T04:22:50.9015501Z test loop_dispatches_tools_list_and_call ... ok
2026-10-04T04:22:50.9016182Z test response_serialization_failure_is_returned ... ok
2026-10-04T04:22:50.9018974Z test writer_failure_is_returned ... ok
2026-10-04T04:22:50.9227628Z test tool_calls_dispatch_concurrently_and_join_before_eof ... ok
2026-10-04T04:22:50.9228168Z 
2026-10-04T04:22:50.9228964Z test result: ok. 16 passed; 0 failed; 0 ignored; 0 measured; 0 filtered out; finished in 0.03s
2026-10-04T04:22:50.9229434Z 
2026-10-04T04:22:50.9257626Z      Running tests\oracle_differential_tests.rs (target\debug\deps\oracle_differential_tests-b48664e3c2082c18.exe)
2026-10-04T04:22:50.9369561Z 
2026-10-04T04:22:50.9370069Z running 2 tests
2026-10-04T04:22:50.9378335Z test params_preserve_raw_json_bytes ... ok
2026-10-04T04:22:50.9881128Z test framing_and_response_bytes_match_go_oracle ... ok
2026-10-04T04:22:50.9881872Z 
2026-10-04T04:22:50.9882485Z test result: ok. 2 passed; 0 failed; 0 ignored; 0 measured; 0 filtered out; finished in 0.05s
2026-10-04T04:22:50.9883070Z 
2026-10-04T04:22:50.9910779Z      Running unittests src\lib.rs (target\debug\deps\symbrain_memory-97567554ee274c56.exe)
2026-10-04T04:22:51.0089321Z 
2026-10-04T04:22:51.0089827Z running 33 tests
2026-10-04T04:22:51.0673422Z test db_oracle_tests::constraint_cases_are_rejected_like_go ... ok
2026-10-04T04:22:51.0926953Z test db_oracle_tests::indexes_match_the_go_schema ... ok
2026-10-04T04:22:51.1017524Z test db_oracle_tests::lock_pragmas_match_the_go_facts ... ok
2026-10-04T04:22:51.1064802Z test cli_delete_admission::tests::malformed_hydration_refuses_delete_before_any_mutation ... ok
2026-10-04T04:22:51.1345725Z test db_oracle_tests::memories_columns_match_the_go_schema ... ok
2026-10-04T04:22:51.1751525Z test cli_write::tests::governance_callbacks_stop_without_reverting_committed_steps ... ok
2026-10-04T04:22:51.1755101Z test embedding::tests::hash_fallback_is_normalized_and_deterministic ... ok
2026-10-04T04:22:51.1824679Z test embedding::tests::shared_llm_client_keeps_ollama_openai_request_contract ... ok
2026-10-04T04:22:51.1885161Z test embedding::tests::shared_llm_client_rejects_extra_embedding_items_like_go_llmkit ... ok
2026-10-04T04:22:51.1943338Z test embedding::tests::shared_llm_client_rejects_wrong_dimension_and_http_errors ... ok
2026-10-04T04:22:51.2419834Z test db_oracle_tests::tables_match_the_go_schema ... ok
2026-10-04T04:22:51.2424815Z test embedding::tests::stop_words_and_punctuation_do_not_change_the_direction ... ok
2026-10-04T04:22:51.2548273Z test evidence_store::tests::grounded_only_persistence_and_cascade_match_go ... ok
2026-10-04T04:22:51.2589748Z test db_oracle_tests::ordering_cases_match_the_go_facts ... ok
2026-10-04T04:22:51.2590515Z test db_oracle_tests::triggers_and_views_match_the_go_schema ... ok
2026-10-04T04:22:51.2596297Z test gorand::tests::the_normal_stream_matches_go ... ok
2026-10-04T04:22:51.2651546Z test evidence_store::tests::missing_memory_rejects_grounded_evidence_and_skips_invalid ... ok
2026-10-04T04:22:51.2655934Z test gotime::tests::parses_every_known_rendering ... ok
2026-10-04T04:22:51.2660193Z test gotime::tests::renders_the_shipped_form ... ok
2026-10-04T04:22:51.2666112Z test lsh::tests::a_dimension_mismatch_is_rejected_instead_of_truncated ... ok
2026-10-04T04:22:51.2670950Z test lsh::tests::neighbors_cover_every_bucket_within_two_flips ... ok
2026-10-04T04:22:51.2678569Z test lsh::tests::the_hash_is_deterministic_and_covers_the_bucket_range ... ok
2026-10-04T04:22:51.2688605Z test lsh::tests::the_hash_matches_the_shipped_store ... ok
2026-10-04T04:22:51.2692482Z test gorand::tests::the_projection_rows_match_go ... ok
2026-10-04T04:22:51.2728146Z test evidence_store::tests::rollback_and_reparent_keep_memory_and_evidence_atomic ... ok
2026-10-04T04:22:51.2874931Z test migration::tests::repairs_the_five_649_columns_despite_all_migrations_claimed ... ok
2026-10-04T04:22:51.2877514Z test retrieval::tests::cosine_is_one_for_identical_directions ... ok
2026-10-04T04:22:51.2880543Z test retrieval::tests::placeholders_match_the_shipped_clause ... ok
2026-10-04T04:22:51.2883138Z test retrieval::tests::the_score_weights_the_three_default_terms ... ok
2026-10-04T04:22:51.2969939Z test store::tests::sync_oplog_tracks_memory_lifecycle_and_excludes_marked_rows ... ok
2026-10-04T04:22:51.3445160Z test migration::tests::later_ddl_failure_rolls_back_columns_and_migration_entries ... ok
2026-10-04T04:22:52.4457312Z test migration::tests::concurrent_public_opens_and_writes_preserve_data_without_snapshot_upgrade ... ok
2026-10-04T04:22:53.4986537Z test embedding::tests::shared_llm_client_times_out_to_hash_fallback ... ok
2026-10-04T04:22:53.4987065Z 
2026-10-04T04:22:53.4987509Z test result: ok. 33 passed; 0 failed; 0 ignored; 0 measured; 0 filtered out; finished in 2.49s
2026-10-04T04:22:53.4988149Z 
2026-10-04T04:22:53.5022145Z      Running tests\evidence_oracle_tests.rs (target\debug\deps\evidence_oracle_tests-364bd5eaf61cf166.exe)
2026-10-04T04:22:53.5136348Z 
2026-10-04T04:22:53.5136782Z running 4 tests
2026-10-04T04:22:53.5153040Z test jsonl_writer_failure_propagates_without_faking_success ... ok
2026-10-04T04:22:53.5159843Z test every_validation_boundary_and_error_priority_matches_go ... ok
2026-10-04T04:22:53.5161557Z test jsonl_bytes_hash_and_go_roundtrip_match ... ok
2026-10-04T04:22:53.5176108Z test all_alignment_strategies_offsets_and_ties_match_executed_go ... ok
2026-10-04T04:22:53.5176858Z 
2026-10-04T04:22:53.5177358Z test result: ok. 4 passed; 0 failed; 0 ignored; 0 measured; 0 filtered out; finished in 0.00s
2026-10-04T04:22:53.5178002Z 
2026-10-04T04:22:53.5196582Z      Running tests\store_contract_tests.rs (target\debug\deps\store_contract_tests-f052cac6060d8685.exe)
2026-10-04T04:22:53.5303521Z 
2026-10-04T04:22:53.5303933Z running 7 tests
2026-10-04T04:22:53.7307111Z test shipped_timestamp_rendering_is_readable ... ok
2026-10-04T04:22:53.7307878Z test a_native_row_reaches_the_shipped_fts_index ... ok
2026-10-04T04:22:53.7615418Z test written_row_uses_shipped_columns ... ok
2026-10-04T04:22:53.8625645Z test written_row_uses_shipped_identifiers ... ok
2026-10-04T04:22:53.8627936Z test written_row_uses_shipped_embedding ... ok
2026-10-04T04:22:53.8732201Z test missing_shipped_columns_are_added_to_an_existing_database ... ok
2026-10-04T04:22:53.8781141Z test written_row_uses_shipped_timestamps ... ok
2026-10-04T04:22:53.8781747Z 
2026-10-04T04:22:53.8782223Z test result: ok. 7 passed; 0 failed; 0 ignored; 0 measured; 0 filtered out; finished in 0.35s
2026-10-04T04:22:53.8782830Z 
2026-10-04T04:22:53.8809523Z      Running unittests src\lib.rs (target\debug\deps\symbrain_patterns-8a75b6ff5ff3ea1f.exe)
2026-10-04T04:22:53.8915112Z 
2026-10-04T04:22:53.8915425Z running 3 tests
2026-10-04T04:22:53.8924307Z test tests::single_steps_and_wrong_order_do_not_promote ... ok
2026-10-04T04:22:53.8925696Z test tests::promotion_preserves_order_threshold_and_provenance ... ok
2026-10-04T04:22:56.1110196Z test store::tests::roundtrip_skips_malformed_and_prunes ... ok
2026-10-04T04:22:56.1110736Z 
2026-10-04T04:22:56.1111176Z test result: ok. 3 passed; 0 failed; 0 ignored; 0 measured; 0 filtered out; finished in 2.22s
2026-10-04T04:22:56.1111764Z 
2026-10-04T04:22:56.1132647Z      Running unittests src\lib.rs (target\debug\deps\symbrain_policy-a39e78894c1cd963.exe)
2026-10-04T04:22:56.1263862Z 
2026-10-04T04:22:56.1264206Z running 6 tests
2026-10-04T04:22:56.1271705Z test error::tests::missing_path_error_matches_go_wording ... ok
2026-10-04T04:22:56.1272491Z test policy::identity::tests::identity_parameter_matrix ... ok
2026-10-04T04:22:56.1280284Z test profile::validate::tests::validate_name_matrix ... ok
2026-10-04T04:22:56.1303056Z test profile::create::tests::non_unix_mode_helpers_are_noops ... ok
2026-10-04T04:22:56.1334271Z test profile::create::tests::failed_publication_cleans_up_only_its_owned_temporary_file ... ok
2026-10-04T04:22:56.7937157Z test profile::create::tests::concurrent_creators_never_clobber_each_other ... ok
2026-10-04T04:22:56.7938016Z 
2026-10-04T04:22:56.7938482Z test result: ok. 6 passed; 0 failed; 0 ignored; 0 measured; 0 filtered out; finished in 0.67s
2026-10-04T04:22:56.7939077Z 
2026-10-04T04:22:56.7958792Z      Running tests\activity_tests.rs (target\debug\deps\activity_tests-5cacdf12274d9f85.exe)
2026-10-04T04:22:56.8062914Z 
2026-10-04T04:22:56.8063378Z running 1 test
2026-10-04T04:22:56.8068944Z test test_memory_activity_reads_default_deny_and_explicit_allow ... ok
2026-10-04T04:22:56.8070591Z 
2026-10-04T04:22:56.8071062Z test result: ok. 1 passed; 0 failed; 0 ignored; 0 measured; 0 filtered out; finished in 0.00s
2026-10-04T04:22:56.8071635Z 
2026-10-04T04:22:56.8087156Z      Running tests\fixtures_tests.rs (target\debug\deps\fixtures_tests-7d52b213d184aaae.exe)
2026-10-04T04:22:56.8188821Z 
2026-10-04T04:22:56.8189211Z running 4 tests
2026-10-04T04:22:56.8215232Z test test_prod_foreign_read_only_fixture_contract ... ok
2026-10-04T04:22:56.8215912Z test test_prod_restricted_fixture_contract ... ok
2026-10-04T04:22:56.8216507Z test test_prod_personal_fixture_contract ... ok
2026-10-04T04:22:56.8220445Z test test_parameterized_negative_cases ... ok
2026-10-04T04:22:56.8220826Z 
2026-10-04T04:22:56.8221294Z test result: ok. 4 passed; 0 failed; 0 ignored; 0 measured; 0 filtered out; finished in 0.00s
2026-10-04T04:22:56.8222150Z 
2026-10-04T04:22:56.8240558Z      Running tests\foreign_tests.rs (target\debug\deps\foreign_tests-c9bfd8bfb1277311.exe)
2026-10-04T04:22:56.8343257Z 
2026-10-04T04:22:56.8343660Z running 14 tests
2026-10-04T04:22:56.8351102Z test test_evaluate_foreign_disabled_hides_everything ... ok
2026-10-04T04:22:56.8352160Z test test_evaluate_foreign_default_access_is_write ... ok
2026-10-04T04:22:56.8353375Z test test_evaluate_foreign_access_write_exposes_everything ... ok
2026-10-04T04:22:56.8354529Z test test_evaluate_foreign_access_read_exposes_only_reading_tools ... ok
2026-10-04T04:22:56.8357422Z test test_evaluate_foreign_empty_catalog_disabled ... ok
2026-10-04T04:22:56.8358729Z test test_evaluate_foreign_empty_catalog_read ... ok
2026-10-04T04:22:56.8361497Z test test_evaluate_foreign_empty_catalog_write ... ok
2026-10-04T04:22:56.8362368Z test test_evaluate_foreign_invalid_access_errors ... ok
2026-10-04T04:22:56.8365242Z test test_evaluate_foreign_tools_deny_wins_over_access_and_allow ... ok
2026-10-04T04:22:56.8366463Z test test_evaluate_foreign_tools_allow_narrows ... ok
2026-10-04T04:22:56.8367177Z test test_evaluate_foreign_tools_read_overrides_write_hint ... ok
2026-10-04T04:22:56.8367964Z test test_evaluate_foreign_tools_write_overrides_read_hint ... ok
2026-10-04T04:22:56.8368745Z test test_evaluate_foreign_unannotated_tool_defaults_to_write ... ok
2026-10-04T04:22:56.8369424Z test test_foreign_tool_with_full_annotations ... ok
2026-10-04T04:22:56.8369782Z 
2026-10-04T04:22:56.8370199Z test result: ok. 14 passed; 0 failed; 0 ignored; 0 measured; 0 filtered out; finished in 0.00s
2026-10-04T04:22:56.8370788Z 
2026-10-04T04:22:56.8389154Z      Running tests\oracle_differential_tests.rs (target\debug\deps\oracle_differential_tests-3fb6cf342169b59c.exe)
2026-10-04T04:22:56.8494360Z 
2026-10-04T04:22:56.8494777Z running 2 tests
2026-10-04T04:22:56.8533846Z test test_oracle_backed_policy_cases ... ok
2026-10-04T04:22:56.8561132Z test test_oracle_backed_profile_cases ... ok
2026-10-04T04:22:56.8561487Z 
2026-10-04T04:22:56.8562172Z test result: ok. 2 passed; 0 failed; 0 ignored; 0 measured; 0 filtered out; finished in 0.01s
2026-10-04T04:22:56.8562757Z 
2026-10-04T04:22:56.8583908Z      Running tests\policy_tests.rs (target\debug\deps\policy_tests-9112890475b7beeb.exe)
2026-10-04T04:22:56.8685953Z 
2026-10-04T04:22:56.8686328Z running 14 tests
2026-10-04T04:22:56.8696635Z test test_evaluate_skills_matrix ... ok
2026-10-04T04:22:56.8698402Z test test_evaluate_preset_vault_and_memory ... ok
2026-10-04T04:22:56.8699023Z test test_evaluate_memory_modes ... ok
2026-10-04T04:22:56.8699923Z test test_evaluate_deny_wins_over_allow ... ok
2026-10-04T04:22:56.8700540Z test test_evaluate_tools_allow_overrides_preset ... ok
2026-10-04T04:22:56.8704160Z test test_evaluate_tools_deny_removes_from_preset ... ok
2026-10-04T04:22:56.8706662Z test test_evaluate_unknown_upstream_tool_never_exposed_under_preset ... ok
2026-10-04T04:22:56.8710087Z test test_evaluate_usage_matrix ... ok
2026-10-04T04:22:56.8710947Z test test_evaluate_vault_modes ... ok
2026-10-04T04:22:56.8711526Z test test_identity_parameter_mapping ... ok
2026-10-04T04:22:56.8712543Z test test_optional_modules_allowlist_cannot_widen_hard_maximum ... ok
2026-10-04T04:22:56.8713445Z test test_optional_modules_enabled_without_allowlist_default_deny ... ok
2026-10-04T04:22:56.8714155Z test test_preset_tools_lookup ... ok
2026-10-04T04:22:56.8715139Z test test_report_verdict_lookup ... ok
2026-10-04T04:22:56.8715439Z 
2026-10-04T04:22:56.8716389Z test result: ok. 14 passed; 0 failed; 0 ignored; 0 measured; 0 filtered out; finished in 0.00s
2026-10-04T04:22:56.8716991Z 
2026-10-04T04:22:56.8738981Z      Running tests\profile_create_races.rs (target\debug\deps\profile_create_races-461d022473976ff6.exe)
2026-10-04T04:22:56.8855060Z 
2026-10-04T04:22:56.8855604Z running 4 tests
2026-10-04T04:22:56.8861539Z test creator_subprocess ... ok
2026-10-04T04:22:56.8878297Z test existing_profile_and_validation_failures_leave_no_temporaries ... ok
2026-10-04T04:22:56.9279080Z test legacy_temporary_slots_are_never_reused_or_removed ... ok
2026-10-04T04:22:56.9377072Z test eight_processes_publish_one_complete_profile_without_temporary_files ... ok
2026-10-04T04:22:56.9377663Z 
2026-10-04T04:22:56.9378110Z test result: ok. 4 passed; 0 failed; 0 ignored; 0 measured; 0 filtered out; finished in 0.05s
2026-10-04T04:22:56.9378695Z 
2026-10-04T04:22:56.9396616Z      Running tests\profile_fs_tests.rs (target\debug\deps\profile_fs_tests-fff3b95d3928a86f.exe)
2026-10-04T04:22:56.9502136Z 
2026-10-04T04:22:56.9502466Z running 8 tests
2026-10-04T04:22:56.9536145Z test exists_reports_truthful_state ... ok
2026-10-04T04:22:56.9542685Z test load_all_reports_per_file_errors_without_failing_overall ... ok
2026-10-04T04:22:56.9545804Z test list_names_sorted_and_ignores_non_toml ... ok
2026-10-04T04:22:56.9546639Z test load_file_errors_matrix ... ok
2026-10-04T04:22:56.9551921Z test load_path_traversal_name_rejected ... ok
2026-10-04T04:22:56.9552722Z test load_missing_file_errors ... ok
2026-10-04T04:22:56.9559752Z test load_file_valid_room_local_profile ... ok
2026-10-04T04:22:56.9565342Z test load_valid_file_from_dir ... ok
2026-10-04T04:22:56.9565670Z 
2026-10-04T04:22:56.9566111Z test result: ok. 8 passed; 0 failed; 0 ignored; 0 measured; 0 filtered out; finished in 0.01s
2026-10-04T04:22:56.9566700Z 
2026-10-04T04:22:56.9584089Z      Running tests\profile_tests.rs (target\debug\deps\profile_tests-b8debae300b42c0f.exe)
2026-10-04T04:22:56.9692862Z 
2026-10-04T04:22:56.9693743Z running 14 tests
2026-10-04T04:22:56.9707426Z test parse_foreign_server_mode_ignored_with_warning ... ok
2026-10-04T04:22:56.9709617Z test parse_foreign_server_with_command_and_args ... ok
2026-10-04T04:22:56.9711252Z test parse_defaults_when_servers_and_audit_omitted ... ok
2026-10-04T04:22:56.9718656Z test parse_core_alias_cannot_be_foreign ... ok
2026-10-04T04:22:56.9725586Z test parse_foreign_server_without_transport_errors ... ok
2026-10-04T04:22:56.9727550Z test parse_inline_tables_under_servers_profile_audit ... ok
2026-10-04T04:22:56.9736098Z test parse_foreign_server_with_url ... ok
2026-10-04T04:22:56.9737724Z test parse_server_enabled_without_mode_gets_least_privilege_default ... ok
2026-10-04T04:22:56.9738731Z test parse_tools_allow_and_deny_both_parse ... ok
2026-10-04T04:22:56.9739890Z test parse_valid_restricted_profile ... ok
2026-10-04T04:22:56.9740630Z test parse_valid_full_profile ... ok
2026-10-04T04:22:56.9741389Z test parse_nested_inline_and_dotted_combinations ... ok
2026-10-04T04:22:56.9742998Z test parse_unknown_top_level_key_warns_not_fails ... ok
2026-10-04T04:22:56.9744147Z test unknown_keys_reports_only_leaf_and_explicit_tables_never_intermediate ... ok
2026-10-04T04:22:56.9744965Z 
2026-10-04T04:22:56.9745658Z test result: ok. 14 passed; 0 failed; 0 ignored; 0 measured; 0 filtered out; finished in 0.01s
2026-10-04T04:22:56.9746498Z 
2026-10-04T04:22:56.9765513Z      Running tests\profile_validation_tests.rs (target\debug\deps\profile_validation_tests-626ede308bc770bd.exe)
2026-10-04T04:22:56.9875063Z 
2026-10-04T04:22:56.9876268Z running 11 tests
2026-10-04T04:22:56.9893196Z test parse_invalid_memory_mode_errors ... ok
2026-10-04T04:22:56.9895027Z test parse_core_alias_access_and_tools_ignored_with_warning ... ok
2026-10-04T04:22:56.9900673Z test parse_foreign_server_access_validation ... ok
2026-10-04T04:22:56.9902898Z test parse_name_mismatch_errors ... ok
2026-10-04T04:22:56.9910383Z test parse_malformed_toml_errors ... ok
2026-10-04T04:22:56.9912658Z test audit_verbose_is_omitted_when_default_and_serialized_when_enabled ... ok
2026-10-04T04:22:56.9914122Z test parse_invalid_vault_mode_errors ... ok
2026-10-04T04:22:56.9915188Z test parse_usage_tools_allow_deny ... ok
2026-10-04T04:22:56.9915891Z test parse_usage_server_options ... ok
2026-10-04T04:22:56.9916752Z test parse_skills_mode_is_ignored_with_warning ... ok
2026-10-04T04:22:56.9917558Z test validate_name_cases ... ok
2026-10-04T04:22:56.9918018Z 
2026-10-04T04:22:56.9918628Z test result: ok. 11 passed; 0 failed; 0 ignored; 0 measured; 0 filtered out; finished in 0.00s
2026-10-04T04:22:56.9920217Z 
2026-10-04T04:22:56.9936758Z      Running tests\typed_decode_tests.rs (target\debug\deps\typed_decode_tests-3a0d7e42cb49161d.exe)
2026-10-04T04:22:57.0075773Z 
2026-10-04T04:22:57.0076309Z running 24 tests
2026-10-04T04:22:57.0095925Z test test_wrong_access_string_mismatch ... ok
2026-10-04T04:22:57.0097534Z test test_wrong_audit_enabled_type ... ok
2026-10-04T04:22:57.0098201Z test test_wrong_args_not_array ... ok
2026-10-04T04:22:57.0099574Z test test_wrong_args_non_string_element ... ok
2026-10-04T04:22:57.0104142Z test test_wrong_audit_type ... ok
2026-10-04T04:22:57.0105075Z test test_wrong_profile_description_type ... ok
2026-10-04T04:22:57.0105761Z test test_wrong_profile_name_type ... ok
2026-10-04T04:22:57.0106742Z test test_wrong_command_string_mismatch ... ok
2026-10-04T04:22:57.0115758Z test test_wrong_server_entry_integer ... ok
2026-10-04T04:22:57.0116981Z test test_wrong_server_enabled_boolean_mismatch ... ok
2026-10-04T04:22:57.0120574Z test test_wrong_server_entry_array ... ok
2026-10-04T04:22:57.0121127Z test test_wrong_profile_type ... ok
2026-10-04T04:22:57.0123012Z test test_wrong_server_mode_string_mismatch ... ok
2026-10-04T04:22:57.0126637Z test test_wrong_servers_type ... ok
2026-10-04T04:22:57.0127490Z test test_wrong_server_entry_string ... ok
2026-10-04T04:22:57.0128223Z test test_wrong_tools_allow_non_string_element ... ok
2026-10-04T04:22:57.0129497Z test test_wrong_tools_allow_not_array ... ok
2026-10-04T04:22:57.0130329Z test test_wrong_tools_deny_non_string_element ... ok
2026-10-04T04:22:57.0132648Z test test_wrong_tools_deny_not_array ... ok
2026-10-04T04:22:57.0135115Z test test_wrong_tools_read_not_array ... ok
2026-10-04T04:22:57.0138855Z test test_wrong_tools_write_non_string_element ... ok
2026-10-04T04:22:57.0140085Z test test_wrong_tools_read_non_string_element ... ok
2026-10-04T04:22:57.0140635Z test test_wrong_url_string_mismatch ... ok
2026-10-04T04:22:57.0141122Z test test_wrong_tools_write_not_array ... ok
2026-10-04T04:22:57.0141443Z 
2026-10-04T04:22:57.0141874Z test result: ok. 24 passed; 0 failed; 0 ignored; 0 measured; 0 filtered out; finished in 0.01s
2026-10-04T04:22:57.0142450Z 
2026-10-04T04:22:57.0164998Z      Running unittests src\lib.rs (target\debug\deps\symbrain_skills-8107ec356a942f53.exe)
2026-10-04T04:22:57.0269290Z 
2026-10-04T04:22:57.0269596Z running 15 tests
2026-10-04T04:22:57.0278260Z test cap_root::tests::drive_and_unc_roots_preserve_their_volume ... ok
2026-10-04T04:22:57.0308973Z test install::lock::tests::read_locks_do_not_initialize_legacy_roots ... ok
2026-10-04T04:22:57.0315254Z test install::sync_lock::tests::existing_fresh_lock_reports_held ... ok
2026-10-04T04:22:57.0320549Z test load::path_spelling_tests::only_extended_drive_and_unc_volume_prefixes_have_ordinary_aliases ... ok
2026-10-04T04:22:57.0331973Z test install::sync_lock::tests::lock_record_and_path_match_go_contract ... ok
2026-10-04T04:22:57.0346140Z test install::transaction::tests::transaction_cleanup_unlinks_directory_symlink_without_touching_target ... ok
2026-10-04T04:22:57.0350298Z test load::tests::enumeration_stops_before_collecting_over_limit ... ok
2026-10-04T04:22:57.0354510Z test load::tests::actual_read_budget_accepts_exact_total_then_rejects_one_over ... ok
2026-10-04T04:22:57.0363780Z test load::tests::a_second_bundle_cannot_reset_the_operation_budget ... ok
2026-10-04T04:22:57.0364774Z test load::tests::growth_at_exhausted_budget_does_not_read_a_probe_byte ... ok
2026-10-04T04:22:57.0379612Z test load::tests::resource_growth_after_inventory_is_rejected ... ok
2026-10-04T04:22:57.0389778Z test load::tests::repeated_bundle_reads_and_clones_share_the_loading_budget ... ok
2026-10-04T04:22:57.0392336Z test load::tests::small_reads_do_not_reserve_the_full_public_limit ... ok
2026-10-04T04:22:57.0483091Z test load::tests::rejected_headers_still_consume_the_actual_read_budget ... ok
2026-10-04T04:22:57.0599331Z test install::lock::tests::timeout_releases_locks_acquired_earlier_in_the_set ... ok
2026-10-04T04:22:57.0599985Z 
2026-10-04T04:22:57.0600487Z test result: ok. 15 passed; 0 failed; 0 ignored; 0 measured; 0 filtered out; finished in 0.03s
2026-10-04T04:22:57.0601116Z 
2026-10-04T04:22:57.0621909Z      Running tests\all_target_scope_tests.rs (target\debug\deps\all_target_scope_tests-07fa681700623a9c.exe)
2026-10-04T04:22:57.0729196Z 
2026-10-04T04:22:57.0729598Z running 2 tests
2026-10-04T04:22:57.4071761Z test all_registered_targets_support_project_scope_install_and_status ... ok
2026-10-04T04:22:58.9660507Z test lifecycle_matrix_covers_all_targets_scopes_modes ... ok
2026-10-04T04:22:58.9661031Z 
2026-10-04T04:22:58.9661486Z test result: ok. 2 passed; 0 failed; 0 ignored; 0 measured; 0 filtered out; finished in 1.89s
2026-10-04T04:22:58.9662116Z 
2026-10-04T04:22:58.9686070Z      Running tests\concurrent_installs.rs (target\debug\deps\concurrent_installs-6c6222b7d6025075.exe)
2026-10-04T04:22:58.9794654Z 
2026-10-04T04:22:58.9794987Z running 3 tests
2026-10-04T04:22:58.9801350Z test worker_process ... ok
2026-10-04T04:22:58.9818609Z test absent_uninstall_does_not_initialize_install_roots ... ok
2026-10-04T04:22:59.3757106Z test concurrent_process_installs_preserve_each_target_path_and_record ... ok
2026-10-04T04:22:59.3758190Z 
2026-10-04T04:22:59.3758487Z test result: ok. 3 passed; 0 failed; 0 ignored; 0 measured; 0 filtered out; finished in 0.40s
2026-10-04T04:22:59.3758846Z 
2026-10-04T04:22:59.3785197Z      Running tests\confined_symlink_render_tests.rs (target\debug\deps\confined_symlink_render_tests-cf3214873f8ba068.exe)
2026-10-04T04:22:59.3897227Z 
2026-10-04T04:22:59.3898213Z running 10 tests
2026-10-04T04:22:59.4004529Z test absolute_outside_directory_is_rejected_before_rendering ... ok
2026-10-04T04:22:59.4039303Z test cyclic_directory_links_hit_a_finite_resolution_bound ... ok
2026-10-04T04:22:59.4076116Z test parent_traversal_and_shared_text_prefixes_do_not_confer_root_authority ... ok
2026-10-04T04:22:59.4628201Z test a_trusted_root_alias_accepts_canonical_in_root_directory_targets ... ok
2026-10-04T04:22:59.4860597Z test replacing_a_resolved_directory_with_an_outside_link_is_rejected ... ok
2026-10-04T04:22:59.4874335Z test relative_link_chains_can_reach_an_absolute_in_root_directory ... ok
2026-10-04T04:22:59.4965177Z test relative_and_absolute_in_root_directory_links_materialize_regular_files ... ok
2026-10-04T04:22:59.5090515Z test renamed_source_root_keeps_hashing_and_copying_the_retained_directory ... ok
2026-10-04T04:22:59.5354692Z test replacing_an_in_root_link_with_an_outside_target_preserves_old_output ... ok
2026-10-04T04:22:59.5981705Z test trusted_root_alias_preserves_parent_directory_alias_spellings ... ok
2026-10-04T04:22:59.5982312Z 
2026-10-04T04:22:59.5982769Z test result: ok. 10 passed; 0 failed; 0 ignored; 0 measured; 0 filtered out; finished in 0.21s
2026-10-04T04:22:59.5983833Z 
2026-10-04T04:22:59.6006730Z      Running tests\event_tests.rs (target\debug\deps\event_tests-4778377ae12b2e85.exe)
2026-10-04T04:22:59.6127448Z 
2026-10-04T04:22:59.6128310Z running 6 tests
2026-10-04T04:22:59.6134893Z test event_child_writer ... ok
2026-10-04T04:22:59.6232958Z test read_events_matches_go_rotated_order_filters_and_corrupt_lines ... ok
2026-10-04T04:22:59.6293724Z 
2026-10-04T04:22:59.6296040Z running 1 test
2026-10-04T04:22:59.6319193Z test event_child_writer ... test timestamp_and_tool_version_are_written_deterministically ... ok
2026-10-04T04:22:59.6725581Z test install_and_uninstall_success_and_refusal_events_are_recorded ... ok
2026-10-04T04:22:59.7065857Z test exact_mib_boundary_stays_current_and_next_record_rotates ... ok
2026-10-04T04:23:00.1331157Z ok
2026-10-04T04:23:00.1331393Z 
2026-10-04T04:23:00.1331924Z test result: ok. 1 passed; 0 failed; 0 ignored; 0 measured; 5 filtered out; finished in 0.50s
2026-10-04T04:23:00.1332606Z 
2026-10-04T04:23:00.1445925Z 
2026-10-04T04:23:00.1448866Z running 1 test
2026-10-04T04:23:00.1486160Z test event_child_writer ... 
2026-10-04T04:23:00.1496489Z running 1 test
2026-10-04T04:23:00.1549498Z test event_child_writer ... ok
2026-10-04T04:23:00.1618735Z 
2026-10-04T04:23:00.1684747Z test result: ok. 1 passed; 0 failed; 0 ignored; 0 measured; 5 filtered out; finished in 0.00s
2026-10-04T04:23:00.1685432Z 
2026-10-04T04:23:00.1741182Z ok
2026-10-04T04:23:00.1753088Z 
2026-10-04T04:23:00.1775428Z test result: ok. 1 passed; 0 failed; 0 ignored; 0 measured; 5 filtered out; finished in 0.00s
2026-10-04T04:23:00.1780263Z 
2026-10-04T04:23:00.1790579Z 
2026-10-04T04:23:00.1792698Z running 1 test
2026-10-04T04:23:00.1794711Z test event_child_writer ... 
2026-10-04T04:23:00.1795388Z running 1 test
2026-10-04T04:23:00.1795907Z test event_child_writer ... 
2026-10-04T04:23:00.1796466Z running 1 test
2026-10-04T04:23:00.1796971Z test event_child_writer ... ok
2026-10-04T04:23:00.1797558Z 
2026-10-04T04:23:00.1797996Z test result: ok. 1 passed; 0 failed; 0 ignored; 0 measured; 5 filtered out; finished in 0.01s
2026-10-04T04:23:00.1798561Z 
2026-10-04T04:23:00.1798568Z 
2026-10-04T04:23:00.1798705Z running 1 test
2026-10-04T04:23:00.1798996Z test event_child_writer ... 
2026-10-04T04:23:00.1799241Z running 1 test
2026-10-04T04:23:00.1799438Z test event_child_writer ... 
2026-10-04T04:23:00.1799663Z running 1 test
2026-10-04T04:23:00.1799861Z test event_child_writer ... ok
2026-10-04T04:23:00.1800016Z 
2026-10-04T04:23:00.1800267Z test result: ok. 1 passed; 0 failed; 0 ignored; 0 measured; 5 filtered out; finished in 0.01s
2026-10-04T04:23:00.1800604Z 
2026-10-04T04:23:00.1800674Z ok
2026-10-04T04:23:00.1800765Z 
2026-10-04T04:23:00.1801014Z test result: ok. 1 passed; 0 failed; 0 ignored; 0 measured; 5 filtered out; finished in 0.01s
2026-10-04T04:23:00.1801347Z 
2026-10-04T04:23:00.1801351Z 
2026-10-04T04:23:00.1801424Z running 1 test
2026-10-04T04:23:00.1802114Z test event_child_writer ... 
2026-10-04T04:23:00.1802351Z running 1 test
2026-10-04T04:23:00.1802555Z test event_child_writer ... ok
2026-10-04T04:23:00.1802715Z 
2026-10-04T04:23:00.1802970Z test result: ok. 1 passed; 0 failed; 0 ignored; 0 measured; 5 filtered out; finished in 0.01s
2026-10-04T04:23:00.1803306Z 
2026-10-04T04:23:00.1803309Z 
2026-10-04T04:23:00.1803390Z running 1 test
2026-10-04T04:23:00.1803583Z test event_child_writer ... 
2026-10-04T04:23:00.1803800Z running 1 test
2026-10-04T04:23:00.1803990Z test event_child_writer ... ok
2026-10-04T04:23:00.1804139Z 
2026-10-04T04:23:00.1804381Z test result: ok. 1 passed; 0 failed; 0 ignored; 0 measured; 5 filtered out; finished in 0.01s
2026-10-04T04:23:00.1804701Z 
2026-10-04T04:23:00.1804773Z ok
2026-10-04T04:23:00.1804863Z 
2026-10-04T04:23:00.1805095Z test result: ok. 1 passed; 0 failed; 0 ignored; 0 measured; 5 filtered out; finished in 0.01s
2026-10-04T04:23:00.1805416Z 
2026-10-04T04:23:00.1805487Z ok
2026-10-04T04:23:00.1805571Z 
2026-10-04T04:23:00.1805806Z test result: ok. 1 passed; 0 failed; 0 ignored; 0 measured; 5 filtered out; finished in 0.00s
2026-10-04T04:23:00.1806128Z 
2026-10-04T04:23:00.1806187Z ok
2026-10-04T04:23:00.1806429Z 
2026-10-04T04:23:00.1806674Z test result: ok. 1 passed; 0 failed; 0 ignored; 0 measured; 5 filtered out; finished in 0.00s
2026-10-04T04:23:00.1806990Z 
2026-10-04T04:23:00.1837840Z ok
2026-10-04T04:23:00.1838040Z 
2026-10-04T04:23:00.1838486Z test result: ok. 1 passed; 0 failed; 0 ignored; 0 measured; 5 filtered out; finished in 0.02s
2026-10-04T04:23:00.1839063Z 
2026-10-04T04:23:00.1873209Z ok
2026-10-04T04:23:00.1873385Z 
2026-10-04T04:23:00.1873843Z test result: ok. 1 passed; 0 failed; 0 ignored; 0 measured; 5 filtered out; finished in 0.01s
2026-10-04T04:23:00.1874435Z 
2026-10-04T04:23:00.1905448Z test real_child_processes_contend_without_corrupting_jsonl ... ok
2026-10-04T04:23:00.1906072Z 
2026-10-04T04:23:00.1906518Z test result: ok. 6 passed; 0 failed; 0 ignored; 0 measured; 0 filtered out; finished in 0.58s
2026-10-04T04:23:00.1907118Z 
2026-10-04T04:23:00.1926800Z      Running tests\generated_artifact_tests.rs (target\debug\deps\generated_artifact_tests-36e966aabc63d2be.exe)
2026-10-04T04:23:00.2069797Z 
2026-10-04T04:23:00.2070485Z running 1 test
2026-10-04T04:23:00.2128903Z test generated_cache_resources_are_reported_and_clean_skills_are_not ... ok
2026-10-04T04:23:00.2129477Z 
2026-10-04T04:23:00.2129911Z test result: ok. 1 passed; 0 failed; 0 ignored; 0 measured; 0 filtered out; finished in 0.01s
2026-10-04T04:23:00.2130510Z 
2026-10-04T04:23:00.2151350Z      Running tests\input_bounds.rs (target\debug\deps\input_bounds-e3684fdb0eb377a8.exe)
2026-10-04T04:23:00.2278001Z 
2026-10-04T04:23:00.2278912Z running 7 tests
2026-10-04T04:23:00.2376473Z test oversized_control_files_rejected_before_parse ... ok
2026-10-04T04:23:00.2378099Z test aggregate_resource_bytes_exact_boundary_and_one_over ... ok
2026-10-04T04:23:00.2499565Z test library_rejections_and_normal_order_are_stable ... ok
2026-10-04T04:23:00.4119630Z test frontmatter_lf_and_crlf_exact_boundary_and_one_over ... ok
2026-10-04T04:23:00.7363804Z test resource_depth_exact_boundary_and_one_over ... ok
2026-10-04T04:23:01.5156257Z test resource_entries_exact_boundary_and_one_over ... ok
2026-10-04T04:23:07.8376283Z test runner_shares_input_budget_across_library_bundles ... ok
2026-10-04T04:23:07.8376782Z 
2026-10-04T04:23:07.8377232Z test result: ok. 7 passed; 0 failed; 0 ignored; 0 measured; 0 filtered out; finished in 7.61s
2026-10-04T04:23:07.8377816Z 
2026-10-04T04:23:07.8402783Z      Running tests\install_oracle_tests.rs (target\debug\deps\install_oracle_tests-0fcffb52392632a2.exe)
2026-10-04T04:23:07.8519026Z 
2026-10-04T04:23:07.8519572Z running 1 test
2026-10-04T04:23:08.2157047Z test go_install_status_fixture_matches_rust_statuses_and_artifacts ... ok
2026-10-04T04:23:08.2157610Z 
2026-10-04T04:23:08.2158035Z test result: ok. 1 passed; 0 failed; 0 ignored; 0 measured; 0 filtered out; finished in 0.36s
2026-10-04T04:23:08.2158798Z 
2026-10-04T04:23:08.2184302Z      Running tests\install_tests.rs (target\debug\deps\install_tests-66bf527d55273747.exe)
2026-10-04T04:23:08.2304272Z 
2026-10-04T04:23:08.2305043Z running 6 tests
2026-10-04T04:23:08.2327617Z test marker_round_trip_keeps_unknown_fields ... ok
2026-10-04T04:23:08.2357085Z test dry_run_does_not_create_destination_or_base ... ok
2026-10-04T04:23:08.2766146Z test install_copy_writes_marker_base_and_strips_executable_bits ... ok
2026-10-04T04:23:08.3549182Z test reinstall_preserves_unknown_marker_fields_and_refuses_new_schema ... ok
2026-10-04T04:23:08.3979676Z test drift_table_and_status_are_deterministic ... ok
2026-10-04T04:23:08.4163252Z test replacement_faults_leave_old_destination_untouched ... ok
2026-10-04T04:23:08.4163780Z 
2026-10-04T04:23:08.4164273Z test result: ok. 6 passed; 0 failed; 0 ignored; 0 measured; 0 filtered out; finished in 0.19s
2026-10-04T04:23:08.4165195Z 
2026-10-04T04:23:08.4206484Z      Running tests\model_security_tests.rs (target\debug\deps\model_security_tests-69cd4e0f54ecb11a.exe)
2026-10-04T04:23:08.4319355Z 
2026-10-04T04:23:08.4319586Z running 5 tests
2026-10-04T04:23:08.4382510Z test relative_root_is_stored_as_an_absolute_logical_path ... ok
2026-10-04T04:23:08.4410873Z test manifest_inline_tables_match_go_oracle ... ok
2026-10-04T04:23:08.4414446Z test missing_optional_overlay_trees_are_empty ... ok
2026-10-04T04:23:08.4463799Z test manifest_root_types_are_errors ... ok
2026-10-04T04:23:08.4556336Z test resource_size_boundary_is_enforced_before_materialization ... ok
2026-10-04T04:23:08.4557228Z 
2026-10-04T04:23:08.4558211Z test result: ok. 5 passed; 0 failed; 0 ignored; 0 measured; 0 filtered out; finished in 0.02s
2026-10-04T04:23:08.4559567Z 
2026-10-04T04:23:08.4586734Z      Running tests\model_tests.rs (target\debug\deps\model_tests-97775300fdf6af4c.exe)
2026-10-04T04:23:08.4773876Z 
2026-10-04T04:23:08.4774875Z running 8 tests
2026-10-04T04:23:08.5023265Z test frontmatter_normalizes_crlf_and_string_lists ... ok
2026-10-04T04:23:08.5029206Z test malformed_frontmatter_is_rejected_with_a_specific_error ... ok
2026-10-04T04:23:08.5034799Z test source_fixture_loads_frontmatter_manifest_and_resources ... ok
2026-10-04T04:23:08.5138118Z test validation_matches_name_limits_and_render_blocking_policy ... ok
2026-10-04T04:23:08.5140245Z test validation_rejects_parent_traversal_overlay_reference ... ok
2026-10-04T04:23:08.5141612Z test loader_matches_go_oracle_fixture ... ok
2026-10-04T04:23:08.5258629Z test validation_reports_source_marker_line_and_known_target_warnings ... ok
2026-10-04T04:23:08.5279428Z test variant_fixture_loads_markdown_and_overrides ... ok
2026-10-04T04:23:08.5280111Z 
2026-10-04T04:23:08.5280775Z test result: ok. 8 passed; 0 failed; 0 ignored; 0 measured; 0 filtered out; finished in 0.05s
2026-10-04T04:23:08.5281366Z 
2026-10-04T04:23:08.5312129Z      Running tests\project_identity_tests.rs (target\debug\deps\project_identity_tests-5c31e540b5a8d1c6.exe)
2026-10-04T04:23:08.5502890Z 
2026-10-04T04:23:08.5503404Z running 1 test
2026-10-04T04:23:08.7295777Z test same_skill_name_has_independent_project_base_status_and_uninstall ... ok
2026-10-04T04:23:08.7296473Z 
2026-10-04T04:23:08.7296949Z test result: ok. 1 passed; 0 failed; 0 ignored; 0 measured; 0 filtered out; finished in 0.18s
2026-10-04T04:23:08.7297540Z 
2026-10-04T04:23:08.7320507Z      Running tests\recovery_uninstall_smoke.rs (target\debug\deps\recovery_uninstall_smoke-692cae21eafcf9d7.exe)
2026-10-04T04:23:08.7435473Z 
2026-10-04T04:23:08.7435685Z running 3 tests
2026-10-04T04:23:08.7758324Z test uninstall_dry_run_has_no_side_effects ... ok
2026-10-04T04:23:08.8006418Z test uninstall_is_transactional_and_writes_tombstone ... ok
2026-10-04T04:23:08.8102732Z test project_uninstall_migrates_legacy_base_to_identity_tombstone ... ok
2026-10-04T04:23:08.8103314Z 
2026-10-04T04:23:08.8103768Z test result: ok. 3 passed; 0 failed; 0 ignored; 0 measured; 0 filtered out; finished in 0.07s
2026-10-04T04:23:08.8104710Z 
2026-10-04T04:23:08.8133552Z      Running tests\relative_root_tests.rs (target\debug\deps\relative_root_tests-a7401ac4e45a0b7d.exe)
2026-10-04T04:23:08.8254798Z 
2026-10-04T04:23:08.8255302Z running 1 test
2026-10-04T04:23:08.8292576Z test dot_root_keeps_go_absolute_path_and_validation_diagnostic ... ok
2026-10-04T04:23:08.8293106Z 
2026-10-04T04:23:08.8293587Z test result: ok. 1 passed; 0 failed; 0 ignored; 0 measured; 0 filtered out; finished in 0.00s
2026-10-04T04:23:08.8294213Z 
2026-10-04T04:23:08.8317542Z      Running tests\render_materialize_tests.rs (target\debug\deps\render_materialize_tests-72d277618d8b1143.exe)
2026-10-04T04:23:08.8446606Z 
2026-10-04T04:23:08.8447078Z running 7 tests
2026-10-04T04:23:08.8681999Z test materialization_keeps_nested_marker_as_resource ... ok
2026-10-04T04:23:08.9488254Z test materialization_rebuilds_poisoned_output_manifest ... ok
2026-10-04T04:23:08.9685649Z test materialization_faults_preserve_old_tree ... ok
2026-10-04T04:23:09.0186617Z test all_source_targets_match_go_golden_trees ... ok
2026-10-04T04:23:09.0266101Z test all_variant_targets_match_go_golden_trees ... ok
2026-10-04T04:23:09.0698040Z test materialization_serializes_concurrent_same_destination ... ok
2026-10-04T04:23:10.4925661Z test materialization_rejects_oversized_preserved_metadata ... ok
2026-10-04T04:23:10.4926068Z 
2026-10-04T04:23:10.4926382Z test result: ok. 7 passed; 0 failed; 0 ignored; 0 measured; 0 filtered out; finished in 1.65s
2026-10-04T04:23:10.4926803Z 
2026-10-04T04:23:10.4949833Z      Running tests\render_tests.rs (target\debug\deps\render_tests-eb86781e60a8ebbb.exe)
2026-10-04T04:23:10.5057130Z 
2026-10-04T04:23:10.5057435Z running 12 tests
2026-10-04T04:23:10.5143210Z test capability_states_warn_unknown_and_force_unsupported ... ok
2026-10-04T04:23:10.5173323Z test forced_render_clears_compatibility_after_overlay ... ok
2026-10-04T04:23:10.5253116Z test missing_optional_render_overlays_are_empty ... ok
2026-10-04T04:23:10.5407026Z test materialize_merges_install_marker_metadata_with_deterministic_bytes ... ok
2026-10-04T04:23:10.5456377Z test materialization_failure_preserves_existing_tree ... ok
2026-10-04T04:23:10.5479147Z test opencode_source_matches_go_rendered_skill_bytes ... ok
2026-10-04T04:23:10.5497949Z test opencode_materialization_excludes_controls_and_preserves_support_bytes ... ok
2026-10-04T04:23:10.5502164Z test target_order_comes_from_canonical_harness_registry ... ok
2026-10-04T04:23:10.5564586Z test unknown_and_disabled_targets_are_rejected_before_rendering ... ok
2026-10-04T04:23:10.5589441Z test opencode_variant_resolves_markdown_but_not_non_markdown ... ok
2026-10-04T04:23:10.5590333Z test materialize_replaces_malformed_and_non_object_markers ... ok
2026-10-04T04:23:10.5620603Z test render_rejects_go_render_blocking_validation_cases ... ok
2026-10-04T04:23:10.5621076Z 
2026-10-04T04:23:10.5621390Z test result: ok. 12 passed; 0 failed; 0 ignored; 0 measured; 0 filtered out; finished in 0.06s
2026-10-04T04:23:10.5621762Z 
2026-10-04T04:23:10.5644097Z      Running tests\runner_env_tests.rs (target\debug\deps\runner_env_tests-44c8acacc0de23a3.exe)
2026-10-04T04:23:10.5751386Z 
2026-10-04T04:23:10.5751658Z running 6 tests
2026-10-04T04:23:10.5754442Z test child_resolves_defaults ... ignored, runs in a child process prepared by default_paths_match_the_go_oracle_for_every_resolution_branch
2026-10-04T04:23:10.5756246Z test child_runs_dry_run_with_legacy_binary ... ignored, runs in a child process prepared by a_legacy_symskills_binary_on_path_changes_nothing
2026-10-04T04:23:10.5928385Z test conflicting_home_variables_use_the_go_platform_home ... ok
2026-10-04T04:23:10.5990008Z test a_legacy_symskills_binary_on_path_changes_nothing ... ok
2026-10-04T04:23:10.6575513Z test default_paths_match_the_go_oracle_for_every_resolution_branch ... ok
2026-10-04T04:23:10.7056033Z test installed_symlinks_match_the_frozen_go_layout ... ok
2026-10-04T04:23:10.7056362Z 
2026-10-04T04:23:10.7056928Z test result: ok. 4 passed; 0 failed; 2 ignored; 0 measured; 0 filtered out; finished in 0.13s
2026-10-04T04:23:10.7057282Z 
2026-10-04T04:23:10.7080311Z      Running tests\runner_tests.rs (target\debug\deps\runner_tests-a5ed1aefac474823.exe)
2026-10-04T04:23:10.7190987Z 
2026-10-04T04:23:10.7191257Z running 6 tests
2026-10-04T04:23:10.7210451Z test fixture_records_every_go_scenario ... ok
2026-10-04T04:23:10.7222414Z test empty_library_is_not_an_error ... ok
2026-10-04T04:23:10.7242513Z test timeout_1ns_surfaces_deadline_exceeded ... ok
2026-10-04T04:23:10.7249341Z test unsupported_harness_yields_skipped_with_quoted_name ... ok
2026-10-04T04:23:10.7263157Z test broken_skill_names_the_target_in_the_install_path ... ok
2026-10-04T04:23:10.8308724Z test populated_library_processes_every_target_without_a_legacy_binary ... ok
2026-10-04T04:23:10.8309112Z 
2026-10-04T04:23:10.8309395Z test result: ok. 6 passed; 0 failed; 0 ignored; 0 measured; 0 filtered out; finished in 0.11s
2026-10-04T04:23:10.8309761Z 
2026-10-04T04:23:10.8333044Z      Running tests\status_parity_tests.rs (target\debug\deps\status_parity_tests-378a833493edb563.exe)
2026-10-04T04:23:10.8444525Z 
2026-10-04T04:23:10.8444892Z running 3 tests
2026-10-04T04:23:10.8965126Z test status_keeps_broken_managed_install_as_stale_row ... ok
2026-10-04T04:23:10.8973081Z test status_unmanaged_identity_preserves_marker_metadata ... ok
2026-10-04T04:23:10.9347925Z test status_sorts_rows_by_target_then_name_like_go ... ok
2026-10-04T04:23:10.9348376Z 
2026-10-04T04:23:10.9348792Z test result: ok. 3 passed; 0 failed; 0 ignored; 0 measured; 0 filtered out; finished in 0.09s
2026-10-04T04:23:10.9349157Z 
2026-10-04T04:23:10.9373369Z      Running tests\sync_policy_tests.rs (target\debug\deps\sync_policy_tests-1088732271db1ece.exe)
2026-10-04T04:23:10.9481553Z 
2026-10-04T04:23:10.9482042Z running 8 tests
2026-10-04T04:23:11.0600506Z test sync_harness_changed_uses_go_pull_diagnostic ... ok
2026-10-04T04:23:11.0616244Z test sync_default_explicitly_skips_conflicts ... ok
2026-10-04T04:23:11.1181632Z test sync_empty_scope_with_project_dir_is_user_scope ... ok
2026-10-04T04:23:11.1189448Z test sync_result_json_has_no_allow_executable_field ... ok
2026-10-04T04:23:11.1441325Z test sync_empty_mode_preserves_symlink_marker ... ok
2026-10-04T04:23:11.1832808Z test sync_skips_when_pull_lock_is_held ... ok
2026-10-04T04:23:11.1851321Z test sync_project_scope_uses_absolute_project_root ... ok
2026-10-04T04:23:11.1855385Z test sync_recovers_stale_pull_lock ... ok
2026-10-04T04:23:11.1855953Z 
2026-10-04T04:23:11.1856438Z test result: ok. 8 passed; 0 failed; 0 ignored; 0 measured; 0 filtered out; finished in 0.24s
2026-10-04T04:23:11.1857056Z 
2026-10-04T04:23:11.1881143Z      Running tests\variant_tests.rs (target\debug\deps\variant_tests-e848e2e774077845.exe)
2026-10-04T04:23:11.1988412Z 
2026-10-04T04:23:11.1988779Z running 8 tests
2026-10-04T04:23:11.2001816Z test apply_is_identity_without_markers_and_strips_markers_with_noop_regions ... ok
2026-10-04T04:23:11.2003576Z test malformed_markers_are_reported_and_unresolvable_terms_remain ... ok
2026-10-04T04:23:11.2007262Z test apply_handles_blocks_scopes_and_terms ... ok
2026-10-04T04:23:11.2008835Z test unscoped_mentions_ignore_scoped_and_fenced_text ... ok
2026-10-04T04:23:11.2015740Z test marker_grammar_matches_go_case_and_separator_rules ... ok
2026-10-04T04:23:11.2016734Z test diagnostic_messages_match_go_oracle ... ok
2026-10-04T04:23:11.2208026Z test variant_fixture_matches_each_target_resolution ... ok
2026-10-04T04:23:11.2208919Z test variant_outputs_match_go_target_goldens ... ok
2026-10-04T04:23:11.2209299Z 
2026-10-04T04:23:11.2209717Z test result: ok. 8 passed; 0 failed; 0 ignored; 0 measured; 0 filtered out; finished in 0.02s
2026-10-04T04:23:11.2210147Z 
2026-10-04T04:23:11.2237760Z      Running tests\windows_roots.rs (target\debug\deps\windows_roots-d20e78fa5d660bfb.exe)
2026-10-04T04:23:11.2354806Z 
2026-10-04T04:23:11.2355343Z running 2 tests
2026-10-04T04:23:11.3084738Z test drive_root_materializes_and_installs_real_skill ... ok
2026-10-04T04:23:11.3150595Z test junction_ancestors_are_refused_without_touching_outside ... ok
2026-10-04T04:23:11.3151023Z 
2026-10-04T04:23:11.3151324Z test result: ok. 2 passed; 0 failed; 0 ignored; 0 measured; 0 filtered out; finished in 0.08s
2026-10-04T04:23:11.3151671Z 
2026-10-04T04:23:11.3174693Z      Running unittests src\lib.rs (target\debug\deps\symbrain_usage-2b24cbcc385e7df4.exe)
2026-10-04T04:23:11.3295471Z 
2026-10-04T04:23:11.3295890Z running 63 tests
2026-10-04T04:23:11.3310097Z test providers::antigravity_tests::parses_every_go_antigravity_candidate_and_listening_port ... ok
2026-10-04T04:23:11.3311974Z test model::tests::report_timestamps_trim_fractional_zeroes_like_go_rfc3339nano ... ok
2026-10-04T04:23:11.3313697Z test providers::antigravity_tests::pid_above_go_lsof_limit_does_not_invoke_probe_or_send_http ... ok
2026-10-04T04:23:11.3569771Z test providers::opencode_discovery_tests::corpus_replays_case_for_case_against_the_shipped_recording ... ok
2026-10-04T04:23:11.3576017Z test providers::opencode_discovery_tests::provenance::provenance_checks_hashes_and_rejects_mutation ... ok
2026-10-04T04:23:11.3579365Z test providers::provider_config::tests::base64url_decoding_round_trips_a_json_payload ... ok
2026-10-04T04:23:11.3591850Z test providers::provider_config::tests::bounded_credential_file_read_rejects_oversized_files ... ok
2026-10-04T04:23:11.3594911Z test providers::provider_config::tests::claude_file_credential_can_be_combined_with_proven_sources ... ok
2026-10-04T04:23:11.3681697Z test providers::provider_config::tests::claude_file_token_accepts_only_go_equivalent_deterministic_shapes ... ok
2026-10-04T04:23:11.3688442Z test providers::opencode_discovery_tests::replay_rejects_altered_recorded_result_and_request ... ok
2026-10-04T04:23:11.3692097Z test providers::provider_config::tests::claude_oauth_source_preempts_keychain_fallback ... ok
2026-10-04T04:23:11.3694134Z test providers::provider_config::tests::claude_keychain_blob_parser_matches_go_typed_decoder_cases ... ok
2026-10-04T04:23:11.3703759Z test providers::provider_config::tests::claude_token_falls_back_to_any_account_with_a_token ... ok
2026-10-04T04:23:11.3706601Z test providers::provider_config::tests::claude_token_prefers_the_default_account ... ok
2026-10-04T04:23:11.3707859Z test providers::provider_config::tests::codex_file_credential_can_be_combined_with_proven_sources ... ok
2026-10-04T04:23:11.3709229Z test providers::provider_config::tests::codex_provider_reports_file_source_and_keeps_invalid_file_status ... ok
2026-10-04T04:23:11.3717499Z test providers::provider_config::tests::codex_token_ignores_a_logged_out_auth_file ... ok
2026-10-04T04:23:11.3723520Z test providers::provider_config::tests::codex_token_reads_both_shipped_shapes ... ok
2026-10-04T04:23:11.3733361Z test providers::provider_config::tests::copilot_token_prefers_the_github_host_entry ... ok
2026-10-04T04:23:11.3749010Z test providers::provider_config::tests::copilot_token_reads_hosts_json_after_apps_json ... ok
2026-10-04T04:23:11.3760150Z test providers::provider_config::tests::json_pointer_lookup_ignores_missing_and_empty_values ... ok
2026-10-04T04:23:11.3763084Z test providers::provider_config::tests::keychain_dump_lines_yield_service_names ... ok
2026-10-04T04:23:11.3790159Z test providers::provider_config::tests::kimi_device_id_native_gate_accepts_only_absent_or_readable_ascii_files ... ok
2026-10-04T04:23:11.3870587Z test providers::provider_config::tests::copilot_file_token_matches_go_for_native_shapes_and_rejects_unproven_files ... ok
2026-10-04T04:23:11.3876586Z test providers::provider_config::tests::kimi_file_candidate_matches_only_the_source_bound_native_shapes ... ok
2026-10-04T04:23:11.3888239Z test providers::provider_config::tests::kimi_store_reads_token_and_trims_the_device_id ... ok
2026-10-04T04:23:11.3891692Z test providers::provider_config::tests::nous_token_accepts_a_live_jwt ... ok
2026-10-04T04:23:11.3902292Z test providers::provider_config::tests::nous_token_ignores_providers_other_than_nous ... ok
2026-10-04T04:23:11.3912893Z test providers::provider_config::tests::nous_token_prefers_the_scoped_invoke_jwt ... ok
2026-10-04T04:23:11.3926161Z test providers::provider_config::tests::nous_token_skips_jwt_shaped_tokens_that_expired ... ok
2026-10-04T04:23:11.3938440Z test providers::provider_config::tests::routing_metadata_treats_indeterminate_and_symlink_paths_as_present ... ok
2026-10-04T04:23:11.3941786Z test providers::provider_config::tests::secret_references_and_unproven_sources_keep_go_fallback ... ok
2026-10-04T04:23:11.3944682Z test providers::provider_config::tests::supported_provider_credentials_can_be_combined_natively ... ok
2026-10-04T04:23:11.3948965Z test providers::provider_config::tests::supported_provider_overrides_are_narrow_and_go_equivalent ... ok
2026-10-04T04:23:11.3952607Z test providers::provider_requests::tests::invalid_provider_base_urls_fail_closed_to_defaults ... ok
2026-10-04T04:23:11.3990198Z test providers::provider_requests::tests::request_oracle::antigravity_local_probe_report_and_requests_match_production_go_oracle ... ok
2026-10-04T04:23:11.4021723Z test providers::provider_requests::tests::request_oracle::authenticated_claude_admin_report_matches_go_success_and_failure_oracles ... ok
2026-10-04T04:23:11.4043394Z test providers::provider_requests::tests::request_oracle::authenticated_claude_keychain_report_matches_go_production_builder ... ok
2026-10-04T04:23:11.4064907Z test providers::provider_requests::tests::request_oracle::authenticated_claude_oauth_file_report_matches_go_build_report_oracle ... ok
2026-10-04T04:23:11.4086563Z test providers::provider_requests::tests::request_oracle::authenticated_claude_oauth_report_matches_go_build_report_oracle ... ok
2026-10-04T04:23:11.4089930Z test providers::provider_config::tests::nous_file_candidate_matches_source_bound_plain_and_live_jwt_tokens ... ok
2026-10-04T04:23:11.4131351Z test providers::provider_requests::tests::request_oracle::authenticated_codex_report_matches_go_success_and_failure_oracles ... ok
2026-10-04T04:23:11.4150192Z test providers::provider_requests::tests::request_oracle::authenticated_codex_file_report_matches_go_success_and_failure_oracles ... ok
2026-10-04T04:23:11.4155352Z test providers::provider_requests::tests::request_oracle::authenticated_copilot_file_report_matches_go_success_and_failure_oracles ... ok
2026-10-04T04:23:11.4185169Z test providers::provider_requests::tests::request_oracle::authenticated_copilot_report_matches_go_success_and_failure_oracles ... ok
2026-10-04T04:23:11.4190696Z test providers::provider_requests::tests::request_oracle::authenticated_cursor_report_matches_go_success_and_failure_oracles ... ok
2026-10-04T04:23:11.4220826Z test providers::provider_requests::tests::request_oracle::authenticated_kimi_report_matches_go_success_and_failure_oracles ... ok
2026-10-04T04:23:11.4226208Z test providers::provider_requests::tests::request_oracle::authenticated_moonshot_report_matches_go_success_and_failure_oracles ... ok
2026-10-04T04:23:11.4259230Z test providers::provider_requests::tests::request_oracle::authenticated_nous_live_jwt_file_matches_go_production_constructor ... ok
2026-10-04T04:23:11.4266096Z test providers::provider_requests::tests::request_oracle::authenticated_nous_report_matches_go_success_and_failure_oracles ... ok
2026-10-04T04:23:11.4281769Z test providers::provider_requests::tests::request_oracle::authenticated_opencode_report_matches_go_success_oracle_and_workspace_walk ... ok
2026-10-04T04:23:11.4302398Z test providers::provider_requests::tests::request_oracle::authenticated_openrouter_report_matches_go_success_and_failure_oracles ... ok
2026-10-04T04:23:11.4305605Z test providers::provider_requests::tests::request_oracle::combined_native_providers_match_the_production_go_report_and_overrides ... ok
2026-10-04T04:23:11.4314678Z test providers::provider_requests::tests::request_oracle::nous_environment_credential_precedes_the_default_file ... ok
2026-10-04T04:23:11.4319681Z test providers::provider_requests::tests::request_oracle::kimi_cli_and_web_fallback_reports_match_production_go_chains ... ok
2026-10-04T04:23:11.4321200Z test deadline_tests::provider_timeout_keeps_timeout_error_classification ... ok
2026-10-04T04:23:11.4324099Z test providers::provider_requests::tests::trusted_urls_reject_private_and_ambiguous_authorities ... ok
2026-10-04T04:23:11.4330375Z test providers::usage_fetch_oracle_tests::copilot_enterprise_authority_keeps_transport_validation ... ok
2026-10-04T04:23:11.4345131Z test providers::provider_requests::tests::request_oracle::provider_error_texts_match_the_shipped_oracle_recording ... ok
2026-10-04T04:23:11.4384127Z test providers::provider_requests::tests::request_oracle::requests_match_the_shipped_oracle_recording ... ok
2026-10-04T04:23:11.4448203Z test deadline_tests::absolute_report_deadline_cancels_inflight_and_skips_later_batch ... ok
2026-10-04T04:23:11.4912074Z test providers::usage_fetch_oracle_tests::usage_fetch_620_reports_and_all_identity_headers_match_go ... ok
2026-10-04T04:23:11.6593751Z test transport::tests::ureq_caps_loopback_tls_stall_to_absolute_cancellation_deadline ... ok
2026-10-04T04:23:11.6594312Z 
2026-10-04T04:23:11.6595013Z test result: ok. 63 passed; 0 failed; 0 ignored; 0 measured; 0 filtered out; finished in 0.33s
2026-10-04T04:23:11.6595521Z 
2026-10-04T04:23:11.6626791Z      Running tests\secret_oracle_tests.rs (target\debug\deps\secret_oracle_tests-834c5cc45d299285.exe)
2026-10-04T04:23:11.6737702Z 
2026-10-04T04:23:11.6738128Z running 8 tests
2026-10-04T04:23:11.6762048Z test alias_and_canonical_resolve_identically ... ok
2026-10-04T04:23:11.6763019Z test failed_cases_pin_the_no_plaintext_leak_invariant ... ok
2026-10-04T04:23:11.6764751Z test fixture_pins_timeout_surface_count_and_ids ... ok
2026-10-04T04:23:11.6775455Z test scheme_acceptance_matches_go_classification ... ok
2026-10-04T04:23:11.9284233Z test non_utf8_secret_fails_closed_instead_of_silently_changing_bytes ... ok
2026-10-04T04:23:12.0116966Z test resolve_or_env_precedence_matches_go ... ok
2026-10-04T04:23:12.0461898Z test resolve_value_and_error_bytes_match_go ... ok
2026-10-04T04:23:14.0644057Z test shrunk_timeout_error_bytes_match_go ... ok
2026-10-04T04:23:14.0645021Z 
2026-10-04T04:23:14.0645588Z test result: ok. 8 passed; 0 failed; 0 ignored; 0 measured; 0 filtered out; finished in 2.39s
2026-10-04T04:23:14.0646309Z 
2026-10-04T04:23:14.0668083Z      Running tests\usage_tests.rs (target\debug\deps\usage_tests-69518c8f0adb801c.exe)
2026-10-04T04:23:14.0779229Z 
2026-10-04T04:23:14.0779481Z running 9 tests
2026-10-04T04:23:14.0792628Z test already_cancelled_report_does_not_start_provider_requests ... ok
2026-10-04T04:23:14.0798521Z test provider_graph_fixture_is_source_bound_to_go_contract ... ok
2026-10-04T04:23:14.0809472Z test provider_cases_bind_requests_responses_auth_and_errors ... ok
2026-10-04T04:23:14.0843908Z test fixture_report_covers_complete_provider_graph_in_contract_order ... ok
2026-10-04T04:23:14.0993976Z test provider_queries_are_bounded_and_timeout_all_pending_slots ... ok
2026-10-04T04:23:14.0998973Z test status_errors_keep_provider_specific_taxonomy_and_retry_detail ... ok
2026-10-04T04:23:14.1020347Z test report_join_does_not_return_while_finite_noncooperative_worker_is_active ... ok
2026-10-04T04:23:14.1071765Z test provider_cases_compare_complete_requests_headers_strategies_snapshots_and_errors ... ok
2026-10-04T04:23:14.1915728Z test reports_join_cooperative_workers_and_bound_batches_across_repeated_calls ... ok
2026-10-04T04:23:14.1916303Z 
2026-10-04T04:23:14.1916650Z test result: ok. 9 passed; 0 failed; 0 ignored; 0 measured; 0 filtered out; finished in 0.11s
2026-10-04T04:23:14.1917103Z 
2026-10-04T04:23:14.1940426Z      Running unittests src\lib.rs (target\debug\deps\symguard_cli-6f6418b0d83dd1d9.exe)
2026-10-04T04:23:14.2045903Z 
2026-10-04T04:23:14.2046246Z running 19 tests
2026-10-04T04:23:14.2057405Z test guard_doctor::tests::allowlist_is_deny_by_default_and_prefix_matched ... ok
2026-10-04T04:23:14.2059994Z test guard_doctor::tests::multiple_secret_keys_on_one_server_are_sorted ... ok
2026-10-04T04:23:14.2063584Z test guard_doctor::tests::secret_heuristic_matches_go ... ok
2026-10-04T04:23:14.2064571Z test guard_doctor::tests::unsupported_missing_equals_offenders_stay_gated ... ok
2026-10-04T04:23:14.2068002Z test guard_doctor::tests::config_parses_the_healthy_fixture_and_gates_on_invalid_toml ... ok
2026-10-04T04:23:14.2069280Z test guard_scan::tests::empty_format_value_resolves_to_default ... ok
2026-10-04T04:23:14.2073181Z test guard_scan::tests::json_typed_fields_fail_instead_of_being_dropped ... ok
2026-10-04T04:23:14.2074261Z test guard_scan::tests::missing_source_error_classification_matches_go_platform_behavior ... ok
2026-10-04T04:23:14.2075262Z test guard_scan::tests::jsonc_preserves_urls_and_removes_comments ... ok
2026-10-04T04:23:14.2078756Z test guard_scan::tests::source_paths_clean_parent_components ... ok
2026-10-04T04:23:14.2081280Z test guard_scan::tests::opencode_environment_is_merged_and_redacted ... ok
2026-10-04T04:23:14.2082631Z test guard_scan::tests::source_paths_clean_slash_form_windows_base ... ok
2026-10-04T04:23:14.2084224Z test guard_doctor::tests::audit_status_reports_all_three_states ... ok
2026-10-04T04:23:14.2087056Z test guard_version::tests::version_output_failures_are_nonzero_in_both_formats ... ok
2026-10-04T04:23:14.2088290Z test tests::audit_path_prefers_xdg_then_home_then_temp ... ok
2026-10-04T04:23:14.2092244Z test guard_scan::tests::yaml_environment_is_not_merged ... ok
2026-10-04T04:23:14.2092774Z test tests::top_level_guard_routes_match_go ... ok
2026-10-04T04:23:14.2093135Z test tests::unknown_verb_matches_go_dispatch ... ok
2026-10-04T04:23:14.2107143Z test tests::decide_preserves_go_trailing_json_diagnostic ... ok
2026-10-04T04:23:14.2108139Z 
2026-10-04T04:23:14.2108588Z test result: ok. 19 passed; 0 failed; 0 ignored; 0 measured; 0 filtered out; finished in 0.01s
2026-10-04T04:23:14.2108951Z 
2026-10-04T04:23:14.2127594Z      Running unittests src\main.rs (target\debug\deps\symguard-b8dae2194e4cf73f.exe)
2026-10-04T04:23:14.2228343Z 
2026-10-04T04:23:14.2228795Z running 0 tests
2026-10-04T04:23:14.2229400Z 
2026-10-04T04:23:14.2229906Z test result: ok. 0 passed; 0 failed; 0 ignored; 0 measured; 0 filtered out; finished in 0.00s
2026-10-04T04:23:14.2230544Z 
2026-10-04T04:23:14.2245577Z      Running tests\raw_diagnostics.rs (target\debug\deps\raw_diagnostics-d6ac782308b91c43.exe)
2026-10-04T04:23:14.2344795Z 
2026-10-04T04:23:14.2345037Z running 0 tests
2026-10-04T04:23:14.2345283Z 
2026-10-04T04:23:14.2345766Z test result: ok. 0 passed; 0 failed; 0 ignored; 0 measured; 0 filtered out; finished in 0.00s
2026-10-04T04:23:14.2346393Z 
2026-10-04T04:23:14.2362649Z      Running tests\standalone.rs (target\debug\deps\standalone-3a474b0ffdd0776d.exe)
2026-10-04T04:23:14.2463795Z 
2026-10-04T04:23:14.2464012Z running 3 tests
2026-10-04T04:23:14.2662043Z test standalone_decide_keeps_private_guard_audit_state ... ok
2026-10-04T04:23:14.2679775Z test unsupported_doctor_config_is_explicitly_fail_closed ... ok
2026-10-04T04:23:14.2851361Z test standalone_routes_and_handshake_do_not_require_brain_or_go ... ok
2026-10-04T04:23:14.2851972Z 
2026-10-04T04:23:14.2852287Z test result: ok. 3 passed; 0 failed; 0 ignored; 0 measured; 0 filtered out; finished in 0.04s
2026-10-04T04:23:14.2852645Z 
2026-10-04T04:23:14.2868779Z    Doc-tests symbrain_activity
2026-10-04T04:23:14.4674396Z 
2026-10-04T04:23:14.4674875Z running 0 tests
2026-10-04T04:23:14.4675151Z 
2026-10-04T04:23:14.4675504Z test result: ok. 0 passed; 0 failed; 0 ignored; 0 measured; 0 filtered out; finished in 0.00s
2026-10-04T04:23:14.4675965Z 
2026-10-04T04:23:14.4755844Z    Doc-tests symbrain_adapter
2026-10-04T04:23:14.5437621Z 
2026-10-04T04:23:14.5438175Z running 0 tests
2026-10-04T04:23:14.5438421Z 
2026-10-04T04:23:14.5438875Z test result: ok. 0 passed; 0 failed; 0 ignored; 0 measured; 0 filtered out; finished in 0.00s
2026-10-04T04:23:14.5440003Z 
2026-10-04T04:23:14.5513410Z    Doc-tests symbrain_audit
2026-10-04T04:23:14.6502536Z 
2026-10-04T04:23:14.6503060Z running 0 tests
2026-10-04T04:23:14.6503333Z 
2026-10-04T04:23:14.6504219Z test result: ok. 0 passed; 0 failed; 0 ignored; 0 measured; 0 filtered out; finished in 0.00s
2026-10-04T04:23:14.6504869Z 
2026-10-04T04:23:14.6585031Z    Doc-tests symbrain_broker
2026-10-04T04:23:14.7369513Z 
2026-10-04T04:23:14.7370196Z running 0 tests
2026-10-04T04:23:14.7370469Z 
2026-10-04T04:23:14.7370952Z test result: ok. 0 passed; 0 failed; 0 ignored; 0 measured; 0 filtered out; finished in 0.00s
2026-10-04T04:23:14.7371600Z 
2026-10-04T04:23:14.7445947Z    Doc-tests symbrain_catalog
2026-10-04T04:23:14.8054944Z 
2026-10-04T04:23:14.8055446Z running 0 tests
2026-10-04T04:23:14.8055729Z 
2026-10-04T04:23:14.8056038Z test result: ok. 0 passed; 0 failed; 0 ignored; 0 measured; 0 filtered out; finished in 0.00s
2026-10-04T04:23:14.8056393Z 
2026-10-04T04:23:14.8131150Z    Doc-tests symbrain_cli
2026-10-04T04:23:15.1271995Z 
2026-10-04T04:23:15.1272704Z running 0 tests
2026-10-04T04:23:15.1272966Z 
2026-10-04T04:23:15.1273460Z test result: ok. 0 passed; 0 failed; 0 ignored; 0 measured; 0 filtered out; finished in 0.00s
2026-10-04T04:23:15.1274460Z 
2026-10-04T04:23:15.1356409Z    Doc-tests symbrain_core
2026-10-04T04:23:15.2116718Z 
2026-10-04T04:23:15.2117255Z running 0 tests
2026-10-04T04:23:15.2117478Z 
2026-10-04T04:23:15.2117853Z test result: ok. 0 passed; 0 failed; 0 ignored; 0 measured; 0 filtered out; finished in 0.00s
2026-10-04T04:23:15.2118221Z 
2026-10-04T04:23:15.2193360Z    Doc-tests symbrain_gateway
2026-10-04T04:23:15.3495897Z 
2026-10-04T04:23:15.3496437Z running 0 tests
2026-10-04T04:23:15.3496695Z 
2026-10-04T04:23:15.3497191Z test result: ok. 0 passed; 0 failed; 0 ignored; 0 measured; 0 filtered out; finished in 0.00s
2026-10-04T04:23:15.3497760Z 
2026-10-04T04:23:15.3577110Z    Doc-tests symbrain_guard_core
2026-10-04T04:23:15.5763074Z 
2026-10-04T04:23:15.5763561Z running 0 tests
2026-10-04T04:23:15.5763826Z 
2026-10-04T04:23:15.5764273Z test result: ok. 0 passed; 0 failed; 0 ignored; 0 measured; 0 filtered out; finished in 0.00s
2026-10-04T04:23:15.5764888Z 
2026-10-04T04:23:15.5840551Z    Doc-tests symbrain_harness
2026-10-04T04:23:15.7075662Z 
2026-10-04T04:23:15.7076473Z running 0 tests
2026-10-04T04:23:15.7076741Z 
2026-10-04T04:23:15.7077220Z test result: ok. 0 passed; 0 failed; 0 ignored; 0 measured; 0 filtered out; finished in 0.00s
2026-10-04T04:23:15.7077807Z 
2026-10-04T04:23:15.7154002Z    Doc-tests symbrain_instructions
2026-10-04T04:23:15.7613328Z 
2026-10-04T04:23:15.7613921Z running 0 tests
2026-10-04T04:23:15.7614177Z 
2026-10-04T04:23:15.7614972Z test result: ok. 0 passed; 0 failed; 0 ignored; 0 measured; 0 filtered out; finished in 0.00s
2026-10-04T04:23:15.7615342Z 
2026-10-04T04:23:15.7679437Z    Doc-tests symbrain_managed
2026-10-04T04:23:15.8684309Z 
2026-10-04T04:23:15.8684966Z running 0 tests
2026-10-04T04:23:15.8685261Z 
2026-10-04T04:23:15.8685710Z test result: ok. 0 passed; 0 failed; 0 ignored; 0 measured; 0 filtered out; finished in 0.00s
2026-10-04T04:23:15.8686298Z 
2026-10-04T04:23:15.8766496Z    Doc-tests symbrain_mcp
2026-10-04T04:23:15.9469866Z 
2026-10-04T04:23:15.9470511Z running 0 tests
2026-10-04T04:23:15.9470778Z 
2026-10-04T04:23:15.9471269Z test result: ok. 0 passed; 0 failed; 0 ignored; 0 measured; 0 filtered out; finished in 0.00s
2026-10-04T04:23:15.9471924Z 
2026-10-04T04:23:15.9548763Z    Doc-tests symbrain_memory
2026-10-04T04:23:16.1395159Z 
2026-10-04T04:23:16.1395614Z running 0 tests
2026-10-04T04:23:16.1395875Z 
2026-10-04T04:23:16.1396433Z test result: ok. 0 passed; 0 failed; 0 ignored; 0 measured; 0 filtered out; finished in 0.00s
2026-10-04T04:23:16.1397413Z 
2026-10-04T04:23:16.1476015Z    Doc-tests symbrain_patterns
2026-10-04T04:23:16.2153550Z 
2026-10-04T04:23:16.2154056Z running 0 tests
2026-10-04T04:23:16.2154333Z 
2026-10-04T04:23:16.2154788Z test result: ok. 0 passed; 0 failed; 0 ignored; 0 measured; 0 filtered out; finished in 0.00s
2026-10-04T04:23:16.2156364Z 
2026-10-04T04:23:16.2230286Z    Doc-tests symbrain_policy
2026-10-04T04:23:16.3309007Z 
2026-10-04T04:23:16.3309519Z running 0 tests
2026-10-04T04:23:16.3309786Z 
2026-10-04T04:23:16.3310236Z test result: ok. 0 passed; 0 failed; 0 ignored; 0 measured; 0 filtered out; finished in 0.00s
2026-10-04T04:23:16.3310778Z 
2026-10-04T04:23:16.3387134Z    Doc-tests symbrain_skills
2026-10-04T04:23:16.6127044Z 
2026-10-04T04:23:16.6127719Z running 0 tests
2026-10-04T04:23:16.6128056Z 
2026-10-04T04:23:16.6128647Z test result: ok. 0 passed; 0 failed; 0 ignored; 0 measured; 0 filtered out; finished in 0.00s
2026-10-04T04:23:16.6129378Z 
2026-10-04T04:23:16.6208315Z    Doc-tests symbrain_usage
2026-10-04T04:23:16.7647898Z 
2026-10-04T04:23:16.7648462Z running 0 tests
2026-10-04T04:23:16.7648797Z 
2026-10-04T04:23:16.7649358Z test result: ok. 0 passed; 0 failed; 0 ignored; 0 measured; 0 filtered out; finished in 0.00s
2026-10-04T04:23:16.7650130Z 
2026-10-04T04:23:16.7729135Z    Doc-tests symguard_cli
2026-10-04T04:23:16.8805940Z 
2026-10-04T04:23:16.8806425Z running 0 tests
2026-10-04T04:23:16.8806687Z 
2026-10-04T04:23:16.8807548Z test result: ok. 0 passed; 0 failed; 0 ignored; 0 measured; 0 filtered out; finished in 0.00s
2026-10-04T04:23:16.8808184Z 
2026-10-04T04:23:16.9017279Z SYMAIRA_EXTERNAL_BASE="" bash D:/a/symaira-brain/symaira-brain/scripts/run-external-env.sh cargo test --workspace --doc --all-features --locked
2026-10-04T04:23:17.4650637Z     Finished `test` profile [unoptimized + debuginfo] target(s) in 0.46s
2026-10-04T04:23:17.4828467Z    Doc-tests symbrain_activity
2026-10-04T04:23:17.5604723Z 
2026-10-04T04:23:17.5605170Z running 0 tests
2026-10-04T04:23:17.5605419Z 
2026-10-04T04:23:17.5605724Z test result: ok. 0 passed; 0 failed; 0 ignored; 0 measured; 0 filtered out; finished in 0.00s
2026-10-04T04:23:17.5606077Z 
2026-10-04T04:23:17.5682385Z    Doc-tests symbrain_adapter
2026-10-04T04:23:17.6334253Z 
2026-10-04T04:23:17.6334785Z running 0 tests
2026-10-04T04:23:17.6335119Z 
2026-10-04T04:23:17.6335706Z test result: ok. 0 passed; 0 failed; 0 ignored; 0 measured; 0 filtered out; finished in 0.00s
2026-10-04T04:23:17.6336509Z 
2026-10-04T04:23:17.6406389Z    Doc-tests symbrain_audit
2026-10-04T04:23:17.7366141Z 
2026-10-04T04:23:17.7366785Z running 0 tests
2026-10-04T04:23:17.7367101Z 
2026-10-04T04:23:17.7367576Z test result: ok. 0 passed; 0 failed; 0 ignored; 0 measured; 0 filtered out; finished in 0.00s
2026-10-04T04:23:17.7368205Z 
2026-10-04T04:23:17.7446288Z    Doc-tests symbrain_broker
2026-10-04T04:23:17.8241769Z 
2026-10-04T04:23:17.8242275Z running 0 tests
2026-10-04T04:23:17.8242548Z 
2026-10-04T04:23:17.8243001Z test result: ok. 0 passed; 0 failed; 0 ignored; 0 measured; 0 filtered out; finished in 0.00s
2026-10-04T04:23:17.8243597Z 
2026-10-04T04:23:17.8318812Z    Doc-tests symbrain_catalog
2026-10-04T04:23:17.8926697Z 
2026-10-04T04:23:17.8927388Z running 0 tests
2026-10-04T04:23:17.8927705Z 
2026-10-04T04:23:17.8928188Z test result: ok. 0 passed; 0 failed; 0 ignored; 0 measured; 0 filtered out; finished in 0.00s
2026-10-04T04:23:17.8928825Z 
2026-10-04T04:23:17.9002448Z    Doc-tests symbrain_cli
2026-10-04T04:23:18.2055412Z 
2026-10-04T04:23:18.2055927Z running 0 tests
2026-10-04T04:23:18.2056182Z 
2026-10-04T04:23:18.2056668Z test result: ok. 0 passed; 0 failed; 0 ignored; 0 measured; 0 filtered out; finished in 0.00s
2026-10-04T04:23:18.2057293Z 
2026-10-04T04:23:18.2159280Z    Doc-tests symbrain_core
2026-10-04T04:23:18.2942335Z 
2026-10-04T04:23:18.2942921Z running 0 tests
2026-10-04T04:23:18.2943180Z 
2026-10-04T04:23:18.2943553Z test result: ok. 0 passed; 0 failed; 0 ignored; 0 measured; 0 filtered out; finished in 0.00s
2026-10-04T04:23:18.2943920Z 
2026-10-04T04:23:18.3022141Z    Doc-tests symbrain_gateway
2026-10-04T04:23:18.4391410Z 
2026-10-04T04:23:18.4391877Z running 0 tests
2026-10-04T04:23:18.4392547Z 
2026-10-04T04:23:18.4393064Z test result: ok. 0 passed; 0 failed; 0 ignored; 0 measured; 0 filtered out; finished in 0.00s
2026-10-04T04:23:18.4393714Z 
2026-10-04T04:23:18.4470473Z    Doc-tests symbrain_guard_core
2026-10-04T04:23:18.6666048Z 
2026-10-04T04:23:18.6666312Z running 0 tests
2026-10-04T04:23:18.6666543Z 
2026-10-04T04:23:18.6667007Z test result: ok. 0 passed; 0 failed; 0 ignored; 0 measured; 0 filtered out; finished in 0.00s
2026-10-04T04:23:18.6667586Z 
2026-10-04T04:23:18.6745066Z    Doc-tests symbrain_harness
2026-10-04T04:23:18.7935147Z 
2026-10-04T04:23:18.7935691Z running 0 tests
2026-10-04T04:23:18.7935970Z 
2026-10-04T04:23:18.7936282Z test result: ok. 0 passed; 0 failed; 0 ignored; 0 measured; 0 filtered out; finished in 0.00s
2026-10-04T04:23:18.7936645Z 
2026-10-04T04:23:18.8013674Z    Doc-tests symbrain_instructions
2026-10-04T04:23:18.8485331Z 
2026-10-04T04:23:18.8485892Z running 0 tests
2026-10-04T04:23:18.8486141Z 
2026-10-04T04:23:18.8486592Z test result: ok. 0 passed; 0 failed; 0 ignored; 0 measured; 0 filtered out; finished in 0.00s
2026-10-04T04:23:18.8487275Z 
2026-10-04T04:23:18.8560321Z    Doc-tests symbrain_managed
2026-10-04T04:23:18.9614250Z 
2026-10-04T04:23:18.9615092Z running 0 tests
2026-10-04T04:23:18.9615667Z 
2026-10-04T04:23:18.9615986Z test result: ok. 0 passed; 0 failed; 0 ignored; 0 measured; 0 filtered out; finished in 0.00s
2026-10-04T04:23:18.9616358Z 
2026-10-04T04:23:18.9696017Z    Doc-tests symbrain_mcp
2026-10-04T04:23:19.0401750Z 
2026-10-04T04:23:19.0402425Z running 0 tests
2026-10-04T04:23:19.0402762Z 
2026-10-04T04:23:19.0403434Z test result: ok. 0 passed; 0 failed; 0 ignored; 0 measured; 0 filtered out; finished in 0.00s
2026-10-04T04:23:19.0404185Z 
2026-10-04T04:23:19.0480424Z    Doc-tests symbrain_memory
2026-10-04T04:23:19.2528639Z 
2026-10-04T04:23:19.2529642Z running 0 tests
2026-10-04T04:23:19.2529909Z 
2026-10-04T04:23:19.2530355Z test result: ok. 0 passed; 0 failed; 0 ignored; 0 measured; 0 filtered out; finished in 0.00s
2026-10-04T04:23:19.2530944Z 
2026-10-04T04:23:19.2612089Z    Doc-tests symbrain_patterns
2026-10-04T04:23:19.3298609Z 
2026-10-04T04:23:19.3299430Z running 0 tests
2026-10-04T04:23:19.3299879Z 
2026-10-04T04:23:19.3300437Z test result: ok. 0 passed; 0 failed; 0 ignored; 0 measured; 0 filtered out; finished in 0.00s
2026-10-04T04:23:19.3301052Z 
2026-10-04T04:23:19.3377989Z    Doc-tests symbrain_policy
2026-10-04T04:23:19.4669430Z 
2026-10-04T04:23:19.4670139Z running 0 tests
2026-10-04T04:23:19.4670642Z 
2026-10-04T04:23:19.4671274Z test result: ok. 0 passed; 0 failed; 0 ignored; 0 measured; 0 filtered out; finished in 0.00s
2026-10-04T04:23:19.4672035Z 
2026-10-04T04:23:19.4786120Z    Doc-tests symbrain_skills
2026-10-04T04:23:19.7543005Z 
2026-10-04T04:23:19.7543522Z running 0 tests
2026-10-04T04:23:19.7543807Z 
2026-10-04T04:23:19.7544293Z test result: ok. 0 passed; 0 failed; 0 ignored; 0 measured; 0 filtered out; finished in 0.00s
2026-10-04T04:23:19.7544927Z 
2026-10-04T04:23:19.7624047Z    Doc-tests symbrain_usage
2026-10-04T04:23:19.9067376Z 
2026-10-04T04:23:19.9067869Z running 0 tests
2026-10-04T04:23:19.9068132Z 
2026-10-04T04:23:19.9068634Z test result: ok. 0 passed; 0 failed; 0 ignored; 0 measured; 0 filtered out; finished in 0.00s
2026-10-04T04:23:19.9069259Z 
2026-10-04T04:23:19.9148868Z    Doc-tests symguard_cli
2026-10-04T04:23:20.0249384Z 
2026-10-04T04:23:20.0249905Z running 0 tests
2026-10-04T04:23:20.0250197Z 
2026-10-04T04:23:20.0250757Z test result: ok. 0 passed; 0 failed; 0 ignored; 0 measured; 0 filtered out; finished in 0.00s
2026-10-04T04:23:20.0251507Z 
2026-10-04T04:23:20.0466264Z SYMAIRA_EXTERNAL_BASE="" bash D:/a/symaira-brain/symaira-brain/scripts/run-external-env.sh cargo audit
2026-10-04T04:23:20.2147903Z     Fetching advisory database from `https://github.com/RustSec/advisory-db.git`
2026-10-04T04:23:25.7695596Z       Loaded 1290 security advisories (from C:\Users\runneradmin\.cargo\advisory-db)
2026-10-04T04:23:25.7696374Z     Updating crates.io index
2026-10-04T04:23:25.8179161Z     Scanning Cargo.lock for vulnerabilities (281 crate dependencies)
2026-10-04T04:23:26.1142253Z SYMAIRA_EXTERNAL_BASE="" bash D:/a/symaira-brain/symaira-brain/scripts/run-external-env.sh cargo deny check
2026-10-04T04:23:36.5720674Z warning[duplicate]: found 2 duplicate entries for crate 'base64'
2026-10-04T04:23:36.6051695Z    ┌─ D:\a\symaira-brain\symaira-brain/Cargo.lock:9:1
2026-10-04T04:23:36.6056620Z    │  
2026-10-04T04:23:36.6057329Z  9 │ ╭ base64 0.22.1 registry+https://github.com/rust-lang/crates.io-index
2026-10-04T04:23:36.6058326Z 10 │ │ base64 0.23.1 registry+https://github.com/rust-lang/crates.io-index
2026-10-04T04:23:36.6059395Z    │ ╰───────────────────────────────────────────────────────────────────┘ lock entries
2026-10-04T04:23:36.6060021Z    │  
2026-10-04T04:23:36.6060363Z    ├ base64 v0.22.1
2026-10-04T04:23:36.6060785Z      ├── reqwest v0.13.4
2026-10-04T04:23:36.6061309Z      │   └── symaira-core-llm v0.0.0
2026-10-04T04:23:36.6062034Z      │       └── symbrain-memory v0.12.1
2026-10-04T04:23:36.6062638Z      │           ├── symbrain-cli v0.12.1
2026-10-04T04:23:36.6063252Z      │           └── symbrain-gateway v0.12.1
2026-10-04T04:23:36.6065153Z      │               └── symbrain-cli v0.12.1 (*)
2026-10-04T04:23:36.6065852Z      └── symbrain-guard-core v0.12.1
2026-10-04T04:23:36.6066510Z          ├── (dev) symbrain-cli v0.12.1 (*)
2026-10-04T04:23:36.6067093Z          └── symguard-cli v0.12.1
2026-10-04T04:23:36.6067722Z              └── symbrain-cli v0.12.1 (*)
2026-10-04T04:23:36.6068215Z    ├ base64 v0.23.1
2026-10-04T04:23:36.6068699Z      ├── hyper-util v0.1.21
2026-10-04T04:23:36.6069202Z      │   ├── hyper-rustls v0.27.10
2026-10-04T04:23:36.6069734Z      │   │   └── reqwest v0.13.4
2026-10-04T04:23:36.6070330Z      │   │       └── symaira-core-llm v0.0.0
2026-10-04T04:23:36.6070953Z      │   │           └── symbrain-memory v0.12.1
2026-10-04T04:23:36.6071601Z      │   │               ├── symbrain-cli v0.12.1
2026-10-04T04:23:36.6072290Z      │   │               └── symbrain-gateway v0.12.1
2026-10-04T04:23:36.6072965Z      │   │                   └── symbrain-cli v0.12.1 (*)
2026-10-04T04:23:36.6073828Z      │   └── reqwest v0.13.4 (*)
2026-10-04T04:23:36.6074321Z      ├── ureq v3.4.1
2026-10-04T04:23:36.6075175Z      │   ├── symaira-core-llm v0.0.0 (*)
2026-10-04T04:23:36.6076568Z      │   ├── symbrain-cli v0.12.1 (*)
2026-10-04T04:23:36.6077239Z      │   ├── symbrain-managed v0.12.1
2026-10-04T04:23:36.6077815Z      │   │   └── symbrain-cli v0.12.1 (*)
2026-10-04T04:23:36.6078420Z      │   └── symbrain-usage v0.12.1
2026-10-04T04:23:36.6078973Z      │       ├── symbrain-cli v0.12.1 (*)
2026-10-04T04:23:36.6079580Z      │       └── symbrain-gateway v0.12.1 (*)
2026-10-04T04:23:36.6080160Z      └── ureq-proto v0.6.2
2026-10-04T04:23:36.6080674Z          └── ureq v3.4.1 (*)
2026-10-04T04:23:36.6080914Z 
2026-10-04T04:23:36.6081267Z warning[duplicate]: found 2 duplicate entries for crate 'core-foundation'
2026-10-04T04:23:36.6082142Z    ┌─ D:\a\symaira-brain\symaira-brain/Cargo.lock:24:1
2026-10-04T04:23:36.6082677Z    │  
2026-10-04T04:23:36.6083380Z 24 │ ╭ core-foundation 0.9.4 registry+https://github.com/rust-lang/crates.io-index
2026-10-04T04:23:36.6084509Z 25 │ │ core-foundation 0.10.1 registry+https://github.com/rust-lang/crates.io-index
2026-10-04T04:23:36.6085713Z    │ ╰────────────────────────────────────────────────────────────────────────────┘ lock entries
2026-10-04T04:23:36.6086398Z    │  
2026-10-04T04:23:36.6086791Z    ├ core-foundation v0.9.4
2026-10-04T04:23:36.6087348Z      └── system-configuration v0.7.0
2026-10-04T04:23:36.6087963Z          └── hyper-util v0.1.21
2026-10-04T04:23:36.6088599Z              ├── hyper-rustls v0.27.10
2026-10-04T04:23:36.6089261Z              │   └── reqwest v0.13.4
2026-10-04T04:23:36.6090002Z              │       └── symaira-core-llm v0.0.0
2026-10-04T04:23:36.6090854Z              │           └── symbrain-memory v0.12.1
2026-10-04T04:23:36.6092043Z              │               ├── symbrain-cli v0.12.1
2026-10-04T04:23:36.6092841Z              │               └── symbrain-gateway v0.12.1
2026-10-04T04:23:36.6094068Z              │                   └── symbrain-cli v0.12.1 (*)
2026-10-04T04:23:36.6094834Z              └── reqwest v0.13.4 (*)
2026-10-04T04:23:36.6095410Z    ├ core-foundation v0.10.1
2026-10-04T04:23:36.6096018Z      ├── rustls-platform-verifier v0.7.1
2026-10-04T04:23:36.6096620Z      │   └── reqwest v0.13.4
2026-10-04T04:23:36.6097191Z      │       └── symaira-core-llm v0.0.0
2026-10-04T04:23:36.6097810Z      │           └── symbrain-memory v0.12.1
2026-10-04T04:23:36.6098449Z      │               ├── symbrain-cli v0.12.1
2026-10-04T04:23:36.6099108Z      │               └── symbrain-gateway v0.12.1
2026-10-04T04:23:36.6099739Z      │                   └── symbrain-cli v0.12.1 (*)
2026-10-04T04:23:36.6100301Z      └── security-framework v3.7.0
2026-10-04T04:23:36.6100918Z          ├── rustls-native-certs v0.8.4
2026-10-04T04:23:36.6101665Z          │   └── rustls-platform-verifier v0.7.1 (*)
2026-10-04T04:23:36.6102400Z          └── rustls-platform-verifier v0.7.1 (*)
2026-10-04T04:23:36.6102738Z 
2026-10-04T04:23:36.6103337Z warning[duplicate]: found 3 duplicate entries for crate 'getrandom'
2026-10-04T04:23:36.6104307Z    ┌─ D:\a\symaira-brain\symaira-brain/Cargo.lock:53:1
2026-10-04T04:23:36.6104840Z    │  
2026-10-04T04:23:36.6105494Z 53 │ ╭ getrandom 0.2.17 registry+https://github.com/rust-lang/crates.io-index
2026-10-04T04:23:36.6106509Z 54 │ │ getrandom 0.3.3 registry+https://github.com/rust-lang/crates.io-index
2026-10-04T04:23:36.6107447Z 55 │ │ getrandom 0.4.3 registry+https://github.com/rust-lang/crates.io-index
2026-10-04T04:23:36.6108515Z    │ ╰─────────────────────────────────────────────────────────────────────┘ lock entries
2026-10-04T04:23:36.6109160Z    │  
2026-10-04T04:23:36.6109527Z    ├ getrandom v0.2.17
2026-10-04T04:23:36.6109955Z      └── ring v0.17.14
2026-10-04T04:23:36.6110448Z          ├── rustls v0.23.45
2026-10-04T04:23:36.6111010Z          │   ├── hyper-rustls v0.27.10
2026-10-04T04:23:36.6111599Z          │   │   └── reqwest v0.13.4
2026-10-04T04:23:36.6112208Z          │   │       └── symaira-core-llm v0.0.0
2026-10-04T04:23:36.6112873Z          │   │           └── symbrain-memory v0.12.1
2026-10-04T04:23:36.6113619Z          │   │               ├── symbrain-cli v0.12.1
2026-10-04T04:23:36.6114712Z          │   │               └── symbrain-gateway v0.12.1
2026-10-04T04:23:36.6115522Z          │   │                   └── symbrain-cli v0.12.1 (*)
2026-10-04T04:23:36.6116181Z          │   ├── reqwest v0.13.4 (*)
2026-10-04T04:23:36.6116857Z          │   ├── rustls-platform-verifier v0.7.1
2026-10-04T04:23:36.6117518Z          │   │   └── reqwest v0.13.4 (*)
2026-10-04T04:23:36.6118127Z          │   ├── tokio-rustls v0.26.6
2026-10-04T04:23:36.6118730Z          │   │   ├── hyper-rustls v0.27.10 (*)
2026-10-04T04:23:36.6119341Z          │   │   └── reqwest v0.13.4 (*)
2026-10-04T04:23:36.6119922Z          │   └── ureq v3.4.1
2026-10-04T04:23:36.6120534Z          │       ├── symaira-core-llm v0.0.0 (*)
2026-10-04T04:23:36.6121203Z          │       ├── symbrain-cli v0.12.1 (*)
2026-10-04T04:23:36.6121884Z          │       ├── symbrain-managed v0.12.1
2026-10-04T04:23:36.6122560Z          │       │   └── symbrain-cli v0.12.1 (*)
2026-10-04T04:23:36.6123217Z          │       └── symbrain-usage v0.12.1
2026-10-04T04:23:36.6123887Z          │           ├── symbrain-cli v0.12.1 (*)
2026-10-04T04:23:36.6124611Z          │           └── symbrain-gateway v0.12.1 (*)
2026-10-04T04:23:36.6125252Z          └── rustls-webpki v0.103.15
2026-10-04T04:23:36.6125843Z              ├── rustls v0.23.45 (*)
2026-10-04T04:23:36.6126517Z              └── rustls-platform-verifier v0.7.1 (*)
2026-10-04T04:23:36.6127068Z    ├ getrandom v0.3.3
2026-10-04T04:23:36.6127566Z      ├── symbrain-guard-core v0.12.1
2026-10-04T04:23:36.6128133Z      │   ├── (dev) symbrain-cli v0.12.1
2026-10-04T04:23:36.6128967Z      │   └── symguard-cli v0.12.1
2026-10-04T04:23:36.6129525Z      │       └── symbrain-cli v0.12.1 (*)
2026-10-04T04:23:36.6130094Z      └── symbrain-memory v0.12.1
2026-10-04T04:23:36.6130841Z          ├── symbrain-cli v0.12.1 (*)
2026-10-04T04:23:36.6131453Z          └── symbrain-gateway v0.12.1
2026-10-04T04:23:36.6132131Z              └── symbrain-cli v0.12.1 (*)
2026-10-04T04:23:36.6132636Z    ├ getrandom v0.4.3
2026-10-04T04:23:36.6133077Z      ├── jobserver v0.1.35
2026-10-04T04:23:36.6133520Z      │   └── cc v1.4.5
2026-10-04T04:23:36.6134364Z      │       ├── (build) aws-lc-sys v0.45.0
2026-10-04T04:23:36.6134973Z      │       │   └── aws-lc-rs v1.18.1
2026-10-04T04:23:36.6135560Z      │       │       ├── rustls v0.23.45
2026-10-04T04:23:36.6136190Z      │       │       │   ├── hyper-rustls v0.27.10
2026-10-04T04:23:36.6136833Z      │       │       │   │   └── reqwest v0.13.4
2026-10-04T04:23:36.6137541Z      │       │       │   │       └── symaira-core-llm v0.0.0
2026-10-04T04:23:36.6138341Z      │       │       │   │           └── symbrain-memory v0.12.1
2026-10-04T04:23:36.6139096Z      │       │       │   │               ├── symbrain-cli v0.12.1
2026-10-04T04:23:36.6139901Z      │       │       │   │               └── symbrain-gateway v0.12.1
2026-10-04T04:23:36.6140716Z      │       │       │   │                   └── symbrain-cli v0.12.1 (*)
2026-10-04T04:23:36.6141406Z      │       │       │   ├── reqwest v0.13.4 (*)
2026-10-04T04:23:36.6142119Z      │       │       │   ├── rustls-platform-verifier v0.7.1
2026-10-04T04:23:36.6142813Z      │       │       │   │   └── reqwest v0.13.4 (*)
2026-10-04T04:23:36.6143464Z      │       │       │   ├── tokio-rustls v0.26.6
2026-10-04T04:23:36.6144129Z      │       │       │   │   ├── hyper-rustls v0.27.10 (*)
2026-10-04T04:23:36.6144754Z      │       │       │   │   └── reqwest v0.13.4 (*)
2026-10-04T04:23:36.6145325Z      │       │       │   └── ureq v3.4.1
2026-10-04T04:23:36.6146027Z      │       │       │       ├── symaira-core-llm v0.0.0 (*)
2026-10-04T04:23:36.6146727Z      │       │       │       ├── symbrain-cli v0.12.1 (*)
2026-10-04T04:23:36.6147426Z      │       │       │       ├── symbrain-managed v0.12.1
2026-10-04T04:23:36.6148161Z      │       │       │       │   └── symbrain-cli v0.12.1 (*)
2026-10-04T04:23:36.6148861Z      │       │       │       └── symbrain-usage v0.12.1
2026-10-04T04:23:36.6149561Z      │       │       │           ├── symbrain-cli v0.12.1 (*)
2026-10-04T04:23:36.6150256Z      │       │       │           └── symbrain-gateway v0.12.1 (*)
2026-10-04T04:23:36.6150924Z      │       │       └── rustls-webpki v0.103.15
2026-10-04T04:23:36.6151525Z      │       │           ├── rustls v0.23.45 (*)
2026-10-04T04:23:36.6152262Z      │       │           └── rustls-platform-verifier v0.7.1 (*)
2026-10-04T04:23:36.6152923Z      │       ├── cmake v0.1.58
2026-10-04T04:23:36.6153494Z      │       │   └── (build) aws-lc-sys v0.45.0 (*)
2026-10-04T04:23:36.6154844Z      │       ├── (build) iana-time-zone-haiku v0.1.2
2026-10-04T04:23:36.6155492Z      │       │   └── iana-time-zone v0.1.65
2026-10-04T04:23:36.6156086Z      │       │       └── chrono v0.4.45
2026-10-04T04:23:36.6157125Z      │       │           ├── symbrain-activity v0.12.1
2026-10-04T04:23:36.6157868Z      │       │           │   ├── symbrain-cli v0.12.1 (*)
2026-10-04T04:23:36.6158580Z      │       │           │   ├── symbrain-gateway v0.12.1 (*)
2026-10-04T04:23:36.6159556Z      │       │           │   └── symbrain-memory v0.12.1 (*)
2026-10-04T04:23:36.6160252Z      │       │           ├── symbrain-audit v0.12.1
2026-10-04T04:23:36.6161452Z      │       │           │   ├── symbrain-cli v0.12.1 (*)
2026-10-04T04:23:36.6162189Z      │       │           │   ├── symbrain-gateway v0.12.1 (*)
2026-10-04T04:23:36.6162902Z      │       │           │   └── symguard-cli v0.12.1
2026-10-04T04:23:36.6163857Z      │       │           │       └── symbrain-cli v0.12.1 (*)
2026-10-04T04:23:36.6164820Z      │       │           ├── symbrain-cli v0.12.1 (*)
2026-10-04T04:23:36.6165712Z      │       │           ├── symbrain-core v0.12.1
2026-10-04T04:23:36.6166679Z      │       │           │   ├── symbrain-audit v0.12.1 (*)
2026-10-04T04:23:36.6167871Z      │       │           │   ├── symbrain-cli v0.12.1 (*)
2026-10-04T04:23:36.6168656Z      │       │           │   ├── symbrain-gateway v0.12.1 (*)
2026-10-04T04:23:36.6169724Z      │       │           │   ├── symbrain-guard-core v0.12.1
2026-10-04T04:23:36.6170861Z      │       │           │   │   ├── (dev) symbrain-cli v0.12.1 (*)
2026-10-04T04:23:36.6172285Z      │       │           │   │   └── symguard-cli v0.12.1 (*)
2026-10-04T04:23:36.6173635Z      │       │           │   ├── symbrain-managed v0.12.1 (*)
2026-10-04T04:23:36.6174653Z      │       │           │   ├── symbrain-policy v0.12.1
2026-10-04T04:23:36.6175784Z      │       │           │   │   ├── symbrain-activity v0.12.1 (*)
2026-10-04T04:23:36.6177030Z      │       │           │   │   ├── symbrain-catalog v0.12.1
2026-10-04T04:23:36.6178070Z      │       │           │   │   │   └── symbrain-gateway v0.12.1 (*)
2026-10-04T04:23:36.6179210Z      │       │           │   │   ├── symbrain-cli v0.12.1 (*)
2026-10-04T04:23:36.6179994Z      │       │           │   │   └── symbrain-gateway v0.12.1 (*)
2026-10-04T04:23:36.6180967Z      │       │           │   └── symguard-cli v0.12.1 (*)
2026-10-04T04:23:36.6181665Z      │       │           ├── symbrain-gateway v0.12.1 (*)
2026-10-04T04:23:36.6182392Z      │       │           ├── symbrain-guard-core v0.12.1 (*)
2026-10-04T04:23:36.6183348Z      │       │           ├── symbrain-harness v0.12.1
2026-10-04T04:23:36.6184054Z      │       │           │   ├── symbrain-adapter v0.12.1
2026-10-04T04:23:36.6185301Z      │       │           │   │   └── symbrain-cli v0.12.1 (*)
2026-10-04T04:23:36.6186032Z      │       │           │   ├── symbrain-cli v0.12.1 (*)
2026-10-04T04:23:36.6186740Z      │       │           │   ├── symbrain-gateway v0.12.1 (*)
2026-10-04T04:23:36.6187847Z      │       │           │   └── symbrain-skills v0.12.1
2026-10-04T04:23:36.6188966Z      │       │           │       ├── symbrain-cli v0.12.1 (*)
2026-10-04T04:23:36.6190002Z      │       │           │       └── symbrain-gateway v0.12.1 (*)
2026-10-04T04:23:36.6190743Z      │       │           ├── symbrain-managed v0.12.1 (*)
2026-10-04T04:23:36.6192059Z      │       │           ├── symbrain-memory v0.12.1 (*)
2026-10-04T04:23:36.6192784Z      │       │           ├── symbrain-skills v0.12.1 (*)
2026-10-04T04:23:36.6193766Z      │       │           ├── symbrain-usage v0.12.1 (*)
2026-10-04T04:23:36.6194437Z      │       │           └── symguard-cli v0.12.1 (*)
2026-10-04T04:23:36.6195453Z      │       ├── (build) libsqlite3-sys v0.38.2
2026-10-04T04:23:36.6196560Z      │       │   └── rusqlite v0.40.2
2026-10-04T04:23:36.6197176Z      │       │       ├── symbrain-cli v0.12.1 (*)
2026-10-04T04:23:36.6198166Z      │       │       └── symbrain-memory v0.12.1 (*)
2026-10-04T04:23:36.6199583Z      │       ├── (build) ring v0.17.14
2026-10-04T04:23:36.6200528Z      │       │   ├── rustls v0.23.45 (*)
2026-10-04T04:23:36.6201385Z      │       │   └── rustls-webpki v0.103.15 (*)
2026-10-04T04:23:36.6202478Z      │       └── (build) sqlite-wasm-rs v0.5.5
2026-10-04T04:23:36.6203396Z      │           └── rusqlite v0.40.2 (*)
2026-10-04T04:23:36.6204028Z      └── tempfile v3.27.0
2026-10-04T04:23:36.6204638Z          ├── (dev) symbrain-activity v0.12.1 (*)
2026-10-04T04:23:36.6205663Z          ├── (dev) symbrain-adapter v0.12.1 (*)
2026-10-04T04:23:36.6206579Z          ├── (dev) symbrain-audit v0.12.1 (*)
2026-10-04T04:23:36.6207300Z          ├── (dev) symbrain-broker v0.12.1
2026-10-04T04:23:36.6207944Z          │   ├── symbrain-cli v0.12.1 (*)
2026-10-04T04:23:36.6208580Z          │   └── symbrain-gateway v0.12.1 (*)
2026-10-04T04:23:36.6209472Z          ├── symbrain-cli v0.12.1 (*)
2026-10-04T04:23:36.6210563Z          ├── symbrain-core v0.12.1 (*)
2026-10-04T04:23:36.6211262Z          ├── symbrain-harness v0.12.1 (*)
2026-10-04T04:23:36.6211932Z          ├── (dev) symbrain-instructions v0.12.1
2026-10-04T04:23:36.6213875Z          │   ├── symbrain-adapter v0.12.1 (*)
2026-10-04T04:23:36.6214670Z          │   └── symbrain-cli v0.12.1 (*)
2026-10-04T04:23:36.6215396Z          ├── symbrain-managed v0.12.1 (*)
2026-10-04T04:23:36.6216119Z          ├── (dev) symbrain-patterns v0.12.1
2026-10-04T04:23:36.6216910Z          │   ├── (dev) symbrain-activity v0.12.1 (*)
2026-10-04T04:23:36.6217539Z          │   ├── symbrain-cli v0.12.1 (*)
2026-10-04T04:23:36.6218208Z          │   └── symbrain-gateway v0.12.1 (*)
2026-10-04T04:23:36.6218918Z          ├── symbrain-policy v0.12.1 (*)
2026-10-04T04:23:36.6219649Z          ├── (dev) symbrain-skills v0.12.1 (*)
2026-10-04T04:23:36.6220348Z          ├── symbrain-usage v0.12.1 (*)
2026-10-04T04:23:36.6221046Z          └── (dev) symguard-cli v0.12.1 (*)
2026-10-04T04:23:36.6221380Z 
2026-10-04T04:23:36.6221715Z warning[duplicate]: found 2 duplicate entries for crate 'hashbrown'
2026-10-04T04:23:36.6222653Z    ┌─ D:\a\symaira-brain\symaira-brain/Cargo.lock:56:1
2026-10-04T04:23:36.6223250Z    │  
2026-10-04T04:23:36.6223966Z 56 │ ╭ hashbrown 0.16.1 registry+https://github.com/rust-lang/crates.io-index
2026-10-04T04:23:36.6248930Z 57 │ │ hashbrown 0.17.1 registry+https://github.com/rust-lang/crates.io-index
2026-10-04T04:23:36.6250516Z    │ ╰──────────────────────────────────────────────────────────────────────┘ lock entries
2026-10-04T04:23:36.6251193Z    │  
2026-10-04T04:23:36.6251934Z    ├ hashbrown v0.16.1
2026-10-04T04:23:36.6252456Z      └── rsqlite-vfs v0.1.1
2026-10-04T04:23:36.6253068Z          └── sqlite-wasm-rs v0.5.5
2026-10-04T04:23:36.6253690Z              └── rusqlite v0.40.2
2026-10-04T04:23:36.6254357Z                  ├── symbrain-cli v0.12.1
2026-10-04T04:23:36.6255108Z                  └── symbrain-memory v0.12.1
2026-10-04T04:23:36.6255888Z                      ├── symbrain-cli v0.12.1 (*)
2026-10-04T04:23:36.6256976Z                      └── symbrain-gateway v0.12.1
2026-10-04T04:23:36.6258234Z                          └── symbrain-cli v0.12.1 (*)
2026-10-04T04:23:36.6258827Z    ├ hashbrown v0.17.1
2026-10-04T04:23:36.6259305Z      ├── hashlink v0.12.1
2026-10-04T04:23:36.6259796Z      │   └── rusqlite v0.40.2
2026-10-04T04:23:36.6260318Z      │       ├── symbrain-cli v0.12.1
2026-10-04T04:23:36.6261061Z      │       └── symbrain-memory v0.12.1
2026-10-04T04:23:36.6261693Z      │           ├── symbrain-cli v0.12.1 (*)
2026-10-04T04:23:36.6262290Z      │           └── symbrain-gateway v0.12.1
2026-10-04T04:23:36.6262911Z      │               └── symbrain-cli v0.12.1 (*)
2026-10-04T04:23:36.6263480Z      └── indexmap v2.14.2
2026-10-04T04:23:36.6264008Z          ├── process-wrap v10.0.1
2026-10-04T04:23:36.6264643Z          │   └── symbrain-cli v0.12.1 (*)
2026-10-04T04:23:36.6265305Z          ├── serde_yaml_ng v0.10.0
2026-10-04T04:23:36.6265936Z          │   ├── symbrain-skills v0.12.1
2026-10-04T04:23:36.6266660Z          │   │   ├── symbrain-cli v0.12.1 (*)
2026-10-04T04:23:36.6267418Z          │   │   └── symbrain-gateway v0.12.1 (*)
2026-10-04T04:23:36.6268118Z          │   └── symguard-cli v0.12.1
2026-10-04T04:23:36.6269086Z          │       └── symbrain-cli v0.12.1 (*)
2026-10-04T04:23:36.6269819Z          ├── toml_edit v0.25.13+spec-1.1.0
2026-10-04T04:23:36.6270462Z          │   ├── symbrain-cli v0.12.1 (*)
2026-10-04T04:23:36.6271098Z          │   ├── symbrain-core v0.12.1
2026-10-04T04:23:36.6271755Z          │   │   ├── symbrain-audit v0.12.1
2026-10-04T04:23:36.6272467Z          │   │   │   ├── symbrain-cli v0.12.1 (*)
2026-10-04T04:23:36.6273270Z          │   │   │   ├── symbrain-gateway v0.12.1 (*)
2026-10-04T04:23:36.6274083Z          │   │   │   └── symguard-cli v0.12.1 (*)
2026-10-04T04:23:36.6274799Z          │   │   ├── symbrain-cli v0.12.1 (*)
2026-10-04T04:23:36.6275522Z          │   │   ├── symbrain-gateway v0.12.1 (*)
2026-10-04T04:23:36.6276283Z          │   │   ├── symbrain-guard-core v0.12.1
2026-10-04T04:23:36.6277068Z          │   │   │   ├── (dev) symbrain-cli v0.12.1 (*)
2026-10-04T04:23:36.6277829Z          │   │   │   └── symguard-cli v0.12.1 (*)
2026-10-04T04:23:36.6278901Z          │   │   ├── symbrain-managed v0.12.1
2026-10-04T04:23:36.6279634Z          │   │   │   └── symbrain-cli v0.12.1 (*)
2026-10-04T04:23:36.6280331Z          │   │   ├── symbrain-policy v0.12.1
2026-10-04T04:23:36.6281070Z          │   │   │   ├── symbrain-activity v0.12.1
2026-10-04T04:23:36.6281812Z          │   │   │   │   ├── symbrain-cli v0.12.1 (*)
2026-10-04T04:23:36.6282596Z          │   │   │   │   ├── symbrain-gateway v0.12.1 (*)
2026-10-04T04:23:36.6283413Z          │   │   │   │   └── symbrain-memory v0.12.1 (*)
2026-10-04T04:23:36.6284158Z          │   │   │   ├── symbrain-catalog v0.12.1
2026-10-04T04:23:36.6284936Z          │   │   │   │   └── symbrain-gateway v0.12.1 (*)
2026-10-04T04:23:36.6285685Z          │   │   │   ├── symbrain-cli v0.12.1 (*)
2026-10-04T04:23:36.6286470Z          │   │   │   └── symbrain-gateway v0.12.1 (*)
2026-10-04T04:23:36.6287183Z          │   │   └── symguard-cli v0.12.1 (*)
2026-10-04T04:23:36.6287798Z          │   ├── symbrain-harness v0.12.1
2026-10-04T04:23:36.6288459Z          │   │   ├── symbrain-adapter v0.12.1
2026-10-04T04:23:36.6289112Z          │   │   │   └── symbrain-cli v0.12.1 (*)
2026-10-04T04:23:36.6289743Z          │   │   ├── symbrain-cli v0.12.1 (*)
2026-10-04T04:23:36.6290381Z          │   │   ├── symbrain-gateway v0.12.1 (*)
2026-10-04T04:23:36.6291030Z          │   │   └── symbrain-skills v0.12.1 (*)
2026-10-04T04:23:36.6291674Z          │   ├── symbrain-policy v0.12.1 (*)
2026-10-04T04:23:36.6292295Z          │   ├── symbrain-skills v0.12.1 (*)
2026-10-04T04:23:36.6292891Z          │   └── symguard-cli v0.12.1 (*)
2026-10-04T04:23:36.6293456Z          └── zip v8.6.0
2026-10-04T04:23:36.6294028Z              └── symbrain-managed v0.12.1 (*)
2026-10-04T04:23:36.6294341Z 
2026-10-04T04:23:36.6294903Z warning[duplicate]: found 2 duplicate entries for crate 'io-lifetimes'
2026-10-04T04:23:36.6295738Z    ┌─ D:\a\symaira-brain\symaira-brain/Cargo.lock:82:1
2026-10-04T04:23:36.6296246Z    │  
2026-10-04T04:23:36.6296903Z 82 │ ╭ io-lifetimes 2.0.4 registry+https://github.com/rust-lang/crates.io-index
2026-10-04T04:23:36.6297938Z 83 │ │ io-lifetimes 3.0.1 registry+https://github.com/rust-lang/crates.io-index
2026-10-04T04:23:36.6299387Z    │ ╰────────────────────────────────────────────────────────────────────────┘ lock entries
2026-10-04T04:23:36.6300075Z    │  
2026-10-04T04:23:36.6300404Z    ├ io-lifetimes v2.0.4
2026-10-04T04:23:36.6300896Z      └── fs-set-times v0.20.3
2026-10-04T04:23:36.6301517Z          └── cap-primitives v4.0.3
2026-10-04T04:23:36.6302177Z              ├── cap-fs-ext v4.0.3
2026-10-04T04:23:36.6302929Z              │   ├── symbrain-adapter v0.12.1
2026-10-04T04:23:36.6303790Z              │   │   └── symbrain-cli v0.12.1
2026-10-04T04:23:36.6304543Z              │   ├── symbrain-audit v0.12.1
2026-10-04T04:23:36.6305261Z              │   │   ├── symbrain-cli v0.12.1 (*)
2026-10-04T04:23:36.6306009Z              │   │   ├── symbrain-gateway v0.12.1
2026-10-04T04:23:36.6307094Z              │   │   │   └── symbrain-cli v0.12.1 (*)
2026-10-04T04:23:36.6307958Z              │   │   └── symguard-cli v0.12.1
2026-10-04T04:23:36.6308820Z              │   │       └── symbrain-cli v0.12.1 (*)
2026-10-04T04:23:36.6309643Z              │   ├── symbrain-harness v0.12.1
2026-10-04T04:23:36.6310492Z              │   │   ├── symbrain-adapter v0.12.1 (*)
2026-10-04T04:23:36.6311282Z              │   │   ├── symbrain-cli v0.12.1 (*)
2026-10-04T04:23:36.6312209Z              │   │   ├── symbrain-gateway v0.12.1 (*)
2026-10-04T04:23:36.6313063Z              │   │   └── symbrain-skills v0.12.1
2026-10-04T04:23:36.6313939Z              │   │       ├── symbrain-cli v0.12.1 (*)
2026-10-04T04:23:36.6314832Z              │   │       └── symbrain-gateway v0.12.1 (*)
2026-10-04T04:23:36.6315761Z              │   ├── symbrain-instructions v0.12.1
2026-10-04T04:23:36.6316654Z              │   │   ├── symbrain-adapter v0.12.1 (*)
2026-10-04T04:23:36.6317466Z              │   │   └── symbrain-cli v0.12.1 (*)
2026-10-04T04:23:36.6318238Z              │   └── symbrain-skills v0.12.1 (*)
2026-10-04T04:23:36.6319237Z              └── cap-std v4.0.3
2026-10-04T04:23:36.6319872Z                  ├── cap-fs-ext v4.0.3 (*)
2026-10-04T04:23:36.6320564Z                  ├── symbrain-adapter v0.12.1 (*)
2026-10-04T04:23:36.6321364Z                  ├── symbrain-audit v0.12.1 (*)
2026-10-04T04:23:36.6322165Z                  ├── symbrain-harness v0.12.1 (*)
2026-10-04T04:23:36.6323077Z                  ├── symbrain-instructions v0.12.1 (*)
2026-10-04T04:23:36.6323872Z                  └── symbrain-skills v0.12.1 (*)
2026-10-04T04:23:36.6324462Z    ├ io-lifetimes v3.0.1
2026-10-04T04:23:36.6324989Z      ├── cap-fs-ext v4.0.3
2026-10-04T04:23:36.6325609Z      │   ├── symbrain-adapter v0.12.1
2026-10-04T04:23:36.6326549Z      │   │   └── symbrain-cli v0.12.1
2026-10-04T04:23:36.6327152Z      │   ├── symbrain-audit v0.12.1
2026-10-04T04:23:36.6327729Z      │   │   ├── symbrain-cli v0.12.1 (*)
2026-10-04T04:23:36.6328355Z      │   │   ├── symbrain-gateway v0.12.1
2026-10-04T04:23:36.6329015Z      │   │   │   └── symbrain-cli v0.12.1 (*)
2026-10-04T04:23:36.6329676Z      │   │   └── symguard-cli v0.12.1
2026-10-04T04:23:36.6330267Z      │   │       └── symbrain-cli v0.12.1 (*)
2026-10-04T04:23:36.6330859Z      │   ├── symbrain-harness v0.12.1
2026-10-04T04:23:36.6331468Z      │   │   ├── symbrain-adapter v0.12.1 (*)
2026-10-04T04:23:36.6332160Z      │   │   ├── symbrain-cli v0.12.1 (*)
2026-10-04T04:23:36.6332764Z      │   │   ├── symbrain-gateway v0.12.1 (*)
2026-10-04T04:23:36.6333434Z      │   │   └── symbrain-skills v0.12.1
2026-10-04T04:23:36.6334046Z      │   │       ├── symbrain-cli v0.12.1 (*)
2026-10-04T04:23:36.6334675Z      │   │       └── symbrain-gateway v0.12.1 (*)
2026-10-04T04:23:36.6335338Z      │   ├── symbrain-instructions v0.12.1
2026-10-04T04:23:36.6335964Z      │   │   ├── symbrain-adapter v0.12.1 (*)
2026-10-04T04:23:36.6336555Z      │   │   └── symbrain-cli v0.12.1 (*)
2026-10-04T04:23:36.6337364Z      │   └── symbrain-skills v0.12.1 (*)
2026-10-04T04:23:36.6337993Z      ├── cap-primitives v4.0.3
2026-10-04T04:23:36.6338539Z      │   ├── cap-fs-ext v4.0.3 (*)
2026-10-04T04:23:36.6339463Z      │   └── cap-std v4.0.3
2026-10-04T04:23:36.6339975Z      │       ├── cap-fs-ext v4.0.3 (*)
2026-10-04T04:23:36.6340622Z      │       ├── symbrain-adapter v0.12.1 (*)
2026-10-04T04:23:36.6341255Z      │       ├── symbrain-audit v0.12.1 (*)
2026-10-04T04:23:36.6341881Z      │       ├── symbrain-harness v0.12.1 (*)
2026-10-04T04:23:36.6342522Z      │       ├── symbrain-instructions v0.12.1 (*)
2026-10-04T04:23:36.6343150Z      │       └── symbrain-skills v0.12.1 (*)
2026-10-04T04:23:36.6343715Z      ├── cap-std v4.0.3 (*)
2026-10-04T04:23:36.6344220Z      └── io-extras v0.19.0
2026-10-04T04:23:36.6344753Z          ├── cap-primitives v4.0.3 (*)
2026-10-04T04:23:36.6345315Z          └── cap-std v4.0.3 (*)
2026-10-04T04:23:36.6345597Z 
2026-10-04T04:23:36.6345925Z warning[duplicate]: found 2 duplicate entries for crate 'r-efi'
2026-10-04T04:23:36.6346875Z     ┌─ D:\a\symaira-brain\symaira-brain/Cargo.lock:112:1
2026-10-04T04:23:36.6347485Z     │  
2026-10-04T04:23:36.6348137Z 112 │ ╭ r-efi 5.3.0 registry+https://github.com/rust-lang/crates.io-index
2026-10-04T04:23:36.6349101Z 113 │ │ r-efi 6.0.0 registry+https://github.com/rust-lang/crates.io-index
2026-10-04T04:23:36.6350216Z     │ ╰─────────────────────────────────────────────────────────────────┘ lock entries
2026-10-04T04:23:36.6350877Z     │  
2026-10-04T04:23:36.6351227Z     ├ r-efi v5.3.0
2026-10-04T04:23:36.6351653Z       └── getrandom v0.3.3
2026-10-04T04:23:36.6352221Z           ├── symbrain-guard-core v0.12.1
2026-10-04T04:23:36.6352849Z           │   ├── (dev) symbrain-cli v0.12.1
2026-10-04T04:23:36.6353485Z           │   └── symguard-cli v0.12.1
2026-10-04T04:23:36.6354146Z           │       └── symbrain-cli v0.12.1 (*)
2026-10-04T04:23:36.6354803Z           └── symbrain-memory v0.12.1
2026-10-04T04:23:36.6355504Z               ├── symbrain-cli v0.12.1 (*)
2026-10-04T04:23:36.6356200Z               └── symbrain-gateway v0.12.1
2026-10-04T04:23:36.6356961Z                   └── symbrain-cli v0.12.1 (*)
2026-10-04T04:23:36.6357468Z     ├ r-efi v6.0.0
2026-10-04T04:23:36.6357918Z       └── getrandom v0.4.3
2026-10-04T04:23:36.6358510Z           ├── jobserver v0.1.35
2026-10-04T04:23:36.6359392Z           │   └── cc v1.4.5
2026-10-04T04:23:36.6360043Z           │       ├── (build) aws-lc-sys v0.45.0
2026-10-04T04:23:36.6360748Z           │       │   └── aws-lc-rs v1.18.1
2026-10-04T04:23:36.6361414Z           │       │       ├── rustls v0.23.45
2026-10-04T04:23:36.6362134Z           │       │       │   ├── hyper-rustls v0.27.10
2026-10-04T04:23:36.6362841Z           │       │       │   │   └── reqwest v0.13.4
2026-10-04T04:23:36.6363984Z           │       │       │   │       └── symaira-core-llm v0.0.0
2026-10-04T04:23:36.6364882Z           │       │       │   │           └── symbrain-memory v0.12.1
2026-10-04T04:23:36.6365817Z           │       │       │   │               ├── symbrain-cli v0.12.1
2026-10-04T04:23:36.6366774Z           │       │       │   │               └── symbrain-gateway v0.12.1
2026-10-04T04:23:36.6367759Z           │       │       │   │                   └── symbrain-cli v0.12.1 (*)
2026-10-04T04:23:36.6368516Z           │       │       │   ├── reqwest v0.13.4 (*)
2026-10-04T04:23:36.6369718Z           │       │       │   ├── rustls-platform-verifier v0.7.1
2026-10-04T04:23:36.6370550Z           │       │       │   │   └── reqwest v0.13.4 (*)
2026-10-04T04:23:36.6371312Z           │       │       │   ├── tokio-rustls v0.26.6
2026-10-04T04:23:36.6372040Z           │       │       │   │   ├── hyper-rustls v0.27.10 (*)
2026-10-04T04:23:36.6373010Z           │       │       │   │   └── reqwest v0.13.4 (*)
2026-10-04T04:23:36.6373753Z           │       │       │   └── ureq v3.4.1
2026-10-04T04:23:36.6375016Z           │       │       │       ├── symaira-core-llm v0.0.0 (*)
2026-10-04T04:23:36.6376203Z           │       │       │       ├── symbrain-cli v0.12.1 (*)
2026-10-04T04:23:36.6377077Z           │       │       │       ├── symbrain-managed v0.12.1
2026-10-04T04:23:36.6378008Z           │       │       │       │   └── symbrain-cli v0.12.1 (*)
2026-10-04T04:23:36.6378868Z           │       │       │       └── symbrain-usage v0.12.1
2026-10-04T04:23:36.6379774Z           │       │       │           ├── symbrain-cli v0.12.1 (*)
2026-10-04T04:23:36.6380677Z           │       │       │           └── symbrain-gateway v0.12.1 (*)
2026-10-04T04:23:36.6381490Z           │       │       └── rustls-webpki v0.103.15
2026-10-04T04:23:36.6382257Z           │       │           ├── rustls v0.23.45 (*)
2026-10-04T04:23:36.6383109Z           │       │           └── rustls-platform-verifier v0.7.1 (*)
2026-10-04T04:23:36.6383897Z           │       ├── cmake v0.1.58
2026-10-04T04:23:36.6384660Z           │       │   └── (build) aws-lc-sys v0.45.0 (*)
2026-10-04T04:23:36.6385549Z           │       ├── (build) iana-time-zone-haiku v0.1.2
2026-10-04T04:23:36.6386330Z           │       │   └── iana-time-zone v0.1.65
2026-10-04T04:23:36.6387025Z           │       │       └── chrono v0.4.45
2026-10-04T04:23:36.6387788Z           │       │           ├── symbrain-activity v0.12.1
2026-10-04T04:23:36.6388607Z           │       │           │   ├── symbrain-cli v0.12.1 (*)
2026-10-04T04:23:36.6389509Z           │       │           │   ├── symbrain-gateway v0.12.1 (*)
2026-10-04T04:23:36.6390392Z           │       │           │   └── symbrain-memory v0.12.1 (*)
2026-10-04T04:23:36.6391189Z           │       │           ├── symbrain-audit v0.12.1
2026-10-04T04:23:36.6392039Z           │       │           │   ├── symbrain-cli v0.12.1 (*)
2026-10-04T04:23:36.6393259Z           │       │           │   ├── symbrain-gateway v0.12.1 (*)
2026-10-04T04:23:36.6394094Z           │       │           │   └── symguard-cli v0.12.1
2026-10-04T04:23:36.6395456Z           │       │           │       └── symbrain-cli v0.12.1 (*)
2026-10-04T04:23:36.6396299Z           │       │           ├── symbrain-cli v0.12.1 (*)
2026-10-04T04:23:36.6397119Z           │       │           ├── symbrain-core v0.12.1
2026-10-04T04:23:36.6397943Z           │       │           │   ├── symbrain-audit v0.12.1 (*)
2026-10-04T04:23:36.6398758Z           │       │           │   ├── symbrain-cli v0.12.1 (*)
2026-10-04T04:23:36.6399600Z           │       │           │   ├── symbrain-gateway v0.12.1 (*)
2026-10-04T04:23:36.6400436Z           │       │           │   ├── symbrain-guard-core v0.12.1
2026-10-04T04:23:36.6401339Z           │       │           │   │   ├── (dev) symbrain-cli v0.12.1 (*)
2026-10-04T04:23:36.6402193Z           │       │           │   │   └── symguard-cli v0.12.1 (*)
2026-10-04T04:23:36.6402999Z           │       │           │   ├── symbrain-managed v0.12.1 (*)
2026-10-04T04:23:36.6403949Z           │       │           │   ├── symbrain-policy v0.12.1
2026-10-04T04:23:36.6405130Z           │       │           │   │   ├── symbrain-activity v0.12.1 (*)
2026-10-04T04:23:36.6406106Z           │       │           │   │   ├── symbrain-catalog v0.12.1
2026-10-04T04:23:36.6407101Z           │       │           │   │   │   └── symbrain-gateway v0.12.1 (*)
2026-10-04T04:23:36.6408003Z           │       │           │   │   ├── symbrain-cli v0.12.1 (*)
2026-10-04T04:23:36.6408884Z           │       │           │   │   └── symbrain-gateway v0.12.1 (*)
2026-10-04T04:23:36.6409756Z           │       │           │   └── symguard-cli v0.12.1 (*)
2026-10-04T04:23:36.6410613Z           │       │           ├── symbrain-gateway v0.12.1 (*)
2026-10-04T04:23:36.6411466Z           │       │           ├── symbrain-guard-core v0.12.1 (*)
2026-10-04T04:23:36.6412282Z           │       │           ├── symbrain-harness v0.12.1
2026-10-04T04:23:36.6413125Z           │       │           │   ├── symbrain-adapter v0.12.1
2026-10-04T04:23:36.6413957Z           │       │           │   │   └── symbrain-cli v0.12.1 (*)
2026-10-04T04:23:36.6415133Z           │       │           │   ├── symbrain-cli v0.12.1 (*)
2026-10-04T04:23:36.6416051Z           │       │           │   ├── symbrain-gateway v0.12.1 (*)
2026-10-04T04:23:36.6416886Z           │       │           │   └── symbrain-skills v0.12.1
2026-10-04T04:23:36.6417731Z           │       │           │       ├── symbrain-cli v0.12.1 (*)
2026-10-04T04:23:36.6418622Z           │       │           │       └── symbrain-gateway v0.12.1 (*)
2026-10-04T04:23:36.6419436Z           │       │           ├── symbrain-managed v0.12.1 (*)
2026-10-04T04:23:36.6420242Z           │       │           ├── symbrain-memory v0.12.1 (*)
2026-10-04T04:23:36.6421029Z           │       │           ├── symbrain-skills v0.12.1 (*)
2026-10-04T04:23:36.6421816Z           │       │           ├── symbrain-usage v0.12.1 (*)
2026-10-04T04:23:36.6422602Z           │       │           └── symguard-cli v0.12.1 (*)
2026-10-04T04:23:36.6423313Z           │       ├── (build) libsqlite3-sys v0.38.2
2026-10-04T04:23:36.6424011Z           │       │   └── rusqlite v0.40.2
2026-10-04T04:23:36.6424721Z           │       │       ├── symbrain-cli v0.12.1 (*)
2026-10-04T04:23:36.6425462Z           │       │       └── symbrain-memory v0.12.1 (*)
2026-10-04T04:23:36.6426145Z           │       ├── (build) ring v0.17.14
2026-10-04T04:23:36.6426842Z           │       │   ├── rustls v0.23.45 (*)
2026-10-04T04:23:36.6427588Z           │       │   └── rustls-webpki v0.103.15 (*)
2026-10-04T04:23:36.6428347Z           │       └── (build) sqlite-wasm-rs v0.5.5
2026-10-04T04:23:36.6429103Z           │           └── rusqlite v0.40.2 (*)
2026-10-04T04:23:36.6429753Z           └── tempfile v3.27.0
2026-10-04T04:23:36.6430534Z               ├── (dev) symbrain-activity v0.12.1 (*)
2026-10-04T04:23:36.6431561Z               ├── (dev) symbrain-adapter v0.12.1 (*)
2026-10-04T04:23:36.6432354Z               ├── (dev) symbrain-audit v0.12.1 (*)
2026-10-04T04:23:36.6434123Z               ├── (dev) symbrain-broker v0.12.1
2026-10-04T04:23:36.6434953Z               │   ├── symbrain-cli v0.12.1 (*)
2026-10-04T04:23:36.6435992Z               │   └── symbrain-gateway v0.12.1 (*)
2026-10-04T04:23:36.6436679Z               ├── symbrain-cli v0.12.1 (*)
2026-10-04T04:23:36.6437333Z               ├── symbrain-core v0.12.1 (*)
2026-10-04T04:23:36.6438039Z               ├── symbrain-harness v0.12.1 (*)
2026-10-04T04:23:36.6438818Z               ├── (dev) symbrain-instructions v0.12.1
2026-10-04T04:23:36.6439589Z               │   ├── symbrain-adapter v0.12.1 (*)
2026-10-04T04:23:36.6440348Z               │   └── symbrain-cli v0.12.1 (*)
2026-10-04T04:23:36.6441155Z               ├── symbrain-managed v0.12.1 (*)
2026-10-04T04:23:36.6442024Z               ├── (dev) symbrain-patterns v0.12.1
2026-10-04T04:23:36.6442908Z               │   ├── (dev) symbrain-activity v0.12.1 (*)
2026-10-04T04:23:36.6443626Z               │   ├── symbrain-cli v0.12.1 (*)
2026-10-04T04:23:36.6444386Z               │   └── symbrain-gateway v0.12.1 (*)
2026-10-04T04:23:36.6445542Z               ├── symbrain-policy v0.12.1 (*)
2026-10-04T04:23:36.6447030Z               ├── (dev) symbrain-skills v0.12.1 (*)
2026-10-04T04:23:36.6447924Z               ├── symbrain-usage v0.12.1 (*)
2026-10-04T04:23:36.6448752Z               └── (dev) symguard-cli v0.12.1 (*)
2026-10-04T04:23:36.6449107Z 
2026-10-04T04:23:36.6449427Z warning[duplicate]: found 2 duplicate entries for crate 'syn'
2026-10-04T04:23:36.6450340Z     ┌─ D:\a\symaira-brain\symaira-brain/Cargo.lock:177:1
2026-10-04T04:23:36.6451017Z     │  
2026-10-04T04:23:36.6451716Z 177 │ ╭ syn 2.0.119 registry+https://github.com/rust-lang/crates.io-index
2026-10-04T04:23:36.6452738Z 178 │ │ syn 3.0.5 registry+https://github.com/rust-lang/crates.io-index
2026-10-04T04:23:36.6454288Z     │ ╰───────────────────────────────────────────────────────────────┘ lock entries
2026-10-04T04:23:36.6455059Z     │  
2026-10-04T04:23:36.6455447Z     ├ syn v2.0.119
2026-10-04T04:23:36.6455938Z       ├── jni-macros v0.22.4
2026-10-04T04:23:36.6456482Z       │   └── jni v0.22.4
2026-10-04T04:23:36.6457117Z       │       └── rustls-platform-verifier v0.7.1
2026-10-04T04:23:36.6457822Z       │           └── reqwest v0.13.4
2026-10-04T04:23:36.6458499Z       │               └── symaira-core-llm v0.0.0
2026-10-04T04:23:36.6459243Z       │                   └── symbrain-memory v0.12.1
2026-10-04T04:23:36.6460011Z       │                       ├── symbrain-cli v0.12.1
2026-10-04T04:23:36.6460795Z       │                       └── symbrain-gateway v0.12.1
2026-10-04T04:23:36.6461601Z       │                           └── symbrain-cli v0.12.1 (*)
2026-10-04T04:23:36.6462275Z       ├── jni-sys-macros v0.4.1
2026-10-04T04:23:36.6462828Z       │   └── jni-sys v0.4.1
2026-10-04T04:23:36.6511887Z       │       └── jni v0.22.4 (*)
2026-10-04T04:23:36.6513492Z       ├── windows-implement v0.60.2
2026-10-04T04:23:36.6514087Z       │   └── windows-core v0.62.2
2026-10-04T04:23:36.6695755Z       │       ├── iana-time-zone v0.1.65
2026-10-04T04:23:36.6696388Z       │       │   └── chrono v0.4.45
2026-10-04T04:23:36.6696980Z       │       │       ├── symbrain-activity v0.12.1
2026-10-04T04:23:36.6697590Z       │       │       │   ├── symbrain-cli v0.12.1 (*)
2026-10-04T04:23:36.6698247Z       │       │       │   ├── symbrain-gateway v0.12.1 (*)
2026-10-04T04:23:36.6791192Z       │       │       │   └── symbrain-memory v0.12.1 (*)
2026-10-04T04:23:36.6791986Z       │       │       ├── symbrain-audit v0.12.1
2026-10-04T04:23:36.6792749Z       │       │       │   ├── symbrain-cli v0.12.1 (*)
2026-10-04T04:23:36.6793537Z       │       │       │   ├── symbrain-gateway v0.12.1 (*)
2026-10-04T04:23:36.6794303Z       │       │       │   └── symguard-cli v0.12.1
2026-10-04T04:23:36.6795046Z       │       │       │       └── symbrain-cli v0.12.1 (*)
2026-10-04T04:23:36.6795802Z       │       │       ├── symbrain-cli v0.12.1 (*)
2026-10-04T04:23:36.6796477Z       │       │       ├── symbrain-core v0.12.1
2026-10-04T04:23:36.6797564Z       │       │       │   ├── symbrain-audit v0.12.1 (*)
2026-10-04T04:23:36.6798390Z       │       │       │   ├── symbrain-cli v0.12.1 (*)
2026-10-04T04:23:36.6799174Z       │       │       │   ├── symbrain-gateway v0.12.1 (*)
2026-10-04T04:23:36.6799961Z       │       │       │   ├── symbrain-guard-core v0.12.1
2026-10-04T04:23:36.6800795Z       │       │       │   │   ├── (dev) symbrain-cli v0.12.1 (*)
2026-10-04T04:23:36.6801594Z       │       │       │   │   └── symguard-cli v0.12.1 (*)
2026-10-04T04:23:36.6802361Z       │       │       │   ├── symbrain-managed v0.12.1
2026-10-04T04:23:36.6803122Z       │       │       │   │   └── symbrain-cli v0.12.1 (*)
2026-10-04T04:23:36.6803891Z       │       │       │   ├── symbrain-policy v0.12.1
2026-10-04T04:23:36.6804706Z       │       │       │   │   ├── symbrain-activity v0.12.1 (*)
2026-10-04T04:23:36.6805465Z       │       │       │   │   ├── symbrain-catalog v0.12.1
2026-10-04T04:23:36.6806279Z       │       │       │   │   │   └── symbrain-gateway v0.12.1 (*)
2026-10-04T04:23:36.6807170Z       │       │       │   │   ├── symbrain-cli v0.12.1 (*)
2026-10-04T04:23:36.6807984Z       │       │       │   │   └── symbrain-gateway v0.12.1 (*)
2026-10-04T04:23:36.6808772Z       │       │       │   └── symguard-cli v0.12.1 (*)
2026-10-04T04:23:36.6809523Z       │       │       ├── symbrain-gateway v0.12.1 (*)
2026-10-04T04:23:36.6810684Z       │       │       ├── symbrain-guard-core v0.12.1 (*)
2026-10-04T04:23:36.6811451Z       │       │       ├── symbrain-harness v0.12.1
2026-10-04T04:23:36.6812166Z       │       │       │   ├── symbrain-adapter v0.12.1
2026-10-04T04:23:36.6812930Z       │       │       │   │   └── symbrain-cli v0.12.1 (*)
2026-10-04T04:23:36.6813695Z       │       │       │   ├── symbrain-cli v0.12.1 (*)
2026-10-04T04:23:36.6814502Z       │       │       │   ├── symbrain-gateway v0.12.1 (*)
2026-10-04T04:23:36.6815254Z       │       │       │   └── symbrain-skills v0.12.1
2026-10-04T04:23:36.6816027Z       │       │       │       ├── symbrain-cli v0.12.1 (*)
2026-10-04T04:23:36.6816864Z       │       │       │       └── symbrain-gateway v0.12.1 (*)
2026-10-04T04:23:36.6817636Z       │       │       ├── symbrain-managed v0.12.1 (*)
2026-10-04T04:23:36.6818370Z       │       │       ├── symbrain-memory v0.12.1 (*)
2026-10-04T04:23:36.6819113Z       │       │       ├── symbrain-skills v0.12.1 (*)
2026-10-04T04:23:36.6819824Z       │       │       ├── symbrain-usage v0.12.1
2026-10-04T04:23:36.6820542Z       │       │       │   ├── symbrain-cli v0.12.1 (*)
2026-10-04T04:23:36.6821311Z       │       │       │   └── symbrain-gateway v0.12.1 (*)
2026-10-04T04:23:36.6822043Z       │       │       └── symguard-cli v0.12.1 (*)
2026-10-04T04:23:36.6822691Z       │       ├── windows v0.62.2
2026-10-04T04:23:36.6823639Z       │       │   └── process-wrap v10.0.1
2026-10-04T04:23:36.6824339Z       │       │       └── symbrain-cli v0.12.1 (*)
2026-10-04T04:23:36.6825041Z       │       ├── windows-collections v0.3.2
2026-10-04T04:23:36.6825737Z       │       │   └── windows v0.62.2 (*)
2026-10-04T04:23:36.6826359Z       │       ├── windows-future v0.3.2
2026-10-04T04:23:36.6826983Z       │       │   └── windows v0.62.2 (*)
2026-10-04T04:23:36.6827633Z       │       └── windows-numerics v0.3.1
2026-10-04T04:23:36.6828277Z       │           └── windows v0.62.2 (*)
2026-10-04T04:23:36.6828900Z       └── windows-interface v0.59.3
2026-10-04T04:23:36.6829539Z           └── windows-core v0.62.2 (*)
2026-10-04T04:23:36.6830059Z     ├ syn v3.0.5
2026-10-04T04:23:36.6830935Z       ├── displaydoc v0.2.7
2026-10-04T04:23:36.6831523Z       │   ├── icu_collections v2.3.0
2026-10-04T04:23:36.6832139Z       │   │   ├── icu_normalizer v2.3.0
2026-10-04T04:23:36.6832776Z       │   │   │   └── idna_adapter v1.2.2
2026-10-04T04:23:36.6833442Z       │   │   │       └── idna v1.1.0
2026-10-04T04:23:36.6834058Z       │   │   │           └── url v2.5.8
2026-10-04T04:23:36.6834732Z       │   │   │               ├── reqwest v0.13.4
2026-10-04T04:23:36.6835756Z       │   │   │               │   └── symaira-core-llm v0.0.0
2026-10-04T04:23:36.6836634Z       │   │   │               │       └── symbrain-memory v0.12.1
2026-10-04T04:23:36.6837492Z       │   │   │               │           ├── symbrain-cli v0.12.1
2026-10-04T04:23:36.6838376Z       │   │   │               │           └── symbrain-gateway v0.12.1
2026-10-04T04:23:36.6839290Z       │   │   │               │               └── symbrain-cli v0.12.1 (*)
2026-10-04T04:23:36.6840194Z       │   │   │               └── tower-http v0.6.11
2026-10-04T04:23:36.6840971Z       │   │   │                   └── reqwest v0.13.4 (*)
2026-10-04T04:23:36.6841666Z       │   │   └── icu_properties v2.3.0
2026-10-04T04:23:36.6842325Z       │   │       └── idna_adapter v1.2.2 (*)
2026-10-04T04:23:36.6843024Z       │   ├── icu_locale_core v2.3.0
2026-10-04T04:23:36.6843669Z       │   │   ├── icu_properties v2.3.0 (*)
2026-10-04T04:23:36.6844312Z       │   │   └── icu_provider v2.3.1
2026-10-04T04:23:36.6845018Z       │   │       ├── icu_normalizer v2.3.0 (*)
2026-10-04T04:23:36.6845854Z       │   │       └── icu_properties v2.3.0 (*)
2026-10-04T04:23:36.6846502Z       │   ├── icu_properties v2.3.0 (*)
2026-10-04T04:23:36.6847080Z       │   ├── icu_provider v2.3.1 (*)
2026-10-04T04:23:36.6847672Z       │   ├── tinystr v0.8.4
2026-10-04T04:23:36.6848705Z       │   │   └── icu_locale_core v2.3.0 (*)
2026-10-04T04:23:36.6849346Z       │   └── zerotrie v0.2.5
2026-10-04T04:23:36.6849948Z       │       ├── icu_properties v2.3.0 (*)
2026-10-04T04:23:36.6850602Z       │       └── icu_provider v2.3.1 (*)
2026-10-04T04:23:36.6851222Z       ├── futures-macro v0.3.34
2026-10-04T04:23:36.6851799Z       │   └── futures-util v0.3.34
2026-10-04T04:23:36.6852404Z       │       ├── hyper-util v0.1.21
2026-10-04T04:23:36.6853324Z       │       │   ├── hyper-rustls v0.27.10
2026-10-04T04:23:36.6854001Z       │       │   │   └── reqwest v0.13.4 (*)
2026-10-04T04:23:36.6854639Z       │       │   └── reqwest v0.13.4 (*)
2026-10-04T04:23:36.6855277Z       │       ├── js-sys v0.3.105
2026-10-04T04:23:36.6855882Z       │       │   ├── iana-time-zone v0.1.65
2026-10-04T04:23:36.6856504Z       │       │   │   └── chrono v0.4.45
2026-10-04T04:23:36.6857232Z       │       │   │       ├── symbrain-activity v0.12.1
2026-10-04T04:23:36.6858000Z       │       │   │       │   ├── symbrain-cli v0.12.1 (*)
2026-10-04T04:23:36.6858797Z       │       │   │       │   ├── symbrain-gateway v0.12.1 (*)
2026-10-04T04:23:36.6859623Z       │       │   │       │   └── symbrain-memory v0.12.1 (*)
2026-10-04T04:23:36.6860389Z       │       │   │       ├── symbrain-audit v0.12.1
2026-10-04T04:23:36.6861171Z       │       │   │       │   ├── symbrain-cli v0.12.1 (*)
2026-10-04T04:23:36.6861969Z       │       │   │       │   ├── symbrain-gateway v0.12.1 (*)
2026-10-04T04:23:36.6862779Z       │       │   │       │   └── symguard-cli v0.12.1
2026-10-04T04:23:36.6863568Z       │       │   │       │       └── symbrain-cli v0.12.1 (*)
2026-10-04T04:23:36.6864590Z       │       │   │       ├── symbrain-cli v0.12.1 (*)
2026-10-04T04:23:36.6865355Z       │       │   │       ├── symbrain-core v0.12.1
2026-10-04T04:23:36.6866146Z       │       │   │       │   ├── symbrain-audit v0.12.1 (*)
2026-10-04T04:23:36.6866948Z       │       │   │       │   ├── symbrain-cli v0.12.1 (*)
2026-10-04T04:23:36.6867760Z       │       │   │       │   ├── symbrain-gateway v0.12.1 (*)
2026-10-04T04:23:36.6868940Z       │       │   │       │   ├── symbrain-guard-core v0.12.1
2026-10-04T04:23:36.6869818Z       │       │   │       │   │   ├── (dev) symbrain-cli v0.12.1 (*)
2026-10-04T04:23:36.6870661Z       │       │   │       │   │   └── symguard-cli v0.12.1 (*)
2026-10-04T04:23:36.6872146Z       │       │   │       │   ├── symbrain-managed v0.12.1
2026-10-04T04:23:36.6873053Z       │       │   │       │   │   └── symbrain-cli v0.12.1 (*)
2026-10-04T04:23:36.6873859Z       │       │   │       │   ├── symbrain-policy v0.12.1
2026-10-04T04:23:36.6874734Z       │       │   │       │   │   ├── symbrain-activity v0.12.1 (*)
2026-10-04T04:23:36.6875577Z       │       │   │       │   │   ├── symbrain-catalog v0.12.1
2026-10-04T04:23:36.6876448Z       │       │   │       │   │   │   └── symbrain-gateway v0.12.1 (*)
2026-10-04T04:23:36.6877304Z       │       │   │       │   │   ├── symbrain-cli v0.12.1 (*)
2026-10-04T04:23:36.6878143Z       │       │   │       │   │   └── symbrain-gateway v0.12.1 (*)
2026-10-04T04:23:36.6878950Z       │       │   │       │   └── symguard-cli v0.12.1 (*)
2026-10-04T04:23:36.6879721Z       │       │   │       ├── symbrain-gateway v0.12.1 (*)
2026-10-04T04:23:36.6880522Z       │       │   │       ├── symbrain-guard-core v0.12.1 (*)
2026-10-04T04:23:36.6881300Z       │       │   │       ├── symbrain-harness v0.12.1
2026-10-04T04:23:36.6882085Z       │       │   │       │   ├── symbrain-adapter v0.12.1
2026-10-04T04:23:36.6882830Z       │       │   │       │   │   └── symbrain-cli v0.12.1 (*)
2026-10-04T04:23:36.6883614Z       │       │   │       │   ├── symbrain-cli v0.12.1 (*)
2026-10-04T04:23:36.6884409Z       │       │   │       │   ├── symbrain-gateway v0.12.1 (*)
2026-10-04T04:23:36.6885193Z       │       │   │       │   └── symbrain-skills v0.12.1
2026-10-04T04:23:36.6885972Z       │       │   │       │       ├── symbrain-cli v0.12.1 (*)
2026-10-04T04:23:36.6886793Z       │       │   │       │       └── symbrain-gateway v0.12.1 (*)
2026-10-04T04:23:36.6887609Z       │       │   │       ├── symbrain-managed v0.12.1 (*)
2026-10-04T04:23:36.6888347Z       │       │   │       ├── symbrain-memory v0.12.1 (*)
2026-10-04T04:23:36.6889451Z       │       │   │       ├── symbrain-skills v0.12.1 (*)
2026-10-04T04:23:36.6890217Z       │       │   │       ├── symbrain-usage v0.12.1
2026-10-04T04:23:36.6891039Z       │       │   │       │   ├── symbrain-cli v0.12.1 (*)
2026-10-04T04:23:36.6892128Z       │       │   │       │   └── symbrain-gateway v0.12.1 (*)
2026-10-04T04:23:36.6892895Z       │       │   │       └── symguard-cli v0.12.1 (*)
2026-10-04T04:23:36.6893603Z       │       │   ├── reqwest v0.13.4 (*)
2026-10-04T04:23:36.6894261Z       │       │   ├── sqlite-wasm-rs v0.5.5
2026-10-04T04:23:36.6894904Z       │       │   │   └── rusqlite v0.40.2
2026-10-04T04:23:36.6895611Z       │       │   │       ├── symbrain-cli v0.12.1 (*)
2026-10-04T04:23:36.6896341Z       │       │   │       └── symbrain-memory v0.12.1 (*)
2026-10-04T04:23:36.6897081Z       │       │   ├── wasm-bindgen-futures v0.4.78
2026-10-04T04:23:36.6897777Z       │       │   │   └── reqwest v0.13.4 (*)
2026-10-04T04:23:36.6898415Z       │       │   └── web-sys v0.3.105
2026-10-04T04:23:36.6899051Z       │       │       └── reqwest v0.13.4 (*)
2026-10-04T04:23:36.6899686Z       │       ├── tokio-util v0.7.19
2026-10-04T04:23:36.6900376Z       │       │   └── symaira-core-llm v0.0.0 (*)
2026-10-04T04:23:36.6900993Z       │       ├── tower v0.5.3
2026-10-04T04:23:36.6901522Z       │       │   ├── reqwest v0.13.4 (*)
2026-10-04T04:23:36.6902014Z       │       │   └── tower-http v0.6.11 (*)
2026-10-04T04:23:36.6902786Z       │       └── tower-http v0.6.11 (*)
2026-10-04T04:23:36.6903411Z       ├── serde_derive v1.0.229
2026-10-04T04:23:36.6903966Z       │   └── serde v1.0.229
2026-10-04T04:23:36.6904530Z       │       ├── chrono v0.4.45 (*)
2026-10-04T04:23:36.6905128Z       │       ├── serde_yaml_ng v0.10.0
2026-10-04T04:23:36.6905823Z       │       │   ├── symbrain-skills v0.12.1 (*)
2026-10-04T04:23:36.6906513Z       │       │   └── symguard-cli v0.12.1 (*)
2026-10-04T04:23:36.6907203Z       │       ├── symaira-core-llm v0.0.0 (*)
2026-10-04T04:23:36.6907925Z       │       ├── symaira-core-secretref v0.0.0
2026-10-04T04:23:36.6908634Z       │       │   └── symaira-core-llm v0.0.0 (*)
2026-10-04T04:23:36.6909746Z       │       ├── symbrain-activity v0.12.1 (*)
2026-10-04T04:23:36.6910510Z       │       ├── (dev) symbrain-adapter v0.12.1 (*)
2026-10-04T04:23:36.6911208Z       │       ├── symbrain-audit v0.12.1 (*)
2026-10-04T04:23:36.6911888Z       │       ├── symbrain-broker v0.12.1
2026-10-04T04:23:36.6912555Z       │       │   ├── symbrain-cli v0.12.1 (*)
2026-10-04T04:23:36.6913265Z       │       │   └── symbrain-gateway v0.12.1 (*)
2026-10-04T04:23:36.6913966Z       │       ├── symbrain-catalog v0.12.1 (*)
2026-10-04T04:23:36.6914640Z       │       ├── symbrain-cli v0.12.1 (*)
2026-10-04T04:23:36.6915280Z       │       ├── symbrain-core v0.12.1 (*)
2026-10-04T04:23:36.6915946Z       │       ├── symbrain-gateway v0.12.1 (*)
2026-10-04T04:23:36.6916653Z       │       ├── symbrain-guard-core v0.12.1 (*)
2026-10-04T04:23:36.6917348Z       │       ├── symbrain-harness v0.12.1 (*)
2026-10-04T04:23:36.6918077Z       │       ├── (dev) symbrain-instructions v0.12.1
2026-10-04T04:23:36.6918826Z       │       │   ├── symbrain-adapter v0.12.1 (*)
2026-10-04T04:23:36.6919534Z       │       │   └── symbrain-cli v0.12.1 (*)
2026-10-04T04:23:36.6920177Z       │       ├── symbrain-managed v0.12.1 (*)
2026-10-04T04:23:36.6920805Z       │       ├── symbrain-mcp v0.12.1
2026-10-04T04:23:36.6921468Z       │       │   ├── symbrain-broker v0.12.1 (*)
2026-10-04T04:23:36.6922167Z       │       │   ├── symbrain-cli v0.12.1 (*)
2026-10-04T04:23:36.6922853Z       │       │   └── symbrain-gateway v0.12.1 (*)
2026-10-04T04:23:36.6923552Z       │       ├── symbrain-memory v0.12.1 (*)
2026-10-04T04:23:36.6924222Z       │       ├── symbrain-patterns v0.12.1
2026-10-04T04:23:36.6924968Z       │       │   ├── (dev) symbrain-activity v0.12.1 (*)
2026-10-04T04:23:36.6925685Z       │       │   ├── symbrain-cli v0.12.1 (*)
2026-10-04T04:23:36.6926371Z       │       │   └── symbrain-gateway v0.12.1 (*)
2026-10-04T04:23:36.6927081Z       │       ├── symbrain-policy v0.12.1 (*)
2026-10-04T04:23:36.6927760Z       │       ├── symbrain-skills v0.12.1 (*)
2026-10-04T04:23:36.6928687Z       │       ├── symbrain-usage v0.12.1 (*)
2026-10-04T04:23:36.6929734Z       │       └── symguard-cli v0.12.1 (*)
2026-10-04T04:23:36.6930366Z       ├── synstructure v0.14.0
2026-10-04T04:23:36.6931169Z       │   ├── yoke-derive v0.8.4
2026-10-04T04:23:36.6931790Z       │   │   └── yoke v0.8.3
2026-10-04T04:23:36.6932402Z       │   │       ├── icu_collections v2.3.0 (*)
2026-10-04T04:23:36.6933095Z       │   │       ├── icu_provider v2.3.1 (*)
2026-10-04T04:23:36.6933748Z       │   │       ├── zerotrie v0.2.5 (*)
2026-10-04T04:23:36.6934385Z       │   │       └── zerovec v0.11.8
2026-10-04T04:23:36.6935154Z       │   │           ├── icu_collections v2.3.0 (*)
2026-10-04T04:23:36.6935881Z       │   │           ├── icu_locale_core v2.3.0 (*)
2026-10-04T04:23:36.6936602Z       │   │           ├── icu_normalizer v2.3.0 (*)
2026-10-04T04:23:36.6937309Z       │   │           ├── icu_properties v2.3.0 (*)
2026-10-04T04:23:36.6938035Z       │   │           ├── icu_provider v2.3.1 (*)
2026-10-04T04:23:36.6938764Z       │   │           ├── potential_utf v0.1.6
2026-10-04T04:23:36.6939503Z       │   │           │   └── icu_collections v2.3.0 (*)
2026-10-04T04:23:36.6940281Z       │   │           └── tinystr v0.8.4 (*)
2026-10-04T04:23:36.6940939Z       │   └── zerofrom-derive v0.1.8
2026-10-04T04:23:36.6941537Z       │       └── zerofrom v0.1.8
2026-10-04T04:23:36.6942176Z       │           ├── icu_collections v2.3.0 (*)
2026-10-04T04:23:36.6942868Z       │           ├── icu_provider v2.3.1 (*)
2026-10-04T04:23:36.6943496Z       │           ├── yoke v0.8.3 (*)
2026-10-04T04:23:36.6944106Z       │           ├── zerotrie v0.2.5 (*)
2026-10-04T04:23:36.6944730Z       │           └── zerovec v0.11.8 (*)
2026-10-04T04:23:36.6945328Z       ├── thiserror-impl v2.0.20
2026-10-04T04:23:36.6945888Z       │   └── thiserror v2.0.20
2026-10-04T04:23:36.6946407Z       │       ├── jni v0.22.4
2026-10-04T04:23:36.6947071Z       │       │   └── rustls-platform-verifier v0.7.1
2026-10-04T04:23:36.6947797Z       │       │       └── reqwest v0.13.4 (*)
2026-10-04T04:23:36.6948432Z       │       ├── rsqlite-vfs v0.1.1
2026-10-04T04:23:36.6949087Z       │       │   └── sqlite-wasm-rs v0.5.5 (*)
2026-10-04T04:23:36.6950228Z       │       └── symaira-core-secretref v0.0.0 (*)
2026-10-04T04:23:36.6950886Z       ├── tokio-macros v2.7.2
2026-10-04T04:23:36.6951419Z       │   └── tokio v1.53.1
2026-10-04T04:23:36.6951936Z       │       ├── hyper v1.11.1
2026-10-04T04:23:36.6952557Z       │       │   ├── hyper-rustls v0.27.10 (*)
2026-10-04T04:23:36.6953205Z       │       │   ├── hyper-util v0.1.21 (*)
2026-10-04T04:23:36.6953842Z       │       │   └── reqwest v0.13.4 (*)
2026-10-04T04:23:36.6954481Z       │       ├── hyper-rustls v0.27.10 (*)
2026-10-04T04:23:36.6955122Z       │       ├── hyper-util v0.1.21 (*)
2026-10-04T04:23:36.6955738Z       │       ├── reqwest v0.13.4 (*)
2026-10-04T04:23:36.6956393Z       │       ├── symaira-core-llm v0.0.0 (*)
2026-10-04T04:23:36.6957287Z       │       ├── tokio-rustls v0.26.6
2026-10-04T04:23:36.6957946Z       │       │   ├── hyper-rustls v0.27.10 (*)
2026-10-04T04:23:36.6958598Z       │       │   └── reqwest v0.13.4 (*)
2026-10-04T04:23:36.6959268Z       │       ├── tokio-util v0.7.19 (*)
2026-10-04T04:23:36.6959870Z       │       └── tower v0.5.3 (*)
2026-10-04T04:23:36.6960523Z       ├── wasm-bindgen-macro-support v0.2.128
2026-10-04T04:23:36.6961204Z       │   └── wasm-bindgen-macro v0.2.128
2026-10-04T04:23:36.6961847Z       │       └── wasm-bindgen v0.2.128
2026-10-04T04:23:36.6962520Z       │           ├── iana-time-zone v0.1.65 (*)
2026-10-04T04:23:36.6963181Z       │           ├── js-sys v0.3.105 (*)
2026-10-04T04:23:36.6963809Z       │           ├── reqwest v0.13.4 (*)
2026-10-04T04:23:36.6964469Z       │           ├── sqlite-wasm-rs v0.5.5 (*)
2026-10-04T04:23:36.6965202Z       │           ├── wasm-bindgen-futures v0.4.78 (*)
2026-10-04T04:23:36.6965895Z       │           └── web-sys v0.3.105 (*)
2026-10-04T04:23:36.6966516Z       ├── yoke-derive v0.8.4 (*)
2026-10-04T04:23:36.6967113Z       ├── zerofrom-derive v0.1.8 (*)
2026-10-04T04:23:36.6967698Z       └── zerovec-derive v0.11.6
2026-10-04T04:23:36.6968298Z           └── zerovec v0.11.8 (*)
2026-10-04T04:23:36.6970400Z 
2026-10-04T04:23:36.6970784Z warning[duplicate]: found 2 duplicate entries for crate 'wasi'
2026-10-04T04:23:36.6971743Z     ┌─ D:\a\symaira-brain\symaira-brain/Cargo.lock:217:1
2026-10-04T04:23:36.6972357Z     │  
2026-10-04T04:23:36.6973210Z 217 │ ╭ wasi 0.11.1+wasi-snapshot-preview1 registry+https://github.com/rust-lang/crates.io-index
2026-10-04T04:23:36.6974482Z 218 │ │ wasi 0.14.7+wasi-0.2.4 registry+https://github.com/rust-lang/crates.io-index
2026-10-04T04:23:36.6975780Z     │ ╰────────────────────────────────────────────────────────────────────────────┘ lock entries
2026-10-04T04:23:36.6976544Z     │  
2026-10-04T04:23:36.6977040Z     ├ wasi v0.11.1+wasi-snapshot-preview1
2026-10-04T04:23:36.6977658Z       ├── getrandom v0.2.17
2026-10-04T04:23:36.6978209Z       │   └── ring v0.17.14
2026-10-04T04:23:36.6978735Z       │       ├── rustls v0.23.45
2026-10-04T04:23:36.6979352Z       │       │   ├── hyper-rustls v0.27.10
2026-10-04T04:23:36.6980045Z       │       │   │   └── reqwest v0.13.4
2026-10-04T04:23:36.6980759Z       │       │   │       └── symaira-core-llm v0.0.0
2026-10-04T04:23:36.6981539Z       │       │   │           └── symbrain-memory v0.12.1
2026-10-04T04:23:36.6982322Z       │       │   │               ├── symbrain-cli v0.12.1
2026-10-04T04:23:36.6983124Z       │       │   │               └── symbrain-gateway v0.12.1
2026-10-04T04:23:36.6983968Z       │       │   │                   └── symbrain-cli v0.12.1 (*)
2026-10-04T04:23:36.6984722Z       │       │   ├── reqwest v0.13.4 (*)
2026-10-04T04:23:36.6985470Z       │       │   ├── rustls-platform-verifier v0.7.1
2026-10-04T04:23:36.6986199Z       │       │   │   └── reqwest v0.13.4 (*)
2026-10-04T04:23:36.6986865Z       │       │   ├── tokio-rustls v0.26.6
2026-10-04T04:23:36.6987605Z       │       │   │   ├── hyper-rustls v0.27.10 (*)
2026-10-04T04:23:36.6988295Z       │       │   │   └── reqwest v0.13.4 (*)
2026-10-04T04:23:36.6988912Z       │       │   └── ureq v3.4.1
2026-10-04T04:23:36.6989616Z       │       │       ├── symaira-core-llm v0.0.0 (*)
2026-10-04T04:23:36.7130379Z       │       │       ├── symbrain-cli v0.12.1 (*)
2026-10-04T04:23:36.7131100Z       │       │       ├── symbrain-managed v0.12.1
2026-10-04T04:23:36.7131800Z       │       │       │   └── symbrain-cli v0.12.1 (*)
2026-10-04T04:23:36.7132474Z       │       │       └── symbrain-usage v0.12.1
2026-10-04T04:23:36.7133146Z       │       │           ├── symbrain-cli v0.12.1 (*)
2026-10-04T04:23:36.7133861Z       │       │           └── symbrain-gateway v0.12.1 (*)
2026-10-04T04:23:36.7134515Z       │       └── rustls-webpki v0.103.15
2026-10-04T04:23:36.7135107Z       │           ├── rustls v0.23.45 (*)
2026-10-04T04:23:36.7135777Z       │           └── rustls-platform-verifier v0.7.1 (*)
2026-10-04T04:23:36.7136674Z       └── mio v1.2.3
2026-10-04T04:23:36.7137139Z           └── tokio v1.53.1
2026-10-04T04:23:36.7137672Z               ├── hyper v1.11.1
2026-10-04T04:23:36.7138507Z               │   ├── hyper-rustls v0.27.10 (*)
2026-10-04T04:23:36.7139203Z               │   ├── hyper-util v0.1.21
2026-10-04T04:23:36.7139915Z               │   │   ├── hyper-rustls v0.27.10 (*)
2026-10-04T04:23:36.7140627Z               │   │   └── reqwest v0.13.4 (*)
2026-10-04T04:23:36.7141292Z               │   └── reqwest v0.13.4 (*)
2026-10-04T04:23:36.7141958Z               ├── hyper-rustls v0.27.10 (*)
2026-10-04T04:23:36.7142610Z               ├── hyper-util v0.1.21 (*)
2026-10-04T04:23:36.7143204Z               ├── reqwest v0.13.4 (*)
2026-10-04T04:23:36.7143885Z               ├── symaira-core-llm v0.0.0 (*)
2026-10-04T04:23:36.7144562Z               ├── tokio-rustls v0.26.6 (*)
2026-10-04T04:23:36.7145190Z               ├── tokio-util v0.7.19
2026-10-04T04:23:36.7145891Z               │   └── symaira-core-llm v0.0.0 (*)
2026-10-04T04:23:36.7146529Z               └── tower v0.5.3
2026-10-04T04:23:36.7147165Z                   ├── reqwest v0.13.4 (*)
2026-10-04T04:23:36.7148240Z                   └── tower-http v0.6.11
2026-10-04T04:23:36.7149038Z                       └── reqwest v0.13.4 (*)
2026-10-04T04:23:36.7149601Z     ├ wasi v0.14.7+wasi-0.2.4
2026-10-04T04:23:36.7150077Z       └── getrandom v0.3.3
2026-10-04T04:23:36.7150651Z           ├── symbrain-guard-core v0.12.1
2026-10-04T04:23:36.7151299Z           │   ├── (dev) symbrain-cli v0.12.1
2026-10-04T04:23:36.7151922Z           │   └── symguard-cli v0.12.1
2026-10-04T04:23:36.7152557Z           │       └── symbrain-cli v0.12.1 (*)
2026-10-04T04:23:36.7153169Z           └── symbrain-memory v0.12.1
2026-10-04T04:23:36.7153818Z               ├── symbrain-cli v0.12.1 (*)
2026-10-04T04:23:36.7154492Z               └── symbrain-gateway v0.12.1
2026-10-04T04:23:36.7155224Z                   └── symbrain-cli v0.12.1 (*)
2026-10-04T04:23:36.7155557Z 
2026-10-04T04:23:36.7155887Z warning[duplicate]: found 2 duplicate entries for crate 'windows-sys'
2026-10-04T04:23:36.7156756Z     ┌─ D:\a\symaira-brain\symaira-brain/Cargo.lock:243:1
2026-10-04T04:23:36.7157321Z     │  
2026-10-04T04:23:36.7157970Z 243 │ ╭ windows-sys 0.52.0 registry+https://github.com/rust-lang/crates.io-index
2026-10-04T04:23:36.7158978Z 244 │ │ windows-sys 0.61.2 registry+https://github.com/rust-lang/crates.io-index
2026-10-04T04:23:36.7160143Z     │ ╰────────────────────────────────────────────────────────────────────────┘ lock entries
2026-10-04T04:23:36.7160817Z     │  
2026-10-04T04:23:36.7161190Z     ├ windows-sys v0.52.0
2026-10-04T04:23:36.7161691Z       ├── fs-set-times v0.20.3
2026-10-04T04:23:36.7162196Z       │   └── cap-primitives v4.0.3
2026-10-04T04:23:36.7162739Z       │       ├── cap-fs-ext v4.0.3
2026-10-04T04:23:36.7163322Z       │       │   ├── symbrain-adapter v0.12.1
2026-10-04T04:23:36.7163938Z       │       │   │   └── symbrain-cli v0.12.1
2026-10-04T04:23:36.7164770Z       │       │   ├── symbrain-audit v0.12.1
2026-10-04T04:23:36.7167601Z       │       │   │   ├── symbrain-cli v0.12.1 (*)
2026-10-04T04:23:36.7168359Z       │       │   │   ├── symbrain-gateway v0.12.1
2026-10-04T04:23:36.7169069Z       │       │   │   │   └── symbrain-cli v0.12.1 (*)
2026-10-04T04:23:36.7169708Z       │       │   │   └── symguard-cli v0.12.1
2026-10-04T04:23:36.7170371Z       │       │   │       └── symbrain-cli v0.12.1 (*)
2026-10-04T04:23:36.7171009Z       │       │   ├── symbrain-harness v0.12.1
2026-10-04T04:23:36.7171685Z       │       │   │   ├── symbrain-adapter v0.12.1 (*)
2026-10-04T04:23:36.7172347Z       │       │   │   ├── symbrain-cli v0.12.1 (*)
2026-10-04T04:23:36.7173022Z       │       │   │   ├── symbrain-gateway v0.12.1 (*)
2026-10-04T04:23:36.7173674Z       │       │   │   └── symbrain-skills v0.12.1
2026-10-04T04:23:36.7174334Z       │       │   │       ├── symbrain-cli v0.12.1 (*)
2026-10-04T04:23:36.7175059Z       │       │   │       └── symbrain-gateway v0.12.1 (*)
2026-10-04T04:23:36.7175759Z       │       │   ├── symbrain-instructions v0.12.1
2026-10-04T04:23:36.7176446Z       │       │   │   ├── symbrain-adapter v0.12.1 (*)
2026-10-04T04:23:36.7177341Z       │       │   │   └── symbrain-cli v0.12.1 (*)
2026-10-04T04:23:36.7178011Z       │       │   └── symbrain-skills v0.12.1 (*)
2026-10-04T04:23:36.7178594Z       │       └── cap-std v4.0.3
2026-10-04T04:23:36.7179143Z       │           ├── cap-fs-ext v4.0.3 (*)
2026-10-04T04:23:36.7179778Z       │           ├── symbrain-adapter v0.12.1 (*)
2026-10-04T04:23:36.7180422Z       │           ├── symbrain-audit v0.12.1 (*)
2026-10-04T04:23:36.7197650Z       │           ├── symbrain-harness v0.12.1 (*)
2026-10-04T04:23:36.7198398Z       │           ├── symbrain-instructions v0.12.1 (*)
2026-10-04T04:23:36.7199154Z       │           └── symbrain-skills v0.12.1 (*)
2026-10-04T04:23:36.7199753Z       ├── io-extras v0.19.0
2026-10-04T04:23:36.7200344Z       │   ├── cap-primitives v4.0.3 (*)
2026-10-04T04:23:36.7200944Z       │   └── cap-std v4.0.3 (*)
2026-10-04T04:23:36.7201437Z       ├── ring v0.17.14
2026-10-04T04:23:36.7201904Z       │   ├── rustls v0.23.45
2026-10-04T04:23:36.7202468Z       │   │   ├── hyper-rustls v0.27.10
2026-10-04T04:23:36.7203144Z       │   │   │   └── reqwest v0.13.4
2026-10-04T04:23:36.7203777Z       │   │   │       └── symaira-core-llm v0.0.0
2026-10-04T04:23:36.7204483Z       │   │   │           └── symbrain-memory v0.12.1
2026-10-04T04:23:36.7205205Z       │   │   │               ├── symbrain-cli v0.12.1 (*)
2026-10-04T04:23:36.7206015Z       │   │   │               └── symbrain-gateway v0.12.1 (*)
2026-10-04T04:23:36.7206938Z       │   │   ├── reqwest v0.13.4 (*)
2026-10-04T04:23:36.7207619Z       │   │   ├── rustls-platform-verifier v0.7.1
2026-10-04T04:23:36.7208260Z       │   │   │   └── reqwest v0.13.4 (*)
2026-10-04T04:23:36.7208845Z       │   │   ├── tokio-rustls v0.26.6
2026-10-04T04:23:36.7209463Z       │   │   │   ├── hyper-rustls v0.27.10 (*)
2026-10-04T04:23:36.7210106Z       │   │   │   └── reqwest v0.13.4 (*)
2026-10-04T04:23:36.7210650Z       │   │   └── ureq v3.4.1
2026-10-04T04:23:36.7211258Z       │   │       ├── symaira-core-llm v0.0.0 (*)
2026-10-04T04:23:36.7211909Z       │   │       ├── symbrain-cli v0.12.1 (*)
2026-10-04T04:23:36.7212551Z       │   │       ├── symbrain-managed v0.12.1
2026-10-04T04:23:36.7213208Z       │   │       │   └── symbrain-cli v0.12.1 (*)
2026-10-04T04:23:36.7213846Z       │   │       └── symbrain-usage v0.12.1
2026-10-04T04:23:36.7214495Z       │   │           ├── symbrain-cli v0.12.1 (*)
2026-10-04T04:23:36.7215201Z       │   │           └── symbrain-gateway v0.12.1 (*)
2026-10-04T04:23:36.7215828Z       │   └── rustls-webpki v0.103.15
2026-10-04T04:23:36.7216389Z       │       ├── rustls v0.23.45 (*)
2026-10-04T04:23:36.7217039Z       │       └── rustls-platform-verifier v0.7.1 (*)
2026-10-04T04:23:36.7217638Z       └── winx v0.36.4
2026-10-04T04:23:36.7218418Z           └── cap-primitives v4.0.3 (*)
2026-10-04T04:23:36.7218929Z     ├ windows-sys v0.61.2
2026-10-04T04:23:36.7219381Z       ├── cap-fs-ext v4.0.3
2026-10-04T04:23:36.7219948Z       │   ├── symbrain-adapter v0.12.1
2026-10-04T04:23:36.7220600Z       │   │   └── symbrain-cli v0.12.1
2026-10-04T04:23:36.7221196Z       │   ├── symbrain-audit v0.12.1
2026-10-04T04:23:36.7221762Z       │   │   ├── symbrain-cli v0.12.1 (*)
2026-10-04T04:23:36.7222410Z       │   │   ├── symbrain-gateway v0.12.1
2026-10-04T04:23:36.7223044Z       │   │   │   └── symbrain-cli v0.12.1 (*)
2026-10-04T04:23:36.7223650Z       │   │   └── symguard-cli v0.12.1
2026-10-04T04:23:36.7224259Z       │   │       └── symbrain-cli v0.12.1 (*)
2026-10-04T04:23:36.7224880Z       │   ├── symbrain-harness v0.12.1
2026-10-04T04:23:36.7225492Z       │   │   ├── symbrain-adapter v0.12.1 (*)
2026-10-04T04:23:36.7226161Z       │   │   ├── symbrain-cli v0.12.1 (*)
2026-10-04T04:23:36.7226801Z       │   │   ├── symbrain-gateway v0.12.1 (*)
2026-10-04T04:23:36.7227727Z       │   │   └── symbrain-skills v0.12.1
2026-10-04T04:23:36.7228357Z       │   │       ├── symbrain-cli v0.12.1 (*)
2026-10-04T04:23:36.7229011Z       │   │       └── symbrain-gateway v0.12.1 (*)
2026-10-04T04:23:36.7229883Z       │   ├── symbrain-instructions v0.12.1
2026-10-04T04:23:36.7230551Z       │   │   ├── symbrain-adapter v0.12.1 (*)
2026-10-04T04:23:36.7231177Z       │   │   └── symbrain-cli v0.12.1 (*)
2026-10-04T04:23:36.7231786Z       │   └── symbrain-skills v0.12.1 (*)
2026-10-04T04:23:36.7232354Z       ├── cap-primitives v4.0.3
2026-10-04T04:23:36.7232881Z       │   ├── cap-fs-ext v4.0.3 (*)
2026-10-04T04:23:36.7233410Z       │   └── cap-std v4.0.3
2026-10-04T04:23:36.7233936Z       │       ├── cap-fs-ext v4.0.3 (*)
2026-10-04T04:23:36.7234559Z       │       ├── symbrain-adapter v0.12.1 (*)
2026-10-04T04:23:36.7235194Z       │       ├── symbrain-audit v0.12.1 (*)
2026-10-04T04:23:36.7235826Z       │       ├── symbrain-harness v0.12.1 (*)
2026-10-04T04:23:36.7236525Z       │       ├── symbrain-instructions v0.12.1 (*)
2026-10-04T04:23:36.7237197Z       │       └── symbrain-skills v0.12.1 (*)
2026-10-04T04:23:36.7237741Z       ├── errno v0.3.14
2026-10-04T04:23:36.7238220Z       │   ├── rustix v1.1.4
2026-10-04T04:23:36.7238772Z       │   │   ├── cap-primitives v4.0.3 (*)
2026-10-04T04:23:36.7239355Z       │   │   ├── cap-std v4.0.3 (*)
2026-10-04T04:23:36.7239925Z       │   │   ├── fs-set-times v0.20.3
2026-10-04T04:23:36.7240554Z       │   │   │   └── cap-primitives v4.0.3 (*)
2026-10-04T04:23:36.7241205Z       │   │   ├── rustix-linux-procfs v0.1.1
2026-10-04T04:23:36.7241863Z       │   │   │   └── cap-primitives v4.0.3 (*)
2026-10-04T04:23:36.7242524Z       │   │   ├── symaira-core-secretref v0.0.0
2026-10-04T04:23:36.7243177Z       │   │   │   └── symaira-core-llm v0.0.0
2026-10-04T04:23:36.7243840Z       │   │   │       └── symbrain-memory v0.12.1
2026-10-04T04:23:36.7244512Z       │   │   │           ├── symbrain-cli v0.12.1 (*)
2026-10-04T04:23:36.7245415Z       │   │   │           └── symbrain-gateway v0.12.1 (*)
2026-10-04T04:23:36.7246107Z       │   │   ├── symbrain-adapter v0.12.1 (*)
2026-10-04T04:23:36.7246829Z       │   │   ├── symbrain-harness v0.12.1 (*)
2026-10-04T04:23:36.7247955Z       │   │   ├── symbrain-instructions v0.12.1 (*)
2026-10-04T04:23:36.7248645Z       │   │   ├── symbrain-skills v0.12.1 (*)
2026-10-04T04:23:36.7249189Z       │   │   ├── symbrain-usage v0.12.1
2026-10-04T04:23:36.7249755Z       │   │   │   ├── symbrain-cli v0.12.1 (*)
2026-10-04T04:23:36.7250414Z       │   │   │   └── symbrain-gateway v0.12.1 (*)
2026-10-04T04:23:36.7251038Z       │   │   └── tempfile v3.27.0
2026-10-04T04:23:36.7251676Z       │   │       ├── (dev) symbrain-activity v0.12.1
2026-10-04T04:23:36.7252360Z       │   │       │   ├── symbrain-cli v0.12.1 (*)
2026-10-04T04:23:36.7253076Z       │   │       │   ├── symbrain-gateway v0.12.1 (*)
2026-10-04T04:23:36.7253789Z       │   │       │   └── symbrain-memory v0.12.1 (*)
2026-10-04T04:23:36.7254536Z       │   │       ├── (dev) symbrain-adapter v0.12.1 (*)
2026-10-04T04:23:36.7255260Z       │   │       ├── (dev) symbrain-audit v0.12.1 (*)
2026-10-04T04:23:36.7256164Z       │   │       ├── (dev) symbrain-broker v0.12.1
2026-10-04T04:23:36.7256865Z       │   │       │   ├── symbrain-cli v0.12.1 (*)
2026-10-04T04:23:36.7257568Z       │   │       │   └── symbrain-gateway v0.12.1 (*)
2026-10-04T04:23:36.7258219Z       │   │       ├── symbrain-cli v0.12.1 (*)
2026-10-04T04:23:36.7258848Z       │   │       ├── symbrain-core v0.12.1
2026-10-04T04:23:36.7259505Z       │   │       │   ├── symbrain-audit v0.12.1 (*)
2026-10-04T04:23:36.7260168Z       │   │       │   ├── symbrain-cli v0.12.1 (*)
2026-10-04T04:23:36.7260854Z       │   │       │   ├── symbrain-gateway v0.12.1 (*)
2026-10-04T04:23:36.7261557Z       │   │       │   ├── symbrain-guard-core v0.12.1
2026-10-04T04:23:36.7262282Z       │   │       │   │   ├── (dev) symbrain-cli v0.12.1 (*)
2026-10-04T04:23:36.7263009Z       │   │       │   │   └── symguard-cli v0.12.1 (*)
2026-10-04T04:23:36.7263688Z       │   │       │   ├── symbrain-managed v0.12.1
2026-10-04T04:23:36.7264383Z       │   │       │   │   └── symbrain-cli v0.12.1 (*)
2026-10-04T04:23:36.7265075Z       │   │       │   ├── symbrain-policy v0.12.1
2026-10-04T04:23:36.7265798Z       │   │       │   │   ├── symbrain-activity v0.12.1 (*)
2026-10-04T04:23:36.7266549Z       │   │       │   │   ├── symbrain-catalog v0.12.1
2026-10-04T04:23:36.7267567Z       │   │       │   │   │   └── symbrain-gateway v0.12.1 (*)
2026-10-04T04:23:36.7268301Z       │   │       │   │   ├── symbrain-cli v0.12.1 (*)
2026-10-04T04:23:36.7269019Z       │   │       │   │   └── symbrain-gateway v0.12.1 (*)
2026-10-04T04:23:36.7269699Z       │   │       │   └── symguard-cli v0.12.1 (*)
2026-10-04T04:23:36.7270357Z       │   │       ├── symbrain-harness v0.12.1 (*)
2026-10-04T04:23:36.7271094Z       │   │       ├── (dev) symbrain-instructions v0.12.1 (*)
2026-10-04T04:23:36.7271823Z       │   │       ├── symbrain-managed v0.12.1 (*)
2026-10-04T04:23:36.7272514Z       │   │       ├── (dev) symbrain-patterns v0.12.1
2026-10-04T04:23:36.7273252Z       │   │       │   ├── (dev) symbrain-activity v0.12.1 (*)
2026-10-04T04:23:36.7273983Z       │   │       │   ├── symbrain-cli v0.12.1 (*)
2026-10-04T04:23:36.7274656Z       │   │       │   └── symbrain-gateway v0.12.1 (*)
2026-10-04T04:23:36.7275327Z       │   │       ├── symbrain-policy v0.12.1 (*)
2026-10-04T04:23:36.7276014Z       │   │       ├── (dev) symbrain-skills v0.12.1 (*)
2026-10-04T04:23:36.7276689Z       │   │       ├── symbrain-usage v0.12.1 (*)
2026-10-04T04:23:36.7277358Z       │   │       └── (dev) symguard-cli v0.12.1 (*)
2026-10-04T04:23:36.7277998Z       │   └── signal-hook-registry v1.4.8
2026-10-04T04:23:36.7278590Z       │       └── signal-hook v0.3.18
2026-10-04T04:23:36.7279194Z       │           └── symbrain-cli v0.12.1 (*)
2026-10-04T04:23:36.7279717Z       ├── mio v1.2.3
2026-10-04T04:23:36.7280390Z       │   └── tokio v1.53.1
2026-10-04T04:23:36.7280871Z       │       ├── hyper v1.11.1
2026-10-04T04:23:36.7281429Z       │       │   ├── hyper-rustls v0.27.10
2026-10-04T04:23:36.7282016Z       │       │   │   └── reqwest v0.13.4
2026-10-04T04:23:36.7282701Z       │       │   │       └── symaira-core-llm v0.0.0 (*)
2026-10-04T04:23:36.7283341Z       │       │   ├── hyper-util v0.1.21
2026-10-04T04:23:36.7283977Z       │       │   │   ├── hyper-rustls v0.27.10 (*)
2026-10-04T04:23:36.7284604Z       │       │   │   └── reqwest v0.13.4 (*)
2026-10-04T04:23:36.7285198Z       │       │   └── reqwest v0.13.4 (*)
2026-10-04T04:23:36.7285788Z       │       ├── hyper-rustls v0.27.10 (*)
2026-10-04T04:23:36.7286380Z       │       ├── hyper-util v0.1.21 (*)
2026-10-04T04:23:36.7286972Z       │       ├── reqwest v0.13.4 (*)
2026-10-04T04:23:36.7287818Z       │       ├── symaira-core-llm v0.0.0 (*)
2026-10-04T04:23:36.7288441Z       │       ├── tokio-rustls v0.26.6
2026-10-04T04:23:36.7289087Z       │       │   ├── hyper-rustls v0.27.10 (*)
2026-10-04T04:23:36.7289701Z       │       │   └── reqwest v0.13.4 (*)
2026-10-04T04:23:36.7290271Z       │       ├── tokio-util v0.7.19
2026-10-04T04:23:36.7291079Z       │       │   └── symaira-core-llm v0.0.0 (*)
2026-10-04T04:23:36.7291687Z       │       └── tower v0.5.3
2026-10-04T04:23:36.7292219Z       │           ├── reqwest v0.13.4 (*)
2026-10-04T04:23:36.7292799Z       │           └── tower-http v0.6.11
2026-10-04T04:23:36.7293388Z       │               └── reqwest v0.13.4 (*)
2026-10-04T04:23:36.7293937Z       ├── rustix v1.1.4 (*)
2026-10-04T04:23:36.7294484Z       ├── rustls-platform-verifier v0.7.1
2026-10-04T04:23:36.7295057Z       │   └── reqwest v0.13.4 (*)
2026-10-04T04:23:36.7295548Z       ├── schannel v0.1.29
2026-10-04T04:23:36.7296070Z       │   └── rustls-native-certs v0.8.4
2026-10-04T04:23:36.7296743Z       │       └── rustls-platform-verifier v0.7.1 (*)
2026-10-04T04:23:36.7297312Z       ├── socket2 v0.6.5
2026-10-04T04:23:36.7297843Z       │   ├── hyper-util v0.1.21 (*)
2026-10-04T04:23:36.7298372Z       │   └── tokio v1.53.1 (*)
2026-10-04T04:23:36.7298914Z       ├── symbrain-adapter v0.12.1 (*)
2026-10-04T04:23:36.7299518Z       ├── symbrain-instructions v0.12.1 (*)
2026-10-04T04:23:36.7300107Z       ├── tempfile v3.27.0 (*)
2026-10-04T04:23:36.7300588Z       ├── tokio v1.53.1 (*)
2026-10-04T04:23:36.7301071Z       └── winapi-util v0.1.11
2026-10-04T04:23:36.7301594Z           ├── same-file v1.0.6
2026-10-04T04:23:36.7302173Z           │   ├── symbrain-cli v0.12.1 (*)
2026-10-04T04:23:36.7302835Z           │   └── walkdir v2.5.0
2026-10-04T04:23:36.7303420Z           │       └── (build) jni v0.22.4
2026-10-04T04:23:36.7304174Z           │           └── rustls-platform-verifier v0.7.1 (*)
2026-10-04T04:23:36.7304826Z           └── walkdir v2.5.0 (*)
2026-10-04T04:23:36.7305090Z 
2026-10-04T04:23:36.8090754Z advisories ok, bans ok, licenses ok, sources ok
2026-10-04T04:23:36.8924939Z ##[group]Run set -euo pipefail
2026-10-04T04:23:36.8925920Z [36;1mset -euo pipefail[0m
2026-10-04T04:23:36.8926527Z [36;1mCGO_ENABLED=0 go build -ldflags "-X main.version=dev" -o "$RUNNER_TEMP/symbrain-go.exe" ./cmd/symbrain[0m
2026-10-04T04:23:36.8927238Z [36;1mSYMBRAIN_VERSION=dev cargo build --workspace --locked[0m
2026-10-04T04:23:36.8927832Z [36;1m./guard/scripts/guard-scan-oracle/run.sh parity target/debug/symbrain.exe[0m
2026-10-04T04:23:36.8928673Z [36;1mpython3 scripts/rust-differential.py "$RUNNER_TEMP/symbrain-go.exe" target/debug/symbrain.exe[0m
2026-10-04T04:23:36.8947884Z shell: C:\Program Files\Git\bin\bash.EXE --noprofile --norc -e -o pipefail {0}
2026-10-04T04:23:36.8948576Z env:
2026-10-04T04:23:36.8948719Z   GOTOOLCHAIN: local
2026-10-04T04:23:36.8949020Z   SYMBRAIN_XDG_ORACLE_FIXTURE: D:\a\_temp/xdg-oracle-windows.json
2026-10-04T04:23:36.8949392Z   SYMBRAIN_GUARD_DOCTOR_ORACLE_FIXTURE: D:\a\_temp/guard-doctor-oracle-windows.json
2026-10-04T04:23:36.8949823Z   SYMBRAIN_INSTRUCTIONS_ORACLE_FIXTURE: D:\a\_temp/instructions-oracle-windows.json
2026-10-04T04:23:36.8950159Z   SYMBRAIN_CLI_TREE_ORACLE_FIXTURE: D:\a\_temp/cli-tree-oracle-windows.json
2026-10-04T04:23:36.8950547Z   SYMBRAIN_ACTIVITY_CLI_ORACLE_FIXTURE: D:\a\_temp/activity-cli-oracle-windows.json
2026-10-04T04:23:36.8950975Z   SYMBRAIN_PROFILE_REMOVE_ORACLE_FIXTURE: D:\a\_temp/profile-remove-oracle-windows.json
2026-10-04T04:23:36.8951289Z   SYMBRAIN_SKILLS_ORACLE_FIXTURE: D:\a\_temp/skills-oracle-windows.json
2026-10-04T04:23:36.8951714Z   SYMBRAIN_SKILLS_INSTALL_ORACLE_FIXTURE: D:\a\_temp/skills-install-oracle-windows.json
2026-10-04T04:23:36.8952075Z   SYMBRAIN_GUARD_SCAN_ORACLE_FIXTURE: D:\a\_temp/guard-scan-oracle-windows.json
2026-10-04T04:23:36.8952187Z ##[endgroup]
2026-10-04T04:23:59.1146424Z    Compiling symguard-cli v0.12.1 (D:\a\symaira-brain\symaira-brain\rust\symguard-cli)
2026-10-04T04:23:59.1189016Z    Compiling symbrain-broker v0.12.1 (D:\a\symaira-brain\symaira-brain\rust\symbrain-broker)
2026-10-04T04:23:59.1194023Z    Compiling symbrain-skills v0.12.1 (D:\a\symaira-brain\symaira-brain\rust\symbrain-skills)
2026-10-04T04:23:59.1195799Z    Compiling symbrain-cli v0.12.1 (D:\a\symaira-brain\symaira-brain\rust\symbrain-cli)
2026-10-04T04:24:00.6846356Z    Compiling symbrain-gateway v0.12.1 (D:\a\symaira-brain\symaira-brain\rust\symbrain-gateway)
2026-10-04T04:24:13.1055172Z     Finished `dev` profile [unoptimized + debuginfo] target(s) in 14.37s
2026-10-04T04:24:13.7701564Z PASS: native/Go guard scan parity passed (8 cases)
2026-10-04T04:24:28.0159244Z SKIP 40 platform-specific parity cases:
2026-10-04T04:24:28.0160101Z   config_get_raw_ff_key: raw-byte argv is not representable by Windows process APIs
2026-10-04T04:24:28.0161174Z   config_get_raw_latin1_key: raw-byte argv is not representable by Windows process APIs
2026-10-04T04:24:28.0162168Z   config_get_raw_nel_key: raw-byte argv is not representable by Windows process APIs
2026-10-04T04:24:28.0163162Z   config_get_raw_nbsp_key: raw-byte argv is not representable by Windows process APIs
2026-10-04T04:24:28.0164156Z   config_get_raw_zwsp_key: raw-byte argv is not representable by Windows process APIs
2026-10-04T04:24:28.0165214Z   config_get_raw_line_separator_key: raw-byte argv is not representable by Windows process APIs
2026-10-04T04:24:28.0166257Z   config_get_raw_bom_key: raw-byte argv is not representable by Windows process APIs
2026-10-04T04:24:28.0167380Z   config_get_raw_quote_backslash_control_key: raw-byte argv is not representable by Windows process APIs
2026-10-04T04:24:28.0168498Z   config_get_raw_extra_arg: raw-byte argv is not representable by Windows process APIs
2026-10-04T04:24:28.0169515Z   profile_remove_bound_project_symlink_refuses: POSIX-only filesystem/process behavior
2026-10-04T04:24:28.0170419Z   profile_remove_symlink: POSIX-only filesystem/process behavior
2026-10-04T04:24:28.0171291Z   profile_remove_symlink_profiles_root: POSIX-only filesystem/process behavior
2026-10-04T04:24:28.0174807Z   profile_remove_special_file: POSIX-only filesystem/process behavior
2026-10-04T04:24:28.0176029Z   doctor_successful_vault_handshake: POSIX-only filesystem/process behavior
2026-10-04T04:24:28.0176907Z   doctor_empty_vault_agent: POSIX-only filesystem/process behavior
2026-10-04T04:24:28.0177720Z   doctor_slow_vault_handshake: POSIX-only filesystem/process behavior
2026-10-04T04:24:28.0178553Z   vault_passthrough_argv_stdio: POSIX-only filesystem/process behavior
2026-10-04T04:24:28.0179313Z   vault_exit_status: POSIX-only filesystem/process behavior
2026-10-04T04:24:28.0180018Z   vault_signal_status: POSIX-only filesystem/process behavior
2026-10-04T04:24:28.0180742Z   vault_tty_inheritance: POSIX-only filesystem/process behavior
2026-10-04T04:24:28.0181531Z   vault_managed_precedes_path: POSIX-only filesystem/process behavior
2026-10-04T04:24:28.0182398Z   vault_configured_precedes_managed: POSIX-only filesystem/process behavior
2026-10-04T04:24:28.0183325Z   vault_env_override_precedes_config: POSIX-only filesystem/process behavior
2026-10-04T04:24:28.0184223Z   vault_configured_binary_missing: POSIX-only filesystem/process behavior
2026-10-04T04:24:28.0185067Z   vault_empty_config_uses_path: POSIX-only filesystem/process behavior
2026-10-04T04:24:28.0185841Z   vault_raw_env_missing: POSIX-only filesystem/process behavior
2026-10-04T04:24:28.0186690Z   config_set_raw_ff_key: raw-byte argv is not representable by Windows process APIs
2026-10-04T04:24:28.0187677Z   config_set_raw_latin1_key: raw-byte argv is not representable by Windows process APIs
2026-10-04T04:24:28.0188677Z   config_set_raw_dotted_key: raw-byte argv is not representable by Windows process APIs
2026-10-04T04:24:28.0189713Z   config_set_raw_type_conflict: raw-byte argv is not representable by Windows process APIs
2026-10-04T04:24:28.0190592Z   config_set_symlink: POSIX-only filesystem/process behavior
2026-10-04T04:24:28.0191321Z   config_set_readonly_dir: POSIX-only filesystem/process behavior
2026-10-04T04:24:28.0192198Z   skills_status_opencode_dangling_symlink: POSIX-only filesystem/process behavior
2026-10-04T04:24:28.0193179Z   skills_status_opencode_symlink_to_dir: POSIX-only filesystem/process behavior
2026-10-04T04:24:28.0194131Z   skills_status_opencode_symlink_to_file: POSIX-only filesystem/process behavior
2026-10-04T04:24:28.0195422Z   skills_status_opencode_symlink_to_marker_file: POSIX-only filesystem/process behavior
2026-10-04T04:24:28.0196413Z   skills_status_opencode_symlink_chain: POSIX-only filesystem/process behavior
2026-10-04T04:24:28.0197434Z   skills_status_opencode_project_symlink_to_file: POSIX-only filesystem/process behavior
2026-10-04T04:24:28.0198495Z   skills_status_opencode_project_symlink_chain: POSIX-only filesystem/process behavior
2026-10-04T04:24:28.0199463Z   skills_targets_symlink_entry_json: POSIX-only filesystem/process behavior
2026-10-04T04:24:28.0200135Z PASS guard_doctor_invalid_config_native
2026-10-04T04:24:28.0200614Z PASS guard_doctor_corrupt_anchor_native
2026-10-04T04:24:28.0201024Z PASS no_args
2026-10-04T04:24:28.0201311Z PASS help
2026-10-04T04:24:28.0201580Z PASS help_long
2026-10-04T04:24:28.0201880Z PASS help_short
2026-10-04T04:24:28.0202180Z PASS version_human
2026-10-04T04:24:28.0202500Z PASS version_terminator
2026-10-04T04:24:28.0202831Z PASS version_json
2026-10-04T04:24:28.0203161Z PASS version_terminator_json
2026-10-04T04:24:28.0203541Z PASS version_json_before
2026-10-04T04:24:28.0203902Z PASS version_output_equals
2026-10-04T04:24:28.0204284Z PASS version_missing_output_value
2026-10-04T04:24:28.0205221Z PASS version_output_single_missing
2026-10-04T04:24:28.0205784Z PASS version_conflicting_output
2026-10-04T04:24:28.0206058Z PASS version_unknown_flag
2026-10-04T04:24:28.0206298Z PASS version_flag_value_double
2026-10-04T04:24:28.0206552Z PASS version_flag_value_single
2026-10-04T04:24:28.0206784Z PASS version_bare_hyphen
2026-10-04T04:24:28.0207000Z PASS version_help_short
2026-10-04T04:24:28.0207898Z PASS version_help_single_dash
2026-10-04T04:24:28.0208285Z PASS version_help_double_dash
2026-10-04T04:24:28.0208540Z PASS version_unexpected_argument
2026-10-04T04:24:28.0208784Z PASS version_terminator_extra
2026-10-04T04:24:28.0209012Z PASS version_terminator_flag
2026-10-04T04:24:28.0209325Z PASS version_version
2026-10-04T04:24:28.0209696Z PASS version_json_version
2026-10-04T04:24:28.0209953Z PASS json_help
2026-10-04T04:24:28.0210285Z PASS config_path
2026-10-04T04:24:28.0210498Z PASS config_path_extra
2026-10-04T04:24:28.0210723Z PASS config_path_unexpected_double
2026-10-04T04:24:28.0210984Z PASS config_path_unexpected_single
2026-10-04T04:24:28.0211235Z PASS config_path_unexpected_terminator
2026-10-04T04:24:28.0211496Z PASS config_path_no_env
2026-10-04T04:24:28.0211717Z PASS config_path_relative_xdg
2026-10-04T04:24:28.0211952Z PASS unknown_command_quoted
2026-10-04T04:24:28.0212348Z PASS unknown_fallback
2026-10-04T04:24:28.0212557Z PASS config_get_no_file
2026-10-04T04:24:28.0212769Z PASS config_get_no_file_key
2026-10-04T04:24:28.0212996Z PASS config_get_unicode_key
2026-10-04T04:24:28.0213226Z PASS config_get_unicode_replacement_key
2026-10-04T04:24:28.0213493Z PASS config_get_unicode_emoji_key
2026-10-04T04:24:28.0213832Z PASS config_get_unicode_cjk_key
2026-10-04T04:24:28.0214172Z PASS config_get_unicode_nel_key
2026-10-04T04:24:28.0214411Z PASS config_get_unicode_nbsp_key
2026-10-04T04:24:28.0214651Z PASS config_get_unicode_zwsp_key
2026-10-04T04:24:28.0214904Z PASS config_get_unicode_line_separator_key
2026-10-04T04:24:28.0215172Z PASS config_get_unicode_bom_key
2026-10-04T04:24:28.0215406Z PASS config_get_whole_file
2026-10-04T04:24:28.0215632Z PASS config_get_whole_file_malformed
2026-10-04T04:24:28.0215880Z PASS config_get_terminator
2026-10-04T04:24:28.0216089Z PASS config_get_string
2026-10-04T04:24:28.0216294Z PASS config_get_bool_true
2026-10-04T04:24:28.0216505Z PASS config_get_bool_false
2026-10-04T04:24:28.0216704Z PASS config_get_int
2026-10-04T04:24:28.0216900Z PASS config_get_dotted_three
2026-10-04T04:24:28.0217129Z PASS config_get_table
2026-10-04T04:24:28.0217328Z PASS config_get_table_nested
2026-10-04T04:24:28.0217545Z PASS config_get_inline_table
2026-10-04T04:24:28.0217770Z PASS config_get_inline_table_leaf
2026-10-04T04:24:28.0217996Z PASS config_get_list
2026-10-04T04:24:28.0218196Z PASS config_get_empty_list
2026-10-04T04:24:28.0218404Z PASS config_get_empty_table
2026-10-04T04:24:28.0218620Z PASS config_get_missing_key
2026-10-04T04:24:28.0218835Z PASS config_get_malformed_key
2026-10-04T04:24:28.0219203Z PASS config_get_extra_arg
2026-10-04T04:24:28.0219470Z PASS config_get_extra_arg_flag
2026-10-04T04:24:28.0219693Z PASS config_get_key_flag
2026-10-04T04:24:28.0219901Z PASS config_get_home_variant
2026-10-04T04:24:28.0220128Z PASS config_get_unreadable_file
2026-10-04T04:24:28.0220365Z PASS config_get_unreadable_file_key
2026-10-04T04:24:28.0220642Z PASS config_get_float_pos_zero
2026-10-04T04:24:28.0221003Z PASS config_get_float_neg_zero
2026-10-04T04:24:28.0221247Z PASS config_get_float_pos_inf
2026-10-04T04:24:28.0221498Z PASS config_get_float_pos_inf_plus
2026-10-04T04:24:28.0221744Z PASS config_get_float_neg_inf
2026-10-04T04:24:28.0221963Z PASS config_get_float_nan
2026-10-04T04:24:28.0222220Z PASS config_get_float_pos_nan
2026-10-04T04:24:28.0222579Z PASS config_get_float_neg_nan
2026-10-04T04:24:28.0222807Z PASS config_get_float_large
2026-10-04T04:24:28.0223026Z PASS config_get_float_large2
2026-10-04T04:24:28.0223251Z PASS config_get_float_small
2026-10-04T04:24:28.0223483Z PASS config_get_float_small2
2026-10-04T04:24:28.0223709Z PASS config_get_float_large_neg
2026-10-04T04:24:28.0224105Z PASS config_get_float_large2_neg
2026-10-04T04:24:28.0224353Z PASS config_get_float_small_neg
2026-10-04T04:24:28.0224801Z PASS config_get_float_small2_neg
2026-10-04T04:24:28.0225046Z PASS config_get_float_sci1
2026-10-04T04:24:28.0225270Z PASS config_get_float_sci2
2026-10-04T04:24:28.0225636Z PASS config_get_float_pi
2026-10-04T04:24:28.0225910Z PASS config_get_float_boundary_below_large
2026-10-04T04:24:28.0226512Z PASS config_get_float_boundary_above_small
2026-10-04T04:24:28.0226804Z PASS config_get_float_boundary_below_small
2026-10-04T04:24:28.0227073Z PASS config_get_odt_z
2026-10-04T04:24:28.0227278Z PASS config_get_odt_z_lower
2026-10-04T04:24:28.0227501Z PASS config_get_odt_space_z
2026-10-04T04:24:28.0227826Z PASS config_get_odt_frac_micro_z
2026-10-04T04:24:28.0228151Z PASS config_get_odt_frac_milli_z
2026-10-04T04:24:28.0228391Z PASS config_get_odt_frac_nano_z
2026-10-04T04:24:28.0228629Z PASS config_get_odt_frac_trailing_z
2026-10-04T04:24:28.0228878Z PASS config_get_odt_frac_zero_z
2026-10-04T04:24:28.0229103Z PASS config_get_odt_no_sec_z
2026-10-04T04:24:28.0229322Z PASS config_get_odt_pos_offset
2026-10-04T04:24:28.0229715Z PASS config_get_odt_neg_offset
2026-10-04T04:24:28.0229978Z PASS config_get_odt_offset_zero
2026-10-04T04:24:28.0230215Z PASS config_get_odt_offset_neg_zero
2026-10-04T04:24:28.0230461Z PASS config_get_odt_space_offset
2026-10-04T04:24:28.0230713Z PASS config_get_odt_frac_micro_offset
2026-10-04T04:24:28.0230976Z PASS config_get_odt_frac_half_hour_offset
2026-10-04T04:24:28.0231249Z PASS config_get_odt_frac_trailing_offset
2026-10-04T04:24:28.0231508Z PASS config_get_odt_no_sec_offset
2026-10-04T04:24:28.0231731Z PASS config_get_ldt
2026-10-04T04:24:28.0231926Z PASS config_get_ldt_space
2026-10-04T04:24:28.0232139Z PASS config_get_ldt_lower
2026-10-04T04:24:28.0232345Z PASS config_get_ldt_frac_micro
2026-10-04T04:24:28.0232564Z PASS config_get_ldt_frac_milli
2026-10-04T04:24:28.0232781Z PASS config_get_ldt_frac_nano
2026-10-04T04:24:28.0233010Z PASS config_get_ldt_frac_trailing
2026-10-04T04:24:28.0233241Z PASS config_get_ldt_frac_zero
2026-10-04T04:24:28.0233457Z PASS config_get_ldt_no_sec
2026-10-04T04:24:28.0233660Z PASS config_get_ld
2026-10-04T04:24:28.0233849Z PASS config_get_ld_today
2026-10-04T04:24:28.0234062Z PASS config_get_ld_year_one
2026-10-04T04:24:28.0234273Z PASS config_get_lt
2026-10-04T04:24:28.0234466Z PASS config_get_lt_frac_micro
2026-10-04T04:24:28.0234685Z PASS config_get_lt_frac_milli
2026-10-04T04:24:28.0235080Z PASS config_get_lt_frac_nano
2026-10-04T04:24:28.0235319Z PASS config_get_lt_frac_trailing
2026-10-04T04:24:28.0235550Z PASS config_get_lt_frac_zero
2026-10-04T04:24:28.0235766Z PASS config_get_lt_no_sec
2026-10-04T04:24:28.0235972Z PASS profile_help
2026-10-04T04:24:28.0236161Z PASS profile_help_long
2026-10-04T04:24:28.0236368Z PASS profile_list_empty
2026-10-04T04:24:28.0236620Z PASS profile_list_empty_json
2026-10-04T04:24:28.0236974Z PASS profile_list_fixture_json
2026-10-04T04:24:28.0237219Z PASS profile_list_partial_error
2026-10-04T04:24:28.0237452Z PASS profile_list_extra
2026-10-04T04:24:28.0237658Z PASS profile_list_help_flag
2026-10-04T04:24:28.0237878Z PASS profile_list_help_short
2026-10-04T04:24:28.0238101Z PASS profile_show_missing
2026-10-04T04:24:28.0238460Z PASS profile_show_missing_json
2026-10-04T04:24:28.0238715Z PASS profile_show_help_flag
2026-10-04T04:24:28.0238934Z PASS profile_show_help_short
2026-10-04T04:24:28.0239158Z PASS profile_show_fixture_json
2026-10-04T04:24:28.0239450Z PASS profile_show_fixture_json_flag_before_name
2026-10-04T04:24:28.0239733Z PASS profile_show_fixture_human
2026-10-04T04:24:28.0240068Z PASS profile_add_default (stdout, stderr, exit code, fs manifest/modes)
2026-10-04T04:24:28.0240580Z PASS profile_add_personal_after_name (stdout, stderr, exit code, fs manifest/modes)
2026-10-04T04:24:28.0241116Z PASS profile_add_personal_before_name (stdout, stderr, exit code, fs manifest/modes)
2026-10-04T04:24:28.0241513Z PASS profile_add_invalid_name
2026-10-04T04:24:28.0241742Z PASS profile_add_invalid_from
2026-10-04T04:24:28.0241962Z PASS profile_add_exists
2026-10-04T04:24:28.0242166Z PASS profile_add_help_flag
2026-10-04T04:24:28.0242379Z PASS profile_add_help_short
2026-10-04T04:24:28.0242595Z PASS profile_add_unknown_flag
2026-10-04T04:24:28.0242975Z PASS profile_add_unknown_after_name
2026-10-04T04:24:28.0243327Z PASS profile_add_missing_from_value
2026-10-04T04:24:44.0101559Z PASS profile_add_from_equals (stdout, stderr, exit code, fs manifest/modes)
2026-10-04T04:24:44.0102625Z PASS profile_add_trailing_terminator (stdout, stderr, exit code, fs manifest/modes)
2026-10-04T04:24:44.0103653Z PASS profile_add_terminator_then_flag (stdout, stderr, exit code, fs manifest/modes)
2026-10-04T04:24:44.0104399Z PASS profile_remove_missing
2026-10-04T04:24:44.0105014Z PASS profile_remove_force (stdout, stderr, exit code, fs manifest/modes)
2026-10-04T04:24:44.0106291Z PASS profile_remove_prompt_yes (stdout, stderr, exit code, fs manifest/modes)
2026-10-04T04:24:44.0107094Z PASS profile_remove_prompt_no
2026-10-04T04:24:44.0107565Z PASS profile_remove_prompt_eof
2026-10-04T04:24:44.0108379Z PASS profile_remove_prompt_oversized
2026-10-04T04:24:44.0109167Z PASS profile_remove_bound_global_refuses (stdout, stderr, exit code, fs manifest/modes)
2026-10-04T04:24:44.0110544Z PASS profile_remove_bound_project_refuses (stdout, stderr, exit code, fs manifest/modes)
2026-10-04T04:24:44.0112468Z PASS profile_remove_bound_project_relative_refuses (stdout, stderr, exit code, fs manifest/modes)
2026-10-04T04:24:44.0113583Z PASS profile_remove_bound_force (stdout, stderr, exit code, fs manifest/modes)
2026-10-04T04:24:44.0114896Z PASS profile_remove_malformed_profile (stdout, stderr, exit code, fs manifest/modes)
2026-10-04T04:24:44.0116016Z PASS profile_remove_malformed_harness_config (stdout, stderr, exit code, fs manifest/modes)
2026-10-04T04:24:44.0117182Z PASS profile_remove_malformed_harness_refuses (stdout, stderr, exit code, fs manifest/modes)
2026-10-04T04:24:44.0118278Z PASS profile_remove_empty_directory (stdout, stderr, exit code, fs manifest/modes)
2026-10-04T04:24:44.0119284Z PASS profile_remove_force_before_name (stdout, stderr, exit code, fs manifest/modes)
2026-10-04T04:24:44.0120306Z PASS profile_remove_terminator (stdout, stderr, exit code, fs manifest/modes)
2026-10-04T04:24:44.0121037Z PASS audit_missing_subcommand
2026-10-04T04:24:44.0121459Z PASS audit_unknown_subcommand
2026-10-04T04:24:44.0121862Z PASS audit_help
2026-10-04T04:24:44.0122214Z PASS audit_tail_empty_json
2026-10-04T04:24:44.0122639Z PASS audit_tail_missing_profile_json
2026-10-04T04:24:44.0123108Z PASS audit_tail_fixture_json
2026-10-04T04:24:44.0123522Z PASS audit_tail_global_json
2026-10-04T04:24:44.0123935Z PASS audit_tail_fixture_human
2026-10-04T04:24:44.0124377Z PASS audit_tail_negative_limit
2026-10-04T04:24:44.0124779Z PASS audit_tail_help
2026-10-04T04:24:44.0125160Z PASS audit_tail_unknown_flag
2026-10-04T04:24:44.0125567Z PASS audit_tail_missing_n
2026-10-04T04:24:44.0125961Z PASS audit_tail_invalid_n
2026-10-04T04:24:44.0126345Z PASS doctor_empty_human
2026-10-04T04:24:44.0126715Z PASS doctor_empty_json
2026-10-04T04:24:44.0127063Z PASS doctor_global_json
2026-10-04T04:24:44.0127425Z PASS doctor_disabled_fix
2026-10-04T04:24:44.0127852Z PASS doctor_disabled_force_release
2026-10-04T04:24:44.0128324Z PASS doctor_unused_force_release
2026-10-04T04:24:44.0128781Z PASS doctor_unused_force_release_true
2026-10-04T04:24:44.0129250Z PASS doctor_disabled_fix_zero
2026-10-04T04:24:44.0129688Z PASS doctor_invalid_force_release
2026-10-04T04:24:44.0130519Z PASS doctor_disabled_vault_profile
2026-10-04T04:24:44.0131018Z PASS doctor_missing_vault_profile
2026-10-04T04:24:44.0131475Z PASS doctor_failing_vault_handshake
2026-10-04T04:24:44.0131918Z PASS doctor_help
2026-10-04T04:24:44.0132272Z PASS doctor_unknown_flag
2026-10-04T04:24:44.0132676Z PASS doctor_ignores_positionals
2026-10-04T04:24:44.0133297Z PASS doctor_vault_agent_value_consumes_force_release
2026-10-04T04:24:44.0133862Z PASS doctor_vault_agent_then_help
2026-10-04T04:24:44.0134328Z PASS doctor_vault_agent_equals_then_help
2026-10-04T04:24:44.0134833Z PASS doctor_vault_agent_missing_value
2026-10-04T04:24:44.0135296Z PASS doctor_failed_version_json
2026-10-04T04:24:44.0136923Z PASS vault_missing_binary
2026-10-04T04:24:44.0137393Z PASS setup_unknown_flag
2026-10-04T04:24:44.0138989Z PASS setup_lone_hyphen (stdout, stderr, exit code, fs manifest/modes)
2026-10-04T04:24:44.0139776Z PASS setup_install_json (stdout, stderr, exit code, fs manifest/modes)
2026-10-04T04:24:44.0140646Z PASS setup_install_human (stdout, stderr, exit code, fs manifest/modes)
2026-10-04T04:24:44.0141606Z PASS setup_install_cosign_fail_json (stdout, stderr, exit code, fs manifest/modes)
2026-10-04T04:24:44.0142653Z PASS setup_cosign_command_fail_json (stdout, stderr, exit code, fs manifest/modes)
2026-10-04T04:24:44.0143610Z PASS setup_fix_correct_json (stdout, stderr, exit code, fs manifest/modes)
2026-10-04T04:24:44.0144502Z PASS setup_fix_correct_human (stdout, stderr, exit code, fs manifest/modes)
2026-10-04T04:24:44.0145417Z PASS setup_fix_mismatched_json (stdout, stderr, exit code, fs manifest/modes)
2026-10-04T04:24:44.0146323Z PASS install_cursor_fresh (stdout, stderr, exit code, fs manifest/modes)
2026-10-04T04:24:44.0147184Z PASS install_claude_fresh (stdout, stderr, exit code, fs manifest/modes)
2026-10-04T04:24:44.0148098Z PASS install_claude_desktop_fresh (stdout, stderr, exit code, fs manifest/modes)
2026-10-04T04:24:44.0149129Z PASS install_opencode_fresh (stdout, stderr, exit code, fs manifest/modes)
2026-10-04T04:24:44.0150011Z PASS install_codex_fresh (stdout, stderr, exit code, fs manifest/modes)
2026-10-04T04:24:44.0151277Z PASS install_antigravity_fresh (stdout, stderr, exit code, fs manifest/modes)
2026-10-04T04:24:44.0152322Z PASS install_default_profile_env_override (stdout, stderr, exit code, fs manifest/modes)
2026-10-04T04:24:44.0153377Z PASS install_malformed_global_config (stdout, stderr, exit code, fs manifest/modes)
2026-10-04T04:24:44.0154366Z PASS install_cursor_equals_flags (stdout, stderr, exit code, fs manifest/modes)
2026-10-04T04:24:44.0155305Z PASS install_missing_profile (stdout, stderr, exit code, fs manifest/modes)
2026-10-04T04:24:44.0156220Z PASS install_default_profile (stdout, stderr, exit code, fs manifest/modes)
2026-10-04T04:24:44.0157233Z PASS install_malformed_refuses_before_backup (stdout, stderr, exit code, fs manifest/modes)
2026-10-04T04:24:44.0158369Z PASS install_superseded_basenames_keep_vault (stdout, stderr, exit code, fs manifest/modes)
2026-10-04T04:24:44.0159377Z PASS install_keep_superseded (stdout, stderr, exit code, fs manifest/modes)
2026-10-04T04:24:44.0160236Z PASS install_claude_project (stdout, stderr, exit code, fs manifest/modes)
2026-10-04T04:24:44.0161172Z PASS install_unsupported_project (stdout, stderr, exit code, fs manifest/modes)
2026-10-04T04:24:44.0162062Z PASS install_dry_run (stdout, stderr, exit code, fs manifest/modes)
2026-10-04T04:24:44.0162974Z PASS uninstall_foreign_symbrain_noop (stdout, stderr, exit code, fs manifest/modes)
2026-10-04T04:24:44.0163982Z PASS uninstall_missing_config_noop (stdout, stderr, exit code, fs manifest/modes)
2026-10-04T04:24:44.0164967Z PASS uninstall_absent_entry_noop (stdout, stderr, exit code, fs manifest/modes)
2026-10-04T04:24:44.0199719Z PASS uninstall_removes_symbrain (stdout, stderr, exit code, fs manifest/modes)
2026-10-04T04:24:44.0200960Z PASS uninstall_dry_run (stdout, stderr, exit code, fs manifest/modes)
2026-10-04T04:24:44.0201998Z PASS config_set_fallback (stdout, stderr, exit code, fs manifest/modes)
2026-10-04T04:24:44.0202783Z PASS config_set_no_args
2026-10-04T04:24:44.0203427Z PASS config_set_one_arg
2026-10-04T04:24:44.0203818Z PASS config_set_three_args
2026-10-04T04:24:44.0204064Z PASS config_set_empty_key
2026-10-04T04:24:44.0204412Z PASS config_set_new_string (stdout, stderr, exit code, fs manifest/modes)
2026-10-04T04:24:44.0204957Z PASS config_set_new_bool_true (stdout, stderr, exit code, fs manifest/modes)
2026-10-04T04:24:44.0205611Z PASS config_set_new_bool_false (stdout, stderr, exit code, fs manifest/modes)
2026-10-04T04:24:44.0206289Z PASS config_set_new_bool_1 (stdout, stderr, exit code, fs manifest/modes)
2026-10-04T04:24:44.0207739Z PASS config_set_new_bool_0 (stdout, stderr, exit code, fs manifest/modes)
2026-10-04T04:24:44.0208415Z PASS config_set_new_bool_t (stdout, stderr, exit code, fs manifest/modes)
2026-10-04T04:24:44.0208881Z PASS config_set_new_bool_f (stdout, stderr, exit code, fs manifest/modes)
2026-10-04T04:24:44.0209343Z PASS config_set_new_bool_T (stdout, stderr, exit code, fs manifest/modes)
2026-10-04T04:24:44.0209797Z PASS config_set_new_bool_F (stdout, stderr, exit code, fs manifest/modes)
2026-10-04T04:24:44.0210256Z PASS config_set_new_bool_TRUE (stdout, stderr, exit code, fs manifest/modes)
2026-10-04T04:24:44.0211108Z PASS config_set_new_bool_FALSE (stdout, stderr, exit code, fs manifest/modes)
2026-10-04T04:24:44.0212018Z PASS config_set_new_bool_True (stdout, stderr, exit code, fs manifest/modes)
2026-10-04T04:24:44.0212746Z PASS config_set_new_bool_False (stdout, stderr, exit code, fs manifest/modes)
2026-10-04T04:24:44.0213233Z PASS config_set_new_int (stdout, stderr, exit code, fs manifest/modes)
2026-10-04T04:24:44.0213694Z PASS config_set_new_int_neg (stdout, stderr, exit code, fs manifest/modes)
2026-10-04T04:24:44.0214354Z PASS config_set_new_string_float (stdout, stderr, exit code, fs manifest/modes)
2026-10-04T04:24:44.0215043Z PASS config_set_new_nested (stdout, stderr, exit code, fs manifest/modes)
2026-10-04T04:24:44.0215953Z PASS config_set_new_deep_nested (stdout, stderr, exit code, fs manifest/modes)
2026-10-04T04:24:44.0216515Z PASS config_set_existing_update (stdout, stderr, exit code, fs manifest/modes)
2026-10-04T04:24:44.0217046Z PASS config_set_existing_parent_mode (stdout, stderr, exit code, fs manifest/modes)
2026-10-04T04:24:44.0217722Z PASS config_set_existing_sample (stdout, stderr, exit code, fs manifest/modes)
2026-10-04T04:24:44.0218343Z PASS config_set_terminator (stdout, stderr, exit code, fs manifest/modes)
2026-10-04T04:24:44.0219012Z PASS config_set_type_conflict
2026-10-04T04:24:44.0219477Z PASS config_set_malformed_existing
2026-10-04T04:24:44.0219936Z PASS config_set_unreadable_file
2026-10-04T04:24:44.0220398Z PASS config_unrelated_subcommand_fallback
2026-10-04T04:24:44.0220897Z PASS config_no_subcommand_fallback
2026-10-04T04:24:44.0221549Z PASS config_set_inline_leaf (stdout, stderr, exit code, fs manifest/modes)
2026-10-04T04:24:44.0222450Z PASS config_set_inline_new_key (stdout, stderr, exit code, fs manifest/modes)
2026-10-04T04:24:44.0223391Z PASS config_set_nested_inline_leaf (stdout, stderr, exit code, fs manifest/modes)
2026-10-04T04:24:44.0224215Z PASS config_set_nested_inline_new_key (stdout, stderr, exit code, fs manifest/modes)
2026-10-04T04:24:44.0224771Z PASS config_set_sample_nested_inline (stdout, stderr, exit code, fs manifest/modes)
2026-10-04T04:24:44.0225319Z PASS config_set_floats_preserve_existing (stdout, stderr, exit code, fs manifest/modes)
2026-10-04T04:24:44.0225871Z PASS config_set_floats_update_neg_zero (stdout, stderr, exit code, fs manifest/modes)
2026-10-04T04:24:44.0226864Z PASS config_set_floats_update_large (stdout, stderr, exit code, fs manifest/modes)
2026-10-04T04:24:44.0227446Z PASS config_set_datetime_preserve_existing (stdout, stderr, exit code, fs manifest/modes)
2026-10-04T04:24:44.0228019Z PASS config_set_complex_preserve (stdout, stderr, exit code, fs manifest/modes)
2026-10-04T04:24:44.0228538Z PASS config_set_quoted_key_update (stdout, stderr, exit code, fs manifest/modes)
2026-10-04T04:24:44.0228948Z PASS config_set_array_of_tables_add_field
2026-10-04T04:24:44.0229232Z PASS skills_status_opencode_root_missing
2026-10-04T04:24:44.0229505Z PASS skills_status_opencode_root_empty
2026-10-04T04:24:44.0229788Z PASS skills_status_opencode_unmanaged_skill
2026-10-04T04:24:44.0230094Z PASS skills_status_opencode_dir_without_skill
2026-10-04T04:24:44.0230509Z PASS skills_status_opencode_regular_file
2026-10-04T04:24:44.0230907Z PASS skills_status_opencode_orphaned_marker
2026-10-04T04:24:44.0231219Z PASS skills_status_opencode_foreign_marker
2026-10-04T04:24:44.0231742Z PASS skills_status_opencode_legacy_hash_only_marker
2026-10-04T04:26:33.8174261Z PASS skills_status_opencode_malformed_marker
2026-10-04T04:26:33.8175733Z PASS skills_status_opencode_unsupported_schema_marker
2026-10-04T04:26:33.8176124Z PASS skills_status_opencode_empty_marker
2026-10-04T04:26:33.8176441Z PASS skills_status_opencode_wrong_type_marker
2026-10-04T04:26:33.8176750Z PASS skills_status_opencode_mixed
2026-10-04T04:26:33.8177025Z PASS skills_status_opencode_mixed_json
2026-10-04T04:26:33.8177319Z PASS skills_status_opencode_managed_symlink
2026-10-04T04:26:33.8177632Z PASS skills_status_opencode_managed_symlink_json
2026-10-04T04:26:33.8177954Z PASS skills_status_opencode_managed_copy_json
2026-10-04T04:26:33.8178299Z PASS skills_status_opencode_managed_harness_changed_json
2026-10-04T04:26:33.8178659Z PASS skills_status_opencode_managed_conflict_json
2026-10-04T04:26:33.8178974Z PASS skills_status_opencode_managed_conflict
2026-10-04T04:26:33.8179270Z PASS skills_status_opencode_managed_orphaned
2026-10-04T04:26:33.8179596Z PASS skills_status_default_dynamic_target_fallback
2026-10-04T04:26:33.8179939Z PASS skills_status_opencode_project_root_missing
2026-10-04T04:26:33.8180265Z PASS skills_status_opencode_project_unmanaged_skill
2026-10-04T04:26:33.8180612Z PASS skills_status_opencode_project_dir_without_skill
2026-10-04T04:26:33.8180945Z PASS skills_status_opencode_project_regular_file
2026-10-04T04:26:33.8181276Z PASS skills_status_opencode_project_mixed_json
2026-10-04T04:26:33.8181856Z PASS skills_status_opencode_project_orphaned_marker
2026-10-04T04:26:33.8182238Z PASS skills_status_opencode_project_unsupported_schema_marker
2026-10-04T04:26:33.8182631Z PASS skills_status_opencode_project_malformed_marker_json
2026-10-04T04:26:33.8183020Z PASS skills_status_opencode_project_isolated_from_user_root
2026-10-04T04:26:33.8183358Z PASS skills_status_unknown_scope_fallback
2026-10-04T04:26:33.8183649Z PASS skills_status_claude_missing_root_table
2026-10-04T04:26:33.8183949Z PASS skills_status_claude_missing_root_json
2026-10-04T04:26:33.8184251Z PASS skills_status_codex_missing_root_table
2026-10-04T04:26:33.8184536Z PASS skills_status_codex_missing_root_json
2026-10-04T04:26:33.8185007Z PASS skills_status_hermes_missing_root_table
2026-10-04T04:26:33.8185319Z PASS skills_status_hermes_missing_root_json
2026-10-04T04:26:33.8185633Z PASS skills_status_antigravity_missing_root_table
2026-10-04T04:26:33.8185958Z PASS skills_status_antigravity_missing_root_json
2026-10-04T04:26:33.8186268Z PASS skills_status_openclaw_missing_root_table
2026-10-04T04:26:33.8186570Z PASS skills_status_openclaw_missing_root_json
2026-10-04T04:26:33.8186886Z PASS skills_status_opencode_escapable_name_json
2026-10-04T04:26:33.8187168Z PASS memory_list_fallback
2026-10-04T04:26:33.8187761Z PASS memory_list_seeded
2026-10-04T04:26:33.8187992Z PASS memory_search_seeded
2026-10-04T04:26:33.8188222Z PASS memory_search_seeded_table
2026-10-04T04:26:33.8188464Z PASS memory_search_seeded_scope
2026-10-04T04:26:33.8188715Z PASS memory_search_seeded_other_scope
2026-10-04T04:26:33.8188973Z PASS memory_search_seeded_limit
2026-10-04T04:26:33.8189221Z PASS memory_search_seeded_limit_zero
2026-10-04T04:26:33.8189490Z PASS memory_search_two_candidates_limit
2026-10-04T04:26:33.8189766Z PASS memory_search_two_candidates_limit_one
2026-10-04T04:26:33.8190041Z PASS memory_search_db_override
2026-10-04T04:26:33.8190282Z PASS memory_search_limit_and_db
2026-10-04T04:26:33.8190714Z PASS memory_search_no_candidate
2026-10-04T04:26:33.8190961Z PASS memory_search_no_candidate_table
2026-10-04T04:26:33.8191216Z PASS memory_search_empty_query
2026-10-04T04:26:33.8191467Z PASS memory_search_missing_query_fallback
2026-10-04T04:26:33.8191752Z PASS memory_search_unknown_flag_fallback
2026-10-04T04:26:33.8192019Z PASS memory_search_help_fallback
2026-10-04T04:26:33.8192262Z PASS memory_query_log_seeded
2026-10-04T04:26:33.8192482Z PASS activity_usage
2026-10-04T04:26:33.8192682Z PASS activity_help
2026-10-04T04:26:33.8193086Z PASS activity_missing_profile
2026-10-04T04:26:33.8193342Z PASS activity_get_missing_profile
2026-10-04T04:26:33.8193692Z PASS activity_search_missing_profile
2026-10-04T04:26:33.8193961Z PASS activity_status_reader_profile
2026-10-04T04:26:33.8194225Z PASS activity_status_reader_profile_table
2026-10-04T04:26:33.8194493Z PASS activity_status_db_override
2026-10-04T04:26:33.8194735Z PASS activity_get_db_override
2026-10-04T04:26:33.8194978Z PASS activity_search_db_override
2026-10-04T04:26:33.8195225Z PASS activity_status_missing_budget
2026-10-04T04:26:33.8195472Z PASS activity_status_zero_budget
2026-10-04T04:26:33.8195718Z PASS activity_status_excess_budget
2026-10-04T04:26:33.8195982Z PASS activity_get_missing_row
2026-10-04T04:26:33.8196220Z PASS activity_get_missing_row_table
2026-10-04T04:26:33.8196480Z PASS activity_get_missing_budget
2026-10-04T04:26:33.8196720Z PASS activity_get_zero_budget
2026-10-04T04:26:33.8196956Z PASS activity_get_excess_budget
2026-10-04T04:26:33.8197224Z PASS activity_search_reader_profile_table
2026-10-04T04:26:33.8197514Z PASS activity_search_invalid_window_keeps_go
2026-10-04T04:26:33.8197814Z PASS activity_search_out_of_bounds_keeps_go
2026-10-04T04:26:33.8198124Z PASS activity_get_identifier_before_flags_keeps_go
2026-10-04T04:26:33.8198436Z PASS activity_search_reader_profile
2026-10-04T04:26:33.8198691Z PASS activity_unknown_subcommand
2026-10-04T04:26:33.8198927Z PASS usage_missing
2026-10-04T04:26:33.8199122Z PASS usage_missing_json
2026-10-04T04:26:33.8199352Z PASS usage_opencode_workspace_only
2026-10-04T04:26:33.8199617Z PASS usage_opencode_workspace_only_json
2026-10-04T04:26:33.8199882Z PASS usage_codex_stale_auth_file
2026-10-04T04:26:33.8200127Z PASS usage_codex_stale_auth_file_json
2026-10-04T04:26:33.8200438Z PASS activity_usage_fallback
2026-10-04T04:26:33.8200671Z PASS activity_help_fallback
2026-10-04T04:26:33.8200909Z PASS activity_missing_profile_fallback
2026-10-04T04:26:33.8201165Z PASS activity_get_fallback
2026-10-04T04:26:33.8201403Z PASS audit_tail_missing_directory
2026-10-04T04:26:33.8201657Z PASS audit_tail_missing_directory_json
2026-10-04T04:26:33.8201915Z PASS memory_list_seeded_table
2026-10-04T04:26:33.8202155Z PASS memory_list_seeded_scope_alias
2026-10-04T04:26:33.8202410Z PASS memory_list_seeded_limit_zero
2026-10-04T04:26:33.8202667Z PASS memory_list_unknown_flag_fallback
2026-10-04T04:26:33.8202912Z PASS memory_set_native
2026-10-04T04:26:33.8203123Z PASS memory_set_native_table
2026-10-04T04:26:33.8203349Z PASS memory_set_native_staged
2026-10-04T04:26:33.8203589Z PASS memory_set_missing_kind_fallback
2026-10-04T04:26:33.8203844Z PASS memory_set_invalid_kind_fallback
2026-10-04T04:26:33.8204096Z PASS memory_set_author_fallback
2026-10-04T04:26:33.8204334Z PASS memory_delete_missing_row
2026-10-04T04:26:33.8204577Z PASS memory_delete_seeded_json
2026-10-04T04:26:33.8204804Z PASS memory_delete_seeded_table
2026-10-04T04:26:33.8205041Z PASS memory_delete_no_id_fallback
2026-10-04T04:26:33.8205288Z PASS memory_help_fallback
2026-10-04T04:26:33.8205544Z PASS memory_rules_empty
2026-10-04T04:26:33.8205767Z PASS memory_rules_empty_table
2026-10-04T04:26:33.8205997Z PASS memory_rules_seeded
2026-10-04T04:26:33.8206222Z PASS memory_rules_seeded_table
2026-10-04T04:26:33.8206452Z PASS memory_rules_seeded_scope
2026-10-04T04:26:33.8206685Z PASS memory_query_log_seeded_table
2026-10-04T04:26:33.8206924Z PASS memory_query_log_fallback
2026-10-04T04:26:33.8207144Z PASS sync_dry_run_empty
2026-10-04T04:26:33.8207552Z PASS sync_dry_run_all
2026-10-04T04:26:33.8207944Z PASS sync_html_project_json
2026-10-04T04:26:33.8208190Z PASS sync_flag_terminator
2026-10-04T04:26:33.8208412Z PASS sync_flag_after_positional
2026-10-04T04:26:33.8208654Z PASS sync_flag_after_terminator
2026-10-04T04:26:33.8208876Z PASS sync_bool_true
2026-10-04T04:26:33.8209068Z PASS sync_bool_false
2026-10-04T04:26:33.8209262Z PASS sync_bool_invalid
2026-10-04T04:26:33.8209476Z PASS sync_dry_run_with_library
2026-10-04T04:26:33.8210435Z PASS sync_installs_library_skill
2026-10-04T04:26:33.8210819Z PASS sync_unknown_harness
2026-10-04T04:26:33.8211044Z PASS sync_help
2026-10-04T04:26:33.8211237Z PASS sync_unknown_flag
2026-10-04T04:26:33.8211457Z PASS harness_list_empty
2026-10-04T04:26:33.8211674Z PASS harness_list_empty_json
2026-10-04T04:26:33.8211906Z PASS harness_list_installed
2026-10-04T04:26:33.8212136Z PASS harness_list_installed_json
2026-10-04T04:26:33.8212381Z PASS harness_list_foreign_json
2026-10-04T04:26:33.8212616Z PASS harness_list_malformed_json
2026-10-04T04:26:33.8212853Z PASS harness_list_unknown_flag
2026-10-04T04:26:33.8213092Z PASS harness_unknown_subcommand
2026-10-04T04:26:33.8213336Z PASS harness_health_empty_json
2026-10-04T04:26:33.8213574Z PASS harness_health_malformed_json
2026-10-04T04:26:33.8213847Z PASS harness_health_malformed_json_response
2026-10-04T04:26:33.8214291Z ACCEPTED HAR-007 harness_health_missing_command (validated versioned health contract)
2026-10-04T04:26:33.8214730Z PASS harness_health_missing_command
2026-10-04T04:26:33.8215161Z ACCEPTED HAR-007 harness_health_missing_command_json (validated versioned health contract)
2026-10-04T04:26:33.8215615Z PASS harness_health_missing_command_json
2026-10-04T04:26:33.8215900Z PASS harness_health_initialize
2026-10-04T04:26:33.8216293Z ACCEPTED HAR-007 harness_health_initialize_json (validated versioned health contract)
2026-10-04T04:26:33.8216714Z PASS harness_health_initialize_json
2026-10-04T04:26:33.8216963Z PASS harness_health_filter_json
2026-10-04T04:26:33.8217198Z PASS harness_health_unknown_harness
2026-10-04T04:26:33.8217453Z PASS skills_list_empty_library
2026-10-04T04:26:33.8217690Z PASS skills_list_empty_library_json
2026-10-04T04:26:33.8217939Z PASS skills_list_populated_library
2026-10-04T04:26:33.8218197Z PASS skills_list_populated_library_json
2026-10-04T04:26:33.8218470Z PASS skills_list_categories_json
2026-10-04T04:26:33.8218719Z PASS skills_list_managed_installs_json
2026-10-04T04:26:33.8218983Z PASS skills_list_last_used_json
2026-10-04T04:26:33.8219232Z PASS skills_list_target_flag_is_ignored
2026-10-04T04:26:33.8219515Z PASS skills_list_broken_skill_fallback
2026-10-04T04:26:33.8219788Z PASS skills_list_missing_skill_md_fallback
2026-10-04T04:26:33.8220062Z PASS skills_list_unknown_flag_fallback
2026-10-04T04:26:33.8220324Z PASS skills_list_dynamic_config_fallback
2026-10-04T04:26:33.8220597Z PASS skills_targets_dynamic_root_native
2026-10-04T04:26:33.8220855Z PASS skills_targets_mixed_json
2026-10-04T04:26:33.8221085Z PASS skills_targets_mixed_table
2026-10-04T04:26:33.8221318Z PASS skills_targets_empty_root_json
2026-10-04T04:26:33.8221575Z PASS skills_targets_managed_only_json
2026-10-04T04:26:33.8221868Z PASS skills_targets_config_dir_evidence_json
2026-10-04T04:26:33.8222154Z PASS skills_targets_project_scope_json
2026-10-04T04:26:33.8222426Z PASS skills_targets_unknown_scope_fallback
2026-10-04T04:26:33.8222710Z PASS skills_targets_unknown_flag_fallback
2026-10-04T04:26:33.8222990Z PASS skills_log_populated_fallback
2026-10-04T04:26:33.8223246Z PASS skills_sync_dry_run_dynamic_config
2026-10-04T04:26:33.8223510Z PASS skills_sync_dry_run_json
2026-10-04T04:26:33.8223742Z PASS skills_log_empty_json
2026-10-04T04:26:33.8223975Z PASS skills_targets_default_json
2026-10-04T04:26:33.8224221Z PASS skills_status_unknown_target
2026-10-04T04:26:33.8224466Z PASS skills_status_unknown_flag
2026-10-04T04:26:33.8224693Z 464 parity cases passed
2026-10-04T04:26:33.8654946Z ##[group]Run scripts/guard-standalone-oracle/run.sh "$RUNNER_TEMP/guard-standalone.json"
2026-10-04T04:26:33.8656120Z [36;1mscripts/guard-standalone-oracle/run.sh "$RUNNER_TEMP/guard-standalone.json"[0m
2026-10-04T04:26:33.8678095Z shell: C:\Program Files\Git\bin\bash.EXE --noprofile --norc -e -o pipefail {0}
2026-10-04T04:26:33.8678485Z env:
2026-10-04T04:26:33.8678669Z   GOTOOLCHAIN: local
2026-10-04T04:26:33.8678968Z   SYMBRAIN_XDG_ORACLE_FIXTURE: D:\a\_temp/xdg-oracle-windows.json
2026-10-04T04:26:33.8679479Z   SYMBRAIN_GUARD_DOCTOR_ORACLE_FIXTURE: D:\a\_temp/guard-doctor-oracle-windows.json
2026-10-04T04:26:33.8680268Z   SYMBRAIN_INSTRUCTIONS_ORACLE_FIXTURE: D:\a\_temp/instructions-oracle-windows.json
2026-10-04T04:26:33.8681526Z   SYMBRAIN_CLI_TREE_ORACLE_FIXTURE: D:\a\_temp/cli-tree-oracle-windows.json
2026-10-04T04:26:33.8682391Z   SYMBRAIN_ACTIVITY_CLI_ORACLE_FIXTURE: D:\a\_temp/activity-cli-oracle-windows.json
2026-10-04T04:26:33.8683106Z   SYMBRAIN_PROFILE_REMOVE_ORACLE_FIXTURE: D:\a\_temp/profile-remove-oracle-windows.json
2026-10-04T04:26:33.8683641Z   SYMBRAIN_SKILLS_ORACLE_FIXTURE: D:\a\_temp/skills-oracle-windows.json
2026-10-04T04:26:33.8684148Z   SYMBRAIN_SKILLS_INSTALL_ORACLE_FIXTURE: D:\a\_temp/skills-install-oracle-windows.json
2026-10-04T04:26:33.8684705Z   SYMBRAIN_GUARD_SCAN_ORACLE_FIXTURE: D:\a\_temp/guard-scan-oracle-windows.json
2026-10-04T04:26:33.8685343Z ##[endgroup]
2026-10-04T04:26:37.1713471Z    Compiling proc-macro2 v1.0.107
2026-10-04T04:26:37.1720929Z    Compiling quote v1.0.47
2026-10-04T04:26:37.1734525Z    Compiling windows-sys v0.61.2
2026-10-04T04:26:37.1751600Z    Compiling hashbrown v0.17.1
2026-10-04T04:26:37.7564079Z    Compiling serde_json v1.0.151
2026-10-04T04:26:38.1026134Z    Compiling bitflags v2.13.1
2026-10-04T04:26:38.2695764Z    Compiling indexmap v2.14.2
2026-10-04T04:26:38.5822635Z    Compiling winx v0.36.4
2026-10-04T04:26:39.7213553Z    Compiling memchr v2.8.3
2026-10-04T04:26:39.9713333Z    Compiling syn v3.0.5
2026-10-04T04:26:40.0274944Z    Compiling once_cell v1.21.4
2026-10-04T04:26:40.5735764Z    Compiling cap-primitives v4.0.3
2026-10-04T04:26:41.6305520Z    Compiling tempfile v3.27.0
2026-10-04T04:26:42.1628533Z    Compiling toml_edit v0.25.13+spec-1.1.0
2026-10-04T04:26:42.8257085Z    Compiling cap-std v4.0.3
2026-10-04T04:26:43.4432207Z    Compiling cap-fs-ext v4.0.3
2026-10-04T04:26:43.8152035Z    Compiling symguard-cli v0.12.1 (D:\a\symaira-brain\symaira-brain\rust\symguard-cli)
2026-10-04T04:26:44.7886212Z    Compiling serde_derive v1.0.229
2026-10-04T04:26:47.6301739Z    Compiling serde v1.0.229
2026-10-04T04:26:48.1197109Z    Compiling chrono v0.4.45
2026-10-04T04:26:48.1197678Z    Compiling serde_yaml_ng v0.10.0
2026-10-04T04:26:49.2650398Z    Compiling symbrain-core v0.12.1 (D:\a\symaira-brain\symaira-brain\rust\symbrain-core)
2026-10-04T04:26:50.2768491Z    Compiling symbrain-audit v0.12.1 (D:\a\symaira-brain\symaira-brain\rust\symbrain-audit)
2026-10-04T04:26:50.2994103Z    Compiling symbrain-guard-core v0.12.1 (D:\a\symaira-brain\symaira-brain\rust\symbrain-guard-core)
2026-10-04T04:26:57.0974860Z     Finished `dev` profile [unoptimized + debuginfo] target(s) in 20.18s
2026-10-04T04:27:35.7458733Z 124 actual standalone process cases; 120 full matches; 3 remaining doctor diagnostic states and 1 audit diagnostic deviations explicitly retained
2026-10-04T04:27:36.3981020Z actual diagnostic output mutants rejected: 3
2026-10-04T04:27:37.9339636Z raw-path process cases 14 passed; actual controls rejected 0
2026-10-04T04:27:38.4112818Z ##[group]Run actions/upload-artifact@043fb46d1a93c77aae656e7c1c64a875d1fc6a0a
2026-10-04T04:27:38.4113401Z with:
2026-10-04T04:27:38.4113717Z   name: guard-standalone-Windows
2026-10-04T04:27:38.4114354Z   path: D:\a\_temp/guard-standalone.json
D:\a\_temp/guard-standalone-controls.json
D:\a\_temp/guard-standalone-raw-paths.json

2026-10-04T04:27:38.4115007Z   if-no-files-found: error
2026-10-04T04:27:38.4115325Z   retention-days: 14
2026-10-04T04:27:38.4115621Z   compression-level: 6
2026-10-04T04:27:38.4115893Z   overwrite: false
2026-10-04T04:27:38.4116543Z   include-hidden-files: false
2026-10-04T04:27:38.4116846Z   archive: true
2026-10-04T04:27:38.4117110Z env:
2026-10-04T04:27:38.4117348Z   GOTOOLCHAIN: local
2026-10-04T04:27:38.4117697Z   SYMBRAIN_XDG_ORACLE_FIXTURE: D:\a\_temp/xdg-oracle-windows.json
2026-10-04T04:27:38.4118245Z   SYMBRAIN_GUARD_DOCTOR_ORACLE_FIXTURE: D:\a\_temp/guard-doctor-oracle-windows.json
2026-10-04T04:27:38.4118932Z   SYMBRAIN_INSTRUCTIONS_ORACLE_FIXTURE: D:\a\_temp/instructions-oracle-windows.json
2026-10-04T04:27:38.4119769Z   SYMBRAIN_CLI_TREE_ORACLE_FIXTURE: D:\a\_temp/cli-tree-oracle-windows.json
2026-10-04T04:27:38.4120360Z   SYMBRAIN_ACTIVITY_CLI_ORACLE_FIXTURE: D:\a\_temp/activity-cli-oracle-windows.json
2026-10-04T04:27:38.4120978Z   SYMBRAIN_PROFILE_REMOVE_ORACLE_FIXTURE: D:\a\_temp/profile-remove-oracle-windows.json
2026-10-04T04:27:38.4121584Z   SYMBRAIN_SKILLS_ORACLE_FIXTURE: D:\a\_temp/skills-oracle-windows.json
2026-10-04T04:27:38.4122151Z   SYMBRAIN_SKILLS_INSTALL_ORACLE_FIXTURE: D:\a\_temp/skills-install-oracle-windows.json
2026-10-04T04:27:38.4122749Z   SYMBRAIN_GUARD_SCAN_ORACLE_FIXTURE: D:\a\_temp/guard-scan-oracle-windows.json
2026-10-04T04:27:38.4123187Z ##[endgroup]
2026-10-04T04:27:39.3371239Z Multiple search paths detected. Calculating the least common ancestor of all paths
2026-10-04T04:27:39.3374097Z The least common ancestor is D:\a\_temp. This will be the root directory of the artifact
2026-10-04T04:27:39.3375593Z With the provided path, there will be 3 files uploaded
2026-10-04T04:27:39.3380505Z Artifact name is valid!
2026-10-04T04:27:39.3382083Z Root directory input is valid!
2026-10-04T04:27:39.5525321Z Uploading artifact: guard-standalone-Windows.zip
2026-10-04T04:27:39.5594118Z Beginning upload of artifact content to blob storage
2026-10-04T04:27:39.7370553Z Uploaded bytes 79618
2026-10-04T04:27:39.7492460Z Finished uploading artifact content to blob storage!
2026-10-04T04:27:39.7493829Z SHA256 digest of uploaded artifact is 8de69dbf8e0840989ec99ad0171330639fb31aebe72c6c9f8775f7eeac6d20ea
2026-10-04T04:27:39.7495518Z Finalizing artifact upload
2026-10-04T04:27:39.9608338Z Artifact guard-standalone-Windows successfully finalized. Artifact ID 11293837572
2026-10-04T04:27:39.9609943Z Artifact guard-standalone-Windows has been successfully uploaded! Final size is 79618 bytes. Artifact ID is 11293837572
2026-10-04T04:27:39.9620398Z Artifact download URL: https://github.com/danieljustus/symaira-brain/actions/runs/37174759809/artifacts/11293837572
2026-10-04T04:27:40.0031205Z ##[group]Run scripts/activity-validation-oracle/run.sh "$RUNNER_TEMP/activity-validation-767.json"
2026-10-04T04:27:40.0032498Z [36;1mscripts/activity-validation-oracle/run.sh "$RUNNER_TEMP/activity-validation-767.json"[0m
2026-10-04T04:27:40.0056675Z shell: C:\Program Files\Git\bin\bash.EXE --noprofile --norc -e -o pipefail {0}
2026-10-04T04:27:40.0057329Z env:
2026-10-04T04:27:40.0057620Z   GOTOOLCHAIN: local
2026-10-04T04:27:40.0058119Z   SYMBRAIN_XDG_ORACLE_FIXTURE: D:\a\_temp/xdg-oracle-windows.json
2026-10-04T04:27:40.0058980Z   SYMBRAIN_GUARD_DOCTOR_ORACLE_FIXTURE: D:\a\_temp/guard-doctor-oracle-windows.json
2026-10-04T04:27:40.0059926Z   SYMBRAIN_INSTRUCTIONS_ORACLE_FIXTURE: D:\a\_temp/instructions-oracle-windows.json
2026-10-04T04:27:40.0060832Z   SYMBRAIN_CLI_TREE_ORACLE_FIXTURE: D:\a\_temp/cli-tree-oracle-windows.json
2026-10-04T04:27:40.0061728Z   SYMBRAIN_ACTIVITY_CLI_ORACLE_FIXTURE: D:\a\_temp/activity-cli-oracle-windows.json
2026-10-04T04:27:40.0062741Z   SYMBRAIN_PROFILE_REMOVE_ORACLE_FIXTURE: D:\a\_temp/profile-remove-oracle-windows.json
2026-10-04T04:27:40.0063715Z   SYMBRAIN_SKILLS_ORACLE_FIXTURE: D:\a\_temp/skills-oracle-windows.json
2026-10-04T04:27:40.0064630Z   SYMBRAIN_SKILLS_INSTALL_ORACLE_FIXTURE: D:\a\_temp/skills-install-oracle-windows.json
2026-10-04T04:27:40.0065585Z   SYMBRAIN_GUARD_SCAN_ORACLE_FIXTURE: D:\a\_temp/guard-scan-oracle-windows.json
2026-10-04T04:27:40.0066231Z ##[endgroup]
2026-10-04T04:27:51.5040537Z Wrote D:/a/_temp/activity-validation-767.FzGNfH/activity-cli.json
2026-10-04T04:27:52.3320135Z    Compiling symbrain-skills v0.12.1 (D:\a\symaira-brain\symaira-brain\rust\symbrain-skills)
2026-10-04T04:27:52.3335683Z    Compiling symbrain-cli v0.12.1 (D:\a\symaira-brain\symaira-brain\rust\symbrain-cli)
2026-10-04T04:27:52.3336984Z    Compiling symguard-cli v0.12.1 (D:\a\symaira-brain\symaira-brain\rust\symguard-cli)
2026-10-04T04:27:53.0987157Z    Compiling symbrain-gateway v0.12.1 (D:\a\symaira-brain\symaira-brain\rust\symbrain-gateway)
2026-10-04T04:27:58.0960370Z     Finished `dev` profile [unoptimized + debuginfo] target(s) in 6.15s
2026-10-04T04:27:58.5793885Z    Compiling symbrain-cli v0.12.1 (D:\a\symaira-brain\symaira-brain\rust\symbrain-cli)
2026-10-04T04:28:00.5100361Z     Finished `test` profile [unoptimized + debuginfo] target(s) in 2.31s
2026-10-04T04:28:00.5332807Z      Running tests\activity_cli_oracle_tests.rs (target\debug\deps\activity_cli_oracle_tests-044ef849ad8e83e7.exe)
2026-10-04T04:28:00.5455988Z 
2026-10-04T04:28:00.5456665Z running 1 test
2026-10-04T04:28:01.2142633Z test bounded_activity_reads_match_the_pinned_go_commands ... ok
2026-10-04T04:28:01.2143207Z 
2026-10-04T04:28:01.2143678Z test result: ok. 1 passed; 0 failed; 0 ignored; 0 measured; 0 filtered out; finished in 0.67s
2026-10-04T04:28:01.2144312Z 
2026-10-04T04:28:43.6641622Z 237/237 real activity validation cases match
2026-10-04T04:28:44.2256199Z    Compiling symbrain-cli v0.12.1 (D:\a\symaira-brain\symaira-brain\rust\symbrain-cli)
2026-10-04T04:28:45.0589372Z     Finished `test` profile [unoptimized + debuginfo] target(s) in 1.31s
2026-10-04T04:28:45.0797398Z      Running tests\activity_validation_tests.rs (target\debug\deps\activity_validation_tests-5ebf5e237fa40485.exe)
2026-10-04T04:28:45.0919241Z 
2026-10-04T04:28:45.0919872Z running 1 test
2026-10-04T04:28:52.3894411Z test activity_validation_matches_complete_go_process_fixture_without_fallback ... ok
2026-10-04T04:28:52.3895247Z 
2026-10-04T04:28:52.3895790Z test result: ok. 1 passed; 0 failed; 0 ignored; 0 measured; 0 filtered out; finished in 7.30s
2026-10-04T04:28:52.3896494Z 
2026-10-04T04:29:00.5280444Z 3/3 actual native fixture failure controls passed
2026-10-04T04:29:00.5936397Z ##[group]Run actions/upload-artifact@043fb46d1a93c77aae656e7c1c64a875d1fc6a0a
2026-10-04T04:29:00.5937148Z with:
2026-10-04T04:29:00.5937476Z   name: activity-validation-767-Windows
2026-10-04T04:29:00.5938651Z   path: D:\a\_temp/activity-validation-767.json
D:\a\_temp/activity-validation-767.json.fixture.json
D:\a\_temp/activity-validation-767.json.controls.json

2026-10-04T04:29:00.5939865Z   if-no-files-found: error
2026-10-04T04:29:00.5940249Z   retention-days: 14
2026-10-04T04:29:00.5940584Z   compression-level: 6
2026-10-04T04:29:00.5940925Z   overwrite: false
2026-10-04T04:29:00.5941255Z   include-hidden-files: false
2026-10-04T04:29:00.5941625Z   archive: true
2026-10-04T04:29:00.5941909Z env:
2026-10-04T04:29:00.5942252Z   GOTOOLCHAIN: local
2026-10-04T04:29:00.5942784Z   SYMBRAIN_XDG_ORACLE_FIXTURE: D:\a\_temp/xdg-oracle-windows.json
2026-10-04T04:29:00.5943613Z   SYMBRAIN_GUARD_DOCTOR_ORACLE_FIXTURE: D:\a\_temp/guard-doctor-oracle-windows.json
2026-10-04T04:29:00.5944587Z   SYMBRAIN_INSTRUCTIONS_ORACLE_FIXTURE: D:\a\_temp/instructions-oracle-windows.json
2026-10-04T04:29:00.5945891Z   SYMBRAIN_CLI_TREE_ORACLE_FIXTURE: D:\a\_temp/cli-tree-oracle-windows.json
2026-10-04T04:29:00.5946783Z   SYMBRAIN_ACTIVITY_CLI_ORACLE_FIXTURE: D:\a\_temp/activity-cli-oracle-windows.json
2026-10-04T04:29:00.5947745Z   SYMBRAIN_PROFILE_REMOVE_ORACLE_FIXTURE: D:\a\_temp/profile-remove-oracle-windows.json
2026-10-04T04:29:00.5948643Z   SYMBRAIN_SKILLS_ORACLE_FIXTURE: D:\a\_temp/skills-oracle-windows.json
2026-10-04T04:29:00.5949538Z   SYMBRAIN_SKILLS_INSTALL_ORACLE_FIXTURE: D:\a\_temp/skills-install-oracle-windows.json
2026-10-04T04:29:00.5950471Z   SYMBRAIN_GUARD_SCAN_ORACLE_FIXTURE: D:\a\_temp/guard-scan-oracle-windows.json
2026-10-04T04:29:00.5951124Z ##[endgroup]
2026-10-04T04:29:00.7957063Z Multiple search paths detected. Calculating the least common ancestor of all paths
2026-10-04T04:29:00.7960075Z The least common ancestor is D:\a\_temp. This will be the root directory of the artifact
2026-10-04T04:29:00.7961004Z With the provided path, there will be 3 files uploaded
2026-10-04T04:29:00.7966290Z Artifact name is valid!
2026-10-04T04:29:00.7968275Z Root directory input is valid!
2026-10-04T04:29:00.9941233Z Uploading artifact: activity-validation-767-Windows.zip
2026-10-04T04:29:00.9989242Z Beginning upload of artifact content to blob storage
2026-10-04T04:29:01.0867575Z Uploaded bytes 18402
2026-10-04T04:29:01.1064909Z Finished uploading artifact content to blob storage!
2026-10-04T04:29:01.1066213Z SHA256 digest of uploaded artifact is 6984fee61db9fd8060e32c971df817652c13b62a0b794595c8c7ad0fbbc38771
2026-10-04T04:29:01.1067092Z Finalizing artifact upload
2026-10-04T04:29:01.3051889Z Artifact activity-validation-767-Windows successfully finalized. Artifact ID 11293867594
2026-10-04T04:29:01.3053914Z Artifact activity-validation-767-Windows has been successfully uploaded! Final size is 18402 bytes. Artifact ID is 11293867594
2026-10-04T04:29:01.3063245Z Artifact download URL: https://github.com/danieljustus/symaira-brain/actions/runs/37174759809/artifacts/11293867594
2026-10-04T04:29:01.3384850Z ##[group]Run scripts/setup-repair-oracle/run.sh "$RUNNER_TEMP/setup-repair-parity.json"
2026-10-04T04:29:01.3385592Z [36;1mscripts/setup-repair-oracle/run.sh "$RUNNER_TEMP/setup-repair-parity.json"[0m
2026-10-04T04:29:01.3407886Z shell: C:\Program Files\Git\bin\bash.EXE --noprofile --norc -e -o pipefail {0}
2026-10-04T04:29:01.3408971Z env:
2026-10-04T04:29:01.3409253Z   GOTOOLCHAIN: local
2026-10-04T04:29:01.3409751Z   SYMBRAIN_XDG_ORACLE_FIXTURE: D:\a\_temp/xdg-oracle-windows.json
2026-10-04T04:29:01.3410709Z   SYMBRAIN_GUARD_DOCTOR_ORACLE_FIXTURE: D:\a\_temp/guard-doctor-oracle-windows.json
2026-10-04T04:29:01.3411709Z   SYMBRAIN_INSTRUCTIONS_ORACLE_FIXTURE: D:\a\_temp/instructions-oracle-windows.json
2026-10-04T04:29:01.3412679Z   SYMBRAIN_CLI_TREE_ORACLE_FIXTURE: D:\a\_temp/cli-tree-oracle-windows.json
2026-10-04T04:29:01.3413637Z   SYMBRAIN_ACTIVITY_CLI_ORACLE_FIXTURE: D:\a\_temp/activity-cli-oracle-windows.json
2026-10-04T04:29:01.3414715Z   SYMBRAIN_PROFILE_REMOVE_ORACLE_FIXTURE: D:\a\_temp/profile-remove-oracle-windows.json
2026-10-04T04:29:01.3415701Z   SYMBRAIN_SKILLS_ORACLE_FIXTURE: D:\a\_temp/skills-oracle-windows.json
2026-10-04T04:29:01.3416672Z   SYMBRAIN_SKILLS_INSTALL_ORACLE_FIXTURE: D:\a\_temp/skills-install-oracle-windows.json
2026-10-04T04:29:01.3417718Z   SYMBRAIN_GUARD_SCAN_ORACLE_FIXTURE: D:\a\_temp/guard-scan-oracle-windows.json
2026-10-04T04:29:01.3418417Z ##[endgroup]
2026-10-04T04:29:09.4661673Z     Finished `dev` profile [unoptimized + debuginfo] target(s) in 0.35s
2026-10-04T04:30:17.7396596Z PASS setup_unknown_flag
2026-10-04T04:30:17.7397529Z PASS setup_lone_hyphen (stdout, stderr, exit code, fs manifest/modes)
2026-10-04T04:30:17.7398443Z PASS setup_install_json (stdout, stderr, exit code, fs manifest/modes)
2026-10-04T04:30:17.7399106Z PASS setup_install_human (stdout, stderr, exit code, fs manifest/modes)
2026-10-04T04:30:17.7399691Z PASS setup_install_cosign_fail_json (stdout, stderr, exit code, fs manifest/modes)
2026-10-04T04:30:17.7400350Z PASS setup_cosign_command_fail_json (stdout, stderr, exit code, fs manifest/modes)
2026-10-04T04:30:17.7400940Z PASS setup_fix_correct_json (stdout, stderr, exit code, fs manifest/modes)
2026-10-04T04:30:17.7401546Z PASS setup_fix_correct_human (stdout, stderr, exit code, fs manifest/modes)
2026-10-04T04:30:17.7402123Z PASS setup_fix_mismatched_json (stdout, stderr, exit code, fs manifest/modes)
2026-10-04T04:30:17.7402782Z PASS repair-sidecar-0-force-False (stdout, stderr, exit code, fs manifest/modes)
2026-10-04T04:30:17.7403445Z PASS repair-sidecar-0-force-True (stdout, stderr, exit code, fs manifest/modes)
2026-10-04T04:30:17.7404091Z PASS repair-sidecar-1-force-False (stdout, stderr, exit code, fs manifest/modes)
2026-10-04T04:30:17.7404725Z PASS repair-sidecar-1-force-True (stdout, stderr, exit code, fs manifest/modes)
2026-10-04T04:30:17.7405335Z PASS repair-sidecar-2-force-False (stdout, stderr, exit code, fs manifest/modes)
2026-10-04T04:30:17.7406000Z PASS repair-sidecar-2-force-True (stdout, stderr, exit code, fs manifest/modes)
2026-10-04T04:30:17.7406637Z PASS repair-sidecar-3-force-False (stdout, stderr, exit code, fs manifest/modes)
2026-10-04T04:30:17.7407276Z PASS repair-sidecar-3-force-True (stdout, stderr, exit code, fs manifest/modes)
2026-10-04T04:30:17.7408169Z PASS repair-sidecar-4-force-False (stdout, stderr, exit code, fs manifest/modes)
2026-10-04T04:30:17.7408804Z PASS repair-sidecar-4-force-True (stdout, stderr, exit code, fs manifest/modes)
2026-10-04T04:30:17.7409402Z PASS repair-sidecar-5-force-False (stdout, stderr, exit code, fs manifest/modes)
2026-10-04T04:30:17.7410030Z PASS repair-sidecar-5-force-True (stdout, stderr, exit code, fs manifest/modes)
2026-10-04T04:30:17.7410676Z PASS repair-sidecar-6-force-False (stdout, stderr, exit code, fs manifest/modes)
2026-10-04T04:30:17.7411276Z PASS repair-sidecar-6-force-True (stdout, stderr, exit code, fs manifest/modes)
2026-10-04T04:30:17.7414727Z PASS repair-sidecar-7-force-False (stdout, stderr, exit code, fs manifest/modes)
2026-10-04T04:30:17.7415515Z PASS repair-sidecar-7-force-True (stdout, stderr, exit code, fs manifest/modes)
2026-10-04T04:30:17.7416206Z PASS repair-sidecar-8-force-False (stdout, stderr, exit code, fs manifest/modes)
2026-10-04T04:30:17.7416874Z PASS repair-sidecar-8-force-True (stdout, stderr, exit code, fs manifest/modes)
2026-10-04T04:30:17.7417556Z PASS repair-sidecar-9-force-False (stdout, stderr, exit code, fs manifest/modes)
2026-10-04T04:30:17.7418179Z PASS repair-sidecar-9-force-True (stdout, stderr, exit code, fs manifest/modes)
2026-10-04T04:30:17.7418832Z PASS repair-sidecar-10-force-False (stdout, stderr, exit code, fs manifest/modes)
2026-10-04T04:30:17.7419482Z PASS repair-sidecar-10-force-True (stdout, stderr, exit code, fs manifest/modes)
2026-10-04T04:30:17.7420085Z PASS repair-sidecar-11-force-False (stdout, stderr, exit code, fs manifest/modes)
2026-10-04T04:30:17.7420721Z PASS repair-sidecar-11-force-True (stdout, stderr, exit code, fs manifest/modes)
2026-10-04T04:30:17.7421335Z PASS repair-sidecar-12-force-False (stdout, stderr, exit code, fs manifest/modes)
2026-10-04T04:30:17.7421971Z PASS repair-sidecar-12-force-True (stdout, stderr, exit code, fs manifest/modes)
2026-10-04T04:30:17.7422580Z PASS repair-sidecar-13-force-False (stdout, stderr, exit code, fs manifest/modes)
2026-10-04T04:30:17.7423210Z PASS repair-sidecar-13-force-True (stdout, stderr, exit code, fs manifest/modes)
2026-10-04T04:30:17.7423804Z PASS repair-sidecar-14-force-False (stdout, stderr, exit code, fs manifest/modes)
2026-10-04T04:30:17.7424437Z PASS repair-sidecar-14-force-True (stdout, stderr, exit code, fs manifest/modes)
2026-10-04T04:30:17.7425042Z PASS repair-sidecar-15-force-False (stdout, stderr, exit code, fs manifest/modes)
2026-10-04T04:30:17.7425674Z PASS repair-sidecar-15-force-True (stdout, stderr, exit code, fs manifest/modes)
2026-10-04T04:30:17.7426296Z PASS repair-sidecar-16-force-False (stdout, stderr, exit code, fs manifest/modes)
2026-10-04T04:30:17.7426853Z PASS repair-sidecar-16-force-True (stdout, stderr, exit code, fs manifest/modes)
2026-10-04T04:30:17.7427398Z PASS repair-sidecar-17-force-False (stdout, stderr, exit code, fs manifest/modes)
2026-10-04T04:30:17.7427946Z PASS repair-sidecar-17-force-True (stdout, stderr, exit code, fs manifest/modes)
2026-10-04T04:30:17.7428496Z PASS repair-sidecar-18-force-False (stdout, stderr, exit code, fs manifest/modes)
2026-10-04T04:30:17.7429040Z PASS repair-sidecar-18-force-True (stdout, stderr, exit code, fs manifest/modes)
2026-10-04T04:30:17.7429587Z PASS repair-sidecar-19-force-False (stdout, stderr, exit code, fs manifest/modes)
2026-10-04T04:30:17.7430127Z PASS repair-sidecar-19-force-True (stdout, stderr, exit code, fs manifest/modes)
2026-10-04T04:30:17.7430674Z PASS repair-sidecar-20-force-False (stdout, stderr, exit code, fs manifest/modes)
2026-10-04T04:30:17.7431222Z PASS repair-sidecar-20-force-True (stdout, stderr, exit code, fs manifest/modes)
2026-10-04T04:30:17.7431771Z PASS repair-sidecar-21-force-False (stdout, stderr, exit code, fs manifest/modes)
2026-10-04T04:30:17.7432664Z PASS repair-sidecar-21-force-True (stdout, stderr, exit code, fs manifest/modes)
2026-10-04T04:30:17.7433299Z PASS repair-sidecar-22-force-False (stdout, stderr, exit code, fs manifest/modes)
2026-10-04T04:30:17.7434083Z PASS repair-sidecar-22-force-True (stdout, stderr, exit code, fs manifest/modes)
2026-10-04T04:30:17.7434655Z PASS repair-sidecar-23-force-False (stdout, stderr, exit code, fs manifest/modes)
2026-10-04T04:30:17.7435209Z PASS repair-sidecar-23-force-True (stdout, stderr, exit code, fs manifest/modes)
2026-10-04T04:30:17.7435752Z PASS repair-sidecar-24-force-False (stdout, stderr, exit code, fs manifest/modes)
2026-10-04T04:30:17.7436306Z PASS repair-sidecar-24-force-True (stdout, stderr, exit code, fs manifest/modes)
2026-10-04T04:30:17.7436851Z PASS repair-sidecar-25-force-False (stdout, stderr, exit code, fs manifest/modes)
2026-10-04T04:30:17.7437918Z PASS repair-sidecar-25-force-True (stdout, stderr, exit code, fs manifest/modes)
2026-10-04T04:30:17.7438536Z PASS repair-sidecar-26-force-False (stdout, stderr, exit code, fs manifest/modes)
2026-10-04T04:30:17.7439098Z PASS repair-sidecar-26-force-True (stdout, stderr, exit code, fs manifest/modes)
2026-10-04T04:30:17.7439658Z PASS repair-sidecar-27-force-False (stdout, stderr, exit code, fs manifest/modes)
2026-10-04T04:30:17.7440239Z PASS repair-sidecar-27-force-True (stdout, stderr, exit code, fs manifest/modes)
2026-10-04T04:30:17.7440789Z PASS repair-sidecar-28-force-False (stdout, stderr, exit code, fs manifest/modes)
2026-10-04T04:30:17.7441329Z PASS repair-sidecar-28-force-True (stdout, stderr, exit code, fs manifest/modes)
2026-10-04T04:30:17.7441877Z PASS repair-sidecar-29-force-False (stdout, stderr, exit code, fs manifest/modes)
2026-10-04T04:30:17.7442425Z PASS repair-sidecar-29-force-True (stdout, stderr, exit code, fs manifest/modes)
2026-10-04T04:30:17.7442969Z PASS repair-sidecar-30-force-False (stdout, stderr, exit code, fs manifest/modes)
2026-10-04T04:30:17.7443516Z PASS repair-sidecar-30-force-True (stdout, stderr, exit code, fs manifest/modes)
2026-10-04T04:30:17.7444056Z PASS repair-sidecar-31-force-False (stdout, stderr, exit code, fs manifest/modes)
2026-10-04T04:30:17.7444608Z PASS repair-sidecar-31-force-True (stdout, stderr, exit code, fs manifest/modes)
2026-10-04T04:30:17.7445199Z PASS repair-sidecar-32-force-False (stdout, stderr, exit code, fs manifest/modes)
2026-10-04T04:30:17.7445872Z PASS repair-sidecar-32-force-True (stdout, stderr, exit code, fs manifest/modes)
2026-10-04T04:30:17.7446507Z PASS repair-sidecar-33-force-False (stdout, stderr, exit code, fs manifest/modes)
2026-10-04T04:30:17.7447172Z PASS repair-sidecar-33-force-True (stdout, stderr, exit code, fs manifest/modes)
2026-10-04T04:30:17.7447812Z PASS repair-sidecar-34-force-False (stdout, stderr, exit code, fs manifest/modes)
2026-10-04T04:30:17.7448422Z PASS repair-sidecar-34-force-True (stdout, stderr, exit code, fs manifest/modes)
2026-10-04T04:30:17.7449064Z PASS repair-sidecar-35-force-False (stdout, stderr, exit code, fs manifest/modes)
2026-10-04T04:30:17.7449695Z PASS repair-sidecar-35-force-True (stdout, stderr, exit code, fs manifest/modes)
2026-10-04T04:30:17.7461248Z PASS repair-sidecar-36-force-False (stdout, stderr, exit code, fs manifest/modes)
2026-10-04T04:30:17.7463338Z PASS repair-sidecar-36-force-True (stdout, stderr, exit code, fs manifest/modes)
2026-10-04T04:30:17.7464407Z PASS repair-sidecar-37-force-False (stdout, stderr, exit code, fs manifest/modes)
2026-10-04T04:30:17.7465374Z PASS repair-sidecar-37-force-True (stdout, stderr, exit code, fs manifest/modes)
2026-10-04T04:30:17.7466352Z PASS repair-sidecar-38-force-False (stdout, stderr, exit code, fs manifest/modes)
2026-10-04T04:30:17.7467291Z PASS repair-sidecar-38-force-True (stdout, stderr, exit code, fs manifest/modes)
2026-10-04T04:30:17.7468178Z PASS repair-bool-json-1 (stdout, stderr, exit code, fs manifest/modes)
2026-10-04T04:30:17.7469000Z PASS repair-bool-json-t (stdout, stderr, exit code, fs manifest/modes)
2026-10-04T04:30:17.7469810Z PASS repair-bool-json-T (stdout, stderr, exit code, fs manifest/modes)
2026-10-04T04:30:17.7470638Z PASS repair-bool-json-TRUE (stdout, stderr, exit code, fs manifest/modes)
2026-10-04T04:30:17.7471738Z PASS repair-bool-json-True (stdout, stderr, exit code, fs manifest/modes)
2026-10-04T04:30:17.7472263Z PASS repair-bool-json-true (stdout, stderr, exit code, fs manifest/modes)
2026-10-04T04:30:17.7473224Z PASS repair-bool-json-0 (stdout, stderr, exit code, fs manifest/modes)
2026-10-04T04:30:17.7473890Z PASS repair-bool-json-f (stdout, stderr, exit code, fs manifest/modes)
2026-10-04T04:30:17.7474365Z PASS repair-bool-json-F (stdout, stderr, exit code, fs manifest/modes)
2026-10-04T04:30:17.7474861Z PASS repair-bool-json-FALSE (stdout, stderr, exit code, fs manifest/modes)
2026-10-04T04:30:17.7475375Z PASS repair-bool-json-False (stdout, stderr, exit code, fs manifest/modes)
2026-10-04T04:30:17.7476060Z PASS repair-bool-json-false (stdout, stderr, exit code, fs manifest/modes)
2026-10-04T04:30:17.7476565Z PASS repair-bool-json- (stdout, stderr, exit code, fs manifest/modes)
2026-10-04T04:30:17.7477059Z PASS repair-bool-json-yes (stdout, stderr, exit code, fs manifest/modes)
2026-10-04T04:30:17.7477541Z PASS repair-bool-fix-1 (stdout, stderr, exit code, fs manifest/modes)
2026-10-04T04:31:11.9767290Z PASS repair-bool-fix-t (stdout, stderr, exit code, fs manifest/modes)
2026-10-04T04:31:11.9768232Z PASS repair-bool-fix-T (stdout, stderr, exit code, fs manifest/modes)
2026-10-04T04:31:11.9769093Z PASS repair-bool-fix-TRUE (stdout, stderr, exit code, fs manifest/modes)
2026-10-04T04:31:11.9769972Z PASS repair-bool-fix-True (stdout, stderr, exit code, fs manifest/modes)
2026-10-04T04:31:11.9771131Z PASS repair-bool-fix-true (stdout, stderr, exit code, fs manifest/modes)
2026-10-04T04:31:11.9772357Z PASS repair-bool-fix-0 (stdout, stderr, exit code, fs manifest/modes)
2026-10-04T04:31:11.9773255Z PASS repair-bool-fix-f (stdout, stderr, exit code, fs manifest/modes)
2026-10-04T04:31:11.9774100Z PASS repair-bool-fix-F (stdout, stderr, exit code, fs manifest/modes)
2026-10-04T04:31:11.9774983Z PASS repair-bool-fix-FALSE (stdout, stderr, exit code, fs manifest/modes)
2026-10-04T04:31:11.9775935Z PASS repair-bool-fix-False (stdout, stderr, exit code, fs manifest/modes)
2026-10-04T04:31:11.9776856Z PASS repair-bool-fix-false (stdout, stderr, exit code, fs manifest/modes)
2026-10-04T04:31:11.9777679Z PASS repair-bool-fix- (stdout, stderr, exit code, fs manifest/modes)
2026-10-04T04:31:11.9778444Z PASS repair-bool-fix-yes (stdout, stderr, exit code, fs manifest/modes)
2026-10-04T04:31:11.9779288Z PASS repair-bool-allow-unsigned-1 (stdout, stderr, exit code, fs manifest/modes)
2026-10-04T04:31:11.9780192Z PASS repair-bool-allow-unsigned-t (stdout, stderr, exit code, fs manifest/modes)
2026-10-04T04:31:11.9781200Z PASS repair-bool-allow-unsigned-T (stdout, stderr, exit code, fs manifest/modes)
2026-10-04T04:31:11.9782358Z PASS repair-bool-allow-unsigned-TRUE (stdout, stderr, exit code, fs manifest/modes)
2026-10-04T04:31:11.9783435Z PASS repair-bool-allow-unsigned-True (stdout, stderr, exit code, fs manifest/modes)
2026-10-04T04:31:11.9784769Z PASS repair-bool-allow-unsigned-true (stdout, stderr, exit code, fs manifest/modes)
2026-10-04T04:31:11.9785711Z PASS repair-bool-allow-unsigned-0 (stdout, stderr, exit code, fs manifest/modes)
2026-10-04T04:31:11.9786658Z PASS repair-bool-allow-unsigned-f (stdout, stderr, exit code, fs manifest/modes)
2026-10-04T04:31:11.9787574Z PASS repair-bool-allow-unsigned-F (stdout, stderr, exit code, fs manifest/modes)
2026-10-04T04:31:11.9788536Z PASS repair-bool-allow-unsigned-FALSE (stdout, stderr, exit code, fs manifest/modes)
2026-10-04T04:31:11.9789509Z PASS repair-bool-allow-unsigned-False (stdout, stderr, exit code, fs manifest/modes)
2026-10-04T04:31:11.9790471Z PASS repair-bool-allow-unsigned-false (stdout, stderr, exit code, fs manifest/modes)
2026-10-04T04:31:11.9791378Z PASS repair-bool-allow-unsigned- (stdout, stderr, exit code, fs manifest/modes)
2026-10-04T04:31:11.9792248Z PASS repair-bool-allow-unsigned-yes (stdout, stderr, exit code, fs manifest/modes)
2026-10-04T04:31:11.9793469Z PASS repair-bool-force-release-1 (stdout, stderr, exit code, fs manifest/modes)
2026-10-04T04:31:11.9794341Z PASS repair-bool-force-release-t (stdout, stderr, exit code, fs manifest/modes)
2026-10-04T04:31:11.9795184Z PASS repair-bool-force-release-T (stdout, stderr, exit code, fs manifest/modes)
2026-10-04T04:31:11.9796063Z PASS repair-bool-force-release-TRUE (stdout, stderr, exit code, fs manifest/modes)
2026-10-04T04:31:11.9796961Z PASS repair-bool-force-release-True (stdout, stderr, exit code, fs manifest/modes)
2026-10-04T04:31:11.9797847Z PASS repair-bool-force-release-true (stdout, stderr, exit code, fs manifest/modes)
2026-10-04T04:31:11.9798706Z PASS repair-bool-force-release-0 (stdout, stderr, exit code, fs manifest/modes)
2026-10-04T04:31:11.9799758Z PASS repair-bool-force-release-f (stdout, stderr, exit code, fs manifest/modes)
2026-10-04T04:31:11.9800623Z PASS repair-bool-force-release-F (stdout, stderr, exit code, fs manifest/modes)
2026-10-04T04:31:11.9801509Z PASS repair-bool-force-release-FALSE (stdout, stderr, exit code, fs manifest/modes)
2026-10-04T04:31:11.9802415Z PASS repair-bool-force-release-False (stdout, stderr, exit code, fs manifest/modes)
2026-10-04T04:31:11.9803281Z PASS repair-bool-force-release-false (stdout, stderr, exit code, fs manifest/modes)
2026-10-04T04:31:11.9804473Z PASS repair-bool-force-release- (stdout, stderr, exit code, fs manifest/modes)
2026-10-04T04:31:11.9805353Z PASS repair-bool-force-release-yes (stdout, stderr, exit code, fs manifest/modes)
2026-10-04T04:31:11.9806152Z PASS repair-source-human (stdout, stderr, exit code, fs manifest/modes)
2026-10-04T04:31:11.9806914Z PASS repair-module-config-0 (stdout, stderr, exit code, fs manifest/modes)
2026-10-04T04:31:11.9807759Z PASS repair-module-config-1 (stdout, stderr, exit code, fs manifest/modes)
2026-10-04T04:31:11.9808513Z PASS repair-module-config-2 (stdout, stderr, exit code, fs manifest/modes)
2026-10-04T04:31:11.9809245Z PASS repair-module-config-3 (stdout, stderr, exit code, fs manifest/modes)
2026-10-04T04:31:11.9810033Z PASS repair-module-config-4 (stdout, stderr, exit code, fs manifest/modes)
2026-10-04T04:31:11.9810903Z PASS repair-module-config-5 (stdout, stderr, exit code, fs manifest/modes)
2026-10-04T04:31:11.9811806Z PASS repair-module-config-6 (stdout, stderr, exit code, fs manifest/modes)
2026-10-04T04:31:11.9812668Z PASS managed-home-dot-False (stdout, stderr, exit code, fs manifest/modes)
2026-10-04T04:31:11.9813655Z PASS managed-home-parent-False (stdout, stderr, exit code, fs manifest/modes)
2026-10-04T04:31:11.9814568Z PASS managed-home-slash-False (stdout, stderr, exit code, fs manifest/modes)
2026-10-04T04:31:11.9815475Z PASS managed-file-bin-False (stdout, stderr, exit code, fs manifest/modes)
2026-10-04T04:31:11.9816367Z PASS managed-file-parent-False (stdout, stderr, exit code, fs manifest/modes)
2026-10-04T04:31:11.9817239Z PASS managed-home-dot-True (stdout, stderr, exit code, fs manifest/modes)
2026-10-04T04:31:11.9818137Z PASS managed-home-parent-True (stdout, stderr, exit code, fs manifest/modes)
2026-10-04T04:31:11.9818996Z PASS managed-home-slash-True (stdout, stderr, exit code, fs manifest/modes)
2026-10-04T04:31:11.9819855Z PASS managed-file-bin-True (stdout, stderr, exit code, fs manifest/modes)
2026-10-04T04:31:11.9820657Z PASS managed-file-parent-True (stdout, stderr, exit code, fs manifest/modes)
2026-10-04T04:31:11.9821835Z PASS json-escape-raw-False-fix-False-fault-None-lexical-False-json-False (stdout, stderr, exit code, fs manifest/modes)
2026-10-04T04:31:11.9823317Z PASS json-escape-raw-False-fix-False-fault-None-lexical-True-json-False (stdout, stderr, exit code, fs manifest/modes)
2026-10-04T04:31:11.9825148Z PASS json-escape-raw-False-fix-False-fault-bin-lexical-True-json-False (stdout, stderr, exit code, fs manifest/modes)
2026-10-04T04:31:11.9826722Z PASS json-escape-raw-False-fix-False-fault-parent-lexical-True-json-False (stdout, stderr, exit code, fs manifest/modes)
2026-10-04T04:31:11.9828103Z PASS json-escape-raw-False-fix-False-fault-None-lexical-False-json-True (stdout, stderr, exit code, fs manifest/modes)
2026-10-04T04:31:11.9829848Z PASS json-escape-raw-False-fix-False-fault-None-lexical-True-json-True (stdout, stderr, exit code, fs manifest/modes)
2026-10-04T04:31:11.9831336Z PASS json-escape-raw-False-fix-False-fault-bin-lexical-True-json-True (stdout, stderr, exit code, fs manifest/modes)
2026-10-04T04:31:11.9832923Z PASS json-escape-raw-False-fix-False-fault-parent-lexical-True-json-True (stdout, stderr, exit code, fs manifest/modes)
2026-10-04T04:31:11.9834508Z PASS json-escape-raw-False-fix-True-fault-None-lexical-False-json-False (stdout, stderr, exit code, fs manifest/modes)
2026-10-04T04:31:11.9837309Z PASS json-escape-raw-False-fix-True-fault-None-lexical-True-json-False (stdout, stderr, exit code, fs manifest/modes)
2026-10-04T04:31:11.9838965Z PASS json-escape-raw-False-fix-True-fault-bin-lexical-True-json-False (stdout, stderr, exit code, fs manifest/modes)
2026-10-04T04:31:11.9840595Z PASS json-escape-raw-False-fix-True-fault-parent-lexical-True-json-False (stdout, stderr, exit code, fs manifest/modes)
2026-10-04T04:31:11.9842204Z PASS json-escape-raw-False-fix-True-fault-None-lexical-False-json-True (stdout, stderr, exit code, fs manifest/modes)
2026-10-04T04:31:11.9843786Z PASS json-escape-raw-False-fix-True-fault-None-lexical-True-json-True (stdout, stderr, exit code, fs manifest/modes)
2026-10-04T04:31:11.9845763Z PASS json-escape-raw-False-fix-True-fault-bin-lexical-True-json-True (stdout, stderr, exit code, fs manifest/modes)
2026-10-04T04:31:11.9847426Z PASS json-escape-raw-False-fix-True-fault-parent-lexical-True-json-True (stdout, stderr, exit code, fs manifest/modes)
2026-10-04T04:31:11.9848452Z 177 parity cases passed
2026-10-04T04:31:12.0570985Z ##[group]Run actions/upload-artifact@043fb46d1a93c77aae656e7c1c64a875d1fc6a0a
2026-10-04T04:31:12.0571736Z with:
2026-10-04T04:31:12.0572071Z   name: setup-repair-parity-Windows
2026-10-04T04:31:12.0572569Z   path: D:\a\_temp/setup-repair-parity.json
2026-10-04T04:31:12.0573066Z   if-no-files-found: error
2026-10-04T04:31:12.0573447Z   retention-days: 14
2026-10-04T04:31:12.0573790Z   compression-level: 6
2026-10-04T04:31:12.0574135Z   overwrite: false
2026-10-04T04:31:12.0574472Z   include-hidden-files: false
2026-10-04T04:31:12.0574860Z   archive: true
2026-10-04T04:31:12.0575155Z env:
2026-10-04T04:31:12.0575441Z   GOTOOLCHAIN: local
2026-10-04T04:31:12.0575927Z   SYMBRAIN_XDG_ORACLE_FIXTURE: D:\a\_temp/xdg-oracle-windows.json
2026-10-04T04:31:12.0576777Z   SYMBRAIN_GUARD_DOCTOR_ORACLE_FIXTURE: D:\a\_temp/guard-doctor-oracle-windows.json
2026-10-04T04:31:12.0578110Z   SYMBRAIN_INSTRUCTIONS_ORACLE_FIXTURE: D:\a\_temp/instructions-oracle-windows.json
2026-10-04T04:31:12.0579092Z   SYMBRAIN_CLI_TREE_ORACLE_FIXTURE: D:\a\_temp/cli-tree-oracle-windows.json
2026-10-04T04:31:12.0580015Z   SYMBRAIN_ACTIVITY_CLI_ORACLE_FIXTURE: D:\a\_temp/activity-cli-oracle-windows.json
2026-10-04T04:31:12.0580996Z   SYMBRAIN_PROFILE_REMOVE_ORACLE_FIXTURE: D:\a\_temp/profile-remove-oracle-windows.json
2026-10-04T04:31:12.0581932Z   SYMBRAIN_SKILLS_ORACLE_FIXTURE: D:\a\_temp/skills-oracle-windows.json
2026-10-04T04:31:12.0582822Z   SYMBRAIN_SKILLS_INSTALL_ORACLE_FIXTURE: D:\a\_temp/skills-install-oracle-windows.json
2026-10-04T04:31:12.0583774Z   SYMBRAIN_GUARD_SCAN_ORACLE_FIXTURE: D:\a\_temp/guard-scan-oracle-windows.json
2026-10-04T04:31:12.0584443Z ##[endgroup]
2026-10-04T04:31:12.2680660Z With the provided path, there will be 1 file uploaded
2026-10-04T04:31:12.2686190Z Artifact name is valid!
2026-10-04T04:31:12.2688432Z Root directory input is valid!
2026-10-04T04:31:12.4912894Z Uploading artifact: setup-repair-parity-Windows.zip
2026-10-04T04:31:12.4962181Z Beginning upload of artifact content to blob storage
2026-10-04T04:31:12.5912451Z Uploaded bytes 48770
2026-10-04T04:31:12.6050225Z Finished uploading artifact content to blob storage!
2026-10-04T04:31:12.6051505Z SHA256 digest of uploaded artifact is 1b64aa5a6d9704f7003837f019ade854bda010e681fade79a8b96cf5cf38d774
2026-10-04T04:31:12.6052931Z Finalizing artifact upload
2026-10-04T04:31:12.8206757Z Artifact setup-repair-parity-Windows successfully finalized. Artifact ID 11293473696
2026-10-04T04:31:12.8208196Z Artifact setup-repair-parity-Windows has been successfully uploaded! Final size is 48770 bytes. Artifact ID is 11293473696
2026-10-04T04:31:12.8216588Z Artifact download URL: https://github.com/danieljustus/symaira-brain/actions/runs/37174759809/artifacts/11293473696
2026-10-04T04:31:12.8529997Z ##[group]Run scripts/doctor-repair-oracle/run.sh "$RUNNER_TEMP/doctor-repair-parity.json"
2026-10-04T04:31:12.8530750Z [36;1mscripts/doctor-repair-oracle/run.sh "$RUNNER_TEMP/doctor-repair-parity.json"[0m
2026-10-04T04:31:12.8546954Z shell: C:\Program Files\Git\bin\bash.EXE --noprofile --norc -e -o pipefail {0}
2026-10-04T04:31:12.8547367Z env:
2026-10-04T04:31:12.8547550Z   GOTOOLCHAIN: local
2026-10-04T04:31:12.8547876Z   SYMBRAIN_XDG_ORACLE_FIXTURE: D:\a\_temp/xdg-oracle-windows.json
2026-10-04T04:31:12.8548400Z   SYMBRAIN_GUARD_DOCTOR_ORACLE_FIXTURE: D:\a\_temp/guard-doctor-oracle-windows.json
2026-10-04T04:31:12.8549434Z   SYMBRAIN_INSTRUCTIONS_ORACLE_FIXTURE: D:\a\_temp/instructions-oracle-windows.json
2026-10-04T04:31:12.8549967Z   SYMBRAIN_CLI_TREE_ORACLE_FIXTURE: D:\a\_temp/cli-tree-oracle-windows.json
2026-10-04T04:31:12.8550489Z   SYMBRAIN_ACTIVITY_CLI_ORACLE_FIXTURE: D:\a\_temp/activity-cli-oracle-windows.json
2026-10-04T04:31:12.8551068Z   SYMBRAIN_PROFILE_REMOVE_ORACLE_FIXTURE: D:\a\_temp/profile-remove-oracle-windows.json
2026-10-04T04:31:12.8551608Z   SYMBRAIN_SKILLS_ORACLE_FIXTURE: D:\a\_temp/skills-oracle-windows.json
2026-10-04T04:31:12.8552138Z   SYMBRAIN_SKILLS_INSTALL_ORACLE_FIXTURE: D:\a\_temp/skills-install-oracle-windows.json
2026-10-04T04:31:12.8552694Z   SYMBRAIN_GUARD_SCAN_ORACLE_FIXTURE: D:\a\_temp/guard-scan-oracle-windows.json
2026-10-04T04:31:12.8553081Z ##[endgroup]
2026-10-04T04:31:21.5933571Z     Finished `dev` profile [unoptimized + debuginfo] target(s) in 0.38s
2026-10-04T04:33:50.4450464Z Doctor repair: 269/269 matched, 0 failures
2026-10-04T04:33:57.1253430Z FAIL correct ['exit']
2026-10-04T04:33:57.1254082Z Doctor repair: 0/1 matched, 1 failures
2026-10-04T04:34:04.0863769Z FAIL correct ['stdout_base64']
2026-10-04T04:34:04.0864298Z Doctor repair: 0/1 matched, 1 failures
2026-10-04T04:34:10.8813825Z FAIL correct ['logs']
2026-10-04T04:34:10.8814480Z Doctor repair: 0/1 matched, 1 failures
2026-10-04T04:34:11.0059917Z ##[group]Run actions/upload-artifact@043fb46d1a93c77aae656e7c1c64a875d1fc6a0a
2026-10-04T04:34:11.0060539Z with:
2026-10-04T04:34:11.0060909Z   name: doctor-repair-parity-Windows
2026-10-04T04:34:11.0072438Z   path: D:\a\_temp/doctor-repair-parity*.json
2026-10-04T04:34:11.0072850Z   if-no-files-found: error
2026-10-04T04:34:11.0073117Z   retention-days: 14
2026-10-04T04:34:11.0073391Z   compression-level: 6
2026-10-04T04:34:11.0073739Z   overwrite: false
2026-10-04T04:34:11.0074106Z   include-hidden-files: false
2026-10-04T04:34:11.0074533Z   archive: true
2026-10-04T04:34:11.0074833Z env:
2026-10-04T04:34:11.0075117Z   GOTOOLCHAIN: local
2026-10-04T04:34:11.0075623Z   SYMBRAIN_XDG_ORACLE_FIXTURE: D:\a\_temp/xdg-oracle-windows.json
2026-10-04T04:34:11.0076450Z   SYMBRAIN_GUARD_DOCTOR_ORACLE_FIXTURE: D:\a\_temp/guard-doctor-oracle-windows.json
2026-10-04T04:34:11.0077693Z   SYMBRAIN_INSTRUCTIONS_ORACLE_FIXTURE: D:\a\_temp/instructions-oracle-windows.json
2026-10-04T04:34:11.0078649Z   SYMBRAIN_CLI_TREE_ORACLE_FIXTURE: D:\a\_temp/cli-tree-oracle-windows.json
2026-10-04T04:34:11.0079532Z   SYMBRAIN_ACTIVITY_CLI_ORACLE_FIXTURE: D:\a\_temp/activity-cli-oracle-windows.json
2026-10-04T04:34:11.0080447Z   SYMBRAIN_PROFILE_REMOVE_ORACLE_FIXTURE: D:\a\_temp/profile-remove-oracle-windows.json
2026-10-04T04:34:11.0081340Z   SYMBRAIN_SKILLS_ORACLE_FIXTURE: D:\a\_temp/skills-oracle-windows.json
2026-10-04T04:34:11.0082226Z   SYMBRAIN_SKILLS_INSTALL_ORACLE_FIXTURE: D:\a\_temp/skills-install-oracle-windows.json
2026-10-04T04:34:11.0083459Z   SYMBRAIN_GUARD_SCAN_ORACLE_FIXTURE: D:\a\_temp/guard-scan-oracle-windows.json
2026-10-04T04:34:11.0084148Z ##[endgroup]
2026-10-04T04:34:12.4914111Z With the provided path, there will be 4 files uploaded
2026-10-04T04:34:12.4920769Z Artifact name is valid!
2026-10-04T04:34:12.4921937Z Root directory input is valid!
2026-10-04T04:34:12.8561384Z Uploading artifact: doctor-repair-parity-Windows.zip
2026-10-04T04:34:12.8608836Z Beginning upload of artifact content to blob storage
2026-10-04T04:34:13.4380863Z Uploaded bytes 235086
2026-10-04T04:34:13.4652190Z Finished uploading artifact content to blob storage!
2026-10-04T04:34:13.4654130Z SHA256 digest of uploaded artifact is 12ee598172b6ba6e54bf9b5182b04e3184363e96e9778d32d783b64f90572295
2026-10-04T04:34:13.4655673Z Finalizing artifact upload
2026-10-04T04:34:13.6597866Z Artifact doctor-repair-parity-Windows successfully finalized. Artifact ID 11293313066
2026-10-04T04:34:13.6599099Z Artifact doctor-repair-parity-Windows has been successfully uploaded! Final size is 235086 bytes. Artifact ID is 11293313066
2026-10-04T04:34:13.6606952Z Artifact download URL: https://github.com/danieljustus/symaira-brain/actions/runs/37174759809/artifacts/11293313066
2026-10-04T04:34:13.8203545Z ##[group]Run scripts/setup-source-oracle/run.sh "$RUNNER_TEMP/setup-source-parity.json"
2026-10-04T04:34:13.8204316Z [36;1mscripts/setup-source-oracle/run.sh "$RUNNER_TEMP/setup-source-parity.json"[0m
2026-10-04T04:34:13.8221105Z shell: C:\Program Files\Git\bin\bash.EXE --noprofile --norc -e -o pipefail {0}
2026-10-04T04:34:13.8221535Z env:
2026-10-04T04:34:13.8221739Z   GOTOOLCHAIN: local
2026-10-04T04:34:13.8222073Z   SYMBRAIN_XDG_ORACLE_FIXTURE: D:\a\_temp/xdg-oracle-windows.json
2026-10-04T04:34:13.8222594Z   SYMBRAIN_GUARD_DOCTOR_ORACLE_FIXTURE: D:\a\_temp/guard-doctor-oracle-windows.json
2026-10-04T04:34:13.8223165Z   SYMBRAIN_INSTRUCTIONS_ORACLE_FIXTURE: D:\a\_temp/instructions-oracle-windows.json
2026-10-04T04:34:13.8223715Z   SYMBRAIN_CLI_TREE_ORACLE_FIXTURE: D:\a\_temp/cli-tree-oracle-windows.json
2026-10-04T04:34:13.8224249Z   SYMBRAIN_ACTIVITY_CLI_ORACLE_FIXTURE: D:\a\_temp/activity-cli-oracle-windows.json
2026-10-04T04:34:13.8224858Z   SYMBRAIN_PROFILE_REMOVE_ORACLE_FIXTURE: D:\a\_temp/profile-remove-oracle-windows.json
2026-10-04T04:34:13.8225859Z   SYMBRAIN_SKILLS_ORACLE_FIXTURE: D:\a\_temp/skills-oracle-windows.json
2026-10-04T04:34:13.8226398Z   SYMBRAIN_SKILLS_INSTALL_ORACLE_FIXTURE: D:\a\_temp/skills-install-oracle-windows.json
2026-10-04T04:34:13.8226965Z   SYMBRAIN_GUARD_SCAN_ORACLE_FIXTURE: D:\a\_temp/guard-scan-oracle-windows.json
2026-10-04T04:34:13.8227366Z ##[endgroup]
2026-10-04T04:34:22.7455008Z     Finished `dev` profile [unoptimized + debuginfo] target(s) in 0.50s
2026-10-04T04:34:49.3253433Z Traceback (most recent call last):
2026-10-04T04:34:49.3254752Z   File "D:\a\symaira-brain\symaira-brain\scripts\setup-source-oracle\replay.py", line 311, in <module>
2026-10-04T04:34:49.3257229Z     if __name__=="__main__":raise SystemExit(main())
2026-10-04T04:34:49.3262203Z                                              ^^^^^^
2026-10-04T04:34:49.3263313Z   File "D:\a\symaira-brain\symaira-brain\scripts\setup-source-oracle\replay.py", line 299, in main
2026-10-04T04:34:49.3264817Z     item[label]=observe(binary,case,Path(fixture),go,tool,(rust,control) if label=="rust" and control else None)
2026-10-04T04:34:49.3266458Z                 ^^^^^^^^^^^^^^^^^^^^^^^^^^^^^^^^^^^^^^^^^^^^^^^^^^^^^^^^^^^^^^^^^^^^^^^^^^^^^^^^^^^^^^^^^^^^^^^^
2026-10-04T04:34:49.3267615Z   File "D:\a\symaira-brain\symaira-brain\scripts\setup-source-oracle\replay.py", line 257, in observe
2026-10-04T04:34:49.3269232Z     proc=subprocess.run([str(binary),*args],cwd=env["PROJECT"],env=env,capture_output=True,timeout=25);ended=time.time()
2026-10-04T04:34:49.3270905Z          ^^^^^^^^^^^^^^^^^^^^^^^^^^^^^^^^^^^^^^^^^^^^^^^^^^^^^^^^^^^^^^^^^^^^^^^^^^^^^^^^^^^^^^^^^^^^^
2026-10-04T04:34:49.3271972Z   File "C:\hostedtoolcache\windows\Python\3.12.10\x64\Lib\subprocess.py", line 550, in run
2026-10-04T04:34:49.3422100Z     stdout, stderr = process.communicate(input, timeout=timeout)
2026-10-04T04:34:49.3423329Z                      ^^^^^^^^^^^^^^^^^^^^^^^^^^^^^^^^^^^^^^^^^^^
2026-10-04T04:34:49.3424473Z   File "C:\hostedtoolcache\windows\Python\3.12.10\x64\Lib\subprocess.py", line 1209, in communicate
2026-10-04T04:34:49.3432880Z     stdout, stderr = self._communicate(input, endtime, timeout)
2026-10-04T04:34:49.3434548Z                      ^^^^^^^^^^^^^^^^^^^^^^^^^^^^^^^^^^^^^^^^^^
2026-10-04T04:34:49.3435656Z   File "C:\hostedtoolcache\windows\Python\3.12.10\x64\Lib\subprocess.py", line 1630, in _communicate
2026-10-04T04:34:49.3442838Z     raise TimeoutExpired(self.args, orig_timeout)
2026-10-04T04:34:49.3445094Z subprocess.TimeoutExpired: Command '['D:\\a\\symaira-brain\\symaira-brain\\target\\debug\\symbrain.exe', 'setup', '--from-source', 'C:\\Users\\RUNNER~1\\AppData\\Local\\Temp\\setup-source-case-_chyb37z\\receiving sources', '--modules', 'browse', '--json']' timed out after 25 seconds
2026-10-04T04:34:49.3938415Z ##[error]Process completed with exit code 1.
2026-10-04T04:34:49.4179624Z ##[group]Run actions/upload-artifact@043fb46d1a93c77aae656e7c1c64a875d1fc6a0a
2026-10-04T04:34:49.4180631Z with:
2026-10-04T04:34:49.4180878Z   name: setup-source-parity-Windows
2026-10-04T04:34:49.4181212Z   path: D:\a\_temp/setup-source-parity*.json
2026-10-04T04:34:49.4181516Z   if-no-files-found: error
2026-10-04T04:34:49.4181758Z   retention-days: 14
2026-10-04T04:34:49.4181982Z   compression-level: 6
2026-10-04T04:34:49.4182223Z   overwrite: false
2026-10-04T04:34:49.4182444Z   include-hidden-files: false
2026-10-04T04:34:49.4182685Z   archive: true
2026-10-04T04:34:49.4182880Z env:
2026-10-04T04:34:49.4183065Z   GOTOOLCHAIN: local
2026-10-04T04:34:49.4183369Z   SYMBRAIN_XDG_ORACLE_FIXTURE: D:\a\_temp/xdg-oracle-windows.json
2026-10-04T04:34:49.4183882Z   SYMBRAIN_GUARD_DOCTOR_ORACLE_FIXTURE: D:\a\_temp/guard-doctor-oracle-windows.json
2026-10-04T04:34:49.4184476Z   SYMBRAIN_INSTRUCTIONS_ORACLE_FIXTURE: D:\a\_temp/instructions-oracle-windows.json
2026-10-04T04:34:49.4185054Z   SYMBRAIN_CLI_TREE_ORACLE_FIXTURE: D:\a\_temp/cli-tree-oracle-windows.json
2026-10-04T04:34:49.4185595Z   SYMBRAIN_ACTIVITY_CLI_ORACLE_FIXTURE: D:\a\_temp/activity-cli-oracle-windows.json
2026-10-04T04:34:49.4186168Z   SYMBRAIN_PROFILE_REMOVE_ORACLE_FIXTURE: D:\a\_temp/profile-remove-oracle-windows.json
2026-10-04T04:34:49.4186720Z   SYMBRAIN_SKILLS_ORACLE_FIXTURE: D:\a\_temp/skills-oracle-windows.json
2026-10-04T04:34:49.4187259Z   SYMBRAIN_SKILLS_INSTALL_ORACLE_FIXTURE: D:\a\_temp/skills-install-oracle-windows.json
2026-10-04T04:34:49.4187824Z   SYMBRAIN_GUARD_SCAN_ORACLE_FIXTURE: D:\a\_temp/guard-scan-oracle-windows.json
2026-10-04T04:34:49.4188226Z ##[endgroup]
2026-10-04T04:34:49.6210075Z ##[error]No files were found with the provided path: D:\a\_temp/setup-source-parity*.json. No artifacts will be uploaded.
2026-10-04T04:34:49.6518420Z ##[group]Run actions/upload-artifact@043fb46d1a93c77aae656e7c1c64a875d1fc6a0a
2026-10-04T04:34:49.6519067Z with:
2026-10-04T04:34:49.6519351Z   name: usage-fetch-620-Windows
2026-10-04T04:34:49.6519727Z   path: D:\a\_temp/usage-fetch-620.json
2026-10-04T04:34:49.6520110Z   if-no-files-found: error
2026-10-04T04:34:49.6520440Z   retention-days: 14
2026-10-04T04:34:49.6520750Z   compression-level: 6
2026-10-04T04:34:49.6521041Z   overwrite: false
2026-10-04T04:34:49.6521363Z   include-hidden-files: false
2026-10-04T04:34:49.6521659Z   archive: true
2026-10-04T04:34:49.6521942Z env:
2026-10-04T04:34:49.6522221Z   GOTOOLCHAIN: local
2026-10-04T04:34:49.6522619Z   SYMBRAIN_XDG_ORACLE_FIXTURE: D:\a\_temp/xdg-oracle-windows.json
2026-10-04T04:34:49.6523224Z   SYMBRAIN_GUARD_DOCTOR_ORACLE_FIXTURE: D:\a\_temp/guard-doctor-oracle-windows.json
2026-10-04T04:34:49.6523884Z   SYMBRAIN_INSTRUCTIONS_ORACLE_FIXTURE: D:\a\_temp/instructions-oracle-windows.json
2026-10-04T04:34:49.6524587Z   SYMBRAIN_CLI_TREE_ORACLE_FIXTURE: D:\a\_temp/cli-tree-oracle-windows.json
2026-10-04T04:34:49.6525406Z   SYMBRAIN_ACTIVITY_CLI_ORACLE_FIXTURE: D:\a\_temp/activity-cli-oracle-windows.json
2026-10-04T04:34:49.6526017Z   SYMBRAIN_PROFILE_REMOVE_ORACLE_FIXTURE: D:\a\_temp/profile-remove-oracle-windows.json
2026-10-04T04:34:49.6526657Z   SYMBRAIN_SKILLS_ORACLE_FIXTURE: D:\a\_temp/skills-oracle-windows.json
2026-10-04T04:34:49.6527280Z   SYMBRAIN_SKILLS_INSTALL_ORACLE_FIXTURE: D:\a\_temp/skills-install-oracle-windows.json
2026-10-04T04:34:49.6527931Z   SYMBRAIN_GUARD_SCAN_ORACLE_FIXTURE: D:\a\_temp/guard-scan-oracle-windows.json
2026-10-04T04:34:49.6528387Z ##[endgroup]
2026-10-04T04:34:49.8699564Z ##[error]No files were found with the provided path: D:\a\_temp/usage-fetch-620.json. No artifacts will be uploaded.
2026-10-04T04:34:49.9060982Z ##[group]Run actions/upload-artifact@043fb46d1a93c77aae656e7c1c64a875d1fc6a0a
2026-10-04T04:34:49.9061780Z with:
2026-10-04T04:34:49.9062138Z   name: vault-admin-parity-Windows
2026-10-04T04:34:49.9062670Z   path: D:\a\_temp/vault-admin-parity.json
2026-10-04T04:34:49.9063163Z   if-no-files-found: error
2026-10-04T04:34:49.9063548Z   retention-days: 7
2026-10-04T04:34:49.9063900Z   compression-level: 6
2026-10-04T04:34:49.9064266Z   overwrite: false
2026-10-04T04:34:49.9064626Z   include-hidden-files: false
2026-10-04T04:34:49.9064877Z   archive: true
2026-10-04T04:34:49.9065077Z env:
2026-10-04T04:34:49.9065276Z   GOTOOLCHAIN: local
2026-10-04T04:34:49.9065658Z   SYMBRAIN_XDG_ORACLE_FIXTURE: D:\a\_temp/xdg-oracle-windows.json
2026-10-04T04:34:49.9066182Z   SYMBRAIN_GUARD_DOCTOR_ORACLE_FIXTURE: D:\a\_temp/guard-doctor-oracle-windows.json
2026-10-04T04:34:49.9066773Z   SYMBRAIN_INSTRUCTIONS_ORACLE_FIXTURE: D:\a\_temp/instructions-oracle-windows.json
2026-10-04T04:34:49.9067337Z   SYMBRAIN_CLI_TREE_ORACLE_FIXTURE: D:\a\_temp/cli-tree-oracle-windows.json
2026-10-04T04:34:49.9068124Z   SYMBRAIN_ACTIVITY_CLI_ORACLE_FIXTURE: D:\a\_temp/activity-cli-oracle-windows.json
2026-10-04T04:34:49.9069231Z   SYMBRAIN_PROFILE_REMOVE_ORACLE_FIXTURE: D:\a\_temp/profile-remove-oracle-windows.json
2026-10-04T04:34:49.9070216Z   SYMBRAIN_SKILLS_ORACLE_FIXTURE: D:\a\_temp/skills-oracle-windows.json
2026-10-04T04:34:49.9071197Z   SYMBRAIN_SKILLS_INSTALL_ORACLE_FIXTURE: D:\a\_temp/skills-install-oracle-windows.json
2026-10-04T04:34:49.9072255Z   SYMBRAIN_GUARD_SCAN_ORACLE_FIXTURE: D:\a\_temp/guard-scan-oracle-windows.json
2026-10-04T04:34:49.9072987Z ##[endgroup]
2026-10-04T04:34:50.1012772Z ##[error]No files were found with the provided path: D:\a\_temp/vault-admin-parity.json. No artifacts will be uploaded.
2026-10-04T04:34:50.1601103Z Post job cleanup.
2026-10-04T04:34:50.4047797Z [command]"C:\Program Files\Git\bin\git.exe" version
2026-10-04T04:34:50.4436267Z git version 2.55.0.windows.5
2026-10-04T04:34:50.4536810Z Temporarily overriding HOME='D:\a\_temp\f836c328-4be0-4ceb-9cc1-48334310373c' before making global git config changes
2026-10-04T04:34:50.4538825Z Adding repository directory to the temporary git global config as a safe directory
2026-10-04T04:34:50.4552532Z [command]"C:\Program Files\Git\bin\git.exe" config --global --add safe.directory D:\a\symaira-brain\symaira-brain
2026-10-04T04:34:50.4878544Z Removing SSH command configuration
2026-10-04T04:34:50.4891575Z [command]"C:\Program Files\Git\bin\git.exe" config --local --name-only --get-regexp core\.sshCommand
2026-10-04T04:34:50.5256677Z [command]"C:\Program Files\Git\bin\git.exe" submodule foreach --recursive "sh -c \"git config --local --name-only --get-regexp 'core\.sshCommand' && git config --local --unset-all 'core.sshCommand' || :\""
2026-10-04T04:34:51.1583479Z Removing HTTP extra header
2026-10-04T04:34:51.1594422Z [command]"C:\Program Files\Git\bin\git.exe" config --local --name-only --get-regexp http\.https\:\/\/github\.com\/\.extraheader
2026-10-04T04:34:51.1914148Z [command]"C:\Program Files\Git\bin\git.exe" submodule foreach --recursive "sh -c \"git config --local --name-only --get-regexp 'http\.https\:\/\/github\.com\/\.extraheader' && git config --local --unset-all 'http.https://github.com/.extraheader' || :\""
2026-10-04T04:34:51.7810555Z Removing includeIf entries pointing to credentials config files
2026-10-04T04:34:51.7834215Z [command]"C:\Program Files\Git\bin\git.exe" config --local --name-only --get-regexp ^includeIf\.gitdir:
2026-10-04T04:34:51.8171311Z includeif.gitdir:D:/a/symaira-brain/symaira-brain/.git.path
2026-10-04T04:34:51.8172234Z includeif.gitdir:D:/a/symaira-brain/symaira-brain/.git/worktrees/*.path
2026-10-04T04:34:51.8172701Z includeif.gitdir:/github/workspace/.git.path
2026-10-04T04:34:51.8173131Z includeif.gitdir:/github/workspace/.git/worktrees/*.path
2026-10-04T04:34:51.8221043Z [command]"C:\Program Files\Git\bin\git.exe" config --local --get-all includeif.gitdir:D:/a/symaira-brain/symaira-brain/.git.path
2026-10-04T04:34:51.8497973Z D:\a\_temp\git-credentials-2ad47b06-da24-4d53-ae7b-3172ec7f1b8d.config
2026-10-04T04:34:51.8541443Z [command]"C:\Program Files\Git\bin\git.exe" config --local --unset includeif.gitdir:D:/a/symaira-brain/symaira-brain/.git.path D\:\\a\\_temp\\git\-credentials\-2ad47b06\-da24\-4d53\-ae7b\-3172ec7f1b8d\.config
2026-10-04T04:34:51.8868464Z [command]"C:\Program Files\Git\bin\git.exe" config --local --get-all includeif.gitdir:D:/a/symaira-brain/symaira-brain/.git/worktrees/*.path
2026-10-04T04:34:51.9142514Z D:\a\_temp\git-credentials-2ad47b06-da24-4d53-ae7b-3172ec7f1b8d.config
2026-10-04T04:34:51.9189735Z [command]"C:\Program Files\Git\bin\git.exe" config --local --unset includeif.gitdir:D:/a/symaira-brain/symaira-brain/.git/worktrees/*.path D\:\\a\\_temp\\git\-credentials\-2ad47b06\-da24\-4d53\-ae7b\-3172ec7f1b8d\.config
2026-10-04T04:34:51.9502959Z [command]"C:\Program Files\Git\bin\git.exe" config --local --get-all includeif.gitdir:/github/workspace/.git.path
2026-10-04T04:34:51.9763901Z /github/runner_temp/git-credentials-2ad47b06-da24-4d53-ae7b-3172ec7f1b8d.config
2026-10-04T04:34:51.9807595Z [command]"C:\Program Files\Git\bin\git.exe" config --local --unset includeif.gitdir:/github/workspace/.git.path \/github\/runner_temp\/git\-credentials\-2ad47b06\-da24\-4d53\-ae7b\-3172ec7f1b8d\.config
2026-10-04T04:34:52.0131915Z [command]"C:\Program Files\Git\bin\git.exe" config --local --get-all includeif.gitdir:/github/workspace/.git/worktrees/*.path
2026-10-04T04:34:52.0388230Z /github/runner_temp/git-credentials-2ad47b06-da24-4d53-ae7b-3172ec7f1b8d.config
2026-10-04T04:34:52.0484171Z [command]"C:\Program Files\Git\bin\git.exe" config --local --unset includeif.gitdir:/github/workspace/.git/worktrees/*.path \/github\/runner_temp\/git\-credentials\-2ad47b06\-da24\-4d53\-ae7b\-3172ec7f1b8d\.config
2026-10-04T04:34:52.0799227Z [command]"C:\Program Files\Git\bin\git.exe" submodule foreach --recursive "git config --local --show-origin --name-only --get-regexp remote.origin.url"
2026-10-04T04:34:52.6991388Z Removing credentials config 'D:\a\_temp\git-credentials-2ad47b06-da24-4d53-ae7b-3172ec7f1b8d.config'
2026-10-04T04:34:52.7237171Z Cleaning up orphan processes
2026-10-04T04:34:52.9421427Z Terminate orphan process: pid (3548) (vctip)
