2026-10-04T04:09:41.6966287Z Current runner version: '2.337.0'
2026-10-04T04:09:41.6992091Z ##[group]Runner Image Provisioner
2026-10-04T04:09:41.6993048Z Hosted Compute Agent
2026-10-04T04:09:41.6993650Z Version: 20260901.588
2026-10-04T04:09:41.6994309Z Commit: f88ec8081b781fac6c440065ac7ff9e710ce3d0b
2026-10-04T04:09:41.6995104Z Build Date: 2026-09-01T19:56:44Z
2026-10-04T04:09:41.6995781Z Worker ID: {1bdb7d83-e7aa-46c5-92fb-0ae9fa5d1f6c}
2026-10-04T04:09:41.6996548Z Azure Region: northcentralus
2026-10-04T04:09:41.6997325Z ##[endgroup]
2026-10-04T04:09:41.6999009Z ##[group]Operating System
2026-10-04T04:09:41.6999763Z Ubuntu
2026-10-04T04:09:41.7000331Z 24.04.5
2026-10-04T04:09:41.7000883Z LTS
2026-10-04T04:09:41.7001424Z ##[endgroup]
2026-10-04T04:09:41.7002008Z ##[group]Runner Image
2026-10-04T04:09:41.7002659Z Image: ubuntu-24.04
2026-10-04T04:09:41.7003228Z Version: 20260927.320.1
2026-10-04T04:09:41.7004548Z Included Software: https://github.com/actions/runner-images/blob/ubuntu24/20260927.320/images/ubuntu/Ubuntu2404-Readme.md
2026-10-04T04:09:41.7006190Z Image Release: https://github.com/actions/runner-images/releases/tag/ubuntu24%2F20260927.320
2026-10-04T04:09:41.7007236Z ##[endgroup]
2026-10-04T04:09:41.7008344Z ##[group]GITHUB_TOKEN Permissions
2026-10-04T04:09:41.7010686Z Contents: read
2026-10-04T04:09:41.7011352Z Metadata: read
2026-10-04T04:09:41.7011902Z ##[endgroup]
2026-10-04T04:09:41.7014100Z Secret source: Actions
2026-10-04T04:09:41.7015112Z Cache mode: write
2026-10-04T04:09:41.7015987Z Prepare workflow directory
2026-10-04T04:09:41.7361708Z Prepare all required actions
2026-10-04T04:09:41.7410474Z Getting action download info
2026-10-04T04:09:42.0174926Z Download action repository 'actions/checkout@3d3c42e5aac5ba805825da76410c181273ba90b1' (SHA:3d3c42e5aac5ba805825da76410c181273ba90b1)
2026-10-04T04:09:42.1530848Z Download action repository 'actions/setup-go@b7ad1dad31e06c5925ef5d2fc7ad053ef454303e' (SHA:b7ad1dad31e06c5925ef5d2fc7ad053ef454303e)
2026-10-04T04:09:42.4975099Z Download action repository 'actions/cache@55cc8345863c7cc4c66a329aec7e433d2d1c52a9' (SHA:55cc8345863c7cc4c66a329aec7e433d2d1c52a9)
2026-10-04T04:09:42.6055049Z Download action repository 'actions/upload-artifact@043fb46d1a93c77aae656e7c1c64a875d1fc6a0a' (SHA:043fb46d1a93c77aae656e7c1c64a875d1fc6a0a)
2026-10-04T04:09:42.8439212Z Complete job name: rust-migration
2026-10-04T04:09:42.9443012Z ##[group]Run actions/checkout@3d3c42e5aac5ba805825da76410c181273ba90b1
2026-10-04T04:09:42.9444183Z with:
2026-10-04T04:09:42.9444626Z   fetch-depth: 0
2026-10-04T04:09:42.9445140Z   repository: danieljustus/symaira-brain
2026-10-04T04:09:42.9450212Z   token: ***
2026-10-04T04:09:42.9450682Z   ssh-strict: true
2026-10-04T04:09:42.9451178Z   ssh-user: git
2026-10-04T04:09:42.9451649Z   persist-credentials: true
2026-10-04T04:09:42.9452174Z   clean: true
2026-10-04T04:09:42.9452640Z   sparse-checkout-cone-mode: true
2026-10-04T04:09:42.9453211Z   fetch-tags: false
2026-10-04T04:09:42.9453679Z   show-progress: true
2026-10-04T04:09:42.9454171Z   lfs: false
2026-10-04T04:09:42.9454628Z   submodules: false
2026-10-04T04:09:42.9455109Z   set-safe-directory: true
2026-10-04T04:09:42.9455652Z   allow-unsafe-pr-checkout: false
2026-10-04T04:09:42.9456495Z ##[endgroup]
2026-10-04T04:09:43.0476442Z Syncing repository: danieljustus/symaira-brain
2026-10-04T04:09:43.0479631Z ##[group]Getting Git version info
2026-10-04T04:09:43.0481070Z Working directory is '/home/runner/work/symaira-brain/symaira-brain'
2026-10-04T04:09:43.0483109Z [command]/usr/bin/git version
2026-10-04T04:09:43.0541529Z git version 2.55.0
2026-10-04T04:09:43.0595899Z ##[endgroup]
2026-10-04T04:09:43.0609803Z Temporarily overriding HOME='/home/runner/work/_temp/ac950ea1-0319-4467-abeb-35d116658dd8' before making global git config changes
2026-10-04T04:09:43.0613566Z Adding repository directory to the temporary git global config as a safe directory
2026-10-04T04:09:43.0616869Z [command]/usr/bin/git config --global --add safe.directory /home/runner/work/symaira-brain/symaira-brain
2026-10-04T04:09:43.0666626Z Deleting the contents of '/home/runner/work/symaira-brain/symaira-brain'
2026-10-04T04:09:43.0672478Z ##[group]Determining repository object format
2026-10-04T04:09:43.0674885Z ##[endgroup]
2026-10-04T04:09:43.0676695Z ##[group]Initializing the repository
2026-10-04T04:09:43.0680329Z [command]/usr/bin/git init /home/runner/work/symaira-brain/symaira-brain
2026-10-04T04:09:43.0821241Z hint: Using 'master' as the name for the initial branch. This default branch name
2026-10-04T04:09:43.0823376Z hint: will change to "main" in Git 3.0. To configure the initial branch name
2026-10-04T04:09:43.0824869Z hint: to use in all of your new repositories, which will suppress this warning,
2026-10-04T04:09:43.0825832Z hint: call:
2026-10-04T04:09:43.0826274Z hint:
2026-10-04T04:09:43.0826863Z hint: 	git config --global init.defaultBranch <name>
2026-10-04T04:09:43.0827588Z hint:
2026-10-04T04:09:43.0828260Z hint: Names commonly chosen instead of 'master' are 'main', 'trunk' and
2026-10-04T04:09:43.0829739Z hint: 'development'. The just-created branch can be renamed via this command:
2026-10-04T04:09:43.0830704Z hint:
2026-10-04T04:09:43.0831169Z hint: 	git branch -m <name>
2026-10-04T04:09:43.0831717Z hint:
2026-10-04T04:09:43.0832477Z hint: Disable this message with "git config set advice.defaultBranchName false"
2026-10-04T04:09:43.0839007Z Initialized empty Git repository in /home/runner/work/symaira-brain/symaira-brain/.git/
2026-10-04T04:09:43.0860455Z [command]/usr/bin/git remote add origin https://github.com/danieljustus/symaira-brain
2026-10-04T04:09:43.0909010Z ##[endgroup]
2026-10-04T04:09:43.0910323Z ##[group]Disabling automatic garbage collection
2026-10-04T04:09:43.0912329Z [command]/usr/bin/git config --local gc.auto 0
2026-10-04T04:09:43.0946401Z ##[endgroup]
2026-10-04T04:09:43.0947711Z ##[group]Setting up auth
2026-10-04T04:09:43.0949210Z Removing SSH command configuration
2026-10-04T04:09:43.0952197Z [command]/usr/bin/git config --local --name-only --get-regexp core\.sshCommand
2026-10-04T04:09:43.0992998Z [command]/usr/bin/git submodule foreach --recursive sh -c "git config --local --name-only --get-regexp 'core\.sshCommand' && git config --local --unset-all 'core.sshCommand' || :"
2026-10-04T04:09:43.1357609Z Removing HTTP extra header
2026-10-04T04:09:43.1359723Z [command]/usr/bin/git config --local --name-only --get-regexp http\.https\:\/\/github\.com\/\.extraheader
2026-10-04T04:09:43.1394854Z [command]/usr/bin/git submodule foreach --recursive sh -c "git config --local --name-only --get-regexp 'http\.https\:\/\/github\.com\/\.extraheader' && git config --local --unset-all 'http.https://github.com/.extraheader' || :"
2026-10-04T04:09:43.1614680Z Removing includeIf entries pointing to credentials config files
2026-10-04T04:09:43.1619285Z [command]/usr/bin/git config --local --name-only --get-regexp ^includeIf\.gitdir:
2026-10-04T04:09:43.1654349Z [command]/usr/bin/git submodule foreach --recursive git config --local --show-origin --name-only --get-regexp remote.origin.url
2026-10-04T04:09:43.1884369Z [command]/usr/bin/git config --file /home/runner/work/_temp/git-credentials-69e1ecf0-9dce-47c6-8e93-6a2a64ddfd74.config http.https://github.com/.extraheader AUTHORIZATION: basic ***
2026-10-04T04:09:43.1924277Z [command]/usr/bin/git config --local includeIf.gitdir:/home/runner/work/symaira-brain/symaira-brain/.git.path /home/runner/work/_temp/git-credentials-69e1ecf0-9dce-47c6-8e93-6a2a64ddfd74.config
2026-10-04T04:09:43.1959178Z [command]/usr/bin/git config --local includeIf.gitdir:/home/runner/work/symaira-brain/symaira-brain/.git/worktrees/*.path /home/runner/work/_temp/git-credentials-69e1ecf0-9dce-47c6-8e93-6a2a64ddfd74.config
2026-10-04T04:09:43.1999031Z [command]/usr/bin/git config --local includeIf.gitdir:/github/workspace/.git.path /github/runner_temp/git-credentials-69e1ecf0-9dce-47c6-8e93-6a2a64ddfd74.config
2026-10-04T04:09:43.2035426Z [command]/usr/bin/git config --local includeIf.gitdir:/github/workspace/.git/worktrees/*.path /github/runner_temp/git-credentials-69e1ecf0-9dce-47c6-8e93-6a2a64ddfd74.config
2026-10-04T04:09:43.2067172Z ##[endgroup]
2026-10-04T04:09:43.2067978Z ##[group]Fetching the repository
2026-10-04T04:09:43.2074920Z [command]/usr/bin/git -c protocol.version=2 fetch --no-tags --prune --no-recurse-submodules origin +refs/heads/*:refs/remotes/origin/* +refs/tags/*:refs/tags/* +92d0b1697144e77f4a2feeec8ddee3881ba3b591:refs/remotes/pull/806/merge
2026-10-04T04:09:46.3560674Z From https://github.com/danieljustus/symaira-brain
2026-10-04T04:09:46.3561956Z  * [new branch]        agent/skills-preflight-793               -> origin/agent/skills-preflight-793
2026-10-04T04:09:46.3563357Z  * [new branch]        codex/browse-batch-mcp-profiles-20260926 -> origin/codex/browse-batch-mcp-profiles-20260926
2026-10-04T04:09:46.3564773Z  * [new branch]        codex/browse-cli-parity-proof-20260927   -> origin/codex/browse-cli-parity-proof-20260927
2026-10-04T04:09:46.3566211Z  * [new branch]        codex/browse-cli-runtime-20260926        -> origin/codex/browse-cli-runtime-20260926
2026-10-04T04:09:46.3567701Z  * [new branch]        codex/browse-native-daemon-gate-20260924 -> origin/codex/browse-native-daemon-gate-20260924
2026-10-04T04:09:46.3569637Z  * [new branch]        codex/browse-perf003-win-timeout-20260926 -> origin/codex/browse-perf003-win-timeout-20260926
2026-10-04T04:09:46.3571166Z  * [new branch]        codex/browse-upgrade-check-native-20260927 -> origin/codex/browse-upgrade-check-native-20260927
2026-10-04T04:09:46.3572464Z  * [new branch]        coverage-data                            -> origin/coverage-data
2026-10-04T04:09:46.3573629Z  * [new branch]        handoff/20261003-skills-457-partial      -> origin/handoff/20261003-skills-457-partial
2026-10-04T04:09:46.3574448Z  * [new branch]        handoff/20261003-skills-457-worker       -> origin/handoff/20261003-skills-457-worker
2026-10-04T04:09:46.3575248Z  * [new branch]        handoff/20261003-skills-476-interrupted  -> origin/handoff/20261003-skills-476-interrupted
2026-10-04T04:09:46.3576028Z  * [new branch]        issue/621-skills-render-drift            -> origin/issue/621-skills-render-drift
2026-10-04T04:09:46.3576757Z  * [new branch]        issue/649-native-doctor-schema           -> origin/issue/649-native-doctor-schema
2026-10-04T04:09:46.3577528Z  * [new branch]        issue/730-release-verification           -> origin/issue/730-release-verification
2026-10-04T04:09:46.3578938Z  * [new branch]        issue/758-native-memory-store            -> origin/issue/758-native-memory-store
2026-10-04T04:09:46.3579877Z  * [new branch]        issue/759-native-memory-mcp              -> origin/issue/759-native-memory-mcp
2026-10-04T04:09:46.3580661Z  * [new branch]        issue/763-native-memory-http-reviewed    -> origin/issue/763-native-memory-http-reviewed
2026-10-04T04:09:46.3581424Z  * [new branch]        issue/765-native-doctor-fix              -> origin/issue/765-native-doctor-fix
2026-10-04T04:09:46.3582156Z  * [new branch]        issue/768-native-credential-usage        -> origin/issue/768-native-credential-usage
2026-10-04T04:09:46.3582893Z  * [new branch]        issue/770-standalone-rust-guard          -> origin/issue/770-standalone-rust-guard
2026-10-04T04:09:46.3583640Z  * [new branch]        issue/772-daemon-native-acceptance       -> origin/issue/772-daemon-native-acceptance
2026-10-04T04:09:46.3584371Z  * [new branch]        issue/773-proxy-auth-bytes               -> origin/issue/773-proxy-auth-bytes
2026-10-04T04:09:46.3584944Z  * [new branch]        main                                     -> origin/main
2026-10-04T04:09:46.3585431Z  * [new tag]           v0.1.0                                   -> v0.1.0
2026-10-04T04:09:46.3585884Z  * [new tag]           v0.10.0                                  -> v0.10.0
2026-10-04T04:09:46.3586329Z  * [new tag]           v0.11.0                                  -> v0.11.0
2026-10-04T04:09:46.3586826Z  * [new tag]           v0.12.0                                  -> v0.12.0
2026-10-04T04:09:46.3587392Z  * [new tag]           v0.2.0                                   -> v0.2.0
2026-10-04T04:09:46.3588268Z  * [new tag]           v0.2.1                                   -> v0.2.1
2026-10-04T04:09:46.3589135Z  * [new tag]           v0.2.2                                   -> v0.2.2
2026-10-04T04:09:46.3589581Z  * [new tag]           v0.2.3                                   -> v0.2.3
2026-10-04T04:09:46.3590015Z  * [new tag]           v0.2.4                                   -> v0.2.4
2026-10-04T04:09:46.3590448Z  * [new tag]           v0.3.0                                   -> v0.3.0
2026-10-04T04:09:46.3590873Z  * [new tag]           v0.3.1                                   -> v0.3.1
2026-10-04T04:09:46.3591294Z  * [new tag]           v0.4.0                                   -> v0.4.0
2026-10-04T04:09:46.3591716Z  * [new tag]           v0.4.1                                   -> v0.4.1
2026-10-04T04:09:46.3592141Z  * [new tag]           v0.4.2                                   -> v0.4.2
2026-10-04T04:09:46.3592565Z  * [new tag]           v0.4.3                                   -> v0.4.3
2026-10-04T04:09:46.3592999Z  * [new tag]           v0.5.0                                   -> v0.5.0
2026-10-04T04:09:46.3593419Z  * [new tag]           v0.5.1                                   -> v0.5.1
2026-10-04T04:09:46.3593845Z  * [new tag]           v0.6.0                                   -> v0.6.0
2026-10-04T04:09:46.3594297Z  * [new tag]           v0.7.0                                   -> v0.7.0
2026-10-04T04:09:46.3594720Z  * [new tag]           v0.7.1                                   -> v0.7.1
2026-10-04T04:09:46.3595142Z  * [new tag]           v0.7.2                                   -> v0.7.2
2026-10-04T04:09:46.3595563Z  * [new tag]           v0.7.3                                   -> v0.7.3
2026-10-04T04:09:46.3595981Z  * [new tag]           v0.8.0                                   -> v0.8.0
2026-10-04T04:09:46.3596422Z  * [new tag]           v0.8.1                                   -> v0.8.1
2026-10-04T04:09:46.3596869Z  * [new tag]           v0.9.0                                   -> v0.9.0
2026-10-04T04:09:46.3597338Z  * [new tag]           v0.9.1                                   -> v0.9.1
2026-10-04T04:09:46.3597847Z  * [new ref]           92d0b1697144e77f4a2feeec8ddee3881ba3b591 -> pull/806/merge
2026-10-04T04:09:46.3599672Z ##[endgroup]
2026-10-04T04:09:46.3600142Z ##[group]Determining the checkout info
2026-10-04T04:09:46.3600807Z ##[endgroup]
2026-10-04T04:09:46.3601151Z [command]/usr/bin/git sparse-checkout disable
2026-10-04T04:09:46.3632069Z [command]/usr/bin/git config --local --unset-all extensions.worktreeConfig
2026-10-04T04:09:46.3665553Z ##[group]Checking out the ref
2026-10-04T04:09:46.3670052Z [command]/usr/bin/git checkout --progress --force refs/remotes/pull/806/merge
2026-10-04T04:09:47.0642880Z Note: switching to 'refs/remotes/pull/806/merge'.
2026-10-04T04:09:47.0643419Z 
2026-10-04T04:09:47.0643805Z You are in 'detached HEAD' state. You can look around, make experimental
2026-10-04T04:09:47.0644614Z changes and commit them, and you can discard any commits you make in this
2026-10-04T04:09:47.0645218Z state without impacting any branches by switching back to a branch.
2026-10-04T04:09:47.0645549Z 
2026-10-04T04:09:47.0645775Z If you want to create a new branch to retain commits you create, you may
2026-10-04T04:09:47.0646301Z do so (now or later) by using -c with the switch command. Example:
2026-10-04T04:09:47.0646616Z 
2026-10-04T04:09:47.0646744Z   git switch -c <new-branch-name>
2026-10-04T04:09:47.0646951Z 
2026-10-04T04:09:47.0647076Z Or undo this operation with:
2026-10-04T04:09:47.0647266Z 
2026-10-04T04:09:47.0647366Z   git switch -
2026-10-04T04:09:47.0647510Z 
2026-10-04T04:09:47.0647768Z Turn off this advice by setting config variable advice.detachedHead to false
2026-10-04T04:09:47.0648145Z 
2026-10-04T04:09:47.0648913Z HEAD is now at 92d0b169 Merge f9447c5e01bd8c3d78df5115fd62636ac807cbd0 into 2b6d49f250a81650eda1b93cec7d859a171873bb
2026-10-04T04:09:47.0691774Z ##[endgroup]
2026-10-04T04:09:47.0743414Z [command]/usr/bin/git log -1 --format=%H
2026-10-04T04:09:47.0772151Z 92d0b1697144e77f4a2feeec8ddee3881ba3b591
2026-10-04T04:09:47.1056368Z ##[group]Run actions/setup-go@b7ad1dad31e06c5925ef5d2fc7ad053ef454303e
2026-10-04T04:09:47.1056770Z with:
2026-10-04T04:09:47.1056975Z   go-version-file: go.mod
2026-10-04T04:09:47.1057202Z   cache: true
2026-10-04T04:09:47.1057412Z   check-latest: false
2026-10-04T04:09:47.1060487Z   token: ***
2026-10-04T04:09:47.1060701Z ##[endgroup]
2026-10-04T04:09:47.2177135Z Setup go version spec 1.26.7
2026-10-04T04:09:47.2186087Z Attempting to download 1.26.7...
2026-10-04T04:09:47.8388747Z matching 1.26.7...
2026-10-04T04:09:47.8412243Z Acquiring 1.26.7 from https://github.com/actions/go-versions/releases/download/1.26.7-32325178046/go-1.26.7-linux-x64.tar.gz
2026-10-04T04:09:48.2660030Z Extracting Go...
2026-10-04T04:09:48.2789725Z [command]/usr/bin/tar xz --warning=no-unknown-keyword --overwrite -C /home/runner/work/_temp/c8da7df0-51ef-40e2-a54c-38054848f88e -f /home/runner/work/_temp/55842685-cdd1-4ba3-ba3f-bd43482b07bc
2026-10-04T04:09:49.9006902Z Successfully extracted go to /home/runner/work/_temp/c8da7df0-51ef-40e2-a54c-38054848f88e
2026-10-04T04:09:49.9007908Z Adding to the cache ...
2026-10-04T04:09:56.5519484Z Successfully cached go to /opt/hostedtoolcache/go/1.26.7/x64
2026-10-04T04:09:56.5522356Z Added go to the path
2026-10-04T04:09:56.5524625Z Successfully set up Go version 1.26.7
2026-10-04T04:09:56.5730219Z [command]/opt/hostedtoolcache/go/1.26.7/x64/bin/go env GOMODCACHE
2026-10-04T04:09:56.5762726Z [command]/opt/hostedtoolcache/go/1.26.7/x64/bin/go env GOCACHE
2026-10-04T04:09:56.5797435Z /home/runner/go/pkg/mod
2026-10-04T04:09:56.5814000Z /home/runner/.cache/go-build
2026-10-04T04:09:56.6920841Z Cache hit for: setup-go-Linux-x64-ubuntu24-go-1.26.7-da193973ccd725fdd1a6125e59e1398e6714d9dc4da6b8fd1ec8954a4a0bd404
2026-10-04T04:09:57.8055879Z Received 134217728 of 142341759 (94.3%), 127.9 MBs/sec
2026-10-04T04:09:57.8791925Z Received 142341759 of 142341759 (100.0%), 126.4 MBs/sec
2026-10-04T04:09:57.8792783Z Cache Size: ~136 MB (142341759 B)
2026-10-04T04:09:57.8827082Z [command]/usr/bin/tar -xf /home/runner/work/_temp/f11dff1a-fb17-428d-8a84-0300244c0b9d/cache.tzst -P -C /home/runner/work/symaira-brain/symaira-brain --use-compress-program unzstd
2026-10-04T04:09:59.2359265Z Cache restored successfully
2026-10-04T04:09:59.2429907Z Cache restored from key: setup-go-Linux-x64-ubuntu24-go-1.26.7-da193973ccd725fdd1a6125e59e1398e6714d9dc4da6b8fd1ec8954a4a0bd404
2026-10-04T04:09:59.2453430Z go version go1.26.7 linux/amd64
2026-10-04T04:09:59.2454009Z 
2026-10-04T04:09:59.2454815Z ##[group]go env
2026-10-04T04:09:59.5569580Z AR='ar'
2026-10-04T04:09:59.5588831Z CC='gcc'
2026-10-04T04:09:59.5589269Z CGO_CFLAGS='-O2 -g'
2026-10-04T04:09:59.5589666Z CGO_CPPFLAGS=''
2026-10-04T04:09:59.5590052Z CGO_CXXFLAGS='-O2 -g'
2026-10-04T04:09:59.5590437Z CGO_ENABLED='1'
2026-10-04T04:09:59.5590792Z CGO_FFLAGS='-O2 -g'
2026-10-04T04:09:59.5591216Z CGO_LDFLAGS='-O2 -g'
2026-10-04T04:09:59.5591585Z CXX='g++'
2026-10-04T04:09:59.5591925Z GCCGO='gccgo'
2026-10-04T04:09:59.5592290Z GO111MODULE=''
2026-10-04T04:09:59.5592637Z GOAMD64='v1'
2026-10-04T04:09:59.5593011Z GOARCH='amd64'
2026-10-04T04:09:59.5593346Z GOAUTH='netrc'
2026-10-04T04:09:59.5593669Z GOBIN=''
2026-10-04T04:09:59.5594038Z GOCACHE='/home/runner/.cache/go-build'
2026-10-04T04:09:59.5594500Z GOCACHEPROG=''
2026-10-04T04:09:59.5594840Z GODEBUG=''
2026-10-04T04:09:59.5595194Z GOENV='/home/runner/.config/go/env'
2026-10-04T04:09:59.5595621Z GOEXE=''
2026-10-04T04:09:59.5595940Z GOEXPERIMENT=''
2026-10-04T04:09:59.5596284Z GOFIPS140='off'
2026-10-04T04:09:59.5596617Z GOFLAGS=''
2026-10-04T04:09:59.5597718Z GOGCCFLAGS='-fPIC -m64 -pthread -Wl,--no-gc-sections -fmessage-length=0 -ffile-prefix-map=/tmp/go-build3786208805=/tmp/go-build -gno-record-gcc-switches'
2026-10-04T04:09:59.5599121Z GOHOSTARCH='amd64'
2026-10-04T04:09:59.5599478Z GOHOSTOS='linux'
2026-10-04T04:09:59.5599867Z GOINSECURE=''
2026-10-04T04:09:59.5600346Z GOMOD='/home/runner/work/symaira-brain/symaira-brain/go.mod'
2026-10-04T04:09:59.5600937Z GOMODCACHE='/home/runner/go/pkg/mod'
2026-10-04T04:09:59.5601857Z GONOPROXY=''
2026-10-04T04:09:59.5602187Z GONOSUMDB=''
2026-10-04T04:09:59.5602493Z GOOS='linux'
2026-10-04T04:09:59.5602826Z GOPATH='/home/runner/go'
2026-10-04T04:09:59.5603190Z GOPRIVATE=''
2026-10-04T04:09:59.5603598Z GOPROXY='https://proxy.golang.org,direct'
2026-10-04T04:09:59.5604144Z GOROOT='/opt/hostedtoolcache/go/1.26.7/x64'
2026-10-04T04:09:59.5604629Z GOSUMDB='sum.golang.org'
2026-10-04T04:09:59.5605001Z GOTELEMETRY='local'
2026-10-04T04:09:59.5605839Z GOTELEMETRYDIR='/home/runner/.config/go/telemetry'
2026-10-04T04:09:59.5606304Z GOTMPDIR=''
2026-10-04T04:09:59.5606605Z GOTOOLCHAIN='local'
2026-10-04T04:09:59.5607111Z GOTOOLDIR='/opt/hostedtoolcache/go/1.26.7/x64/pkg/tool/linux_amd64'
2026-10-04T04:09:59.5607703Z GOVCS=''
2026-10-04T04:09:59.5608106Z GOVERSION='go1.26.7'
2026-10-04T04:09:59.5608689Z GOWORK=''
2026-10-04T04:09:59.5609064Z PKG_CONFIG='pkg-config'
2026-10-04T04:09:59.5609343Z 
2026-10-04T04:09:59.5609891Z ##[endgroup]
2026-10-04T04:09:59.5812816Z ##[group]Run rustup show active-toolchain
2026-10-04T04:09:59.5813243Z [36;1mrustup show active-toolchain[0m
2026-10-04T04:09:59.7267992Z shell: /usr/bin/bash -e {0}
2026-10-04T04:09:59.7268332Z env:
2026-10-04T04:09:59.7268845Z   GOTOOLCHAIN: local
2026-10-04T04:09:59.7269134Z ##[endgroup]
2026-10-04T04:09:59.8222811Z info: syncing channel updates for 1.98.0-x86_64-unknown-linux-gnu
2026-10-04T04:09:59.9304294Z info: latest update on 2026-08-20 for version 1.98.0 (88d9e12ae 2026-08-18)
2026-10-04T04:09:59.9307603Z info: downloading 5 components
2026-10-04T04:10:07.7969419Z warn: the missing active toolchain `1.98.0-x86_64-unknown-linux-gnu` has been auto-installed
2026-10-04T04:10:07.7970354Z warn: auto-installation is deprecated for most `rustup` commands
2026-10-04T04:10:07.7971242Z warn: scripts relying on this behavior in `rustup` may stop working in the future
2026-10-04T04:10:07.7972122Z warn: to install the active toolchain, use `rustup install` instead
2026-10-04T04:10:07.7973058Z warn: see <https://github.com/rust-lang/rustup/issues/4836> for more info
2026-10-04T04:10:07.7974274Z 1.98.0-x86_64-unknown-linux-gnu (overridden by '/home/runner/work/symaira-brain/symaira-brain/rust-toolchain.toml')
2026-10-04T04:10:07.9222048Z ##[group]Run actions/cache@55cc8345863c7cc4c66a329aec7e433d2d1c52a9
2026-10-04T04:10:07.9222449Z with:
2026-10-04T04:10:07.9222957Z   path: ~/.cargo/registry
~/.cargo/git
~/.cargo/.crates.toml
~/.cargo/.crates2.json
~/.cargo/bin/cargo-audit
~/.cargo/bin/cargo-deny

2026-10-04T04:10:07.9224365Z   key: rust-quality-install-meta-v2-Linux-X64-toolchain-33a4ad9670c778b981b4e54b55039bd7ea7f3eb24b2a78b861b2cdf081a972a3-lock-23ba8f84f55703267a28197a3196e0d3a3bd6915525ff5dde2f53f312ad9c0d4-audit-0.22.2-deny-0.20.2
2026-10-04T04:10:07.9225515Z   enableCrossOsArchive: false
2026-10-04T04:10:07.9225779Z   fail-on-cache-miss: false
2026-10-04T04:10:07.9226021Z   lookup-only: false
2026-10-04T04:10:07.9226237Z   save-always: false
2026-10-04T04:10:07.9226445Z env:
2026-10-04T04:10:07.9226644Z   GOTOOLCHAIN: local
2026-10-04T04:10:07.9226849Z ##[endgroup]
2026-10-04T04:10:08.1377020Z Cache not found for input keys: rust-quality-install-meta-v2-Linux-X64-toolchain-33a4ad9670c778b981b4e54b55039bd7ea7f3eb24b2a78b861b2cdf081a972a3-lock-23ba8f84f55703267a28197a3196e0d3a3bd6915525ff5dde2f53f312ad9c0d4-audit-0.22.2-deny-0.20.2
2026-10-04T04:10:08.1491687Z ##[group]Run set -eu
2026-10-04T04:10:08.1492141Z [36;1mset -eu[0m
2026-10-04T04:10:08.1492684Z [36;1maudit_version="$(cargo-audit --version 2>/dev/null || true)"[0m
2026-10-04T04:10:08.1493386Z [36;1mif [ "$audit_version" != "cargo-audit 0.22.2" ]; then[0m
2026-10-04T04:10:08.1494050Z [36;1m  cargo install cargo-audit --version 0.22.2 --locked[0m
2026-10-04T04:10:08.1494609Z [36;1mfi[0m
2026-10-04T04:10:08.1495106Z [36;1mdeny_version="$(cargo-deny --version 2>/dev/null || true)"[0m
2026-10-04T04:10:08.1495843Z [36;1mif [ "$deny_version" != "cargo-deny 0.20.2" ]; then[0m
2026-10-04T04:10:08.1496520Z [36;1m  cargo install cargo-deny --version 0.20.2 --locked[0m
2026-10-04T04:10:08.1497332Z [36;1mfi[0m
2026-10-04T04:10:08.1536141Z shell: /usr/bin/sh -e {0}
2026-10-04T04:10:08.1536395Z env:
2026-10-04T04:10:08.1536592Z   GOTOOLCHAIN: local
2026-10-04T04:10:08.1536827Z ##[endgroup]
2026-10-04T04:10:08.1985669Z     Updating crates.io index
2026-10-04T04:10:08.2264122Z  Downloading crates ...
2026-10-04T04:10:08.2700961Z   Downloaded cargo-audit v0.22.2
2026-10-04T04:10:08.2943518Z   Installing cargo-audit v0.22.2
2026-10-04T04:10:08.2944544Z warning: default toolchain implicitly overridden with `1.98.0-x86_64-unknown-linux-gnu` by rustup toolchain file
2026-10-04T04:10:08.2945411Z   |
2026-10-04T04:10:08.2946051Z   = help: use `cargo +stable install` if you meant to use the stable toolchain
2026-10-04T04:10:08.2947421Z   = note: rustup selects the toolchain based on the parent environment and not the environment of the package being installed
2026-10-04T04:10:08.3005571Z     Updating crates.io index
2026-10-04T04:10:09.3851062Z     Updating crates.io index
2026-10-04T04:10:09.4992555Z  Downloading crates ...
2026-10-04T04:10:09.5164907Z   Downloaded abscissa_derive v0.9.0
2026-10-04T04:10:09.5177757Z   Downloaded canonical-path v2.0.2
2026-10-04T04:10:09.5187226Z   Downloaded adler2 v2.0.1
2026-10-04T04:10:09.5213428Z   Downloaded abscissa_core v0.9.0
2026-10-04T04:10:09.5259138Z   Downloaded auditable-serde v0.9.0
2026-10-04T04:10:09.5268913Z   Downloaded cfg-if v1.0.4
2026-10-04T04:10:09.5284385Z   Downloaded auditable-extract v0.3.5
2026-10-04T04:10:09.5293598Z   Downloaded anstream v1.0.0
2026-10-04T04:10:09.5316941Z   Downloaded atomic-waker v1.1.2
2026-10-04T04:10:09.5331653Z   Downloaded gix-prompt v0.15.1
2026-10-04T04:10:09.5344626Z   Downloaded compression-core v0.4.32
2026-10-04T04:10:09.5357242Z   Downloaded cpufeatures v0.2.17
2026-10-04T04:10:09.5374411Z   Downloaded crypto-common v0.1.7
2026-10-04T04:10:09.5386190Z   Downloaded gix-chunk v0.7.2
2026-10-04T04:10:09.5401450Z   Downloaded heck v0.5.0
2026-10-04T04:10:09.5417614Z   Downloaded auditable-info v0.10.0
2026-10-04T04:10:09.5427733Z   Downloaded clap_lex v1.1.0
2026-10-04T04:10:09.5442234Z   Downloaded gix-command v0.9.1
2026-10-04T04:10:09.5454951Z   Downloaded gix-path v0.12.1
2026-10-04T04:10:09.5477535Z   Downloaded gix-protocol v0.62.0
2026-10-04T04:10:09.5517394Z   Downloaded gix-validate v0.11.2
2026-10-04T04:10:09.5532050Z   Downloaded home v0.5.12
2026-10-04T04:10:09.5546521Z   Downloaded gix-pathspec v0.18.1
2026-10-04T04:10:09.5566562Z   Downloaded gix-worktree v0.53.0
2026-10-04T04:10:09.5587785Z   Downloaded gix-traverse v0.58.0
2026-10-04T04:10:09.5612900Z   Downloaded autocfg v1.5.0
2026-10-04T04:10:09.5637364Z   Downloaded block-buffer v0.10.4
2026-10-04T04:10:09.5652301Z   Downloaded byteorder v1.5.0
2026-10-04T04:10:09.5674864Z   Downloaded cfg_aliases v0.2.1
2026-10-04T04:10:09.5690425Z   Downloaded colorchoice v1.0.5
2026-10-04T04:10:09.5705747Z   Downloaded display-error-chain v0.2.2
2026-10-04T04:10:09.5725986Z   Downloaded gix-features v0.48.1
2026-10-04T04:10:09.5766729Z   Downloaded gix-utils v0.3.3
2026-10-04T04:10:09.5785709Z   Downloaded hash32 v0.3.1
2026-10-04T04:10:09.5809969Z   Downloaded icu_properties v2.1.2
2026-10-04T04:10:09.5844121Z   Downloaded clru v0.6.3
2026-10-04T04:10:09.5874319Z   Downloaded cmake v0.1.58
2026-10-04T04:10:09.5894450Z   Downloaded deranged v0.5.8
2026-10-04T04:10:09.5913648Z   Downloaded equivalent v1.0.2
2026-10-04T04:10:09.5926828Z   Downloaded futures-sink v0.3.32
2026-10-04T04:10:09.5939482Z   Downloaded gix-config-value v0.18.1
2026-10-04T04:10:09.5960198Z   Downloaded is_terminal_polyfill v1.70.2
2026-10-04T04:10:09.5982421Z   Downloaded lock_api v0.4.14
2026-10-04T04:10:09.6006422Z   Downloaded addr2line v0.25.1
2026-10-04T04:10:09.6032999Z   Downloaded crossbeam-utils v0.8.21
2026-10-04T04:10:09.6073769Z   Downloaded faster-hex v0.10.0
2026-10-04T04:10:09.6098255Z   Downloaded fnv v1.0.7
2026-10-04T04:10:09.6112876Z   Downloaded futures-io v0.3.32
2026-10-04T04:10:09.6123256Z   Downloaded generic-array v0.14.7
2026-10-04T04:10:09.6137803Z   Downloaded gix-bitmap v0.3.2
2026-10-04T04:10:09.6147574Z   Downloaded gix-refspec v0.42.0
2026-10-04T04:10:09.6164833Z   Downloaded anstyle-query v1.1.5
2026-10-04T04:10:09.6176889Z   Downloaded dunce v1.0.5
2026-10-04T04:10:09.6186301Z   Downloaded errno v0.3.14
2026-10-04T04:10:09.6202627Z   Downloaded form_urlencoded v1.2.2
2026-10-04T04:10:09.6211027Z   Downloaded futures-core v0.3.32
2026-10-04T04:10:09.6225200Z   Downloaded futures-task v0.3.32
2026-10-04T04:10:09.6237269Z   Downloaded gix-actor v0.41.1
2026-10-04T04:10:09.6249511Z   Downloaded gix-url v0.36.1
2026-10-04T04:10:09.6262948Z   Downloaded httparse v1.10.1
2026-10-04T04:10:09.6288507Z   Downloaded icu_normalizer_data v2.1.1
2026-10-04T04:10:09.6309846Z   Downloaded indenter v0.3.4
2026-10-04T04:10:09.6322976Z   Downloaded jiff-static v0.2.28
2026-10-04T04:10:09.6349343Z   Downloaded jobserver v0.1.34
2026-10-04T04:10:09.6370357Z   Downloaded binfarce v0.2.1
2026-10-04T04:10:09.6387723Z   Downloaded cargo-lock v11.0.1
2026-10-04T04:10:09.6422385Z   Downloaded crossbeam-deque v0.8.6
2026-10-04T04:10:09.6436342Z   Downloaded digest v0.10.7
2026-10-04T04:10:09.6454838Z   Downloaded fixedbitset v0.5.7
2026-10-04T04:10:09.6474478Z   Downloaded fs-err v3.3.0
2026-10-04T04:10:09.6494402Z   Downloaded gix-credentials v0.38.1
2026-10-04T04:10:09.6511638Z   Downloaded gix-discover v0.52.0
2026-10-04T04:10:09.6527194Z   Downloaded gix-hashtable v0.15.1
2026-10-04T04:10:09.6536584Z   Downloaded gix-quote v0.7.2
2026-10-04T04:10:09.6546818Z   Downloaded hashbrown v0.16.1
2026-10-04T04:10:09.6598325Z   Downloaded heapless v0.8.0
2026-10-04T04:10:09.6650293Z   Downloaded ipnet v2.12.0
2026-10-04T04:10:09.6654763Z   Downloaded itoa v1.0.18
2026-10-04T04:10:09.6669891Z   Downloaded kstring v2.0.2
2026-10-04T04:10:09.6686255Z   Downloaded lazy_static v1.5.0
2026-10-04T04:10:09.6704482Z   Downloaded nu-ansi-term v0.50.3
2026-10-04T04:10:09.6729274Z   Downloaded powerfmt v0.2.0
2026-10-04T04:10:09.6740590Z   Downloaded ppv-lite86 v0.2.21
2026-10-04T04:10:09.6753791Z   Downloaded same-file v1.0.6
2026-10-04T04:10:09.6767541Z   Downloaded scopeguard v1.2.0
2026-10-04T04:10:09.6780142Z   Downloaded allocator-api2 v0.2.21
2026-10-04T04:10:09.6805651Z   Downloaded anstyle v1.0.14
2026-10-04T04:10:09.6820512Z   Downloaded anstyle-parse v1.0.0
2026-10-04T04:10:09.6836706Z   Downloaded arrayvec v0.7.6
2026-10-04T04:10:09.6857340Z   Downloaded camino v1.2.2
2026-10-04T04:10:09.6877531Z   Downloaded clap v4.6.1
2026-10-04T04:10:09.6979748Z   Downloaded clap_derive v4.6.1
2026-10-04T04:10:09.7001972Z   Downloaded compression-codecs v0.4.38
2026-10-04T04:10:09.7043631Z   Downloaded crc32fast v1.5.0
2026-10-04T04:10:09.7062712Z   Downloaded crossbeam-epoch v0.9.18
2026-10-04T04:10:09.7087381Z   Downloaded cvss v2.2.0
2026-10-04T04:10:09.7143748Z   Downloaded displaydoc v0.2.5
2026-10-04T04:10:09.7174692Z   Downloaded either v1.15.0
2026-10-04T04:10:09.7189462Z   Downloaded eyre v0.6.12
2026-10-04T04:10:09.7223892Z   Downloaded fastrand v2.4.1
2026-10-04T04:10:09.7237775Z   Downloaded filetime v0.2.28
2026-10-04T04:10:09.7255087Z   Downloaded find-msvc-tools v0.1.9
2026-10-04T04:10:09.7271228Z   Downloaded foldhash v0.1.5
2026-10-04T04:10:09.7283681Z   Downloaded foldhash v0.2.0
2026-10-04T04:10:09.7296057Z   Downloaded fs_extra v1.3.0
2026-10-04T04:10:09.7312577Z   Downloaded futures-channel v0.3.32
2026-10-04T04:10:09.7331705Z   Downloaded getrandom v0.2.17
2026-10-04T04:10:09.7361491Z   Downloaded gix-attributes v0.33.1
2026-10-04T04:10:09.7377750Z   Downloaded gix-commitgraph v0.37.1
2026-10-04T04:10:09.7393802Z   Downloaded gix-date v0.15.4
2026-10-04T04:10:09.7410008Z   Downloaded gix-diff v0.64.0
2026-10-04T04:10:09.7438857Z   Downloaded gix-error v0.2.4
2026-10-04T04:10:09.7455664Z   Downloaded gix-fs v0.21.2
2026-10-04T04:10:09.7471277Z   Downloaded gix-glob v0.26.1
2026-10-04T04:10:09.7485010Z   Downloaded gix-negotiate v0.32.0
2026-10-04T04:10:09.7496686Z   Downloaded gix-packetline v0.21.4
2026-10-04T04:10:09.7515462Z   Downloaded gix-ref v0.64.0
2026-10-04T04:10:09.7560947Z   Downloaded gix-sec v0.14.1
2026-10-04T04:10:09.7572737Z   Downloaded gix-tempfile v23.0.0
2026-10-04T04:10:09.7586040Z   Downloaded gix-transport v0.57.1
2026-10-04T04:10:09.7623615Z   Downloaded gix-worktree-state v0.31.0
2026-10-04T04:10:09.7637514Z   Downloaded hashbrown v0.15.5
2026-10-04T04:10:09.7686978Z   Downloaded hashbrown v0.17.1
2026-10-04T04:10:09.7739889Z   Downloaded idna v1.1.0
2026-10-04T04:10:09.7774487Z   Downloaded litemap v0.8.2
2026-10-04T04:10:09.7798567Z   Downloaded lru-slab v0.1.2
2026-10-04T04:10:09.7807111Z   Downloaded maybe-async v0.2.10
2026-10-04T04:10:09.7835958Z   Downloaded miniz_oxide v0.8.9
2026-10-04T04:10:09.7861033Z   Downloaded num-conv v0.2.1
2026-10-04T04:10:09.7869655Z   Downloaded once_cell v1.21.4
2026-10-04T04:10:09.7895641Z   Downloaded percent-encoding v2.3.2
2026-10-04T04:10:09.7904543Z   Downloaded pin-project-lite v0.2.17
2026-10-04T04:10:09.7964799Z   Downloaded platforms v3.10.0
2026-10-04T04:10:09.7984879Z   Downloaded rand v0.9.4
2026-10-04T04:10:09.8023468Z   Downloaded rustls-native-certs v0.8.3
2026-10-04T04:10:09.8048411Z   Downloaded rustversion v1.0.22
2026-10-04T04:10:09.8077425Z   Downloaded socket2 v0.6.3
2026-10-04T04:10:09.8095924Z   Downloaded stable_deref_trait v1.2.1
2026-10-04T04:10:09.8105000Z   Downloaded static_assertions v1.1.0
2026-10-04T04:10:09.8119455Z   Downloaded uluru v3.1.0
2026-10-04T04:10:09.8127826Z   Downloaded unicode-bom v2.0.3
2026-10-04T04:10:09.8141327Z   Downloaded zerovec-derive v0.11.3
2026-10-04T04:10:09.8156546Z   Downloaded arc-swap v1.9.1
2026-10-04T04:10:09.8197242Z   Downloaded async-compression v0.4.42
2026-10-04T04:10:09.8270491Z   Downloaded backtrace v0.3.76
2026-10-04T04:10:09.8322688Z   Downloaded base64 v0.22.1
2026-10-04T04:10:09.8361928Z   Downloaded bitflags v2.11.1
2026-10-04T04:10:09.8405943Z   Downloaded borsh v1.6.1
2026-10-04T04:10:09.8480069Z   Downloaded bytes v1.11.1
2026-10-04T04:10:09.8522928Z   Downloaded cc v1.2.62
2026-10-04T04:10:09.8552775Z   Downloaded crossbeam-channel v0.5.15
2026-10-04T04:10:09.8593238Z   Downloaded flate2 v1.1.9
2026-10-04T04:10:09.8644044Z   Downloaded getrandom v0.3.4
2026-10-04T04:10:09.8694851Z   Downloaded getrandom v0.4.2
2026-10-04T04:10:09.8718679Z   Downloaded gix-config v0.57.0
2026-10-04T04:10:09.8767803Z   Downloaded gix-filter v0.31.0
2026-10-04T04:10:09.8795734Z   Downloaded gix-hash v0.25.1
2026-10-04T04:10:09.8811455Z   Downloaded gix-ignore v0.21.1
2026-10-04T04:10:09.8822503Z   Downloaded gix-lock v23.0.0
2026-10-04T04:10:09.8834407Z   Downloaded gix-revwalk v0.32.0
2026-10-04T04:10:09.8846871Z   Downloaded gix-shallow v0.12.1
2026-10-04T04:10:09.8856890Z   Downloaded gix-trace v0.1.20
2026-10-04T04:10:09.8867444Z   Downloaded gix-worktree-stream v0.33.0
2026-10-04T04:10:09.8880804Z   Downloaded h2 v0.4.14
2026-10-04T04:10:09.8946529Z   Downloaded http v1.4.0
2026-10-04T04:10:09.8983323Z   Downloaded hyper-rustls v0.27.9
2026-10-04T04:10:09.8997696Z   Downloaded icu_properties_data v2.1.2
2026-10-04T04:10:09.9102266Z   Downloaded idna_adapter v1.2.1
2026-10-04T04:10:09.9111829Z   Downloaded log v0.4.29
2026-10-04T04:10:09.9136844Z   Downloaded memmap2 v0.9.10
2026-10-04T04:10:09.9154355Z   Downloaded mio v1.2.0
2026-10-04T04:10:09.9218476Z   Downloaded nonempty v0.12.0
2026-10-04T04:10:09.9230786Z   Downloaded openssl-probe v0.2.1
2026-10-04T04:10:09.9243135Z   Downloaded owo-colors v4.3.0
2026-10-04T04:10:09.9262345Z   Downloaded parking_lot v0.12.5
2026-10-04T04:10:09.9287437Z   Downloaded parking_lot_core v0.9.12
2026-10-04T04:10:09.9309275Z   Downloaded quinn-udp v0.5.14
2026-10-04T04:10:09.9327933Z   Downloaded rustc-hash v2.1.2
2026-10-04T04:10:09.9341595Z   Downloaded rustsec v0.33.0
2026-10-04T04:10:09.9393932Z   Downloaded strsim v0.11.1
2026-10-04T04:10:09.9407204Z   Downloaded subtle v2.6.1
2026-10-04T04:10:09.9419450Z   Downloaded sync_wrapper v1.0.2
2026-10-04T04:10:09.9427748Z   Downloaded synstructure v0.13.2
2026-10-04T04:10:09.9437980Z   Downloaded toml_datetime v1.1.1+spec-1.1.0
2026-10-04T04:10:09.9452202Z   Downloaded tower-service v0.3.3
2026-10-04T04:10:09.9460300Z   Downloaded try-lock v0.2.5
2026-10-04T04:10:09.9469901Z   Downloaded twox-hash v2.1.2
2026-10-04T04:10:09.9493928Z   Downloaded unicode-normalization v0.1.25
2026-10-04T04:10:09.9536804Z   Downloaded untrusted v0.9.0
2026-10-04T04:10:09.9553980Z   Downloaded aho-corasick v1.1.4
2026-10-04T04:10:09.9606783Z   Downloaded clap_builder v4.6.0
2026-10-04T04:10:09.9671612Z   Downloaded futures-util v0.3.32
2026-10-04T04:10:09.9807693Z   Downloaded gix-index v0.52.0
2026-10-04T04:10:09.9846058Z   Downloaded gix-object v0.61.0
2026-10-04T04:10:09.9879358Z   Downloaded gix-odb v0.81.0
2026-10-04T04:10:09.9912402Z   Downloaded gix-revision v0.46.0
2026-10-04T04:10:09.9930707Z   Downloaded gix-submodule v0.31.0
2026-10-04T04:10:09.9942782Z   Downloaded http-body v1.0.1
2026-10-04T04:10:09.9953090Z   Downloaded http-body-util v0.1.3
2026-10-04T04:10:09.9971645Z   Downloaded icu_locale_core v2.1.1
2026-10-04T04:10:10.0041480Z   Downloaded icu_normalizer v2.1.1
2026-10-04T04:10:10.0077480Z   Downloaded icu_provider v2.1.1
2026-10-04T04:10:10.0104040Z   Downloaded ident_case v1.0.1
2026-10-04T04:10:10.0112953Z   Downloaded io-close v0.3.7
2026-10-04T04:10:10.0124057Z   Downloaded matchers v0.2.0
2026-10-04T04:10:10.0135072Z   Downloaded mime v0.3.17
2026-10-04T04:10:10.0148500Z   Downloaded potential_utf v0.1.5
2026-10-04T04:10:10.0159810Z   Downloaded quitters v0.1.0
2026-10-04T04:10:10.0168176Z   Downloaded quote v1.0.45
2026-10-04T04:10:10.0196463Z   Downloaded rand_chacha v0.9.0
2026-10-04T04:10:10.0208808Z   Downloaded reqwest v0.13.3
2026-10-04T04:10:10.0263416Z   Downloaded rustc-demangle v0.1.27
2026-10-04T04:10:10.0280749Z   Downloaded secrecy v0.10.3
2026-10-04T04:10:10.0290140Z   Downloaded tame-index v0.26.3
2026-10-04T04:10:10.0334282Z   Downloaded termcolor v1.4.1
2026-10-04T04:10:10.0347138Z   Downloaded thiserror v2.0.18
2026-10-04T04:10:10.0414342Z   Downloaded tinyvec_macros v0.1.1
2026-10-04T04:10:10.0423196Z   Downloaded toml_datetime v0.7.5+spec-1.1.0
2026-10-04T04:10:10.0436071Z   Downloaded topological-sort v0.2.2
2026-10-04T04:10:10.0447555Z   Downloaded tracing-subscriber v0.3.23
2026-10-04T04:10:10.0532016Z   Downloaded typenum v1.20.0
2026-10-04T04:10:10.0567688Z   Downloaded aws-lc-rs v1.16.3
2026-10-04T04:10:10.0675577Z   Downloaded gimli v0.32.3
2026-10-04T04:10:10.0744515Z   Downloaded gix v0.84.0
2026-10-04T04:10:10.0914056Z   Downloaded rand_core v0.9.5
2026-10-04T04:10:10.0929043Z   Downloaded rustls-pki-types v1.14.1
2026-10-04T04:10:10.0955205Z   Downloaded semver v1.0.28
2026-10-04T04:10:10.0978569Z   Downloaded tempfile v3.27.0
2026-10-04T04:10:10.1004798Z   Downloaded thiserror-impl v2.0.18
2026-10-04T04:10:10.1019477Z   Downloaded tinyvec v1.11.0
2026-10-04T04:10:10.1045380Z   Downloaded unicode-ident v1.0.24
2026-10-04T04:10:10.1073832Z   Downloaded bstr v1.12.1
2026-10-04T04:10:10.1151632Z   Downloaded hyper v1.9.0
2026-10-04T04:10:10.1218682Z   Downloaded memchr v2.8.0
2026-10-04T04:10:10.1274572Z   Downloaded proc-macro2 v1.0.106
2026-10-04T04:10:10.1304528Z   Downloaded quinn v0.11.9
2026-10-04T04:10:10.1337322Z   Downloaded regex-syntax v0.8.10
2026-10-04T04:10:10.1404722Z   Downloaded rustc-stable-hash v0.1.2
2026-10-04T04:10:10.1421188Z   Downloaded rustls-platform-verifier v0.7.0
2026-10-04T04:10:10.1460991Z   Downloaded time-macros v0.2.27
2026-10-04T04:10:10.1484791Z   Downloaded tinystr v0.8.3
2026-10-04T04:10:10.1505763Z   Downloaded toml v0.9.12+spec-1.1.0
2026-10-04T04:10:10.1547711Z   Downloaded tower-layer v0.3.3
2026-10-04T04:10:10.1557534Z   Downloaded utf8_iter v1.0.4
2026-10-04T04:10:10.1568263Z   Downloaded gix-pack v0.71.0
2026-10-04T04:10:10.1635909Z   Downloaded icu_collections v2.1.1
2026-10-04T04:10:10.1698687Z   Downloaded indexmap v2.14.0
2026-10-04T04:10:10.1742357Z   Downloaded prodash v31.0.0
2026-10-04T04:10:10.1782510Z   Downloaded rayon-core v1.13.0
2026-10-04T04:10:10.1822481Z   Downloaded serde_core v1.0.228
2026-10-04T04:10:10.1850219Z   Downloaded toml v1.1.2+spec-1.1.0
2026-10-04T04:10:10.1891681Z   Downloaded toml_parser v1.1.2+spec-1.1.0
2026-10-04T04:10:10.1915380Z   Downloaded toml_writer v1.1.1+spec-1.1.0
2026-10-04T04:10:10.1929670Z   Downloaded tracing-attributes v0.1.31
2026-10-04T04:10:10.1960121Z   Downloaded tracing-log v0.2.0
2026-10-04T04:10:10.1974184Z   Downloaded url v2.5.8
2026-10-04T04:10:10.2000034Z   Downloaded utf8parse v0.2.2
2026-10-04T04:10:10.2009974Z   Downloaded rustls-webpki v0.103.13
2026-10-04T04:10:10.2040723Z   Downloaded serde v1.0.228
2026-10-04T04:10:10.2075501Z   Downloaded serde_derive v1.0.228
2026-10-04T04:10:10.2106532Z   Downloaded shlex v1.3.0
2026-10-04T04:10:10.2119909Z   Downloaded smallvec v1.15.1
2026-10-04T04:10:10.2141146Z   Downloaded syn v2.0.117
2026-10-04T04:10:10.2248217Z   Downloaded time-core v0.1.8
2026-10-04T04:10:10.2259199Z   Downloaded tokio-rustls v0.26.4
2026-10-04T04:10:10.2280618Z   Downloaded tokio-util v0.7.18
2026-10-04T04:10:10.2359539Z   Downloaded toml-span v0.7.1
2026-10-04T04:10:10.2375472Z   Downloaded tracing-core v0.1.36
2026-10-04T04:10:10.2402925Z   Downloaded wait-timeout v0.2.1
2026-10-04T04:10:10.2419053Z   Downloaded walkdir v2.5.0
2026-10-04T04:10:10.2437349Z   Downloaded hyper-util v0.1.20
2026-10-04T04:10:10.2501445Z   Downloaded serde_spanned v1.1.1
2026-10-04T04:10:10.2513338Z   Downloaded sha1 v0.10.6
2026-10-04T04:10:10.2529918Z   Downloaded sharded-slab v0.1.7
2026-10-04T04:10:10.2564550Z   Downloaded shell-words v1.1.1
2026-10-04T04:10:10.2574048Z   Downloaded slab v0.4.12
2026-10-04T04:10:10.2586948Z   Downloaded version_check v0.9.5
2026-10-04T04:10:10.2599977Z   Downloaded zeroize v1.8.2
2026-10-04T04:10:10.2613202Z   Downloaded color-eyre v0.6.5
2026-10-04T04:10:10.2687484Z   Downloaded simd-adler32 v0.3.9
2026-10-04T04:10:10.2706797Z   Downloaded smol_str v0.3.2
2026-10-04T04:10:10.2722364Z   Downloaded tower v0.5.3
2026-10-04T04:10:10.2827948Z   Downloaded want v0.3.1
2026-10-04T04:10:10.2837677Z   Downloaded zerofrom v0.1.7
2026-10-04T04:10:10.2847418Z   Downloaded zerofrom-derive v0.1.7
2026-10-04T04:10:10.2857929Z   Downloaded thread_local v1.1.9
2026-10-04T04:10:10.2873541Z   Downloaded writeable v0.6.3
2026-10-04T04:10:10.2893455Z   Downloaded yoke v0.8.2
2026-10-04T04:10:10.2911546Z   Downloaded yoke-derive v0.8.2
2026-10-04T04:10:10.2923265Z   Downloaded zmij v1.0.21
2026-10-04T04:10:10.2941488Z   Downloaded rayon v1.12.0
2026-10-04T04:10:10.3038466Z   Downloaded regex v1.12.3
2026-10-04T04:10:10.3092121Z   Downloaded rustix v1.1.4
2026-10-04T04:10:10.3372343Z   Downloaded serde_json v1.0.149
2026-10-04T04:10:10.3448327Z   Downloaded tower-http v0.6.10
2026-10-04T04:10:10.3541229Z   Downloaded zerovec v0.11.6
2026-10-04T04:10:10.3602295Z   Downloaded quinn-proto v0.11.14
2026-10-04T04:10:10.3670696Z   Downloaded rustls v0.23.40
2026-10-04T04:10:10.3790341Z   Downloaded winnow v1.0.2
2026-10-04T04:10:10.3888747Z   Downloaded wasmparser v0.207.0
2026-10-04T04:10:10.3952203Z   Downloaded zerotrie v0.2.4
2026-10-04T04:10:10.3992039Z   Downloaded time v0.3.47
2026-10-04T04:10:10.4125027Z   Downloaded object v0.37.3
2026-10-04T04:10:10.4236060Z   Downloaded wasmparser v0.247.0
2026-10-04T04:10:10.4318987Z   Downloaded object v0.39.1
2026-10-04T04:10:10.4434819Z   Downloaded winnow v0.7.15
2026-10-04T04:10:10.4533276Z   Downloaded regex-automata v0.4.14
2026-10-04T04:10:10.4673397Z   Downloaded zlib-rs v0.6.3
2026-10-04T04:10:10.4727140Z   Downloaded zerocopy v0.8.48
2026-10-04T04:10:10.4952181Z   Downloaded libc v0.2.186
2026-10-04T04:10:10.5360163Z   Downloaded tracing v0.1.44
2026-10-04T04:10:10.5517343Z   Downloaded jiff v0.2.28
2026-10-04T04:10:10.5685312Z   Downloaded petgraph v0.8.3
2026-10-04T04:10:10.5893098Z   Downloaded encoding_rs v0.8.35
2026-10-04T04:10:10.6090168Z   Downloaded tokio v1.52.3
2026-10-04T04:10:10.6550048Z   Downloaded sha1-checked v0.10.0
2026-10-04T04:10:10.6610772Z   Downloaded ring v0.17.14
2026-10-04T04:10:10.7046287Z   Downloaded linux-raw-sys v0.12.1
2026-10-04T04:10:10.7698261Z   Downloaded aws-lc-sys v0.40.0
2026-10-04T04:10:11.1118742Z    Compiling proc-macro2 v1.0.106
2026-10-04T04:10:11.1120058Z    Compiling unicode-ident v1.0.24
2026-10-04T04:10:11.1120868Z    Compiling quote v1.0.45
2026-10-04T04:10:11.1121535Z    Compiling libc v0.2.186
2026-10-04T04:10:11.1677847Z    Compiling memchr v2.8.0
2026-10-04T04:10:11.2710884Z    Compiling cfg-if v1.0.4
2026-10-04T04:10:11.3037926Z    Compiling regex-syntax v0.8.10
2026-10-04T04:10:12.1029647Z    Compiling syn v2.0.117
2026-10-04T04:10:12.3904583Z    Compiling aho-corasick v1.1.4
2026-10-04T04:10:12.5009823Z    Compiling smallvec v1.15.1
2026-10-04T04:10:12.7679563Z    Compiling once_cell v1.21.4
2026-10-04T04:10:13.0579714Z    Compiling bytes v1.11.1
2026-10-04T04:10:14.2539688Z    Compiling regex-automata v0.4.14
2026-10-04T04:10:17.5309879Z    Compiling stable_deref_trait v1.2.1
2026-10-04T04:10:17.5654284Z    Compiling thiserror v2.0.18
2026-10-04T04:10:17.7349777Z    Compiling bstr v1.12.1
2026-10-04T04:10:19.4219644Z    Compiling thiserror-impl v2.0.18
2026-10-04T04:10:19.6949661Z    Compiling crc32fast v1.5.0
2026-10-04T04:10:19.8089710Z    Compiling crossbeam-utils v0.8.21
2026-10-04T04:10:19.9789648Z    Compiling gix-trace v0.1.20
2026-10-04T04:10:20.0349650Z    Compiling tinyvec_macros v0.1.1
2026-10-04T04:10:20.0689805Z    Compiling tinyvec v1.11.0
2026-10-04T04:10:20.5041827Z    Compiling gix-validate v0.11.2
2026-10-04T04:10:20.5595779Z    Compiling fastrand v2.4.1
2026-10-04T04:10:20.8220061Z    Compiling bitflags v2.11.1
2026-10-04T04:10:21.0529972Z    Compiling parking_lot_core v0.9.12
2026-10-04T04:10:21.0809712Z    Compiling gix-path v0.12.1
2026-10-04T04:10:21.1610005Z    Compiling unicode-normalization v0.1.25
2026-10-04T04:10:21.1759845Z    Compiling itoa v1.0.18
2026-10-04T04:10:21.3699727Z    Compiling scopeguard v1.2.0
2026-10-04T04:10:21.4190063Z    Compiling lock_api v0.4.14
2026-10-04T04:10:21.6180112Z    Compiling gix-utils v0.3.3
2026-10-04T04:10:21.7729609Z    Compiling crossbeam-channel v0.5.15
2026-10-04T04:10:21.8979641Z    Compiling parking_lot v0.12.5
2026-10-04T04:10:22.4049701Z    Compiling allocator-api2 v0.2.21
2026-10-04T04:10:22.4329188Z    Compiling foldhash v0.2.0
2026-10-04T04:10:22.6050098Z    Compiling same-file v1.0.6
2026-10-04T04:10:22.7059645Z    Compiling equivalent v1.0.2
2026-10-04T04:10:22.7389581Z    Compiling walkdir v2.5.0
2026-10-04T04:10:22.7570591Z    Compiling prodash v31.0.0
2026-10-04T04:10:22.8400185Z    Compiling zlib-rs v0.6.3
2026-10-04T04:10:23.4669985Z    Compiling gix-error v0.2.4
2026-10-04T04:10:23.8489726Z    Compiling version_check v0.9.5
2026-10-04T04:10:24.0479597Z    Compiling generic-array v0.14.7
2026-10-04T04:10:24.1329731Z    Compiling hashbrown v0.17.1
2026-10-04T04:10:24.6523971Z    Compiling typenum v1.20.0
2026-10-04T04:10:24.8219658Z    Compiling serde_core v1.0.228
2026-10-04T04:10:24.9619798Z    Compiling heapless v0.8.0
2026-10-04T04:10:25.0869810Z    Compiling byteorder v1.5.0
2026-10-04T04:10:25.2319603Z    Compiling hash32 v0.3.1
2026-10-04T04:10:25.9549618Z    Compiling gix-features v0.48.1
2026-10-04T04:10:27.2720015Z    Compiling block-buffer v0.10.4
2026-10-04T04:10:27.3509631Z    Compiling crypto-common v0.1.7
2026-10-04T04:10:27.8959534Z    Compiling faster-hex v0.10.0
2026-10-04T04:10:27.9580008Z    Compiling digest v0.10.7
2026-10-04T04:10:28.0669966Z    Compiling synstructure v0.13.2
2026-10-04T04:10:28.0940502Z    Compiling cpufeatures v0.2.17
2026-10-04T04:10:28.1320426Z    Compiling sha1 v0.10.6
2026-10-04T04:10:28.2777180Z    Compiling sha1-checked v0.10.0
2026-10-04T04:10:28.5709884Z    Compiling jiff v0.2.28
2026-10-04T04:10:28.5807368Z    Compiling gix-hash v0.25.1
2026-10-04T04:10:29.0949630Z    Compiling zerofrom-derive v0.1.7
2026-10-04T04:10:29.1366121Z    Compiling yoke-derive v0.8.2
2026-10-04T04:10:30.0619667Z    Compiling rustix v1.1.4
2026-10-04T04:10:30.2049700Z    Compiling zerofrom v0.1.7
2026-10-04T04:10:30.2719652Z    Compiling pin-project-lite v0.2.17
2026-10-04T04:10:30.2980680Z    Compiling yoke v0.8.2
2026-10-04T04:10:30.4489847Z    Compiling gix-hashtable v0.15.1
2026-10-04T04:10:30.5209724Z    Compiling linux-raw-sys v0.12.1
2026-10-04T04:10:31.3219642Z    Compiling jobserver v0.1.34
2026-10-04T04:10:31.6019619Z    Compiling zerovec-derive v0.11.3
2026-10-04T04:10:32.5839593Z    Compiling gix-date v0.15.4
2026-10-04T04:10:32.9579720Z    Compiling gix-actor v0.41.1
2026-10-04T04:10:33.3480182Z    Compiling gix-object v0.61.0
2026-10-04T04:10:34.6130209Z    Compiling shlex v1.3.0
2026-10-04T04:10:34.7279795Z    Compiling find-msvc-tools v0.1.9
2026-10-04T04:10:34.8880141Z    Compiling cc v1.2.62
2026-10-04T04:10:35.2059747Z    Compiling zerovec v0.11.6
2026-10-04T04:10:35.8489730Z    Compiling displaydoc v0.2.5
2026-10-04T04:10:36.2984157Z    Compiling memmap2 v0.9.10
2026-10-04T04:10:36.3309727Z    Compiling serde v1.0.228
2026-10-04T04:10:36.4640219Z    Compiling getrandom v0.4.2
2026-10-04T04:10:36.5099705Z    Compiling cmake v0.1.58
2026-10-04T04:10:36.5653780Z    Compiling serde_derive v1.0.228
2026-10-04T04:10:36.5809515Z    Compiling futures-core v0.3.32
2026-10-04T04:10:36.6726675Z    Compiling dunce v1.0.5
2026-10-04T04:10:36.7187264Z    Compiling fs_extra v1.3.0
2026-10-04T04:10:36.9310168Z    Compiling aws-lc-sys v0.40.0
2026-10-04T04:10:36.9509599Z    Compiling socket2 v0.6.3
2026-10-04T04:10:37.7009592Z    Compiling mio v1.2.0
2026-10-04T04:10:37.9399722Z    Compiling zeroize v1.8.2
2026-10-04T04:10:38.0649637Z    Compiling tokio v1.52.3
2026-10-04T04:10:40.0948070Z    Compiling tempfile v3.27.0
2026-10-04T04:10:40.9018915Z    Compiling tinystr v0.8.3
2026-10-04T04:10:41.0430137Z    Compiling gix-fs v0.21.2
2026-10-04T04:10:41.5410466Z    Compiling gix-chunk v0.7.2
2026-10-04T04:10:41.7574638Z    Compiling adler2 v2.0.1
2026-10-04T04:10:41.7840319Z    Compiling futures-sink v0.3.32
2026-10-04T04:10:41.8332345Z    Compiling simd-adler32 v0.3.9
2026-10-04T04:10:41.8384274Z    Compiling percent-encoding v2.3.2
2026-10-04T04:10:42.0039333Z    Compiling writeable v0.6.3
2026-10-04T04:10:42.1813298Z    Compiling litemap v0.8.2
2026-10-04T04:10:42.3439840Z    Compiling icu_locale_core v2.1.1
2026-10-04T04:10:42.7144629Z    Compiling miniz_oxide v0.8.9
2026-10-04T04:10:44.2220121Z    Compiling gix-tempfile v23.0.0
2026-10-04T04:10:44.7279687Z    Compiling zerotrie v0.2.4
2026-10-04T04:10:44.8768187Z    Compiling potential_utf v0.1.5
2026-10-04T04:10:44.9746649Z    Compiling gix-quote v0.7.2
2026-10-04T04:10:45.0809558Z    Compiling tracing-core v0.1.36
2026-10-04T04:10:45.2351353Z    Compiling aws-lc-rs v1.16.3
2026-10-04T04:10:45.3387536Z    Compiling icu_normalizer_data v2.1.1
2026-10-04T04:10:45.4115216Z    Compiling nonempty v0.12.0
2026-10-04T04:10:45.5350450Z    Compiling icu_properties_data v2.1.2
2026-10-04T04:10:45.6320035Z    Compiling icu_collections v2.1.1
2026-10-04T04:10:46.0019890Z    Compiling icu_provider v2.1.1
2026-10-04T04:10:46.2543127Z    Compiling http v1.4.0
2026-10-04T04:10:46.3127891Z    Compiling tracing-attributes v0.1.31
2026-10-04T04:10:47.2899912Z    Compiling fnv v1.0.7
2026-10-04T04:10:47.3377032Z    Compiling slab v0.4.12
2026-10-04T04:10:47.4735307Z    Compiling tracing v0.1.44
2026-10-04T04:10:47.7469759Z    Compiling gix-commitgraph v0.37.1
2026-10-04T04:10:47.7650532Z    Compiling rustls-pki-types v1.14.1
2026-10-04T04:10:48.2169772Z    Compiling gix-glob v0.26.1
2026-10-04T04:10:48.5680006Z    Compiling indexmap v2.14.0
2026-10-04T04:10:48.6260337Z    Compiling gix-revwalk v0.32.0
2026-10-04T04:10:48.8816586Z    Compiling icu_properties v2.1.2
2026-10-04T04:10:48.9629738Z    Compiling icu_normalizer v2.1.1
2026-10-04T04:10:49.4300687Z    Compiling http-body v1.0.1
2026-10-04T04:10:49.4880038Z    Compiling gix-lock v23.0.0
2026-10-04T04:10:49.9466117Z    Compiling tokio-util v0.7.18
2026-10-04T04:10:50.2630572Z    Compiling rustls v0.23.40
2026-10-04T04:10:50.3129092Z    Compiling untrusted v0.9.0
2026-10-04T04:10:50.3569856Z    Compiling futures-task v0.3.32
2026-10-04T04:10:50.4285191Z    Compiling httparse v1.10.1
2026-10-04T04:10:50.5941752Z    Compiling futures-io v0.3.32
2026-10-04T04:10:50.6662369Z    Compiling futures-util v0.3.32
2026-10-04T04:10:50.7141117Z    Compiling idna_adapter v1.2.1
2026-10-04T04:10:50.7873387Z    Compiling utf8_iter v1.0.4
2026-10-04T04:10:50.8899806Z    Compiling try-lock v0.2.5
2026-10-04T04:10:50.9424678Z    Compiling unicode-bom v2.0.3
2026-10-04T04:10:50.9590202Z    Compiling atomic-waker v1.1.2
2026-10-04T04:10:51.0247121Z    Compiling subtle v2.6.1
2026-10-04T04:10:51.0591687Z    Compiling log v0.4.29
2026-10-04T04:10:51.1125325Z    Compiling tower-service v0.3.3
2026-10-04T04:10:51.1501964Z    Compiling h2 v0.4.14
2026-10-04T04:10:51.2310010Z    Compiling want v0.3.1
2026-10-04T04:10:51.3389803Z    Compiling idna v1.1.0
2026-10-04T04:10:53.7879877Z    Compiling flate2 v1.1.9
2026-10-04T04:10:54.0088300Z    Compiling form_urlencoded v1.2.2
2026-10-04T04:10:54.1993020Z    Compiling futures-channel v0.3.32
2026-10-04T04:10:54.2513610Z    Compiling gix-config-value v0.18.1
2026-10-04T04:10:54.4016849Z    Compiling shell-words v1.1.1
2026-10-04T04:10:54.5929863Z    Compiling static_assertions v1.1.0
2026-10-04T04:10:54.6309731Z    Compiling compression-core v0.4.32
2026-10-04T04:10:54.7299981Z    Compiling compression-codecs v0.4.38
2026-10-04T04:10:54.9739887Z    Compiling kstring v2.0.2
2026-10-04T04:10:55.0169887Z    Compiling gix-command v0.9.1
2026-10-04T04:10:55.1570360Z    Compiling hyper v1.9.0
2026-10-04T04:10:55.5371227Z    Compiling url v2.5.8
2026-10-04T04:10:57.6329742Z    Compiling sync_wrapper v1.0.2
2026-10-04T04:10:57.6682120Z    Compiling gix-sec v0.14.1
2026-10-04T04:10:57.9239733Z    Compiling encoding_rs v0.8.35
2026-10-04T04:10:58.1699571Z    Compiling base64 v0.22.1
2026-10-04T04:10:58.6552167Z    Compiling ipnet v2.12.0
2026-10-04T04:10:59.0589796Z    Compiling openssl-probe v0.2.1
2026-10-04T04:10:59.2212418Z    Compiling tower-layer v0.3.3
2026-10-04T04:10:59.3492794Z    Compiling tower v0.5.3
2026-10-04T04:10:59.8489826Z    Compiling rustls-native-certs v0.8.3
2026-10-04T04:10:59.8879563Z    Compiling hyper-util v0.1.20
2026-10-04T04:11:00.5369810Z    Compiling gix-attributes v0.33.1
2026-10-04T04:11:02.6823754Z    Compiling async-compression v0.4.42
2026-10-04T04:11:03.0843116Z    Compiling http-body-util v0.1.3
2026-10-04T04:11:03.1170275Z    Compiling semver v1.0.28
2026-10-04T04:11:03.1380334Z    Compiling rustversion v1.0.22
2026-10-04T04:11:03.3109954Z    Compiling zmij v1.0.21
2026-10-04T04:11:03.3477490Z    Compiling tower-http v0.6.10
2026-10-04T04:11:03.4590351Z    Compiling gix-ref v0.64.0
2026-10-04T04:11:03.7658122Z    Compiling gix-url v0.36.1
2026-10-04T04:11:04.0789835Z    Compiling gix-packetline v0.21.4
2026-10-04T04:11:04.4229669Z    Compiling winnow v1.0.2
2026-10-04T04:11:04.8360248Z    Compiling mime v0.3.17
2026-10-04T04:11:05.0300457Z    Compiling serde_json v1.0.149
2026-10-04T04:11:05.1250455Z    Compiling toml_parser v1.1.2+spec-1.1.0
2026-10-04T04:11:06.0259676Z    Compiling gix-prompt v0.15.1
2026-10-04T04:11:06.4397878Z    Compiling gix-traverse v0.58.0
2026-10-04T04:11:06.4529830Z    Compiling gix-revision v0.46.0
2026-10-04T04:11:07.4029694Z    Compiling serde_spanned v1.1.1
2026-10-04T04:11:07.4854190Z    Compiling gix-bitmap v0.3.2
2026-10-04T04:11:07.7189790Z    Compiling hashbrown v0.16.1
2026-10-04T04:11:08.4379841Z    Compiling crossbeam-epoch v0.9.18
2026-10-04T04:11:08.8150473Z    Compiling filetime v0.2.28
2026-10-04T04:11:08.9399836Z    Compiling arrayvec v0.7.6
2026-10-04T04:11:08.9668227Z    Compiling utf8parse v0.2.2
2026-10-04T04:11:09.0095657Z    Compiling rayon-core v1.13.0
2026-10-04T04:11:09.0141632Z    Compiling toml_writer v1.1.1+spec-1.1.0
2026-10-04T04:11:09.0786680Z    Compiling object v0.37.3
2026-10-04T04:11:09.0977463Z    Compiling autocfg v1.5.0
2026-10-04T04:11:09.1871641Z    Compiling uluru v3.1.0
2026-10-04T04:11:09.2220334Z    Compiling anstyle-parse v1.0.0
2026-10-04T04:11:09.2485199Z    Compiling gix-index v0.52.0
2026-10-04T04:11:09.3665362Z    Compiling fs-err v3.3.0
2026-10-04T04:11:09.3739650Z    Compiling crossbeam-deque v0.8.6
2026-10-04T04:11:09.4431565Z    Compiling clru v0.6.3
2026-10-04T04:11:09.5090040Z    Compiling gix-refspec v0.42.0
2026-10-04T04:11:09.6780127Z    Compiling gix-credentials v0.38.1
2026-10-04T04:11:10.9241622Z    Compiling arc-swap v1.9.1
2026-10-04T04:11:11.6209738Z    Compiling gix-ignore v0.21.1
2026-10-04T04:11:12.0179807Z    Compiling toml_datetime v0.7.5+spec-1.1.0
2026-10-04T04:11:12.3919422Z    Compiling is_terminal_polyfill v1.70.2
2026-10-04T04:11:12.4329694Z    Compiling winnow v0.7.15
2026-10-04T04:11:13.9470111Z    Compiling anstyle v1.0.14
2026-10-04T04:11:14.1564896Z    Compiling camino v1.2.2
2026-10-04T04:11:14.2891706Z    Compiling foldhash v0.1.5
2026-10-04T04:11:14.4389632Z    Compiling gimli v0.32.3
2026-10-04T04:11:14.5641202Z    Compiling eyre v0.6.12
2026-10-04T04:11:14.7169849Z    Compiling owo-colors v4.3.0
2026-10-04T04:11:14.8173013Z    Compiling colorchoice v1.0.5
2026-10-04T04:11:14.8530227Z    Compiling anstyle-query v1.1.5
2026-10-04T04:11:14.9019654Z    Compiling anstream v1.0.0
2026-10-04T04:11:15.1105402Z    Compiling hashbrown v0.15.5
2026-10-04T04:11:15.3819784Z    Compiling toml v0.9.12+spec-1.1.0
2026-10-04T04:11:15.7829993Z    Compiling gix-worktree v0.53.0
2026-10-04T04:11:16.9019983Z    Compiling addr2line v0.25.1
2026-10-04T04:11:17.2858943Z    Compiling gix-pack v0.71.0
2026-10-04T04:11:20.5651353Z    Compiling gix-config v0.57.0
2026-10-04T04:11:22.2966645Z    Compiling gix-filter v0.31.0
2026-10-04T04:11:23.6640833Z    Compiling gix-pathspec v0.18.1
2026-10-04T04:11:26.1289777Z    Compiling gix-shallow v0.12.1
2026-10-04T04:11:26.8211784Z    Compiling gix-negotiate v0.32.0
2026-10-04T04:11:26.9149845Z    Compiling wasmparser v0.207.0
2026-10-04T04:11:27.5449840Z    Compiling regex v1.12.3
2026-10-04T04:11:27.8874188Z    Compiling maybe-async v0.2.10
2026-10-04T04:11:28.4240173Z    Compiling io-close v0.3.7
2026-10-04T04:11:28.5360235Z    Compiling rustc-demangle v0.1.27
2026-10-04T04:11:29.1199537Z    Compiling strsim v0.11.1
2026-10-04T04:11:29.6970104Z    Compiling binfarce v0.2.1
2026-10-04T04:11:29.9879872Z    Compiling powerfmt v0.2.0
2026-10-04T04:11:30.1867684Z    Compiling fixedbitset v0.5.7
2026-10-04T04:11:30.6730098Z    Compiling lazy_static v1.5.0
2026-10-04T04:11:30.7142131Z    Compiling clap_lex v1.1.0
2026-10-04T04:11:31.0044675Z    Compiling either v1.15.0
2026-10-04T04:11:31.1610339Z    Compiling indenter v0.3.4
2026-10-04T04:11:31.3509834Z    Compiling topological-sort v0.2.2
2026-10-04T04:11:31.5140574Z    Compiling heck v0.5.0
2026-10-04T04:11:31.6579802Z    Compiling clap_derive v4.6.1
2026-10-04T04:11:33.2729713Z    Compiling auditable-serde v0.9.0
2026-10-04T04:11:33.9079757Z    Compiling rayon v1.12.0
2026-10-04T04:11:34.4049793Z    Compiling clap_builder v4.6.0
2026-10-04T04:11:34.7024266Z    Compiling sharded-slab v0.1.7
2026-10-04T04:11:35.2880221Z    Compiling petgraph v0.8.3
2026-10-04T04:11:36.5369553Z    Compiling auditable-extract v0.3.5
2026-10-04T04:11:36.7019911Z    Compiling deranged v0.5.8
2026-10-04T04:11:38.1054074Z    Compiling backtrace v0.3.76
2026-10-04T04:11:38.1621188Z    Compiling gix-worktree-state v0.31.0
2026-10-04T04:11:38.7243785Z    Compiling gix-submodule v0.31.0
2026-10-04T04:11:41.1395391Z    Compiling gix-odb v0.81.0
2026-10-04T04:11:45.0801660Z    Compiling gix-discover v0.52.0
2026-10-04T04:11:46.3500002Z    Compiling tracing-log v0.2.0
2026-10-04T04:11:46.6384550Z    Compiling smol_str v0.3.2
2026-10-04T04:11:46.8864735Z    Compiling gix-diff v0.64.0
2026-10-04T04:11:46.9329233Z    Compiling toml_datetime v1.1.1+spec-1.1.0
2026-10-04T04:11:47.1180533Z    Compiling matchers v0.2.0
2026-10-04T04:11:47.2014571Z    Compiling toml-span v0.7.1
2026-10-04T04:11:47.2718112Z    Compiling thread_local v1.1.9
2026-10-04T04:11:47.4858353Z    Compiling time-core v0.1.8
2026-10-04T04:11:47.5331396Z    Compiling nu-ansi-term v0.50.3
2026-10-04T04:11:47.5677121Z    Compiling object v0.39.1
2026-10-04T04:11:47.6719719Z    Compiling twox-hash v2.1.2
2026-10-04T04:11:47.7554576Z    Compiling rustc-stable-hash v0.1.2
2026-10-04T04:11:47.8643876Z    Compiling num-conv v0.2.1
2026-10-04T04:11:47.9720158Z    Compiling ident_case v1.0.1
2026-10-04T04:11:48.0109834Z    Compiling time v0.3.47
2026-10-04T04:11:48.0320343Z    Compiling abscissa_derive v0.9.0
2026-10-04T04:11:48.3380317Z    Compiling tracing-subscriber v0.3.23
2026-10-04T04:11:51.0180785Z    Compiling toml v1.1.2+spec-1.1.0
2026-10-04T04:11:51.6233702Z    Compiling color-eyre v0.6.5
2026-10-04T04:11:53.0339809Z    Compiling cargo-lock v11.0.1
2026-10-04T04:11:54.7042488Z    Compiling clap v4.6.1
2026-10-04T04:11:54.7390945Z    Compiling auditable-info v0.10.0
2026-10-04T04:11:56.0240121Z    Compiling quitters v0.1.0
2026-10-04T04:11:56.2931244Z    Compiling secrecy v0.10.3
2026-10-04T04:11:56.3713113Z    Compiling cvss v2.2.0
2026-10-04T04:11:56.7309908Z    Compiling platforms v3.10.0
2026-10-04T04:11:57.1820609Z    Compiling wasmparser v0.247.0
2026-10-04T04:11:58.7287412Z    Compiling wait-timeout v0.2.1
2026-10-04T04:11:59.0663461Z    Compiling home v0.5.12
2026-10-04T04:11:59.0833852Z    Compiling termcolor v1.4.1
2026-10-04T04:11:59.1517271Z    Compiling canonical-path v2.0.2
2026-10-04T04:11:59.3319880Z    Compiling abscissa_core v0.9.0
2026-10-04T04:12:03.6800203Z    Compiling display-error-chain v0.2.2
2026-10-04T04:12:15.4436295Z    Compiling rustls-webpki v0.103.13
2026-10-04T04:12:18.9671720Z    Compiling tokio-rustls v0.26.4
2026-10-04T04:12:18.9672749Z    Compiling rustls-platform-verifier v0.7.0
2026-10-04T04:12:19.2234650Z    Compiling hyper-rustls v0.27.9
2026-10-04T04:12:19.5393783Z    Compiling reqwest v0.13.3
2026-10-04T04:12:21.3652660Z    Compiling gix-transport v0.57.1
2026-10-04T04:12:21.3653328Z    Compiling tame-index v0.26.3
2026-10-04T04:12:27.6809633Z    Compiling gix-protocol v0.62.0
2026-10-04T04:12:31.6789448Z    Compiling gix v0.84.0
2026-10-04T04:12:36.5759560Z    Compiling rustsec v0.33.0
2026-10-04T04:12:41.1299753Z    Compiling cargo-audit v0.22.2
2026-10-04T04:13:00.9736629Z     Finished `release` profile [optimized] target(s) in 2m 52s
2026-10-04T04:13:00.9982562Z   Installing /home/runner/.cargo/bin/cargo-audit
2026-10-04T04:13:00.9985099Z    Installed package `cargo-audit v0.22.2` (executable `cargo-audit`)
2026-10-04T04:13:01.3746261Z     Updating crates.io index
2026-10-04T04:13:01.4084991Z  Downloading crates ...
2026-10-04T04:13:01.4937545Z   Downloaded cargo-deny v0.20.2
2026-10-04T04:13:01.5264355Z   Installing cargo-deny v0.20.2
2026-10-04T04:13:01.5265396Z warning: default toolchain implicitly overridden with `1.98.0-x86_64-unknown-linux-gnu` by rustup toolchain file
2026-10-04T04:13:01.5266278Z   |
2026-10-04T04:13:01.5266913Z   = help: use `cargo +stable install` if you meant to use the stable toolchain
2026-10-04T04:13:01.5268243Z   = note: rustup selects the toolchain based on the parent environment and not the environment of the package being installed
2026-10-04T04:13:01.5294501Z     Updating crates.io index
2026-10-04T04:13:01.6676498Z     Updating crates.io index
2026-10-04T04:13:01.7183753Z  Downloading crates ...
2026-10-04T04:13:01.7376801Z   Downloaded anyhow v1.0.103
2026-10-04T04:13:01.7426344Z   Downloaded crossbeam-queue v0.3.12
2026-10-04T04:13:01.7440748Z   Downloaded bitvec v1.0.1
2026-10-04T04:13:01.7658967Z   Downloaded cfg-expr v0.20.7
2026-10-04T04:13:01.7698673Z   Downloaded codespan-reporting v0.13.1
2026-10-04T04:13:01.7804173Z   Downloaded crossbeam-epoch v0.9.20
2026-10-04T04:13:01.7829474Z   Downloaded crossbeam v0.8.4
2026-10-04T04:13:01.7840639Z   Downloaded codespan v0.13.1
2026-10-04T04:13:01.7852420Z   Downloaded either v1.16.0
2026-10-04T04:13:01.7866482Z   Downloaded funty v2.0.0
2026-10-04T04:13:01.7874111Z   Downloaded icu_normalizer v2.2.0
2026-10-04T04:13:01.7911039Z   Downloaded icu_properties v2.2.0
2026-10-04T04:13:01.7934160Z   Downloaded icu_properties_data v2.2.0
2026-10-04T04:13:01.8044838Z   Downloaded icu_normalizer_data v2.2.0
2026-10-04T04:13:01.8065961Z   Downloaded plain v0.2.3
2026-10-04T04:13:01.8076685Z   Downloaded icu_collections v2.2.0
2026-10-04T04:13:01.8139631Z   Downloaded strum v0.28.0
2026-10-04T04:13:01.8148011Z   Downloaded icu_locale_core v2.2.0
2026-10-04T04:13:01.8219316Z   Downloaded zerofrom v0.1.8
2026-10-04T04:13:01.8228553Z   Downloaded idna_adapter v1.2.2
2026-10-04T04:13:01.8237684Z   Downloaded pkg-config v0.3.33
2026-10-04T04:13:01.8253686Z   Downloaded radium v0.7.0
2026-10-04T04:13:01.8263725Z   Downloaded scroll_derive v0.13.1
2026-10-04T04:13:01.8271479Z   Downloaded scroll v0.13.0
2026-10-04T04:13:01.8284868Z   Downloaded globset v0.4.18
2026-10-04T04:13:01.8299435Z   Downloaded tap v1.0.1
2026-10-04T04:13:01.8308836Z   Downloaded wyz v0.5.1
2026-10-04T04:13:01.8320499Z   Downloaded target-lexicon v0.13.3
2026-10-04T04:13:01.8341279Z   Downloaded memmap2 v0.9.11
2026-10-04T04:13:01.8358080Z   Downloaded sha2 v0.10.9
2026-10-04T04:13:01.8384254Z   Downloaded strum_macros v0.28.0
2026-10-04T04:13:01.8408518Z   Downloaded icu_provider v2.2.0
2026-10-04T04:13:01.8434827Z   Downloaded krates v0.21.2
2026-10-04T04:13:01.8459118Z   Downloaded fern v0.7.1
2026-10-04T04:13:01.8502506Z   Downloaded serde_json v1.0.150
2026-10-04T04:13:01.8578179Z   Downloaded zstd v0.13.3
2026-10-04T04:13:01.8608239Z   Downloaded zstd-safe v7.2.4
2026-10-04T04:13:01.8623255Z   Downloaded goblin v0.10.5
2026-10-04T04:13:01.8694402Z   Downloaded unicode-width v0.2.2
2026-10-04T04:13:01.8752913Z   Downloaded petgraph v0.8.1
2026-10-04T04:13:01.8944123Z   Downloaded jiff v0.2.24
2026-10-04T04:13:01.9111962Z   Downloaded zstd-sys v2.0.16+zstd.1.5.7
2026-10-04T04:13:01.9279759Z   Downloaded spdx v0.13.4
2026-10-04T04:13:02.0362415Z    Compiling proc-macro2 v1.0.106
2026-10-04T04:13:02.0363053Z    Compiling unicode-ident v1.0.24
2026-10-04T04:13:02.0365204Z    Compiling quote v1.0.45
2026-10-04T04:13:02.0365518Z    Compiling libc v0.2.186
2026-10-04T04:13:02.0995421Z    Compiling stable_deref_trait v1.2.1
2026-10-04T04:13:02.1304774Z    Compiling serde_core v1.0.228
2026-10-04T04:13:02.1783965Z    Compiling smallvec v1.15.1
2026-10-04T04:13:02.2938988Z    Compiling find-msvc-tools v0.1.9
2026-10-04T04:13:02.3506977Z    Compiling shlex v1.3.0
2026-10-04T04:13:02.4719925Z    Compiling crossbeam-utils v0.8.21
2026-10-04T04:13:02.6169670Z    Compiling memchr v2.8.0
2026-10-04T04:13:03.0399940Z    Compiling syn v2.0.117
2026-10-04T04:13:03.1949717Z    Compiling jobserver v0.1.34
2026-10-04T04:13:03.4750099Z    Compiling cc v1.2.62
2026-10-04T04:13:04.0399684Z    Compiling serde v1.0.228
2026-10-04T04:13:04.1899932Z    Compiling version_check v0.9.5
2026-10-04T04:13:04.3960193Z    Compiling generic-array v0.14.7
2026-10-04T04:13:04.5039643Z    Compiling litemap v0.8.2
2026-10-04T04:13:04.6570492Z    Compiling crossbeam-epoch v0.9.20
2026-10-04T04:13:04.7650083Z    Compiling writeable v0.6.3
2026-10-04T04:13:04.9149495Z    Compiling pkg-config v0.3.33
2026-10-04T04:13:05.0569837Z    Compiling icu_properties_data v2.2.0
2026-10-04T04:13:05.1257590Z    Compiling synstructure v0.13.2
2026-10-04T04:13:05.3440994Z    Compiling zstd-sys v2.0.16+zstd.1.5.7
2026-10-04T04:13:05.5363104Z    Compiling utf8_iter v1.0.4
2026-10-04T04:13:05.5469869Z    Compiling typenum v1.20.0
2026-10-04T04:13:05.6089622Z    Compiling icu_normalizer_data v2.2.0
2026-10-04T04:13:05.6910152Z    Compiling cfg-if v1.0.4
2026-10-04T04:13:06.0413123Z    Compiling zerofrom-derive v0.1.7
2026-10-04T04:13:06.2507196Z    Compiling yoke-derive v0.8.2
2026-10-04T04:13:06.2900119Z    Compiling zerovec-derive v0.11.3
2026-10-04T04:13:06.7039807Z    Compiling zerofrom v0.1.8
2026-10-04T04:13:06.7730112Z    Compiling displaydoc v0.2.5
2026-10-04T04:13:06.8749416Z    Compiling yoke v0.8.2
2026-10-04T04:13:07.0010159Z    Compiling serde_derive v1.0.228
2026-10-04T04:13:07.1709558Z    Compiling zerovec v0.11.6
2026-10-04T04:13:07.2001294Z    Compiling zerotrie v0.2.4
2026-10-04T04:13:07.7679099Z    Compiling tinystr v0.8.3
2026-10-04T04:13:07.9038889Z    Compiling icu_locale_core v2.2.0
2026-10-04T04:13:07.9342452Z    Compiling potential_utf v0.1.5
2026-10-04T04:13:08.0129936Z    Compiling icu_collections v2.2.0
2026-10-04T04:13:08.5620087Z    Compiling zmij v1.0.21
2026-10-04T04:13:08.6999592Z    Compiling crossbeam-deque v0.8.6
2026-10-04T04:13:08.9611413Z    Compiling icu_provider v2.2.0
2026-10-04T04:13:09.4030278Z    Compiling aho-corasick v1.1.4
2026-10-04T04:13:09.8940037Z    Compiling rayon-core v1.13.0
2026-10-04T04:13:09.9680094Z    Compiling camino v1.2.2
2026-10-04T04:13:10.1230289Z    Compiling equivalent v1.0.2
2026-10-04T04:13:10.1539748Z    Compiling unicode-width v0.2.2
2026-10-04T04:13:10.3600116Z    Compiling utf8parse v0.2.2
2026-10-04T04:13:10.3988338Z    Compiling termcolor v1.4.1
2026-10-04T04:13:10.6459217Z    Compiling zstd-safe v7.2.4
2026-10-04T04:13:10.7238942Z    Compiling regex-syntax v0.8.10
2026-10-04T04:13:10.7350079Z    Compiling serde_json v1.0.150
2026-10-04T04:13:10.8130303Z    Compiling target-lexicon v0.13.3
2026-10-04T04:13:11.1310991Z    Compiling itoa v1.0.18
2026-10-04T04:13:11.2999767Z    Compiling codespan-reporting v0.13.1
2026-10-04T04:13:12.2298925Z    Compiling anstyle-parse v1.0.0
2026-10-04T04:13:12.3739751Z    Compiling icu_normalizer v2.2.0
2026-10-04T04:13:12.7729675Z    Compiling regex-automata v0.4.14
2026-10-04T04:13:13.2035965Z    Compiling icu_properties v2.2.0
2026-10-04T04:13:14.6521556Z    Compiling crypto-common v0.1.7
2026-10-04T04:13:14.6894072Z    Compiling block-buffer v0.10.4
2026-10-04T04:13:14.7413892Z    Compiling thiserror v2.0.18
2026-10-04T04:13:14.8518206Z    Compiling log v0.4.29
2026-10-04T04:13:15.0019827Z    Compiling parking_lot_core v0.9.12
2026-10-04T04:13:15.1109727Z    Compiling allocator-api2 v0.2.21
2026-10-04T04:13:15.3519799Z    Compiling anstyle v1.0.14
2026-10-04T04:13:15.4701962Z    Compiling hashbrown v0.17.1
2026-10-04T04:13:15.5169833Z    Compiling radium v0.7.0
2026-10-04T04:13:15.6299927Z    Compiling colorchoice v1.0.5
2026-10-04T04:13:15.6719672Z    Compiling is_terminal_polyfill v1.70.2
2026-10-04T04:13:15.7089594Z    Compiling foldhash v0.1.5
2026-10-04T04:13:15.8329662Z    Compiling tinyvec_macros v0.1.1
2026-10-04T04:13:15.8574570Z    Compiling anstyle-query v1.1.5
2026-10-04T04:13:15.9009772Z    Compiling anstream v1.0.0
2026-10-04T04:13:16.1890062Z    Compiling indexmap v2.14.0
2026-10-04T04:13:16.2020208Z    Compiling tinyvec v1.11.0
2026-10-04T04:13:16.6403103Z    Compiling hashbrown v0.15.5
2026-10-04T04:13:17.0729732Z    Compiling digest v0.10.7
2026-10-04T04:13:17.3123236Z    Compiling idna_adapter v1.2.2
2026-10-04T04:13:18.9839828Z    Compiling thiserror-impl v2.0.18
2026-10-04T04:13:18.9891184Z    Compiling scroll_derive v0.13.1
2026-10-04T04:13:19.6059722Z    Compiling ring v0.17.14
2026-10-04T04:13:19.7239691Z    Compiling semver v1.0.28
2026-10-04T04:13:19.9353789Z    Compiling cpufeatures v0.2.17
2026-10-04T04:13:19.9627545Z    Compiling fixedbitset v0.5.7
2026-10-04T04:13:20.1076667Z    Compiling tap v1.0.1
2026-10-04T04:13:20.1184879Z    Compiling bytes v1.11.1
2026-10-04T04:13:20.1569559Z    Compiling either v1.16.0
2026-10-04T04:13:20.2979871Z    Compiling heck v0.5.0
2026-10-04T04:13:20.3156473Z    Compiling scopeguard v1.2.0
2026-10-04T04:13:20.3529763Z    Compiling percent-encoding v2.3.2
2026-10-04T04:13:20.4449754Z    Compiling anyhow v1.0.103
2026-10-04T04:13:20.4990622Z    Compiling clap_lex v1.1.0
2026-10-04T04:13:20.6009980Z    Compiling strsim v0.11.1
2026-10-04T04:13:20.7499639Z    Compiling http v1.4.0
2026-10-04T04:13:20.8329835Z    Compiling clap_builder v4.6.0
2026-10-04T04:13:21.1310320Z    Compiling strum_macros v0.28.0
2026-10-04T04:13:22.1430325Z    Compiling form_urlencoded v1.2.2
2026-10-04T04:13:22.2780550Z    Compiling lock_api v0.4.14
2026-10-04T04:13:22.4699791Z    Compiling rayon v1.12.0
2026-10-04T04:13:23.0789790Z    Compiling petgraph v0.8.1
2026-10-04T04:13:24.9601375Z    Compiling wyz v0.5.1
2026-10-04T04:13:25.0201016Z    Compiling sha2 v0.10.9
2026-10-04T04:13:25.8229623Z    Compiling scroll v0.13.0
2026-10-04T04:13:26.0180117Z    Compiling cfg-expr v0.20.7
2026-10-04T04:13:26.7349795Z    Compiling idna v1.1.0
2026-10-04T04:13:28.0950110Z    Compiling unicode-normalization v0.1.25
2026-10-04T04:13:28.2539471Z    Compiling regex v1.12.3
2026-10-04T04:13:28.5729673Z    Compiling toml-span v0.7.1
2026-10-04T04:13:29.0160629Z    Compiling smol_str v0.3.2
2026-10-04T04:13:29.2170694Z    Compiling getrandom v0.2.17
2026-10-04T04:13:29.3273886Z    Compiling crossbeam-queue v0.3.12
2026-10-04T04:13:29.4439710Z    Compiling crossbeam-channel v0.5.15
2026-10-04T04:13:29.9792670Z    Compiling bstr v1.12.1
2026-10-04T04:13:30.5407916Z    Compiling rustc-stable-hash v0.1.2
2026-10-04T04:13:30.5534716Z    Compiling untrusted v0.9.0
2026-10-04T04:13:30.6020864Z    Compiling twox-hash v2.1.2
2026-10-04T04:13:30.6296459Z    Compiling funty v2.0.0
2026-10-04T04:13:30.7072863Z    Compiling same-file v1.0.6
2026-10-04T04:13:30.7849600Z    Compiling plain v0.2.3
2026-10-04T04:13:30.8377810Z    Compiling goblin v0.10.5
2026-10-04T04:13:31.3849465Z    Compiling bitvec v1.0.1
2026-10-04T04:13:33.9062295Z    Compiling walkdir v2.5.0
2026-10-04T04:13:34.2699958Z    Compiling tame-index v0.26.3
2026-10-04T04:13:37.5004807Z    Compiling globset v0.4.18
2026-10-04T04:13:38.4509788Z    Compiling crossbeam v0.8.4
2026-10-04T04:13:38.4840204Z    Compiling parking_lot v0.12.5
2026-10-04T04:13:39.0387612Z    Compiling url v2.5.8
2026-10-04T04:13:39.1279573Z    Compiling krates v0.21.2
2026-10-04T04:13:40.5319960Z    Compiling strum v0.28.0
2026-10-04T04:13:40.5849680Z    Compiling clap v4.6.1
2026-10-04T04:13:40.7499663Z    Compiling fern v0.7.1
2026-10-04T04:13:41.0049794Z    Compiling codespan v0.13.1
2026-10-04T04:13:41.3009663Z    Compiling memmap2 v0.9.11
2026-10-04T04:13:41.4830536Z    Compiling nu-ansi-term v0.50.3
2026-10-04T04:13:41.5609571Z    Compiling jiff v0.2.24
2026-10-04T04:13:49.6436882Z    Compiling zstd v0.13.3
2026-10-04T04:13:49.7802823Z    Compiling spdx v0.13.4
2026-10-04T04:13:50.2057514Z    Compiling cargo-deny v0.20.2
2026-10-04T04:14:55.7135358Z     Finished `release` profile [optimized] target(s) in 1m 54s
2026-10-04T04:14:55.7228089Z   Installing /home/runner/.cargo/bin/cargo-deny
2026-10-04T04:14:55.7231357Z    Installed package `cargo-deny v0.20.2` (executable `cargo-deny`)
2026-10-04T04:14:55.8750705Z ##[group]Run make rust-check parity-smoke
2026-10-04T04:14:55.8751083Z [36;1mmake rust-check parity-smoke[0m
2026-10-04T04:14:55.8813319Z shell: /usr/bin/bash -e {0}
2026-10-04T04:14:55.8813584Z env:
2026-10-04T04:14:55.8813780Z   GOTOOLCHAIN: local
2026-10-04T04:14:55.8813999Z ##[endgroup]
2026-10-04T04:14:55.9722108Z ./scripts/run-go-oracle.sh "HEAD" run scripts/generate-go-printable-table.go -check
2026-10-04T04:15:01.7513549Z ./scripts/run-go-oracle.sh "HEAD" run ./scripts/usage-oracle -check
2026-10-04T04:15:09.5186837Z PASS: usage oracle deterministic check passed (10 providers, 10 cases)
2026-10-04T04:15:09.6793416Z SYMAIRA_EXTERNAL_BASE="" bash /home/runner/work/symaira-brain/symaira-brain/scripts/run-external-env.sh env GOTOOLCHAIN=go1.26.7 go run ./scripts/usage-request-oracle/opencode -check
2026-10-04T04:15:14.0233243Z ./scripts/run-go-oracle.sh "HEAD" test -count=1 ./internal/gateway -run '^TestUsageDiscoveryIsDeferredAndRepeatedPerCall$'
2026-10-04T04:15:35.1545161Z ok  	github.com/danieljustus/symaira-brain/internal/gateway	0.161s
2026-10-04T04:15:35.6332724Z ./scripts/run-go-oracle.sh "HEAD" build -ldflags "-X main.version=dev" -o "/home/runner/work/symaira-brain/symaira-brain/target/go/symbrain-go" ./cmd/symbrain
2026-10-04T04:15:39.9716735Z SYMAIRA_EXTERNAL_BASE="" bash /home/runner/work/symaira-brain/symaira-brain/scripts/run-external-env.sh env GOTOOLCHAIN=go1.26.7 CGO_ENABLED=0 go run ./scripts/activity-cli-oracle -go-binary "/home/runner/work/symaira-brain/symaira-brain/target/go/symbrain-go" -check
2026-10-04T04:15:40.9968538Z PASS: bounded activity CLI Go oracle is current
2026-10-04T04:15:41.0013994Z ./scripts/run-go-oracle.sh "HEAD" run ./scripts/policy-oracle -check
2026-10-04T04:15:42.0051876Z PASS: policy oracle deterministic check passed (0 drift on 50 profile cases, 30 policy cases)
2026-10-04T04:15:42.1420391Z ./scripts/run-go-oracle.sh "HEAD" run ./scripts/xdg-oracle -check
2026-10-04T04:15:45.6305743Z PASS: xdg oracle deterministic check passed (0 drift on 256 cases)
2026-10-04T04:15:45.7673218Z ./scripts/run-go-oracle.sh "HEAD" run ./guard/scripts/guard-oracle -check
2026-10-04T04:15:46.8092611Z PASS: guard oracle deterministic check passed (0 drift on 164 cases)
2026-10-04T04:15:46.9461671Z ./scripts/run-go-oracle.sh "HEAD" run ./guard/scripts/guard-doctor-oracle -check
2026-10-04T04:15:47.8870962Z PASS: guard doctor oracle deterministic check passed (0 drift on 9 cases)
2026-10-04T04:15:48.0234266Z ./guard/scripts/guard-scan-oracle/run.sh check
2026-10-04T04:16:17.4894472Z PASS: guard scan oracle byte check passed (9 cases)
2026-10-04T04:16:17.4964339Z ./guard/scripts/guard-scan-oracle/run.sh test
2026-10-04T04:16:17.6150895Z .....
2026-10-04T04:16:17.6151441Z ----------------------------------------------------------------------
2026-10-04T04:16:17.6152025Z Ran 5 tests in 0.054s
2026-10-04T04:16:17.6152257Z 
2026-10-04T04:16:17.6152375Z OK
2026-10-04T04:16:17.6236571Z ./scripts/run-go-oracle.sh "HEAD" run ./scripts/catalog-oracle -check
2026-10-04T04:16:18.6129678Z PASS: catalog oracle deterministic check passed (0 drift on 3 cases)
2026-10-04T04:16:18.7519476Z ./scripts/run-go-oracle.sh "HEAD" run ./scripts/audit-oracle -check
2026-10-04T04:16:19.6937449Z PASS: audit oracle deterministic check passed
2026-10-04T04:16:19.8309788Z ./scripts/run-go-oracle.sh "HEAD" run ./scripts/patterns-activity-oracle -check
2026-10-04T04:16:21.3839865Z PASS: patterns/activity oracle deterministic check passed
2026-10-04T04:16:21.5245760Z ./scripts/run-go-oracle.sh "HEAD" run ./scripts/mcp-oracle -check
2026-10-04T04:16:22.3756777Z PASS: MCP oracle deterministic check passed (20 cases)
2026-10-04T04:16:22.5119751Z ./scripts/run-go-oracle.sh "HEAD" run ./scripts/gateway-oracle -check
2026-10-04T04:16:25.8373781Z PASS: gateway oracle deterministic check passed (8 cases)
2026-10-04T04:16:25.9828069Z ./scripts/run-go-oracle.sh "HEAD" run ./scripts/broker-oracle -check
2026-10-04T04:16:27.1534050Z PASS: broker oracle deterministic check passed
2026-10-04T04:16:27.2914271Z ./scripts/run-go-oracle.sh "HEAD" test ./internal/managed -run TestRustManagedOracleFixture -count=1
2026-10-04T04:16:28.6466785Z ok  	github.com/danieljustus/symaira-brain/internal/managed	0.006s
2026-10-04T04:16:28.7900396Z ./scripts/run-go-oracle.sh "HEAD" run ./scripts/skills-oracle -check
2026-10-04T04:16:30.1161922Z PASS: skills oracle deterministic check passed
2026-10-04T04:16:30.2560058Z ./scripts/run-go-oracle.sh "HEAD" run ./scripts/instructions-oracle -check
2026-10-04T04:16:31.2088939Z PASS: instructions oracle deterministic check passed (32 cases)
2026-10-04T04:16:31.3445306Z ./scripts/run-go-oracle.sh "HEAD" run ./scripts/adapters-oracle -check
2026-10-04T04:16:32.3605078Z PASS: adapters oracle deterministic check passed (25 cases)
2026-10-04T04:16:32.4977803Z ./scripts/run-go-oracle.sh "HEAD" run ./scripts/install-oracle -check
2026-10-04T04:16:36.6826776Z PASS: install oracle deterministic check passed (21 cases)
2026-10-04T04:16:36.8178926Z ./scripts/run-go-oracle.sh "HEAD" run ./scripts/profile-remove-oracle -check
2026-10-04T04:16:40.9714008Z PASS: profile remove oracle deterministic check passed (20 cases)
2026-10-04T04:16:41.1061363Z ./scripts/run-go-oracle.sh "HEAD" run ./scripts/db-memory-oracle -check
2026-10-04T04:16:42.5321590Z PASS: db-memory oracle deterministic check passed (29 tables, 4 negative cases, 2 ordering cases)
2026-10-04T04:16:42.6782293Z ./scripts/run-go-oracle.sh "HEAD" build -ldflags "-X main.version=dev" -o "/home/runner/work/symaira-brain/symaira-brain/target/go/symbrain-go" ./cmd/symbrain
2026-10-04T04:16:46.7062252Z SYMAIRA_EXTERNAL_BASE="" bash /home/runner/work/symaira-brain/symaira-brain/scripts/run-external-env.sh env GOTOOLCHAIN=go1.26.7 CGO_ENABLED=0 go run ./scripts/cli-oracle -go-binary "/home/runner/work/symaira-brain/symaira-brain/target/go/symbrain-go" -check
2026-10-04T04:16:47.2052144Z PASS: cli oracle deterministic check passed (88 cases)
2026-10-04T04:16:47.2090804Z SYMAIRA_EXTERNAL_BASE="" bash /home/runner/work/symaira-brain/symaira-brain/scripts/run-external-env.sh cargo fmt --all --check
2026-10-04T04:16:48.1634114Z SYMAIRA_EXTERNAL_BASE="" bash /home/runner/work/symaira-brain/symaira-brain/scripts/run-external-env.sh cargo check --workspace --all-targets --all-features --locked
2026-10-04T04:16:48.2260146Z     Updating crates.io index
2026-10-04T04:16:48.2275283Z     Updating git repository `https://github.com/danieljustus/symaira-corekit`
2026-10-04T04:16:49.2890473Z  Downloading crates ...
2026-10-04T04:16:49.3356599Z   Downloaded ambient-authority v0.0.2
2026-10-04T04:16:49.3372930Z   Downloaded autocfg v1.5.1
2026-10-04T04:16:49.3395505Z   Downloaded proc-macro2 v1.0.107
2026-10-04T04:16:49.3430288Z   Downloaded jobserver v0.1.35
2026-10-04T04:16:49.3454074Z   Downloaded ipnet v2.12.2
2026-10-04T04:16:49.3472297Z   Downloaded io-lifetimes v2.0.4
2026-10-04T04:16:49.3494737Z   Downloaded ryu v1.0.23
2026-10-04T04:16:49.3539575Z   Downloaded cfg_aliases v0.2.2
2026-10-04T04:16:49.3540245Z   Downloaded fallible-streaming-iterator v0.1.9
2026-10-04T04:16:49.3550837Z   Downloaded io-extras v0.19.0
2026-10-04T04:16:49.3573419Z   Downloaded aho-corasick v1.1.5
2026-10-04T04:16:49.3641576Z   Downloaded fs2 v0.4.3
2026-10-04T04:16:49.3655711Z   Downloaded futures-macro v0.3.34
2026-10-04T04:16:49.3666894Z   Downloaded cpufeatures v0.3.1
2026-10-04T04:16:49.3685304Z   Downloaded futures-sink v0.3.34
2026-10-04T04:16:49.3696115Z   Downloaded icu_collections v2.3.0
2026-10-04T04:16:49.3778040Z   Downloaded find-msvc-tools v0.1.12
2026-10-04T04:16:49.3806200Z   Downloaded unsafe-libyaml v0.2.11
2026-10-04T04:16:49.3844741Z   Downloaded futures-core v0.3.34
2026-10-04T04:16:49.3870546Z   Downloaded icu_locale_core v2.3.0
2026-10-04T04:16:49.3959981Z   Downloaded toml_writer v1.1.2+spec-1.1.0
2026-10-04T04:16:49.3976054Z   Downloaded tinyvec v1.13.3
2026-10-04T04:16:49.4018908Z   Downloaded iana-time-zone v0.1.65
2026-10-04T04:16:49.4057197Z   Downloaded socket2 v0.6.5
2026-10-04T04:16:49.4079278Z   Downloaded futures-task v0.3.34
2026-10-04T04:16:49.4092486Z   Downloaded icu_properties v2.3.0
2026-10-04T04:16:49.4123828Z   Downloaded io-lifetimes v3.0.1
2026-10-04T04:16:49.4140952Z   Downloaded utf8-zero v0.8.1
2026-10-04T04:16:49.4155344Z   Downloaded yoke-derive v0.8.4
2026-10-04T04:16:49.4167033Z   Downloaded zerofrom-derive v0.1.8
2026-10-04T04:16:49.4177499Z   Downloaded fs-set-times v0.20.3
2026-10-04T04:16:49.4192242Z   Downloaded http-body v1.1.0
2026-10-04T04:16:49.4202887Z   Downloaded hyper-rustls v0.27.10
2026-10-04T04:16:49.4217871Z   Downloaded hyper-util v0.1.21
2026-10-04T04:16:49.4284553Z   Downloaded icu_provider v2.3.1
2026-10-04T04:16:49.4312949Z   Downloaded lru-slab v0.1.3
2026-10-04T04:16:49.4322005Z   Downloaded maybe-owned v0.3.4
2026-10-04T04:16:49.4334496Z   Downloaded potential_utf v0.1.6
2026-10-04T04:16:49.4345605Z   Downloaded cap-fs-ext v4.0.3
2026-10-04T04:16:49.4362256Z   Downloaded fallible-iterator v0.3.0
2026-10-04T04:16:49.4374741Z   Downloaded getrandom v0.3.3
2026-10-04T04:16:49.4408737Z   Downloaded http-body-util v0.1.5
2026-10-04T04:16:49.4429021Z   Downloaded icu_normalizer_data v2.3.0
2026-10-04T04:16:49.4450276Z   Downloaded num-traits v0.2.19
2026-10-04T04:16:49.4476531Z   Downloaded pkg-config v0.3.34
2026-10-04T04:16:49.4492013Z   Downloaded rand_core v0.10.1
2026-10-04T04:16:49.4508180Z   Downloaded rand_pcg v0.10.2
2026-10-04T04:16:49.4523113Z   Downloaded rustc-hash v2.1.3
2026-10-04T04:16:49.4536461Z   Downloaded rustix-linux-procfs v0.1.1
2026-10-04T04:16:49.4548399Z   Downloaded signal-hook-registry v1.4.8
2026-10-04T04:16:49.4560670Z   Downloaded simd-adler32 v0.3.10
2026-10-04T04:16:49.4579541Z   Downloaded tokio-macros v2.7.2
2026-10-04T04:16:49.4590484Z   Downloaded zeroize v1.9.0
2026-10-04T04:16:49.4606054Z   Downloaded bitflags v2.13.1
2026-10-04T04:16:49.4651817Z   Downloaded filetime v0.2.29
2026-10-04T04:16:49.4668753Z   Downloaded quinn-udp v0.5.16
2026-10-04T04:16:49.4687079Z   Downloaded quote v1.0.47
2026-10-04T04:16:49.4715068Z   Downloaded rustls-native-certs v0.8.4
2026-10-04T04:16:49.4728671Z   Downloaded rustls-pki-types v1.15.1
2026-10-04T04:16:49.4755181Z   Downloaded shlex v2.0.1
2026-10-04T04:16:49.4768856Z   Downloaded smallvec v1.16.0
2026-10-04T04:16:49.4782700Z   Downloaded synstructure v0.14.0
2026-10-04T04:16:49.4793230Z   Downloaded thiserror-impl v2.0.20
2026-10-04T04:16:49.4808267Z   Downloaded tokio-rustls v0.26.6
2026-10-04T04:16:49.4825713Z   Downloaded zerovec-derive v0.11.6
2026-10-04T04:16:49.4843559Z   Downloaded aws-lc-rs v1.18.1
2026-10-04T04:16:49.4952325Z   Downloaded bytes v1.12.1
2026-10-04T04:16:49.4988159Z   Downloaded cap-std v4.0.3
2026-10-04T04:16:49.5018967Z   Downloaded chacha20 v0.10.2
2026-10-04T04:16:49.5043839Z   Downloaded displaydoc v0.2.7
2026-10-04T04:16:49.5064795Z   Downloaded fastrand v2.5.0
2026-10-04T04:16:49.5079176Z   Downloaded futures-channel v0.3.34
2026-10-04T04:16:49.5098519Z   Downloaded hashlink v0.12.1
2026-10-04T04:16:49.5119667Z   Downloaded hmac v0.12.1
2026-10-04T04:16:49.5140630Z   Downloaded indexmap v2.14.2
2026-10-04T04:16:49.5183780Z   Downloaded litemap v0.8.3
2026-10-04T04:16:49.5207385Z   Downloaded log v0.4.34
2026-10-04T04:16:49.5233131Z   Downloaded rustls-platform-verifier v0.7.1
2026-10-04T04:16:49.5274000Z   Downloaded serde_core v1.0.229
2026-10-04T04:16:49.5301888Z   Downloaded serde_yaml_ng v0.10.0
2026-10-04T04:16:49.5335621Z   Downloaded signal-hook v0.3.18
2026-10-04T04:16:49.5366654Z   Downloaded tinystr v0.8.4
2026-10-04T04:16:49.5388186Z   Downloaded toml_parser v1.1.3+spec-1.1.0
2026-10-04T04:16:49.5411668Z   Downloaded cap-primitives v4.0.3
2026-10-04T04:16:49.5531633Z   Downloaded crc32fast v1.5.1
2026-10-04T04:16:49.5552611Z   Downloaded flate2 v1.1.10
2026-10-04T04:16:49.5602721Z   Downloaded getrandom v0.4.3
2026-10-04T04:16:49.5641850Z   Downloaded miniz_oxide v0.9.1
2026-10-04T04:16:49.5667320Z   Downloaded serde_derive v1.0.229
2026-10-04T04:16:49.5698656Z   Downloaded thiserror v2.0.20
2026-10-04T04:16:49.5765214Z   Downloaded writeable v0.6.4
2026-10-04T04:16:49.5786624Z   Downloaded zmij v1.0.23
2026-10-04T04:16:49.5805096Z   Downloaded http v1.5.0
2026-10-04T04:16:49.5841989Z   Downloaded quinn v0.11.12
2026-10-04T04:16:49.5875257Z   Downloaded rustls-webpki v0.103.15
2026-10-04T04:16:49.5906312Z   Downloaded serde v1.0.229
2026-10-04T04:16:49.5941278Z   Downloaded tar v0.4.46
2026-10-04T04:16:49.5970224Z   Downloaded yoke v0.8.3
2026-10-04T04:16:49.5988759Z   Downloaded base64 v0.23.1
2026-10-04T04:16:49.6029198Z   Downloaded cc v1.4.5
2026-10-04T04:16:49.6059932Z   Downloaded memchr v2.8.3
2026-10-04T04:16:49.6115769Z   Downloaded icu_properties_data v2.3.0
2026-10-04T04:16:49.6225307Z   Downloaded mio v1.2.3
2026-10-04T04:16:49.6288798Z   Downloaded rand v0.10.3
2026-10-04T04:16:49.6346046Z   Downloaded hyper v1.11.1
2026-10-04T04:16:49.6421914Z   Downloaded regex v1.13.1
2026-10-04T04:16:49.6475534Z   Downloaded rusqlite v0.40.2
2026-10-04T04:16:49.6544071Z   Downloaded serde_json v1.0.151
2026-10-04T04:16:49.6618238Z   Downloaded toml_edit v0.25.13+spec-1.1.0
2026-10-04T04:16:49.6658849Z   Downloaded hkdf v0.12.4
2026-10-04T04:16:49.6682906Z   Downloaded reqwest v0.13.4
2026-10-04T04:16:49.6737410Z   Downloaded typed-path v0.12.3
2026-10-04T04:16:49.6806399Z   Downloaded ureq-proto v0.6.2
2026-10-04T04:16:49.6850466Z   Downloaded futures-util v0.3.34
2026-10-04T04:16:49.6992526Z   Downloaded chrono v0.4.45
2026-10-04T04:16:49.7058655Z   Downloaded quinn-proto v0.11.19
2026-10-04T04:16:49.7127335Z   Downloaded zerotrie v0.2.5
2026-10-04T04:16:49.7167830Z   Downloaded syn v3.0.5
2026-10-04T04:16:49.7274486Z   Downloaded regex-syntax v0.8.11
2026-10-04T04:16:49.7341310Z   Downloaded typenum v1.20.1
2026-10-04T04:16:49.7376633Z   Downloaded rustls v0.23.45
2026-10-04T04:16:49.7497189Z   Downloaded tokio-util v0.7.19
2026-10-04T04:16:49.7578052Z   Downloaded zip v8.6.0
2026-10-04T04:16:49.7627393Z   Downloaded ureq v3.4.1
2026-10-04T04:16:49.7684745Z   Downloaded icu_normalizer v2.3.0
2026-10-04T04:16:49.7781253Z   Downloaded tower-http v0.6.11
2026-10-04T04:16:49.7880114Z   Downloaded zerovec v0.11.8
2026-10-04T04:16:49.7941146Z   Downloaded winnow v1.0.4
2026-10-04T04:16:49.8041337Z   Downloaded regex-automata v0.4.18
2026-10-04T04:16:49.8183630Z   Downloaded webpki-roots v1.0.9
2026-10-04T04:16:49.8214206Z   Downloaded zlib-rs v0.6.7
2026-10-04T04:16:49.8269318Z   Downloaded vcpkg v0.2.15
2026-10-04T04:16:49.8824623Z   Downloaded libc v0.2.189
2026-10-04T04:16:49.9266230Z   Downloaded tokio v1.53.1
2026-10-04T04:16:49.9737309Z   Downloaded libsqlite3-sys v0.38.2
2026-10-04T04:16:50.0343139Z   Downloaded aws-lc-sys v0.45.0
2026-10-04T04:16:50.4197943Z    Compiling proc-macro2 v1.0.107
2026-10-04T04:16:50.4201236Z    Compiling quote v1.0.47
2026-10-04T04:16:50.4201931Z    Compiling unicode-ident v1.0.24
2026-10-04T04:16:50.4202492Z    Compiling libc v0.2.189
2026-10-04T04:16:50.4790143Z     Checking cfg-if v1.0.4
2026-10-04T04:16:50.5035500Z     Checking itoa v1.0.18
2026-10-04T04:16:50.5795158Z     Checking once_cell v1.21.4
2026-10-04T04:16:50.5889828Z    Compiling serde_core v1.0.229
2026-10-04T04:16:50.6917253Z    Compiling serde v1.0.229
2026-10-04T04:16:50.8730706Z     Checking bitflags v2.13.1
2026-10-04T04:16:50.9819857Z     Checking memchr v2.8.3
2026-10-04T04:16:51.3739911Z    Compiling rustix v1.1.4
2026-10-04T04:16:51.4579690Z    Compiling syn v3.0.5
2026-10-04T04:16:51.5445654Z    Compiling zmij v1.0.23
2026-10-04T04:16:51.6649688Z     Checking linux-raw-sys v0.12.1
2026-10-04T04:16:51.7149607Z    Compiling serde_json v1.0.151
2026-10-04T04:16:52.0659734Z    Compiling getrandom v0.4.3
2026-10-04T04:16:52.2746150Z     Checking fastrand v2.5.0
2026-10-04T04:16:52.3919830Z    Compiling autocfg v1.5.1
2026-10-04T04:16:52.6905771Z    Compiling num-traits v0.2.19
2026-10-04T04:16:52.7949920Z     Checking foldhash v0.2.0
2026-10-04T04:16:52.8749794Z     Checking hashbrown v0.17.1
2026-10-04T04:16:53.4749757Z     Checking iana-time-zone v0.1.65
2026-10-04T04:16:53.5479813Z     Checking equivalent v1.0.2
2026-10-04T04:16:53.5779547Z     Checking indexmap v2.14.2
2026-10-04T04:16:54.0209934Z     Checking winnow v1.0.4
2026-10-04T04:16:54.1482147Z     Checking toml_writer v1.1.2+spec-1.1.0
2026-10-04T04:16:54.2609986Z     Checking toml_datetime v1.1.1+spec-1.1.0
2026-10-04T04:16:54.3619577Z     Checking subtle v2.6.1
2026-10-04T04:16:54.4369848Z    Compiling version_check v0.9.5
2026-10-04T04:16:54.6420203Z     Checking tempfile v3.27.0
2026-10-04T04:16:54.6590027Z    Compiling generic-array v0.14.7
2026-10-04T04:16:54.7699642Z     Checking typenum v1.20.1
2026-10-04T04:16:54.7880165Z     Checking cpufeatures v0.2.17
2026-10-04T04:16:54.8199727Z     Checking ipnet v2.12.2
2026-10-04T04:16:55.0080331Z     Checking toml_parser v1.1.3+spec-1.1.0
2026-10-04T04:16:55.0119638Z    Compiling io-lifetimes v2.0.4
2026-10-04T04:16:55.1689718Z    Compiling io-lifetimes v3.0.1
2026-10-04T04:16:55.3059506Z     Checking toml_edit v0.25.13+spec-1.1.0
2026-10-04T04:16:55.3639831Z    Compiling io-extras v0.19.0
2026-10-04T04:16:55.6909815Z    Compiling cap-primitives v4.0.3
2026-10-04T04:16:55.8376384Z     Checking fs-set-times v0.20.3
2026-10-04T04:16:55.8851000Z     Checking crypto-common v0.1.7
2026-10-04T04:16:55.8909406Z     Checking block-buffer v0.10.4
2026-10-04T04:16:55.9339785Z     Checking rustix-linux-procfs v0.1.1
2026-10-04T04:16:55.9439605Z     Checking ambient-authority v0.0.2
2026-10-04T04:16:55.9516588Z     Checking digest v0.10.7
2026-10-04T04:16:55.9740333Z     Checking maybe-owned v0.3.4
2026-10-04T04:16:56.0170107Z    Compiling cap-std v4.0.3
2026-10-04T04:16:56.0810350Z     Checking sha2 v0.10.9
2026-10-04T04:16:56.2479860Z    Compiling cap-fs-ext v4.0.3
2026-10-04T04:16:56.4270200Z    Compiling find-msvc-tools v0.1.12
2026-10-04T04:16:56.5830023Z    Compiling serde_derive v1.0.229
2026-10-04T04:16:56.5889458Z    Compiling shlex v2.0.1
2026-10-04T04:16:56.6299687Z    Compiling pkg-config v0.3.34
2026-10-04T04:16:56.7005516Z     Checking bytes v1.12.1
2026-10-04T04:16:57.0689596Z     Checking unsafe-libyaml v0.2.11
2026-10-04T04:16:57.1150978Z     Checking ryu v1.0.23
2026-10-04T04:16:57.1929683Z    Compiling fs_extra v1.3.0
2026-10-04T04:16:57.2920141Z    Compiling jobserver v0.1.35
2026-10-04T04:16:57.3970128Z    Compiling dunce v1.0.5
2026-10-04T04:16:57.4379581Z     Checking zeroize v1.9.0
2026-10-04T04:16:57.5219872Z    Compiling cc v1.4.5
2026-10-04T04:16:57.5569930Z    Compiling aws-lc-rs v1.18.1
2026-10-04T04:16:57.5899558Z     Checking rustls-pki-types v1.15.1
2026-10-04T04:16:57.7079759Z     Checking http v1.5.0
2026-10-04T04:16:57.8479576Z     Checking getrandom v0.2.17
2026-10-04T04:16:57.9309740Z    Compiling httparse v1.10.1
2026-10-04T04:16:58.1289901Z     Checking untrusted v0.9.0
2026-10-04T04:16:58.1959507Z    Compiling synstructure v0.14.0
2026-10-04T04:16:58.2919586Z     Checking fs2 v0.4.3
2026-10-04T04:16:58.3476324Z     Checking log v0.4.34
2026-10-04T04:16:58.4409620Z    Compiling cmake v0.1.58
2026-10-04T04:16:58.6959420Z    Compiling rustls v0.23.45
2026-10-04T04:16:58.7420221Z     Checking percent-encoding v2.3.2
2026-10-04T04:16:58.8129690Z    Compiling zerofrom-derive v0.1.8
2026-10-04T04:16:58.9319750Z     Checking base64 v0.23.1
2026-10-04T04:16:59.1549901Z    Compiling aws-lc-sys v0.45.0
2026-10-04T04:16:59.1669584Z    Compiling ring v0.17.14
2026-10-04T04:16:59.9469792Z     Checking zerofrom v0.1.8
2026-10-04T04:16:59.9829884Z     Checking chrono v0.4.45
2026-10-04T04:17:00.0101788Z     Checking serde_yaml_ng v0.10.0
2026-10-04T04:17:00.7359250Z    Compiling yoke-derive v0.8.4
2026-10-04T04:17:00.7507561Z     Checking symbrain-core v0.12.1 (/home/runner/work/symaira-brain/symaira-brain/rust/symbrain-core)
2026-10-04T04:17:01.0157361Z     Checking symbrain-harness v0.12.1 (/home/runner/work/symaira-brain/symaira-brain/rust/symbrain-harness)
2026-10-04T04:17:01.4180278Z     Checking symbrain-policy v0.12.1 (/home/runner/work/symaira-brain/symaira-brain/rust/symbrain-policy)
2026-10-04T04:17:01.5029106Z     Checking symbrain-skills v0.12.1 (/home/runner/work/symaira-brain/symaira-brain/rust/symbrain-skills)
2026-10-04T04:17:01.8461579Z     Checking stable_deref_trait v1.2.1
2026-10-04T04:17:01.8627857Z     Checking base64 v0.22.1
2026-10-04T04:17:01.9840062Z    Compiling getrandom v0.3.3
2026-10-04T04:17:02.1214508Z     Checking yoke v0.8.3
2026-10-04T04:17:02.2869850Z    Compiling zerovec-derive v0.11.6
2026-10-04T04:17:02.8495839Z     Checking ureq-proto v0.6.2
2026-10-04T04:17:02.8988675Z     Checking zerovec v0.11.8
2026-10-04T04:17:03.0444971Z     Checking webpki-roots v1.0.9
2026-10-04T04:17:03.0950578Z    Compiling displaydoc v0.2.7
2026-10-04T04:17:03.2242195Z     Checking pin-project-lite v0.2.17
2026-10-04T04:17:03.2469560Z     Checking utf8-zero v0.8.1
2026-10-04T04:17:03.2901084Z     Checking futures-core v0.3.34
2026-10-04T04:17:03.3290726Z     Checking smallvec v1.16.0
2026-10-04T04:17:03.4149752Z    Compiling tokio-macros v2.7.2
2026-10-04T04:17:03.5121453Z     Checking tinystr v0.8.4
2026-10-04T04:17:03.5984558Z     Checking mio v1.2.3
2026-10-04T04:17:03.7889780Z     Checking socket2 v0.6.5
2026-10-04T04:17:03.8496699Z     Checking litemap v0.8.3
2026-10-04T04:17:03.9703491Z     Checking writeable v0.6.4
2026-10-04T04:17:03.9794982Z     Checking tokio v1.53.1
2026-10-04T04:17:04.1049761Z     Checking icu_locale_core v2.3.0
2026-10-04T04:17:04.6940913Z     Checking zerotrie v0.2.5
2026-10-04T04:17:04.7482515Z     Checking potential_utf v0.1.6
2026-10-04T04:17:04.8123148Z    Compiling icu_normalizer_data v2.3.0
2026-10-04T04:17:04.8379875Z     Checking utf8_iter v1.0.4
2026-10-04T04:17:04.8901037Z    Compiling icu_properties_data v2.3.0
2026-10-04T04:17:04.9012937Z     Checking icu_collections v2.3.0
2026-10-04T04:17:04.9790240Z     Checking icu_provider v2.3.1
2026-10-04T04:17:05.1057893Z    Compiling futures-macro v0.3.34
2026-10-04T04:17:05.1554596Z     Checking slab v0.4.12
2026-10-04T04:17:05.2507829Z     Checking futures-task v0.3.34
2026-10-04T04:17:05.4486340Z     Checking http-body v1.1.0
2026-10-04T04:17:05.5142128Z     Checking hmac v0.12.1
2026-10-04T04:17:05.5727641Z     Checking futures-util v0.3.34
2026-10-04T04:17:05.5799559Z     Checking hkdf v0.12.4
2026-10-04T04:17:05.6299733Z     Checking icu_normalizer v2.3.0
2026-10-04T04:17:05.7965042Z     Checking icu_properties v2.3.0
2026-10-04T04:17:06.4899547Z     Checking aho-corasick v1.1.5
2026-10-04T04:17:06.7309953Z     Checking try-lock v0.2.5
2026-10-04T04:17:06.7659737Z     Checking regex-syntax v0.8.11
2026-10-04T04:17:07.1339668Z     Checking tower-service v0.3.3
2026-10-04T04:17:07.1639941Z     Checking want v0.3.1
2026-10-04T04:17:07.1698917Z     Checking idna_adapter v1.2.2
2026-10-04T04:17:07.2189902Z     Checking futures-channel v0.3.34
2026-10-04T04:17:07.2279921Z     Checking tracing-core v0.1.36
2026-10-04T04:17:07.3366035Z     Checking atomic-waker v1.1.2
2026-10-04T04:17:07.3639722Z     Checking hyper v1.11.1
2026-10-04T04:17:07.4989733Z     Checking tracing v0.1.44
2026-10-04T04:17:07.6217276Z     Checking idna v1.1.0
2026-10-04T04:17:07.8070337Z     Checking symbrain-guard-core v0.12.1 (/home/runner/work/symaira-brain/symaira-brain/rust/symbrain-guard-core)
2026-10-04T04:17:07.8489929Z     Checking sync_wrapper v1.0.2
2026-10-04T04:17:07.8872660Z     Checking symbrain-audit v0.12.1 (/home/runner/work/symaira-brain/symaira-brain/rust/symbrain-audit)
2026-10-04T04:17:08.0590357Z     Checking regex-automata v0.4.18
2026-10-04T04:17:08.2759866Z     Checking form_urlencoded v1.2.2
2026-10-04T04:17:08.3420039Z     Checking openssl-probe v0.2.1
2026-10-04T04:17:08.3859672Z    Compiling vcpkg v0.2.15
2026-10-04T04:17:08.8520108Z    Compiling thiserror v2.0.20
2026-10-04T04:17:08.9930248Z     Checking tower-layer v0.3.3
2026-10-04T04:17:09.0790222Z    Compiling libsqlite3-sys v0.38.2
2026-10-04T04:17:09.1009778Z     Checking tower v0.5.3
2026-10-04T04:17:09.2852856Z     Checking rustls-native-certs v0.8.4
2026-10-04T04:17:09.3424634Z     Checking url v2.5.8
2026-10-04T04:17:09.4161243Z     Checking hyper-util v0.1.21
2026-10-04T04:17:09.5310223Z     Checking regex v1.13.1
2026-10-04T04:17:09.7000218Z     Checking symbrain-mcp v0.12.1 (/home/runner/work/symaira-brain/symaira-brain/rust/symbrain-mcp)
2026-10-04T04:17:09.7789326Z    Compiling thiserror-impl v2.0.20
2026-10-04T04:17:09.9829789Z    Compiling crc32fast v1.5.1
2026-10-04T04:17:10.1309796Z     Checking tower-http v0.6.11
2026-10-04T04:17:10.3729717Z     Checking http-body-util v0.1.5
2026-10-04T04:17:10.5304114Z     Checking futures-sink v0.3.34
2026-10-04T04:17:10.5631328Z     Checking simd-adler32 v0.3.10
2026-10-04T04:17:10.6300215Z     Checking adler2 v2.0.1
2026-10-04T04:17:10.6750287Z     Checking miniz_oxide v0.9.1
2026-10-04T04:17:10.9250714Z     Checking symaira-core-secretref v0.0.0 (https://github.com/danieljustus/symaira-corekit?rev=04d1411adb57aa602b992509121011aa7666ff1a#04d1411a)
2026-10-04T04:17:10.9720115Z     Checking tokio-util v0.7.19
2026-10-04T04:17:11.1533981Z     Checking symbrain-activity v0.12.1 (/home/runner/work/symaira-brain/symaira-brain/rust/symbrain-activity)
2026-10-04T04:17:11.2563269Z     Checking hashlink v0.12.1
2026-10-04T04:17:11.4010842Z     Checking symaira-core-exit v0.0.0 (https://github.com/danieljustus/symaira-corekit?rev=04d1411adb57aa602b992509121011aa7666ff1a#04d1411a)
2026-10-04T04:17:11.4629931Z     Checking fallible-streaming-iterator v0.1.9
2026-10-04T04:17:11.4808356Z     Checking fallible-iterator v0.3.0
2026-10-04T04:17:11.5826765Z     Checking flate2 v1.1.10
2026-10-04T04:17:11.7370690Z     Checking filetime v0.2.29
2026-10-04T04:17:11.8170059Z     Checking typed-path v0.12.3
2026-10-04T04:17:11.8545669Z     Checking tar v0.4.46
2026-10-04T04:17:12.1936800Z     Checking symbrain-broker v0.12.1 (/home/runner/work/symaira-brain/symaira-brain/rust/symbrain-broker)
2026-10-04T04:17:12.5176806Z    Compiling symguard-cli v0.12.1 (/home/runner/work/symaira-brain/symaira-brain/rust/symguard-cli)
2026-10-04T04:17:12.6155324Z     Checking zip v8.6.0
2026-10-04T04:17:12.7996692Z     Checking symbrain-patterns v0.12.1 (/home/runner/work/symaira-brain/symaira-brain/rust/symbrain-patterns)
2026-10-04T04:17:13.0187018Z     Checking symbrain-instructions v0.12.1 (/home/runner/work/symaira-brain/symaira-brain/rust/symbrain-instructions)
2026-10-04T04:17:13.1164485Z     Checking symbrain-catalog v0.12.1 (/home/runner/work/symaira-brain/symaira-brain/rust/symbrain-catalog)
2026-10-04T04:17:13.2750838Z     Checking symbrain-adapter v0.12.1 (/home/runner/work/symaira-brain/symaira-brain/rust/symbrain-adapter)
2026-10-04T04:17:13.4445221Z     Checking errno v0.3.14
2026-10-04T04:17:13.5040107Z    Compiling signal-hook v0.3.18
2026-10-04T04:17:13.5863903Z     Checking signal-hook-registry v1.4.8
2026-10-04T04:17:13.6231040Z    Compiling symbrain-cli v0.12.1 (/home/runner/work/symaira-brain/symaira-brain/rust/symbrain-cli)
2026-10-04T04:17:19.0159959Z     Checking rusqlite v0.40.2
2026-10-04T04:17:33.2690807Z     Checking rustls-webpki v0.103.15
2026-10-04T04:17:35.2448315Z     Checking ureq v3.4.1
2026-10-04T04:17:35.2449322Z     Checking tokio-rustls v0.26.6
2026-10-04T04:17:35.2449936Z     Checking rustls-platform-verifier v0.7.1
2026-10-04T04:17:35.3590459Z     Checking hyper-rustls v0.27.10
2026-10-04T04:17:35.4349030Z     Checking reqwest v0.13.4
2026-10-04T04:17:35.6700364Z     Checking symbrain-usage v0.12.1 (/home/runner/work/symaira-brain/symaira-brain/rust/symbrain-usage)
2026-10-04T04:17:35.6701977Z     Checking symbrain-managed v0.12.1 (/home/runner/work/symaira-brain/symaira-brain/rust/symbrain-managed)
2026-10-04T04:17:35.9120381Z     Checking symaira-core-llm v0.0.0 (https://github.com/danieljustus/symaira-corekit?rev=04d1411adb57aa602b992509121011aa7666ff1a#04d1411a)
2026-10-04T04:17:36.6940278Z     Checking symbrain-memory v0.12.1 (/home/runner/work/symaira-brain/symaira-brain/rust/symbrain-memory)
2026-10-04T04:17:37.7298711Z     Checking symbrain-gateway v0.12.1 (/home/runner/work/symaira-brain/symaira-brain/rust/symbrain-gateway)
2026-10-04T04:17:40.5685173Z     Finished `dev` profile [unoptimized + debuginfo] target(s) in 52.37s
2026-10-04T04:17:40.6340642Z SYMAIRA_EXTERNAL_BASE="" bash /home/runner/work/symaira-brain/symaira-brain/scripts/run-external-env.sh cargo clippy --workspace --all-targets --all-features --locked -- -D warnings
2026-10-04T04:17:40.9171420Z     Checking symbrain-core v0.12.1 (/home/runner/work/symaira-brain/symaira-brain/rust/symbrain-core)
2026-10-04T04:17:40.9208834Z     Checking symbrain-harness v0.12.1 (/home/runner/work/symaira-brain/symaira-brain/rust/symbrain-harness)
2026-10-04T04:17:40.9281950Z     Checking symbrain-mcp v0.12.1 (/home/runner/work/symaira-brain/symaira-brain/rust/symbrain-mcp)
2026-10-04T04:17:40.9330393Z    Compiling symguard-cli v0.12.1 (/home/runner/work/symaira-brain/symaira-brain/rust/symguard-cli)
2026-10-04T04:17:41.2490348Z     Checking symbrain-usage v0.12.1 (/home/runner/work/symaira-brain/symaira-brain/rust/symbrain-usage)
2026-10-04T04:17:41.2550264Z     Checking symbrain-broker v0.12.1 (/home/runner/work/symaira-brain/symaira-brain/rust/symbrain-broker)
2026-10-04T04:17:41.3556219Z     Checking symbrain-policy v0.12.1 (/home/runner/work/symaira-brain/symaira-brain/rust/symbrain-policy)
2026-10-04T04:17:41.6350672Z     Checking symbrain-skills v0.12.1 (/home/runner/work/symaira-brain/symaira-brain/rust/symbrain-skills)
2026-10-04T04:17:41.6704167Z     Checking symbrain-guard-core v0.12.1 (/home/runner/work/symaira-brain/symaira-brain/rust/symbrain-guard-core)
2026-10-04T04:17:41.9490556Z     Checking symbrain-audit v0.12.1 (/home/runner/work/symaira-brain/symaira-brain/rust/symbrain-audit)
2026-10-04T04:17:42.3420331Z     Checking symbrain-activity v0.12.1 (/home/runner/work/symaira-brain/symaira-brain/rust/symbrain-activity)
2026-10-04T04:17:42.4510324Z     Checking symbrain-instructions v0.12.1 (/home/runner/work/symaira-brain/symaira-brain/rust/symbrain-instructions)
2026-10-04T04:17:42.5610359Z     Checking symbrain-patterns v0.12.1 (/home/runner/work/symaira-brain/symaira-brain/rust/symbrain-patterns)
2026-10-04T04:17:42.6044357Z     Checking symbrain-memory v0.12.1 (/home/runner/work/symaira-brain/symaira-brain/rust/symbrain-memory)
2026-10-04T04:17:42.8250780Z     Checking symbrain-catalog v0.12.1 (/home/runner/work/symaira-brain/symaira-brain/rust/symbrain-catalog)
2026-10-04T04:17:43.0100135Z     Checking symbrain-managed v0.12.1 (/home/runner/work/symaira-brain/symaira-brain/rust/symbrain-managed)
2026-10-04T04:17:43.5730601Z     Checking symbrain-adapter v0.12.1 (/home/runner/work/symaira-brain/symaira-brain/rust/symbrain-adapter)
2026-10-04T04:17:43.7410110Z    Compiling symbrain-cli v0.12.1 (/home/runner/work/symaira-brain/symaira-brain/rust/symbrain-cli)
2026-10-04T04:17:43.8710149Z     Checking symbrain-gateway v0.12.1 (/home/runner/work/symaira-brain/symaira-brain/rust/symbrain-gateway)
2026-10-04T04:17:52.1216370Z     Finished `dev` profile [unoptimized + debuginfo] target(s) in 11.43s
2026-10-04T04:17:52.1776227Z SYMAIRA_EXTERNAL_BASE="" bash /home/runner/work/symaira-brain/symaira-brain/scripts/run-external-env.sh cargo test --workspace --all-features --locked
2026-10-04T04:17:52.4396590Z    Compiling itoa v1.0.18
2026-10-04T04:17:52.4397282Z    Compiling libc v0.2.189
2026-10-04T04:17:52.4398294Z    Compiling cfg-if v1.0.4
2026-10-04T04:17:52.4479558Z    Compiling once_cell v1.21.4
2026-10-04T04:17:52.4731500Z    Compiling serde_core v1.0.229
2026-10-04T04:17:52.5653348Z    Compiling memchr v2.8.3
2026-10-04T04:17:52.5989683Z    Compiling bitflags v2.13.1
2026-10-04T04:17:52.7699650Z    Compiling zmij v1.0.23
2026-10-04T04:17:53.0729965Z    Compiling linux-raw-sys v0.12.1
2026-10-04T04:17:53.3169715Z    Compiling fastrand v2.5.0
2026-10-04T04:17:53.4180019Z    Compiling rustix v1.1.4
2026-10-04T04:17:53.4329709Z    Compiling getrandom v0.4.3
2026-10-04T04:17:53.4799694Z    Compiling foldhash v0.2.0
2026-10-04T04:17:53.5497299Z    Compiling num-traits v0.2.19
2026-10-04T04:17:53.5909546Z    Compiling hashbrown v0.17.1
2026-10-04T04:17:54.1770354Z    Compiling iana-time-zone v0.1.65
2026-10-04T04:17:54.1993928Z    Compiling equivalent v1.0.2
2026-10-04T04:17:54.2307916Z    Compiling indexmap v2.14.2
2026-10-04T04:17:54.4020331Z    Compiling winnow v1.0.4
2026-10-04T04:17:54.8849619Z    Compiling serde v1.0.229
2026-10-04T04:17:54.9073580Z    Compiling serde_json v1.0.151
2026-10-04T04:17:55.4559922Z    Compiling chrono v0.4.45
2026-10-04T04:17:55.6250554Z    Compiling toml_parser v1.1.3+spec-1.1.0
2026-10-04T04:17:56.3889601Z    Compiling tempfile v3.27.0
2026-10-04T04:17:56.4840938Z    Compiling toml_writer v1.1.2+spec-1.1.0
2026-10-04T04:17:56.6389783Z    Compiling toml_datetime v1.1.1+spec-1.1.0
2026-10-04T04:17:56.8030388Z    Compiling toml_edit v0.25.13+spec-1.1.0
2026-10-04T04:17:56.8239234Z    Compiling subtle v2.6.1
2026-10-04T04:17:56.9129728Z    Compiling typenum v1.20.1
2026-10-04T04:17:57.1549718Z    Compiling cpufeatures v0.2.17
2026-10-04T04:17:57.1722734Z    Compiling ipnet v2.12.2
2026-10-04T04:17:57.1902834Z    Compiling io-lifetimes v2.0.4
2026-10-04T04:17:57.2579691Z    Compiling io-lifetimes v3.0.1
2026-10-04T04:17:57.3250216Z    Compiling io-extras v0.19.0
2026-10-04T04:17:57.4159688Z    Compiling fs-set-times v0.20.3
2026-10-04T04:17:57.5071055Z    Compiling symbrain-core v0.12.1 (/home/runner/work/symaira-brain/symaira-brain/rust/symbrain-core)
2026-10-04T04:17:57.6149707Z    Compiling generic-array v0.14.7
2026-10-04T04:17:57.6790266Z    Compiling rustix-linux-procfs v0.1.1
2026-10-04T04:17:57.8709730Z    Compiling ambient-authority v0.0.2
2026-10-04T04:17:57.9019720Z    Compiling maybe-owned v0.3.4
2026-10-04T04:17:58.0289957Z    Compiling cap-primitives v4.0.3
2026-10-04T04:17:58.1870466Z    Compiling crypto-common v0.1.7
2026-10-04T04:17:58.2500060Z    Compiling block-buffer v0.10.4
2026-10-04T04:17:58.3198341Z    Compiling digest v0.10.7
2026-10-04T04:17:58.4659763Z    Compiling cap-std v4.0.3
2026-10-04T04:17:58.4854877Z    Compiling sha2 v0.10.9
2026-10-04T04:17:58.7240372Z    Compiling cap-fs-ext v4.0.3
2026-10-04T04:17:58.7912622Z    Compiling jobserver v0.1.35
2026-10-04T04:17:58.8359989Z    Compiling bytes v1.12.1
2026-10-04T04:17:58.8500919Z    Compiling symbrain-harness v0.12.1 (/home/runner/work/symaira-brain/symaira-brain/rust/symbrain-harness)
2026-10-04T04:17:58.8880266Z    Compiling ryu v1.0.23
2026-10-04T04:17:59.0159963Z    Compiling cc v1.4.5
2026-10-04T04:17:59.0669742Z    Compiling unsafe-libyaml v0.2.11
2026-10-04T04:17:59.4829998Z    Compiling zeroize v1.9.0
2026-10-04T04:17:59.6129960Z    Compiling rustls-pki-types v1.15.1
2026-10-04T04:17:59.9479652Z    Compiling cmake v0.1.58
2026-10-04T04:18:00.0853041Z    Compiling serde_yaml_ng v0.10.0
2026-10-04T04:18:00.2455911Z    Compiling http v1.5.0
2026-10-04T04:18:00.6460556Z    Compiling aws-lc-sys v0.45.0
2026-10-04T04:18:00.9666338Z    Compiling ring v0.17.14
2026-10-04T04:18:01.3228987Z    Compiling getrandom v0.2.17
2026-10-04T04:18:01.4389736Z    Compiling untrusted v0.9.0
2026-10-04T04:18:01.4990652Z    Compiling percent-encoding v2.3.2
2026-10-04T04:18:01.6219776Z    Compiling log v0.4.34
2026-10-04T04:18:01.7320145Z    Compiling httparse v1.10.1
2026-10-04T04:18:01.9240960Z    Compiling symbrain-policy v0.12.1 (/home/runner/work/symaira-brain/symaira-brain/rust/symbrain-policy)
2026-10-04T04:18:01.9619800Z    Compiling fs2 v0.4.3
2026-10-04T04:18:02.0426074Z    Compiling base64 v0.23.1
2026-10-04T04:18:02.3495822Z    Compiling base64 v0.22.1
2026-10-04T04:18:02.5363101Z    Compiling symbrain-skills v0.12.1 (/home/runner/work/symaira-brain/symaira-brain/rust/symbrain-skills)
2026-10-04T04:18:03.4972911Z    Compiling zerofrom v0.1.8
2026-10-04T04:18:03.5444265Z    Compiling getrandom v0.3.3
2026-10-04T04:18:03.6366937Z    Compiling stable_deref_trait v1.2.1
2026-10-04T04:18:03.6577792Z    Compiling yoke v0.8.3
2026-10-04T04:18:03.7749608Z    Compiling ureq-proto v0.6.2
2026-10-04T04:18:04.3845087Z    Compiling webpki-roots v1.0.9
2026-10-04T04:18:04.4309082Z    Compiling utf8-zero v0.8.1
2026-10-04T04:18:04.4951741Z    Compiling zerovec v0.11.8
2026-10-04T04:18:04.8559936Z    Compiling pin-project-lite v0.2.17
2026-10-04T04:18:04.8818289Z    Compiling futures-core v0.3.34
2026-10-04T04:18:04.9434259Z    Compiling smallvec v1.16.0
2026-10-04T04:18:05.0576240Z    Compiling tinystr v0.8.4
2026-10-04T04:18:05.1586210Z    Compiling mio v1.2.3
2026-10-04T04:18:05.5141215Z    Compiling socket2 v0.6.5
2026-10-04T04:18:05.9958296Z    Compiling writeable v0.6.4
2026-10-04T04:18:06.1809754Z    Compiling litemap v0.8.3
2026-10-04T04:18:06.3179642Z    Compiling icu_locale_core v2.3.0
2026-10-04T04:18:07.3451370Z    Compiling tokio v1.53.1
2026-10-04T04:18:07.7273680Z    Compiling zerotrie v0.2.5
2026-10-04T04:18:07.9279746Z    Compiling potential_utf v0.1.6
2026-10-04T04:18:07.9883336Z    Compiling utf8_iter v1.0.4
2026-10-04T04:18:08.0591860Z    Compiling icu_collections v2.3.0
2026-10-04T04:18:08.5773025Z    Compiling icu_provider v2.3.1
2026-10-04T04:18:08.8527089Z    Compiling slab v0.4.12
2026-10-04T04:18:08.8725074Z    Compiling futures-task v0.3.34
2026-10-04T04:18:08.9746408Z    Compiling futures-util v0.3.34
2026-10-04T04:18:08.9829748Z    Compiling icu_properties_data v2.3.0
2026-10-04T04:18:09.0709881Z    Compiling icu_normalizer_data v2.3.0
2026-10-04T04:18:09.1047313Z    Compiling http-body v1.1.0
2026-10-04T04:18:09.1900188Z    Compiling hmac v0.12.1
2026-10-04T04:18:09.2571269Z    Compiling aho-corasick v1.1.5
2026-10-04T04:18:10.5909964Z    Compiling regex-syntax v0.8.11
2026-10-04T04:18:11.6189698Z    Compiling hkdf v0.12.4
2026-10-04T04:18:11.7062256Z    Compiling icu_normalizer v2.3.0
2026-10-04T04:18:12.2299693Z    Compiling regex-automata v0.4.18
2026-10-04T04:18:12.2859696Z    Compiling icu_properties v2.3.0
2026-10-04T04:18:13.3169968Z    Compiling try-lock v0.2.5
2026-10-04T04:18:13.3498281Z    Compiling tower-service v0.3.3
2026-10-04T04:18:13.3742484Z    Compiling want v0.3.1
2026-10-04T04:18:13.4589702Z    Compiling idna_adapter v1.2.2
2026-10-04T04:18:13.5044194Z    Compiling futures-channel v0.3.34
2026-10-04T04:18:13.6690804Z    Compiling symbrain-audit v0.12.1 (/home/runner/work/symaira-brain/symaira-brain/rust/symbrain-audit)
2026-10-04T04:18:13.7360076Z    Compiling tracing-core v0.1.36
2026-10-04T04:18:14.2989776Z    Compiling regex v1.13.1
2026-10-04T04:18:14.7229745Z    Compiling atomic-waker v1.1.2
2026-10-04T04:18:14.7799671Z    Compiling hyper v1.11.1
2026-10-04T04:18:15.4285503Z    Compiling tracing v0.1.44
2026-10-04T04:18:15.5957985Z    Compiling idna v1.1.0
2026-10-04T04:18:16.0561155Z    Compiling symbrain-guard-core v0.12.1 (/home/runner/work/symaira-brain/symaira-brain/rust/symbrain-guard-core)
2026-10-04T04:18:16.3159762Z    Compiling sync_wrapper v1.0.2
2026-10-04T04:18:16.3540670Z    Compiling form_urlencoded v1.2.2
2026-10-04T04:18:16.3605517Z    Compiling symbrain-mcp v0.12.1 (/home/runner/work/symaira-brain/symaira-brain/rust/symbrain-mcp)
2026-10-04T04:18:16.4669884Z    Compiling openssl-probe v0.2.1
2026-10-04T04:18:16.5809950Z    Compiling tower-layer v0.3.3
2026-10-04T04:18:16.6959822Z    Compiling tower v0.5.3
2026-10-04T04:18:17.1129762Z    Compiling rustls-native-certs v0.8.4
2026-10-04T04:18:17.1611304Z    Compiling libsqlite3-sys v0.38.2
2026-10-04T04:18:17.2969067Z    Compiling url v2.5.8
2026-10-04T04:18:17.3899958Z    Compiling hyper-util v0.1.21
2026-10-04T04:18:18.0709695Z    Compiling thiserror v2.0.20
2026-10-04T04:18:18.1199846Z    Compiling tower-http v0.6.11
2026-10-04T04:18:18.7290263Z    Compiling http-body-util v0.1.5
2026-10-04T04:18:18.9254066Z    Compiling symbrain-activity v0.12.1 (/home/runner/work/symaira-brain/symaira-brain/rust/symbrain-activity)
2026-10-04T04:18:19.5662282Z    Compiling futures-sink v0.3.34
2026-10-04T04:18:19.6060661Z    Compiling tokio-util v0.7.19
2026-10-04T04:18:19.7420994Z    Compiling symaira-core-secretref v0.0.0 (https://github.com/danieljustus/symaira-corekit?rev=04d1411adb57aa602b992509121011aa7666ff1a#04d1411a)
2026-10-04T04:18:20.2174751Z    Compiling hashlink v0.12.1
2026-10-04T04:18:20.3206123Z    Compiling fallible-streaming-iterator v0.1.9
2026-10-04T04:18:20.3962120Z    Compiling adler2 v2.0.1
2026-10-04T04:18:20.4051298Z    Compiling simd-adler32 v0.3.10
2026-10-04T04:18:20.4521995Z    Compiling symaira-core-exit v0.0.0 (https://github.com/danieljustus/symaira-corekit?rev=04d1411adb57aa602b992509121011aa7666ff1a#04d1411a)
2026-10-04T04:18:20.5483539Z    Compiling fallible-iterator v0.3.0
2026-10-04T04:18:20.5560618Z    Compiling miniz_oxide v0.9.1
2026-10-04T04:18:20.7879754Z    Compiling crc32fast v1.5.1
2026-10-04T04:18:20.9331616Z    Compiling symbrain-broker v0.12.1 (/home/runner/work/symaira-brain/symaira-brain/rust/symbrain-broker)
2026-10-04T04:18:21.1751839Z    Compiling flate2 v1.1.10
2026-10-04T04:18:21.4917581Z    Compiling symbrain-patterns v0.12.1 (/home/runner/work/symaira-brain/symaira-brain/rust/symbrain-patterns)
2026-10-04T04:18:22.5640243Z    Compiling filetime v0.2.29
2026-10-04T04:18:22.6818101Z    Compiling typed-path v0.12.3
2026-10-04T04:18:22.7909778Z    Compiling tar v0.4.46
2026-10-04T04:18:23.8684839Z    Compiling zip v8.6.0
2026-10-04T04:18:23.9954746Z    Compiling symbrain-instructions v0.12.1 (/home/runner/work/symaira-brain/symaira-brain/rust/symbrain-instructions)
2026-10-04T04:18:24.4026782Z    Compiling symbrain-catalog v0.12.1 (/home/runner/work/symaira-brain/symaira-brain/rust/symbrain-catalog)
2026-10-04T04:18:24.9530668Z    Compiling symguard-cli v0.12.1 (/home/runner/work/symaira-brain/symaira-brain/rust/symguard-cli)
2026-10-04T04:18:25.1300754Z    Compiling symbrain-adapter v0.12.1 (/home/runner/work/symaira-brain/symaira-brain/rust/symbrain-adapter)
2026-10-04T04:18:25.5737396Z    Compiling errno v0.3.14
2026-10-04T04:18:25.6301635Z    Compiling signal-hook-registry v1.4.8
2026-10-04T04:18:25.8339748Z    Compiling signal-hook v0.3.18
2026-10-04T04:18:27.3037996Z    Compiling rusqlite v0.40.2
2026-10-04T04:18:57.6893115Z    Compiling aws-lc-rs v1.18.1
2026-10-04T04:18:57.6932988Z    Compiling rustls v0.23.45
2026-10-04T04:18:58.6825210Z    Compiling rustls-webpki v0.103.15
2026-10-04T04:19:01.4500750Z    Compiling ureq v3.4.1
2026-10-04T04:19:01.4503509Z    Compiling tokio-rustls v0.26.6
2026-10-04T04:19:01.4504283Z    Compiling rustls-platform-verifier v0.7.1
2026-10-04T04:19:01.6639896Z    Compiling hyper-rustls v0.27.10
2026-10-04T04:19:01.8449974Z    Compiling reqwest v0.13.4
2026-10-04T04:19:02.3356510Z    Compiling symbrain-usage v0.12.1 (/home/runner/work/symaira-brain/symaira-brain/rust/symbrain-usage)
2026-10-04T04:19:03.8560529Z    Compiling symaira-core-llm v0.0.0 (https://github.com/danieljustus/symaira-corekit?rev=04d1411adb57aa602b992509121011aa7666ff1a#04d1411a)
2026-10-04T04:19:04.9393529Z    Compiling symbrain-memory v0.12.1 (/home/runner/work/symaira-brain/symaira-brain/rust/symbrain-memory)
2026-10-04T04:19:05.9619508Z    Compiling symbrain-managed v0.12.1 (/home/runner/work/symaira-brain/symaira-brain/rust/symbrain-managed)
2026-10-04T04:19:06.9260146Z    Compiling symbrain-gateway v0.12.1 (/home/runner/work/symaira-brain/symaira-brain/rust/symbrain-gateway)
2026-10-04T04:19:08.6750082Z    Compiling symbrain-cli v0.12.1 (/home/runner/work/symaira-brain/symaira-brain/rust/symbrain-cli)
2026-10-04T04:19:31.1930433Z     Finished `test` profile [unoptimized + debuginfo] target(s) in 1m 38s
2026-10-04T04:19:31.2772514Z      Running unittests src/lib.rs (target/debug/deps/symbrain_activity-d9548c151a2f68ad)
2026-10-04T04:19:31.2785337Z 
2026-10-04T04:19:31.2785755Z running 4 tests
2026-10-04T04:19:31.2790192Z test tests::profile_access_requires_explicit_activity_tool ... ok
2026-10-04T04:19:31.2794216Z test tests::stable_id_and_unique_sort_are_deterministic ... ok
2026-10-04T04:19:31.2796197Z test tests::unicode_fencing_and_token_count_match_go_runes ... ok
2026-10-04T04:19:31.2797208Z test tests::validates_every_bound ... ok
2026-10-04T04:19:31.2797664Z 
2026-10-04T04:19:31.2798165Z test result: ok. 4 passed; 0 failed; 0 ignored; 0 measured; 0 filtered out; finished in 0.00s
2026-10-04T04:19:31.2799005Z 
2026-10-04T04:19:31.2807051Z 
2026-10-04T04:19:31.2807297Z running 4 tests
2026-10-04T04:19:31.2809930Z      Running tests/oracle_differential_tests.rs (target/debug/deps/oracle_differential_tests-ffa30b0098d7d86b)
2026-10-04T04:19:31.2811252Z test activity_error_type_remains_stable ... ok
2026-10-04T04:19:31.2819775Z test activity_order_and_token_budget_match_go_store_search ... ok
2026-10-04T04:19:31.2820335Z test activity_validation_messages_match_go ... ok
2026-10-04T04:19:31.2824065Z test pattern_names_promotion_and_store_bytes_match_go ... ok
2026-10-04T04:19:31.2824375Z 
2026-10-04T04:19:31.2824662Z test result: ok. 4 passed; 0 failed; 0 ignored; 0 measured; 0 filtered out; finished in 0.00s
2026-10-04T04:19:31.2825046Z 
2026-10-04T04:19:31.2826638Z      Running unittests src/lib.rs (target/debug/deps/symbrain_adapter-3353f4adf5e80ea8)
2026-10-04T04:19:31.2836054Z 
2026-10-04T04:19:31.2836252Z running 0 tests
2026-10-04T04:19:31.2837894Z 
2026-10-04T04:19:31.2838373Z test result: ok. 0 passed; 0 failed; 0 ignored; 0 measured; 0 filtered out; finished in 0.00s
2026-10-04T04:19:31.2839795Z      Running tests/adapter_tests.rs (target/debug/deps/adapter_tests-d94c3dc6b2400583)
2026-10-04T04:19:31.2840145Z 
2026-10-04T04:19:31.2848862Z 
2026-10-04T04:19:31.2849055Z running 9 tests
2026-10-04T04:19:31.2867283Z test oracle_is_pinned_to_current_go_sources_and_generator ... ok
2026-10-04T04:19:31.2875246Z test oracle_render_cases_match_go_byte_for_byte ... ok
2026-10-04T04:19:31.2879257Z test registry_derives_exactly_four_targets_and_five_skips ... ok
2026-10-04T04:19:31.2885631Z test rendering_is_idempotent_and_preserves_user_prefix_and_suffix ... ok
2026-10-04T04:19:31.2886577Z test target_path_validation_rejects_absolute_and_traversal_forms ... ok
2026-10-04T04:19:31.2887226Z test unknown_harness_is_not_silently_skipped ... ok
2026-10-04T04:19:31.6131057Z test atomic_write_preserves_special_mode_and_extended_attribute ... ok
2026-10-04T04:19:31.6595050Z test atomic_write_retains_parent_capability_after_replacement ... ok
2026-10-04T04:19:31.7100481Z test atomic_write_preserves_mode_and_rejects_symlink_parents ... ok
2026-10-04T04:19:31.7101351Z 
2026-10-04T04:19:31.7102025Z test result: ok. 9 passed; 0 failed; 0 ignored; 0 measured; 0 filtered out; finished in 0.43s
2026-10-04T04:19:31.7106643Z      Running tests/confinement_tests.rs (target/debug/deps/confinement_tests-3294a5ddc383d4bd)
2026-10-04T04:19:31.7107539Z 
2026-10-04T04:19:31.7119517Z 
2026-10-04T04:19:31.7119766Z running 1 test
2026-10-04T04:19:31.7125409Z test adapter_rejects_a_symlinked_trusted_root ... ok
2026-10-04T04:19:31.7129387Z      Running unittests src/lib.rs (target/debug/deps/symbrain_audit-9509fe51456e7214)
2026-10-04T04:19:31.7130304Z 
2026-10-04T04:19:31.7130774Z test result: ok. 1 passed; 0 failed; 0 ignored; 0 measured; 0 filtered out; finished in 0.00s
2026-10-04T04:19:31.7131353Z 
2026-10-04T04:19:31.7141005Z 
2026-10-04T04:19:31.7141309Z running 30 tests
2026-10-04T04:19:31.7149943Z test logger::tests::disabled_logger_has_no_side_effects ... ok
2026-10-04T04:19:31.7179403Z test raw::tests::appends_exact_bytes_without_rewriting_fields ... ok
2026-10-04T04:19:31.7180203Z 
2026-10-04T04:19:31.7180726Z running 1 test
2026-10-04T04:19:31.7181611Z test raw::tests::bare_relative_path_uses_process_working_directory ... ok
2026-10-04T04:19:31.7182388Z 
2026-10-04T04:19:31.7183079Z test result: ok. 1 passed; 0 failed; 0 ignored; 0 measured; 29 filtered out; finished in 0.00s
2026-10-04T04:19:31.7183932Z 
2026-10-04T04:19:31.7187246Z test raw::tests::creates_all_new_directories_private_and_preserves_existing_modes ... ok
2026-10-04T04:19:31.7189626Z test raw::tests::bare_relative_path_uses_process_working_directory ... ok
2026-10-04T04:19:31.7195579Z test raw::tests::rejects_line_breaks_and_unsafe_paths ... ok
2026-10-04T04:19:31.7206733Z test raw::tests::rejects_synchronized_ancestor_swap ... ok
2026-10-04T04:19:31.7207748Z test redact::tests::arbitrary_precision_internal_number_key_remains_a_user_object_key ... ok
2026-10-04T04:19:31.7209049Z test redact::tests::malformed_and_non_object_arguments_are_ignored ... ok
2026-10-04T04:19:31.7210279Z test redact::tests::negative_zero_survives_feature_unified_json_parsing_without_touching_strings ... ok
2026-10-04T04:19:31.7211650Z test raw::tests::concurrent_appends_are_complete_jsonl_records ... ok
2026-10-04T04:19:31.7214411Z test raw::tests::rejects_non_regular_targets_without_blocking ... ok
2026-10-04T04:19:31.7215332Z test redact::tests::non_verbose_logs_sorted_keys_only ... ok
2026-10-04T04:19:31.7216077Z test redact::tests::overflowing_nested_numbers_match_go_json_decode_failure ... ok
2026-10-04T04:19:31.7217130Z test redact::tests::vault_never_logs_arguments ... ok
2026-10-04T04:19:31.7218236Z test redact::tests::verbose_numbers_match_go_float64_formatting ... ok
2026-10-04T04:19:31.7219835Z test redact::tests::verbose_recursively_redacts_sensitive_values ... ok
2026-10-04T04:19:31.7252782Z test redact::tests::raw_value_recursion_keeps_the_json_depth_bound ... ok
2026-10-04T04:19:31.8019110Z test logger::tests::fixed_entry_matches_go_field_order_and_redaction ... ok
2026-10-04T04:19:31.8020207Z test sink::tests::hash_matches_known_go_vector ... ok
2026-10-04T04:19:31.8059678Z test sink::tests::corruption_in_current_segment_fails_closed ... ok
2026-10-04T04:19:31.8670418Z test sink::tests::current_torn_tail_is_removed_before_recovery ... ok
2026-10-04T04:19:31.8671276Z test sink::tests::rotation_metadata_failure_degrades_sink ... ok
2026-10-04T04:19:31.8682692Z test sink::tests::sink_creates_private_directory_and_file ... ok
2026-10-04T04:19:31.9616226Z test sink::tests::sink_recovers_and_extends_chain ... ok
2026-10-04T04:19:32.0066954Z test tail::tests::limit_returns_most_recent_in_chronological_order ... ok
2026-10-04T04:19:32.0068189Z test tail::tests::missing_path_error_matches_go_wording ... ok
2026-10-04T04:19:32.0092747Z test sink::tests::single_rotation_from_genesis_reopens ... ok
2026-10-04T04:19:32.1210665Z test tail::tests::reverse_reader_preserves_chunk_boundaries_and_latest_session ... ok
2026-10-04T04:19:32.2670238Z test sink::tests::corruption_in_rotated_segment_fails_closed ... ok
2026-10-04T04:19:32.7089479Z test sink::tests::multiple_rotations_reopen_and_continue_chain ... ok
2026-10-04T04:19:32.7090053Z 
2026-10-04T04:19:32.7090538Z test result: ok. 30 passed; 0 failed; 0 ignored; 0 measured; 0 filtered out; finished in 0.99s
2026-10-04T04:19:32.7091188Z 
2026-10-04T04:19:32.7094076Z      Running tests/oracle_differential_tests.rs (target/debug/deps/oracle_differential_tests-333358f959904280)
2026-10-04T04:19:32.7106579Z 
2026-10-04T04:19:32.7107052Z running 4 tests
2026-10-04T04:19:32.7114122Z test fixed_entry_json_and_chain_hashes_match_go ... ok
2026-10-04T04:19:32.7116456Z test bounded_tail_and_latest_degradations_match_go ... ok
2026-10-04T04:19:32.7124045Z test production_chained_tail_entries_decode_envelopes_like_go ... ok
2026-10-04T04:19:32.7171417Z test logger_redaction_matches_go_oracle ... ok
2026-10-04T04:19:32.7171822Z 
2026-10-04T04:19:32.7172362Z test result: ok. 4 passed; 0 failed; 0 ignored; 0 measured; 0 filtered out; finished in 0.01s
2026-10-04T04:19:32.7172988Z 
2026-10-04T04:19:32.7174843Z      Running tests/raw_windows_tests.rs (target/debug/deps/raw_windows_tests-6bddb088323910bf)
2026-10-04T04:19:32.7184696Z 
2026-10-04T04:19:32.7184901Z running 2 tests
2026-10-04T04:19:32.7189350Z test raw_jsonl_appender_rejects_line_break_variants ... ok
2026-10-04T04:19:32.7190256Z test raw_jsonl_appender_rejects_parent_traversal ... ok
2026-10-04T04:19:32.7190818Z 
2026-10-04T04:19:32.7191419Z test result: ok. 2 passed; 0 failed; 0 ignored; 0 measured; 0 filtered out; finished in 0.00s
2026-10-04T04:19:32.7192622Z      Running unittests src/lib.rs (target/debug/deps/symbrain_broker-e93ac233f1f02880)
2026-10-04T04:19:32.7193222Z 
2026-10-04T04:19:32.7202112Z 
2026-10-04T04:19:32.7202311Z running 8 tests
2026-10-04T04:19:32.7209434Z test client::tests::bounded_reader_delivers_unterminated_line_then_eof ... ok
2026-10-04T04:19:32.7211166Z test client::tests::bounded_reader_handles_newline_and_crlf ... ok
2026-10-04T04:19:32.7211955Z test client::tests::discover_uses_actual_path_selection ... ok
2026-10-04T04:19:32.7212638Z test server::tests::config_defaults_match_go ... ok
2026-10-04T04:19:32.7213249Z test server::tests::state_strings_are_stable ... ok
2026-10-04T04:19:32.7214033Z test client::tests::missing_binary_error_uses_go_platform_path_placeholder ... ok
2026-10-04T04:19:32.7254640Z test client::tests::discover_rejects_directory_and_accepts_unix_executable ... ok
2026-10-04T04:19:32.7268619Z test client::tests::bounded_reader_rejects_before_growing_past_cap ... ok
2026-10-04T04:19:32.7269058Z 
2026-10-04T04:19:32.7269350Z test result: ok. 8 passed; 0 failed; 0 ignored; 0 measured; 0 filtered out; finished in 0.01s
2026-10-04T04:19:32.7269705Z 
2026-10-04T04:19:32.7271631Z      Running unittests src/bin/fakemcp.rs (target/debug/deps/symbrain_fakemcp-26ccc3667995de38)
2026-10-04T04:19:32.7281495Z 
2026-10-04T04:19:32.7281691Z running 0 tests
2026-10-04T04:19:32.7283085Z 
2026-10-04T04:19:32.7283594Z test result: ok. 0 passed; 0 failed; 0 ignored; 0 measured; 0 filtered out; finished in 0.00s
2026-10-04T04:19:32.7284184Z 
2026-10-04T04:19:32.7284744Z      Running tests/broker_tests.rs (target/debug/deps/broker_tests-b3fea902affd106f)
2026-10-04T04:19:32.7294224Z 
2026-10-04T04:19:32.7294382Z running 10 tests
2026-10-04T04:19:32.7377526Z test client_drop_kills_process_group_descendants ... ok
2026-10-04T04:19:32.7440739Z test captures_child_stderr_without_stdout_pollution ... ok
2026-10-04T04:19:32.7464550Z test concurrent_lazy_start_spawns_exactly_one_child ... ok
2026-10-04T04:19:32.7495430Z test protocol_mismatch_is_terminal_degradation ... ok
2026-10-04T04:19:32.7579183Z test initialize_list_tools_and_call_roundtrip ... ok
2026-10-04T04:19:32.7614637Z test in_flight_child_call_observes_connection_cancellation ... ok
2026-10-04T04:19:32.7673665Z test crash_then_restart_with_backoff ... ok
2026-10-04T04:19:32.7756504Z test published_compatible_protocol_versions_initialize ... ok
2026-10-04T04:19:32.7832555Z test shutdown_kills_descendant_process_group ... ok
2026-10-04T04:19:32.7948852Z test slow_call_times_out_and_shutdown_reaps_child ... ok
2026-10-04T04:19:32.7949298Z 
2026-10-04T04:19:32.7949775Z test result: ok. 10 passed; 0 failed; 0 ignored; 0 measured; 0 filtered out; finished in 0.07s
2026-10-04T04:19:32.7950418Z 
2026-10-04T04:19:32.7953189Z      Running unittests src/lib.rs (target/debug/deps/symbrain_catalog-6e9fff3e345525f9)
2026-10-04T04:19:32.7963388Z 
2026-10-04T04:19:32.7963579Z running 5 tests
2026-10-04T04:19:32.7967782Z test tests::collision_preserves_first_owner_and_exact_message ... ok
2026-10-04T04:19:32.7969279Z test tests::exposed_lookup_and_names_are_stable ... ok
2026-10-04T04:19:32.7969839Z test tests::foreign_exposure_metadata_is_carried ... ok
2026-10-04T04:19:32.7970588Z test tests::input_schema_bytes_survive_catalog_construction ... ok
2026-10-04T04:19:32.7971294Z test tests::namespace_matches_go_edge_cases ... ok
2026-10-04T04:19:32.7971684Z 
2026-10-04T04:19:32.7972152Z test result: ok. 5 passed; 0 failed; 0 ignored; 0 measured; 0 filtered out; finished in 0.00s
2026-10-04T04:19:32.7972758Z 
2026-10-04T04:19:32.7973860Z      Running tests/oracle_differential_tests.rs (target/debug/deps/oracle_differential_tests-cb9bff609c80d35e)
2026-10-04T04:19:32.7981479Z 
2026-10-04T04:19:32.7981627Z running 1 test
2026-10-04T04:19:32.7987473Z test catalog_matches_go_oracle ... ok
2026-10-04T04:19:32.7987822Z 
2026-10-04T04:19:32.7988309Z test result: ok. 1 passed; 0 failed; 0 ignored; 0 measured; 0 filtered out; finished in 0.00s
2026-10-04T04:19:32.7989329Z 
2026-10-04T04:19:32.7990347Z      Running unittests src/lib.rs (target/debug/deps/symbrain_cli-beec06e3f7159f5f)
2026-10-04T04:19:32.8009294Z 
2026-10-04T04:19:32.8009479Z running 110 tests
2026-10-04T04:19:32.8032799Z test audit_cli::tests::parses_tail_flags_and_ignores_positionals_after_first ... ok
2026-10-04T04:19:32.8039133Z test audit_cli::tests::formats_human_entry_like_go ... ok
2026-10-04T04:19:32.8040106Z test activity_cli::tests::invalid_get_and_status_budgets_match_usage_before_opening_database ... ok
2026-10-04T04:19:32.8041114Z test config_cli::tests::no_subcommand_matches_go_usage ... ok
2026-10-04T04:19:32.8042045Z test config_cli::tests::unknown_subcommand_matches_go_error ... ok
2026-10-04T04:19:32.8043122Z test doctor_cli::doctor_output::tests::ignored_fmt_failures_continue_at_the_next_whole_operation ... ok
2026-10-04T04:19:32.8044911Z test doctor_cli::doctor_process::executable_name_tests::windows_lookup_follows_pathext_order_and_ignores_extensionless_files ... ok
2026-10-04T04:19:32.8046306Z test doctor_cli::doctor_process::tests::rejects_malformed_pid_before_kill_check ... ok
2026-10-04T04:19:32.8047342Z test activity_cli::tests::db_override_is_used_by_each_activity_read_command ... ok
2026-10-04T04:19:32.8068266Z test doctor_cli::doctor_process::tests::pid_checker_detects_live_child_before_dead ... ok
2026-10-04T04:19:32.8078980Z test doctor_cli::tests::arbitrary_vault_stderr_is_not_exposed ... ok
2026-10-04T04:19:32.8095474Z test doctor_cli::tests::doctor_argument_parser_accepts_go_flag_forms ... ok
2026-10-04T04:19:32.8096851Z test doctor_cli::tests::help_lists_the_force_release_flag ... ok
2026-10-04T04:19:32.8098133Z test doctor_cli::tests::json_harness_entries_match_go_basename_and_profile_rules ... ok
2026-10-04T04:19:32.8197626Z test doctor_cli::tests::nonzero_version_probe_cannot_be_accepted ... ok
2026-10-04T04:19:32.8199448Z test doctor_cli::tests::secret_reference_classification_is_compatible_with_go ... ok
2026-10-04T04:19:32.8205224Z test doctor_cli::tests::toml_harness_entries_preserve_sorted_server_names ... ok
2026-10-04T04:19:32.8207591Z test doctor_cli::tests::valid_configuration_allows_native_repair_flag_forms ... ok
2026-10-04T04:19:32.8377032Z test doctor_cli::doctor_process::tests::terminates_timed_out_probe ... ok
2026-10-04T04:19:32.8378098Z test health_probe::tests::latency_keeps_sub_millisecond_measurement_as_a_fraction ... ok
2026-10-04T04:19:32.8379576Z test health_probe::tests::sse_reply_parser_accepts_jsonrpc_data_and_ignores_other_events ... ok
2026-10-04T04:19:32.8380710Z test health_probe::tests::stdio_argument_credential_guards_are_conservative ... ok
2026-10-04T04:19:32.8409417Z test doctor_cli::doctor_process::tests::retained_descendant_pipes_cannot_extend_timeout ... ok
2026-10-04T04:19:32.8497300Z test health_probe::tests::streamable_http_accepts_bounded_sse_rpc_replies ... ok
2026-10-04T04:19:32.8505704Z test health_probe::tests::streamable_http_negotiates_protocol_and_pings_with_session ... ok
2026-10-04T04:19:32.8507457Z test health_probe::tests::unsupported_transports_and_credentials_never_get_probe_metadata ... ok
2026-10-04T04:19:32.8508697Z test init_cli::tests::help_flag_outputs_usage ... ok
2026-10-04T04:19:32.8509467Z test init_cli::tests::malformed_flag_preserves_go_diagnostic ... ok
2026-10-04T04:19:32.8510383Z test init_cli::tests::mkdir_collision_reports_first_failing_ancestor ... ok
2026-10-04T04:19:32.8511276Z test init_cli::tests::symlink_loop_preserves_stat_context ... ok
2026-10-04T04:19:32.8512050Z test init_cli::tests::unknown_flag_fails_with_usage ... ok
2026-10-04T04:19:32.8512838Z test install_cli::tests::foreign_symbrain_entry_is_not_removed ... ok
2026-10-04T04:19:32.8513606Z test install_cli::tests::parser_accepts_all_install_flags ... ok
2026-10-04T04:19:32.8514468Z test install_cli::tests::superseded_names_are_exact_basenames ... ok
2026-10-04T04:19:32.8515457Z test managed_home::tests::lexical_clean_preserves_unix_bytes_and_relative_parents ... ok
2026-10-04T04:19:32.8516552Z test managed_home::tests::lexical_windows_drive_unc_and_device_roots_follow_sdk ... ok
2026-10-04T04:19:32.8529408Z test mcp_cli::tests::configured_module_path_reads_server_override ... ok
2026-10-04T04:19:32.8530413Z test mcp_cli::tests::inline_flags_accept_both_dash_forms ... ok
2026-10-04T04:19:32.8531438Z test mcp_cli::tests::url_only_foreign_server_matches_go_warning_and_is_skipped ... ok
2026-10-04T04:19:32.8532492Z test memory_cli::tests::hand_written_usage_shapes_stay_native ... ok
2026-10-04T04:19:32.8533358Z test memory_cli::tests::json_output_escapes_what_the_shipped_encoder_escapes ... ok
2026-10-04T04:19:32.8534384Z test memory_cli::tests::memory_sync_with_arguments_stays_on_go ... ok
2026-10-04T04:19:32.8538608Z test health_probe::tests::streamable_http_rejects_malformed_and_error_replies_without_leaking_body ... ok
2026-10-04T04:19:32.8756352Z test doctor_cli::doctor_process::tests::drains_large_stdout_and_stderr_without_deadlock ... ok
2026-10-04T04:19:32.8757750Z test memory_cli::tests::query_log_rejects_positionals_and_unknown_flags ... ok
2026-10-04T04:19:32.8880695Z test memory_cli::tests::query_log_json_matches_go_fixture ... ok
2026-10-04T04:19:32.8956676Z test memory_cli::tests::query_log_normalizes_schema_default_timestamp ... ok
2026-10-04T04:19:32.8959285Z test memory_cli::tests::search_flag_parser_rejects_unsupported_query_shapes ... ok
2026-10-04T04:19:32.8963099Z test memory_cli::tests::search_flags_consume_their_values ... ok
2026-10-04T04:19:32.8965027Z test memory_cli::tests::search_prints_the_shipped_usage_for_help ... ok
2026-10-04T04:19:32.8966849Z test memory_cli::tests::search_refuses_a_missing_query_with_the_shipped_message ... ok
2026-10-04T04:19:32.8968313Z test memory_cli::write_output::tests::injected_broken_pipe_does_not_terminate_the_library_caller ... ok
2026-10-04T04:19:32.9050559Z test memory_cli::tests::query_log_table_and_actor_filter_match_go_shape ... ok
2026-10-04T04:19:32.9055271Z test passthrough::tests::config_binary_path_is_read_from_nested_table ... ok
2026-10-04T04:19:32.9056652Z test passthrough::tests::configured_path_diagnostic_preserves_non_utf8_bytes ... ok
2026-10-04T04:19:32.9060344Z test passthrough::tests::empty_config_binary_path_is_not_an_override ... ok
2026-10-04T04:19:32.9063320Z test passthrough::tests::managed_binary_requires_regular_executable_file ... ok
2026-10-04T04:19:32.9072360Z test passthrough::tests::path_lookup_finds_binary_in_ordered_path_entry ... ok
2026-10-04T04:19:32.9073276Z test passthrough::tests::windows_path_extensions_match_go_defaults ... ok
2026-10-04T04:19:32.9081585Z test setup_cli::config::tests::go_parse_bool_spellings_and_empty_env_contract ... ok
2026-10-04T04:19:32.9082764Z test setup_cli::config::tests::optional_browse_selection_matches_go_default_and_explicit_values ... ok
2026-10-04T04:19:32.9084591Z test setup_cli::config::tests::toml_false_does_not_clear_prior_true_like_configkit ... ok
2026-10-04T04:19:32.9086218Z test setup_cli::flags::tests::help_lists_the_retained_module_lifecycle_flags ... ok
2026-10-04T04:19:32.9087903Z test setup_cli::flags::tests::parse_flags_and_stop_at_first_positional_match_go_flagset ... ok
2026-10-04T04:19:32.9089756Z test setup_cli::flags::tests::unknown_flag_has_go_usage_shape ... ok
2026-10-04T04:19:32.9091562Z test setup_cli::json_tests::setup_json_preserves_raw_bytes_and_escapes_ordinary_fields_once ... ok
2026-10-04T04:19:32.9093462Z test setup_cli::json_tests::setup_json_write_failure_remains_checked ... ok
2026-10-04T04:19:32.9183028Z test memory_cli::tests::query_log_table_sanitizes_multiline_query_text ... ok
2026-10-04T04:19:32.9301159Z test setup_cli::source::process::tests::owned_capture_preserves_sequential_stdout_and_stderr_writes ... ok
2026-10-04T04:19:32.9302356Z test skills_cli::tests::explicit_target_status_is_native_only_for_absent_user_roots ... ok
2026-10-04T04:19:32.9303345Z test skills_cli::tests::list_fallback_uses_cached_typed_inventory_issues ... ok
2026-10-04T04:19:32.9304299Z test skills_cli::tests::sync_project_dir_matches_absolute_working_directory ... ok
2026-10-04T04:19:32.9305308Z test stdio_output::tests::embedded_raw_and_kind_only_pipe_errors_are_ordinary_errors ... ok
2026-10-04T04:19:32.9306373Z test stdio_output::tests::real_stdout_io_error_retains_operation_path_cause_and_source ... ok
2026-10-04T04:19:32.9307879Z test sync_cli::tests::help_flag_prints_bare_usage_not_unknown_flag_rejection ... ok
2026-10-04T04:19:32.9309478Z test sync_cli::tests::unknown_flag_matches_go_flag_package_rejection ... ok
2026-10-04T04:19:32.9310680Z test tests::config_get_executes_in_process ... ok
2026-10-04T04:19:32.9312012Z test tests::config_get_extra_arg_rejected ... ok
2026-10-04T04:19:32.9312966Z test tests::config_get_normalizes_extra_flag ... ok
2026-10-04T04:19:32.9314247Z test tests::config_path_normalizes_unexpected_flags ... ok
2026-10-04T04:19:32.9320371Z test tests::config_path_prints_path ... ok
2026-10-04T04:19:32.9321323Z test tests::config_path_rejects_extra_argument ... ok
2026-10-04T04:19:32.9322016Z test tests::config_set_executes_in_process ... ok
2026-10-04T04:19:32.9323617Z test tests::config_terminator_before_get ... ok
2026-10-04T04:19:32.9324244Z test tests::config_terminator_before_set ... ok
2026-10-04T04:19:32.9324950Z test tests::fallback_executor_receives_unmigrated_commands_only ... ok
2026-10-04T04:19:32.9325657Z test tests::help_matches_frozen_usage ... ok
2026-10-04T04:19:32.9326287Z test tests::json_help_exits_usage_with_unknown_command ... ok
2026-10-04T04:19:32.9327013Z test tests::missing_command_prints_help_and_exits_usage ... ok
2026-10-04T04:19:32.9329348Z test tests::run_in_process_returns_none_for_unmigrated_commands ... ok
2026-10-04T04:19:32.9330014Z test tests::unknown_command_quotes_properly ... ok
2026-10-04T04:19:32.9330953Z test tests::unrelated_native_doctor_and_setup_invocations_do_not_fallback ... ok
2026-10-04T04:19:32.9331857Z test tests::version_bare_hyphen_treated_as_positional ... ok
2026-10-04T04:19:32.9339720Z test tests::version_help_flags_print_usage_only ... ok
2026-10-04T04:19:32.9341303Z test tests::version_json_keeps_schema ... ok
2026-10-04T04:19:32.9342464Z test tests::version_json_order_variants ... ok
2026-10-04T04:19:32.9345010Z test tests::version_rejects_unknown_flag ... ok
2026-10-04T04:19:32.9345698Z test tests::version_rejects_unknown_flag_with_value ... ok
2026-10-04T04:19:32.9346601Z test tests::version_terminator_alone_succeeds ... ok
2026-10-04T04:19:32.9347374Z test tests::version_terminator_with_extra_arg_rejected ... ok
2026-10-04T04:19:32.9348342Z test tests::version_terminator_with_flag_arg_rejected_as_positional ... ok
2026-10-04T04:19:32.9349838Z test tests::version_terminator_with_json_succeeds ... ok
2026-10-04T04:19:32.9350712Z test tests::version_unexpected_argument ... ok
2026-10-04T04:19:32.9352200Z test tests::version_version_exits_usage_with_unexpected_argument ... ok
2026-10-04T04:19:32.9475585Z test usage_cli::fetch_output_tests::usage_fetch_620_cli_json_and_table_match_go_bytes ... ok
2026-10-04T04:19:32.9477108Z test usage_cli::tests::help_is_native_without_resolving_credentials ... ok
2026-10-04T04:19:32.9478821Z test usage_cli::tests::table_matches_go_shape ... ok
2026-10-04T04:19:32.9890275Z test memory_cli::write_output::tests::output_failure_reports_error_after_committed_set ... ok
2026-10-04T04:19:33.0803315Z test health_probe::tests::http_deadline_and_redirect_refusal_are_measured_and_redacted ... ok
2026-10-04T04:19:33.1652067Z test setup_cli::source::process::tests::deadline_kills_and_reaps_the_owned_tool_process ... ok
2026-10-04T04:19:33.1652763Z 
2026-10-04T04:19:33.1653247Z test result: ok. 110 passed; 0 failed; 0 ignored; 0 measured; 0 filtered out; finished in 0.36s
2026-10-04T04:19:33.1653888Z 
2026-10-04T04:19:33.1662817Z      Running unittests src/main.rs (target/debug/deps/symbrain-fb99f9b6807b86fd)
2026-10-04T04:19:33.1673051Z 
2026-10-04T04:19:33.1673240Z running 0 tests
2026-10-04T04:19:33.1673472Z 
2026-10-04T04:19:33.1674102Z test result: ok. 0 passed; 0 failed; 0 ignored; 0 measured; 0 filtered out; finished in 0.00s
2026-10-04T04:19:33.1674681Z 
2026-10-04T04:19:33.1676182Z      Running tests/activity_cli_oracle_tests.rs (target/debug/deps/activity_cli_oracle_tests-66b8d8378d5c75f4)
2026-10-04T04:19:33.1686870Z 
2026-10-04T04:19:33.1687055Z running 1 test
2026-10-04T04:19:33.2597999Z test bounded_activity_reads_match_the_pinned_go_commands ... ok
2026-10-04T04:19:33.2598330Z 
2026-10-04T04:19:33.2598925Z test result: ok. 1 passed; 0 failed; 0 ignored; 0 measured; 0 filtered out; finished in 0.09s
2026-10-04T04:19:33.2599291Z 
2026-10-04T04:19:33.2601944Z      Running tests/activity_validation_tests.rs (target/debug/deps/activity_validation_tests-2957a4d2a5e1f373)
2026-10-04T04:19:33.2612430Z 
2026-10-04T04:19:33.2612590Z running 1 test
2026-10-04T04:19:34.3418161Z test activity_validation_matches_complete_go_process_fixture_without_fallback ... ok
2026-10-04T04:19:34.3418981Z 
2026-10-04T04:19:34.3419663Z test result: ok. 1 passed; 0 failed; 0 ignored; 0 measured; 0 filtered out; finished in 1.08s
2026-10-04T04:19:34.3420224Z 
2026-10-04T04:19:34.3421205Z      Running tests/cli_tree_tests.rs (target/debug/deps/cli_tree_tests-7c882d18a5f080c8)
2026-10-04T04:19:34.3434011Z 
2026-10-04T04:19:34.3434201Z running 4 tests
2026-10-04T04:19:34.3461093Z test tests::fixture_loads_and_has_correct_count ... ok
2026-10-04T04:19:34.3461853Z test tests::path_separator_normalization_is_confined_to_oracle_roots ... ok
2026-10-04T04:19:34.3480909Z test tests::temp_root_normalization_accepts_windows_short_path_aliases ... ok
2026-10-04T04:19:36.7989870Z test cli_tree_fixture_matches_native_binary ... ok
2026-10-04T04:19:36.7990262Z 
2026-10-04T04:19:36.7990644Z test result: ok. 4 passed; 0 failed; 0 ignored; 0 measured; 0 filtered out; finished in 2.46s
2026-10-04T04:19:36.7991166Z 
2026-10-04T04:19:36.7994293Z      Running tests/doctor_fix_native.rs (target/debug/deps/doctor_fix_native-7dbf26f15429a696)
2026-10-04T04:19:36.8006020Z 
2026-10-04T04:19:36.8006211Z running 2 tests
2026-10-04T04:19:36.8053577Z test missing_managed_home_fails_before_config_probes_or_publication ... ok
2026-10-04T04:19:37.1872139Z test doctor_repair_preserves_source_and_corruption_and_continues_failures ... ok
2026-10-04T04:19:37.1872574Z 
2026-10-04T04:19:37.1872867Z test result: ok. 2 passed; 0 failed; 0 ignored; 0 measured; 0 filtered out; finished in 0.39s
2026-10-04T04:19:37.1873443Z 
2026-10-04T04:19:37.1874798Z      Running tests/doctor_modules.rs (target/debug/deps/doctor_modules-49436455bfef5b47)
2026-10-04T04:19:37.1885366Z 
2026-10-04T04:19:37.1885544Z running 5 tests
2026-10-04T04:19:37.1935151Z test doctor_omits_empty_optional_module_extension_for_old_json_parity ... ok
2026-10-04T04:19:37.1947459Z test doctor_omits_missing_modules_and_safely_ignores_missing_malformed_or_special_sidecars ... ok
2026-10-04T04:19:37.2045314Z test doctor_bounds_provenance_sidecar_reads ... ok
2026-10-04T04:19:37.2047021Z test doctor_preserves_release_version_repo_and_hash_without_source_build_fields ... ok
2026-10-04T04:19:37.2091141Z test doctor_reports_installed_optional_modules_and_exact_sidecar_provenance ... ok
2026-10-04T04:19:37.2092057Z 
2026-10-04T04:19:37.2092529Z test result: ok. 5 passed; 0 failed; 0 ignored; 0 measured; 0 filtered out; finished in 0.02s
2026-10-04T04:19:37.2093123Z 
2026-10-04T04:19:37.2093743Z      Running tests/doctor_native.rs (target/debug/deps/doctor_native-a90b160c0ad867f9)
2026-10-04T04:19:37.2104295Z 
2026-10-04T04:19:37.2104490Z running 8 tests
2026-10-04T04:19:37.2152630Z test doctor_json_true_uses_json_output ... ok
2026-10-04T04:19:37.2153878Z test doctor_vault_agent_skips_unlistable_profiles_without_go ... ok
2026-10-04T04:19:37.2160140Z test doctor_vault_agent_skips_broken_profile_without_go ... ok
2026-10-04T04:19:37.2165955Z test doctor_json_reports_static_config_and_registered_harness_natively ... ok
2026-10-04T04:19:37.2198651Z test doctor_vault_agent_without_profiles_stays_native_with_invalid_go_binary ... ok
2026-10-04T04:19:37.2209000Z test doctor_vault_agent_with_missing_vault_binary_stays_native ... ok
2026-10-04T04:19:37.2209831Z test doctor_vault_agent_with_disabled_vault_profile_stays_native ... ok
2026-10-04T04:19:37.2648957Z test doctor_vault_probe_does_not_expose_child_stderr ... ok
2026-10-04T04:19:37.2649493Z 
2026-10-04T04:19:37.2650010Z test result: ok. 8 passed; 0 failed; 0 ignored; 0 measured; 0 filtered out; finished in 0.05s
2026-10-04T04:19:37.2650639Z 
2026-10-04T04:19:37.2652670Z      Running tests/guard_decide_adapter.rs (target/debug/deps/guard_decide_adapter-d6311d45987e3cd1)
2026-10-04T04:19:37.2663496Z 
2026-10-04T04:19:37.2663686Z running 4 tests
2026-10-04T04:19:37.2673623Z test production_route_oversize_input_is_fail_closed ... ok
2026-10-04T04:19:37.2674192Z test production_route_bounds_input_audits_and_writes_one_response ... ok
2026-10-04T04:19:37.2674698Z test production_route_reader_failure_is_one_audited_deny ... ok
2026-10-04T04:19:37.2676172Z test production_route_audit_failure_denies_and_output_failure_returns_one ... ok
2026-10-04T04:19:37.2676761Z 
2026-10-04T04:19:37.2677546Z test result: ok. 4 passed; 0 failed; 0 ignored; 0 measured; 0 filtered out; finished in 0.00s
2026-10-04T04:19:37.2678196Z 
2026-10-04T04:19:37.2680013Z      Running tests/guard_decide_raw_bytes.rs (target/debug/deps/guard_decide_raw_bytes-b24f63959efec576)
2026-10-04T04:19:37.2689577Z 
2026-10-04T04:19:37.2689743Z running 1 test
2026-10-04T04:19:37.2831037Z test production_binary_matches_frozen_raw_byte_responses_and_audits ... ok
2026-10-04T04:19:37.2831602Z 
2026-10-04T04:19:37.2832081Z test result: ok. 1 passed; 0 failed; 0 ignored; 0 measured; 0 filtered out; finished in 0.01s
2026-10-04T04:19:37.2832714Z 
2026-10-04T04:19:37.2833722Z      Running tests/guard_doctor_oracle_tests.rs (target/debug/deps/guard_doctor_oracle_tests-d546d89d61a31959)
2026-10-04T04:19:37.2844964Z 
2026-10-04T04:19:37.2845115Z running 1 test
2026-10-04T04:19:37.3700447Z test every_oracle_case_matches_native_go_bytes ... ok
2026-10-04T04:19:37.3700890Z 
2026-10-04T04:19:37.3701372Z test result: ok. 1 passed; 0 failed; 0 ignored; 0 measured; 0 filtered out; finished in 0.09s
2026-10-04T04:19:37.3701820Z 
2026-10-04T04:19:37.3705592Z      Running tests/guard_grants_native.rs (target/debug/deps/guard_grants_native-edde924b01e348f7)
2026-10-04T04:19:37.3716211Z 
2026-10-04T04:19:37.3716368Z running 11 tests
2026-10-04T04:19:37.3722265Z test native_grants_creates_new_store_directory_with_go_mode ... ok
2026-10-04T04:19:37.3725669Z test native_grants_keeps_go_malformed_diagnostic_for_oracle_case ... ok
2026-10-04T04:19:37.3727426Z test native_grants_does_not_rewrite_ephemeral_revoke ... ok
2026-10-04T04:19:37.3730077Z test native_grants_formats_list_time_and_preserves_persisted_time_shape ... ok
2026-10-04T04:19:37.3732416Z test native_grants_accepts_go_null_defaults_but_rejects_empty_timestamps ... ok
2026-10-04T04:19:37.3735740Z test native_grants_module_compiles_and_handles_empty_store ... ok
2026-10-04T04:19:37.3736497Z test native_grants_opens_store_before_empty_id_usage ... ok
2026-10-04T04:19:37.3741057Z test native_grants_keeps_legacy_entries_revivable ... ok
2026-10-04T04:19:37.3742395Z test native_grants_preserves_existing_store_directory_mode ... ok
2026-10-04T04:19:37.3743365Z test native_grants_matches_order_and_revoke_shape ... ok
2026-10-04T04:19:37.3745196Z test native_grants_persist_uses_go_html_escaping ... ok
2026-10-04T04:19:37.3745622Z 
2026-10-04T04:19:37.3746125Z test result: ok. 11 passed; 0 failed; 0 ignored; 0 measured; 0 filtered out; finished in 0.00s
2026-10-04T04:19:37.3746726Z 
2026-10-04T04:19:37.3748360Z      Running tests/guard_oracle_grants.rs (target/debug/deps/guard_oracle_grants-9baf75edd7a94096)
2026-10-04T04:19:37.3757913Z 
2026-10-04T04:19:37.3758077Z running 1 test
2026-10-04T04:19:37.3831432Z test grants_cli_matches_go_oracle_bytes ... ok
2026-10-04T04:19:37.3831825Z 
2026-10-04T04:19:37.3832291Z test result: ok. 1 passed; 0 failed; 0 ignored; 0 measured; 0 filtered out; finished in 0.01s
2026-10-04T04:19:37.3832934Z 
2026-10-04T04:19:37.3834356Z      Running tests/harness_health_tests.rs (target/debug/deps/harness_health_tests-38436e7c1dbd0250)
2026-10-04T04:19:37.3844068Z 
2026-10-04T04:19:37.3844275Z running 7 tests
2026-10-04T04:19:37.3907196Z test multiple_missing_stdio_probes_are_reported_natively ... ok
2026-10-04T04:19:37.3939688Z test empty_health_matches_go_shapes ... ok
2026-10-04T04:19:37.4406500Z test protocol_mismatch_is_redacted_without_fallback ... ok
2026-10-04T04:19:37.4435995Z test multiple_native_probes_run_in_parallel_and_are_sorted ... ok
2026-10-04T04:19:37.4579815Z test native_health_reports_unsupported_and_probes_stdio ... ok
2026-10-04T04:19:37.4667100Z test successful_probe_reaps_persistent_child ... ok
2026-10-04T04:19:42.4027079Z test stdio_ping_error_is_redacted_and_silent_ping_hits_the_deadline ... ok
2026-10-04T04:19:42.4027506Z 
2026-10-04T04:19:42.4027805Z test result: ok. 7 passed; 0 failed; 0 ignored; 0 measured; 0 filtered out; finished in 5.02s
2026-10-04T04:19:42.4028282Z 
2026-10-04T04:19:42.4030917Z      Running tests/harness_list_tests.rs (target/debug/deps/harness_list_tests-e95679914b35851b)
2026-10-04T04:19:42.4041505Z 
2026-10-04T04:19:42.4041709Z running 9 tests
2026-10-04T04:19:42.4109468Z test json_is_compact_and_preserves_inventory_schema ... ok
2026-10-04T04:19:42.4123727Z test invalid_and_extra_arguments_keep_go_exit_and_diagnostics ... ok
2026-10-04T04:19:42.4124697Z test malformed_config_health_is_native_without_go_fallback ... ok
2026-10-04T04:19:42.4130945Z test malformed_json_inventory_is_native_without_go_fallback ... ok
2026-10-04T04:19:42.4134932Z test missing_command_health_reports_redacted_error_without_go_fallback ... ok
2026-10-04T04:19:42.4167065Z test table_matches_go_layout_for_populated_and_missing_configs ... ok
2026-10-04T04:19:42.4178785Z test table_reports_parsed_global_and_project_configs ... ok
2026-10-04T04:19:42.4197746Z test successful_health_probe_is_native_without_go_fallback ... ok
2026-10-04T04:19:42.4259098Z test toml_and_io_inventory_errors_keep_go_fallback_before_output ... ok
2026-10-04T04:19:42.4259502Z 
2026-10-04T04:19:42.4259818Z test result: ok. 9 passed; 0 failed; 0 ignored; 0 measured; 0 filtered out; finished in 0.02s
2026-10-04T04:19:42.4260227Z 
2026-10-04T04:19:42.4262217Z      Running tests/init_cli_tests.rs (target/debug/deps/init_cli_tests-7229eb558685b52d)
2026-10-04T04:19:42.4273852Z 
2026-10-04T04:19:42.4274050Z running 9 tests
2026-10-04T04:19:42.4356390Z test fresh_init_creates_files_and_dirs_with_proper_modes ... ok
2026-10-04T04:19:42.4366229Z test dangling_symlink_is_replaced ... ok
2026-10-04T04:19:42.4382482Z test custom_xdg_environment_variables_honored ... ok
2026-10-04T04:19:42.4390418Z test init_help_and_unknown_flags_via_subprocess ... ok
2026-10-04T04:19:42.4391137Z test missing_home_fails_with_expected_error ... ok
2026-10-04T04:19:42.4436024Z test native_success_with_nonexistent_symbrain_go_binary ... ok
2026-10-04T04:19:42.4459812Z test symlink_to_existing_file_is_skipped ... ok
2026-10-04T04:19:42.4489225Z test rerun_skips_existing_files_and_preserves_user_edits ... ok
2026-10-04T04:19:42.4535600Z test positionals_and_terminators_are_accepted ... ok
2026-10-04T04:19:42.4536283Z 
2026-10-04T04:19:42.4536794Z test result: ok. 9 passed; 0 failed; 0 ignored; 0 measured; 0 filtered out; finished in 0.03s
2026-10-04T04:19:42.4537507Z 
2026-10-04T04:19:42.4539574Z      Running tests/install_oracle_tests.rs (target/debug/deps/install_oracle_tests-7da586dc8d4d94d0)
2026-10-04T04:19:42.4549893Z 
2026-10-04T04:19:42.4550158Z running 2 tests
2026-10-04T04:19:42.4601793Z test install_oracle_comparison_rejects_intentional_mutation ... ok
2026-10-04T04:19:42.5213917Z test install_oracle_fixture_is_consumed_by_the_native_rust_cli ... ok
2026-10-04T04:19:42.5214475Z 
2026-10-04T04:19:42.5214941Z test result: ok. 2 passed; 0 failed; 0 ignored; 0 measured; 0 filtered out; finished in 0.07s
2026-10-04T04:19:42.5215532Z 
2026-10-04T04:19:42.5216148Z      Running tests/mcp_cli_tests.rs (target/debug/deps/mcp_cli_tests-f0d0d6a583581a3c)
2026-10-04T04:19:42.5226796Z 
2026-10-04T04:19:42.5227025Z running 20 tests
2026-10-04T04:19:42.5292759Z test configured_antigravity_does_not_force_the_usage_route_to_go ... ok
2026-10-04T04:19:42.5299787Z test claude_oauth_file_routes_usage_to_native_parser_without_keychain_or_provider_request ... ok
2026-10-04T04:19:42.5370558Z test codex_default_file_env_and_home_override_routes_are_native ... ok
2026-10-04T04:19:42.5407059Z test direct_claude_oauth_routes_usage_to_native_parser_without_provider_request ... ok
2026-10-04T04:19:42.5552377Z test enabled_skills_server_exposes_native_tools_without_go_fallback ... ok
2026-10-04T04:19:42.5698870Z test kimi_and_nous_supported_home_overrides_route_natively_only_for_proven_files ... ok
2026-10-04T04:19:42.5767081Z test copilot_single_default_file_routes_natively_and_unproven_shapes_keep_go ... ok
2026-10-04T04:19:42.5837361Z test deprecated_serve_alias_is_native_and_warns_only_on_stderr ... ok
2026-10-04T04:19:42.5866379Z test command_factory_hermetically_isolates_environment_from_outer_xdg_and_provider_keys ... ok
2026-10-04T04:19:42.5919940Z test mcp_profile_errors_and_unknown_flags_do_not_fallback ... ok
2026-10-04T04:19:42.5989480Z test kimi_default_file_routes_follow_the_source_bound_candidate_contract ... ok
2026-10-04T04:19:42.6185188Z test noncanonical_or_ambiguous_claude_files_remain_on_go ... ok
2026-10-04T04:19:42.6368101Z test mcp_profile_flag_loads_xdg_profile_directory ... ok
2026-10-04T04:19:42.6390237Z test mcp_subprocess_runs_native_initialize_list_call_and_silent_notification ... ok
2026-10-04T04:19:42.6409585Z test native_mcp_audit_creates_redacted_jsonl_without_stdout_pollution ... ok
2026-10-04T04:19:42.6424073Z test supported_provider_combination_routes_before_any_live_request ... ok
2026-10-04T04:19:42.6563625Z test usage_subprocess_lists_and_calls_native_tool_without_go_fallback ... ok
2026-10-04T04:19:42.6617510Z test sigterm_while_idle_exits_cleanly_with_stdin_open ... ok
2026-10-04T04:19:42.6865229Z test nous_auth_file_presence_keeps_unproven_shapes_on_go ... ok
2026-10-04T04:19:42.7155762Z test sigterm_cancels_gateway_and_terminates_child_process_group ... ok
2026-10-04T04:19:42.7156181Z 
2026-10-04T04:19:42.7156547Z test result: ok. 20 passed; 0 failed; 0 ignored; 0 measured; 0 filtered out; finished in 0.19s
2026-10-04T04:19:42.7156939Z 
2026-10-04T04:19:42.7159166Z      Running tests/memory_set_sigpipe.rs (target/debug/deps/memory_set_sigpipe-e1cd5c71420350d5)
2026-10-04T04:19:42.7170831Z 
2026-10-04T04:19:42.7170993Z running 1 test
2026-10-04T04:19:42.8967256Z test actual_stdout_closed_reader_preserves_committed_set_and_sigpipe ... ok
2026-10-04T04:19:42.8967794Z 
2026-10-04T04:19:42.8968091Z test result: ok. 1 passed; 0 failed; 0 ignored; 0 measured; 0 filtered out; finished in 0.18s
2026-10-04T04:19:42.8968743Z 
2026-10-04T04:19:42.8970723Z      Running tests/profile_cli_tests.rs (target/debug/deps/profile_cli_tests-d0b1d276d69d0c22)
2026-10-04T04:19:42.8982433Z 
2026-10-04T04:19:42.8982599Z running 14 tests
2026-10-04T04:19:42.9070132Z test add_uses_restricted_template_by_default_and_secure_modes ... ok
2026-10-04T04:19:42.9071384Z test remove_aborts_on_oversized_confirmation_input ... ok
2026-10-04T04:19:42.9072738Z test add_personal_flag_after_name_and_show_json_are_native ... ok
2026-10-04T04:19:42.9104202Z test list_json_has_canonical_core_order_and_partial_errors ... ok
2026-10-04T04:19:42.9119444Z test remove_deletes_fifo_without_following ... ok
2026-10-04T04:19:42.9135950Z test remove_deletes_file_symlink_without_following ... ok
2026-10-04T04:19:42.9136713Z test remove_fails_closed_for_fifo_harness_config ... ok
2026-10-04T04:19:42.9181104Z test remove_oracle_fixture_records_source_provenance ... ok
2026-10-04T04:19:42.9184010Z test remove_fails_closed_for_symlink_harness_config ... ok
2026-10-04T04:19:42.9184750Z test remove_is_native_and_force_deletes_profile ... ok
2026-10-04T04:19:42.9185611Z test remove_rejects_symlinked_profiles_root_without_touching_target ... ok
2026-10-04T04:19:42.9197945Z test remove_keeps_relative_project_display_and_rejects_symlink_project_root ... ok
2026-10-04T04:19:42.9239781Z test remove_refuses_global_and_project_bindings_without_side_effects ... ok
2026-10-04T04:19:42.9267987Z test remove_prompt_matches_go_for_yes_no_and_eof ... ok
2026-10-04T04:19:42.9268632Z 
2026-10-04T04:19:42.9269118Z test result: ok. 14 passed; 0 failed; 0 ignored; 0 measured; 0 filtered out; finished in 0.03s
2026-10-04T04:19:42.9269749Z 
2026-10-04T04:19:42.9271878Z      Running tests/setup_fix_native.rs (target/debug/deps/setup_fix_native-ad183531a7c82361)
2026-10-04T04:19:42.9282168Z 
2026-10-04T04:19:42.9282411Z running 0 tests
2026-10-04T04:19:42.9282646Z 
2026-10-04T04:19:42.9283109Z test result: ok. 0 passed; 0 failed; 0 ignored; 0 measured; 0 filtered out; finished in 0.00s
2026-10-04T04:19:42.9283699Z 
2026-10-04T04:19:42.9285041Z      Running tests/setup_repair_native.rs (target/debug/deps/setup_repair_native-e50cd9f56d4103e9)
2026-10-04T04:19:42.9295071Z 
2026-10-04T04:19:42.9295265Z running 1 test
2026-10-04T04:19:43.2134728Z test source_installs_are_preserved_without_a_go_binary_or_release_host ... ok
2026-10-04T04:19:43.2135203Z 
2026-10-04T04:19:43.2135510Z test result: ok. 1 passed; 0 failed; 0 ignored; 0 measured; 0 filtered out; finished in 0.28s
2026-10-04T04:19:43.2135907Z 
2026-10-04T04:19:43.2139014Z      Running tests/skills_doctor_native.rs (target/debug/deps/skills_doctor_native-816d6fa2f5ce07fd)
2026-10-04T04:19:43.2149646Z 
2026-10-04T04:19:43.2149924Z running 3 tests
2026-10-04T04:19:43.2190747Z test global_config_falls_back_before_stdout ... ok
2026-10-04T04:19:43.2205935Z test default_doctor_matches_go_schema_and_formats ... ok
2026-10-04T04:19:43.2247783Z test doctor_flags_and_dynamic_inputs_fallback_before_stdout ... ok
2026-10-04T04:19:43.2248138Z 
2026-10-04T04:19:43.2248796Z test result: ok. 3 passed; 0 failed; 0 ignored; 0 measured; 0 filtered out; finished in 0.01s
2026-10-04T04:19:43.2249190Z 
2026-10-04T04:19:43.2251259Z      Running tests/skills_list_native.rs (target/debug/deps/skills_list_native-7269d8b1ee7a542d)
2026-10-04T04:19:43.2261223Z 
2026-10-04T04:19:43.2261390Z running 11 tests
2026-10-04T04:19:43.2319565Z test empty_library_json_matches_go_bytes ... ok
2026-10-04T04:19:43.2320696Z test access_time_inside_the_install_gap_is_not_usage ... ok
2026-10-04T04:19:43.2321754Z test category_variants_collapse_to_one_spelling ... ok
2026-10-04T04:19:43.2339766Z test empty_library_table_matches_go_bytes ... ok
2026-10-04T04:19:43.2365201Z test classified_input_rejection_never_uses_go_even_with_an_override ... ok
2026-10-04T04:19:43.2373237Z test empty_library_with_extra_flag_keeps_go_fallback ... ok
2026-10-04T04:19:43.2374247Z test marker_install_and_access_time_fill_the_record ... ok
2026-10-04T04:19:43.2381582Z test sync_dry_run_json_matches_go_bytes ... ok
2026-10-04T04:19:43.2384612Z test populated_library_is_reported_natively ... ok
2026-10-04T04:19:43.2399021Z test special_installed_marker_does_not_block_or_fabricate_an_install ... ok
2026-10-04T04:19:43.2512685Z test unloadable_library_entry_keeps_go_fallback ... ok
2026-10-04T04:19:43.2513123Z 
2026-10-04T04:19:43.2513557Z test result: ok. 11 passed; 0 failed; 0 ignored; 0 measured; 0 filtered out; finished in 0.03s
2026-10-04T04:19:43.2514175Z 
2026-10-04T04:19:43.2515242Z      Running tests/skills_log_native.rs (target/debug/deps/skills_log_native-639b5f1fd8206728)
2026-10-04T04:19:43.2525786Z 
2026-10-04T04:19:43.2525979Z running 8 tests
2026-10-04T04:19:43.2579732Z test readable_current_and_rotated_logs_are_native_newest_first ... ok
2026-10-04T04:19:43.2639683Z test symlinked_log_ancestor_uses_go_before_stdout ... ok
2026-10-04T04:19:43.2669939Z test log_filters_trim_values_and_ignore_blank_filters ... ok
2026-10-04T04:19:43.2670941Z test symlinked_log_uses_go_before_stdout ... ok
2026-10-04T04:19:43.2671735Z test unavailable_log_path_uses_go_before_stdout ... ok
2026-10-04T04:19:43.2672483Z test empty_log_is_native_with_exact_table_and_json_bytes ... ok
2026-10-04T04:19:43.2682505Z test log_flags_filter_and_limit_natively_but_invalid_args_use_go ... ok
2026-10-04T04:19:43.2692831Z test unreadable_log_uses_go_before_stdout ... ok
2026-10-04T04:19:43.2693215Z 
2026-10-04T04:19:43.2693508Z test result: ok. 8 passed; 0 failed; 0 ignored; 0 measured; 0 filtered out; finished in 0.02s
2026-10-04T04:19:43.2693888Z 
2026-10-04T04:19:43.2696737Z      Running tests/skills_status_opencode_tests.rs (target/debug/deps/skills_status_opencode_tests-7d6db0ef651e3cbc)
2026-10-04T04:19:43.2706909Z 
2026-10-04T04:19:43.2707046Z running 19 tests
2026-10-04T04:19:43.2749369Z test configured_status_keeps_go_fallback ... ok
2026-10-04T04:19:43.2750528Z test default_status_with_dynamic_target_state_keeps_go_fallback ... ok
2026-10-04T04:19:43.2751660Z test default_user_status_empty_json_matches_go_bytes ... ok
2026-10-04T04:19:43.2752732Z test default_user_status_empty_table_matches_go_bytes ... ok
2026-10-04T04:19:43.2780007Z test legacy_go_config_wins_when_new_skills_config_dir_exists ... ok
2026-10-04T04:19:43.2796761Z test opencode_project_status_matches_go_bytes ... ok
2026-10-04T04:19:43.2805026Z test opencode_project_status_ignores_the_user_root ... ok
2026-10-04T04:19:43.2821738Z test opencode_project_status_no_scope_flag_defaults_to_user ... ok
2026-10-04T04:19:43.2836781Z test opencode_user_status_empty_json_matches_go_bytes ... ok
2026-10-04T04:19:43.2840247Z test opencode_project_status_symlink_chain_keeps_go_fallback ... ok
2026-10-04T04:19:43.2863852Z test opencode_user_status_empty_table_matches_go_bytes ... ok
2026-10-04T04:19:43.2909670Z test opencode_user_status_link_onto_file_matches_go_bytes ... ok
2026-10-04T04:19:43.2917615Z test opencode_user_status_json_escapes_html_like_go ... ok
2026-10-04T04:19:43.2939306Z test empty_explicit_user_roots_are_native ... ok
2026-10-04T04:19:43.2940060Z test opencode_user_status_managed_marker_row_matches_go_bytes ... ok
2026-10-04T04:19:43.2940659Z test opencode_user_status_populated_table_matches_go_bytes ... ok
2026-10-04T04:19:43.2941189Z test opencode_user_status_symlink_chain_keeps_go_fallback ... ok
2026-10-04T04:19:43.2941634Z test symskills_config_override_keeps_go_fallback ... ok
2026-10-04T04:19:43.3006341Z test opencode_user_status_marker_states_keep_go_fallback ... ok
2026-10-04T04:19:43.3006870Z 
2026-10-04T04:19:43.3007397Z test result: ok. 19 passed; 0 failed; 0 ignored; 0 measured; 0 filtered out; finished in 0.03s
2026-10-04T04:19:43.3007953Z 
2026-10-04T04:19:43.3010083Z      Running tests/skills_sync_legacy_roots.rs (target/debug/deps/skills_sync_legacy_roots-254dc68d1c4dca66)
2026-10-04T04:19:43.3020704Z 
2026-10-04T04:19:43.3020861Z running 3 tests
2026-10-04T04:19:43.3106305Z test native_sync_plan_uses_the_platform_home_when_home_variables_disagree ... ok
2026-10-04T04:19:43.3729343Z test both_layouts_present_sync_uses_the_current_namespace ... ok
2026-10-04T04:19:43.4773475Z test legacy_layout_sync_repairs_like_go ... ok
2026-10-04T04:19:43.4773962Z 
2026-10-04T04:19:43.4774428Z test result: ok. 3 passed; 0 failed; 0 ignored; 0 measured; 0 filtered out; finished in 0.18s
2026-10-04T04:19:43.4774968Z 
2026-10-04T04:19:43.4776516Z      Running tests/skills_targets_native.rs (target/debug/deps/skills_targets_native-0c8b0d1ed9409faa)
2026-10-04T04:19:43.4788011Z 
2026-10-04T04:19:43.4788213Z running 7 tests
2026-10-04T04:19:43.4827993Z test config_file_targets_variant_keeps_go_fallback_before_output ... ok
2026-10-04T04:19:43.4849332Z test managed_and_unmanaged_skill_roots_are_classified_natively ... ok
2026-10-04T04:19:43.4865884Z test symlinked_skill_root_is_inventoried_natively ... ok
2026-10-04T04:19:43.4876613Z test target_binary_is_reported_as_evidence_natively ... ok
2026-10-04T04:19:43.4877767Z test user_targets_json_is_compact_and_has_go_schema ... ok
2026-10-04T04:19:43.4904488Z test user_targets_table_matches_go_bytes_for_empty_sandbox ... ok
2026-10-04T04:19:43.4909178Z test scope_flag_is_native_but_config_stays_on_go ... ok
2026-10-04T04:19:43.4909614Z 
2026-10-04T04:19:43.4910134Z test result: ok. 7 passed; 0 failed; 0 ignored; 0 measured; 0 filtered out; finished in 0.01s
2026-10-04T04:19:43.4910742Z 
2026-10-04T04:19:43.4912344Z      Running tests/sync_native.rs (target/debug/deps/sync_native-194b5a5d0ba2c039)
2026-10-04T04:19:43.4922376Z 
2026-10-04T04:19:43.4922550Z running 4 tests
2026-10-04T04:19:43.4965357Z test skill_target_harness_syncs_natively_without_a_go_binary ... ok
2026-10-04T04:19:43.4981790Z test project_override_syncs_natively_without_a_go_binary ... ok
2026-10-04T04:19:43.4988280Z test instruction_only_target_is_native_and_matches_sync_schema ... ok
2026-10-04T04:19:43.4993994Z test instruction_target_error_fails_sync_after_reporting_all_statuses ... ok
2026-10-04T04:19:43.4994779Z 
2026-10-04T04:19:43.4995559Z test result: ok. 4 passed; 0 failed; 0 ignored; 0 measured; 0 filtered out; finished in 0.01s
2026-10-04T04:19:43.4997451Z      Running tests/vault_admin_native.rs (target/debug/deps/vault_admin_native-f2fc48fe6950782b)
2026-10-04T04:19:43.4998319Z 
2026-10-04T04:19:43.5015515Z 
2026-10-04T04:19:43.5015725Z running 2 tests
2026-10-04T04:19:43.5020087Z test vault_validation_stays_native_with_a_fallback_executor ... ok
2026-10-04T04:19:46.5827279Z test vault_administration_matches_real_go_process_contracts ... ok
2026-10-04T04:19:46.5827690Z 
2026-10-04T04:19:46.5828019Z test result: ok. 2 passed; 0 failed; 0 ignored; 0 measured; 0 filtered out; finished in 3.08s
2026-10-04T04:19:46.5828711Z 
2026-10-04T04:19:46.5832954Z      Running unittests src/lib.rs (target/debug/deps/symbrain_core-693a484735d296ad)
2026-10-04T04:19:46.5845028Z 
2026-10-04T04:19:46.5845190Z running 104 tests
2026-10-04T04:19:46.5853084Z test config::atomic::tests::rename_with_retry_exhausts_ten_attempts ... ok
2026-10-04T04:19:46.5855784Z test config::atomic::tests::rename_with_retry_handles_windows_sharing_violation ... ok
2026-10-04T04:19:46.5857290Z test config::atomic::tests::rename_with_retry_succeeds_immediately ... ok
2026-10-04T04:19:46.5861199Z test config::atomic::tests::rename_with_retry_recovers_after_transient_failures ... ok
2026-10-04T04:19:46.5863471Z test config::format::tests::format_go_datetime_matches_burnt_sushi_berlin_variants ... ok
2026-10-04T04:19:46.5867279Z test config::atomic::tests::atomic_write_handles_relative_path_without_parent ... ok
2026-10-04T04:19:46.5870583Z test config::format::tests::format_go_datetime_matches_burnt_sushi_utc_variants ... ok
2026-10-04T04:19:46.5872892Z test config::get::bytes_tests::invalid_utf8_key_cannot_match_replacement_character_key ... ok
2026-10-04T04:19:46.5874548Z test config::get::bytes_tests::config_get_quotes_raw_unix_arguments_like_go ... ok
2026-10-04T04:19:46.5891646Z test config::atomic::tests::atomic_write_creates_and_replaces_file ... ok
2026-10-04T04:19:46.5898796Z test config::get::tests::get_extra_arguments_rejected ... ok
2026-10-04T04:19:46.5908688Z test config::get::tests::get_key_from_missing_file_exits_usage_with_not_set_message ... ok
2026-10-04T04:19:46.5916057Z test config::get::tests::get_key_malformed_toml_exits_generic_with_parse_error ... ok
2026-10-04T04:19:46.5917113Z test config::get::tests::get_key_missing_in_file_exits_usage ... ok
2026-10-04T04:19:46.5918685Z test config::get::tests::get_whole_file_preserves_comments_and_exact_bytes ... ok
2026-10-04T04:19:46.5919970Z test config::get::tests::get_whole_file_succeeds_even_if_toml_malformed ... ok
2026-10-04T04:19:46.5921740Z test config::get::tests::get_key_formats_primitives_lists_and_tables_identically_to_go ... ok
2026-10-04T04:19:46.5923755Z test config::lossless::tests::distinct_encoding_for_pua_and_raw_byte ... ok
2026-10-04T04:19:46.5924694Z test config::lossless::tests::roundtrip_arbitrary_invalid_bytes ... ok
2026-10-04T04:19:46.5925558Z test config::lossless::tests::roundtrip_all_single_bytes ... ok
2026-10-04T04:19:46.5926433Z test config::lossless::tests::roundtrip_literal_pua_and_sentinels ... ok
2026-10-04T04:19:46.5927434Z test config::lossless::tests::roundtrip_mixing_literal_pua_and_raw_bytes ... ok
2026-10-04T04:19:46.5928684Z test config::lossless::tests::roundtrip_valid_ascii_and_unicode ... ok
2026-10-04T04:19:46.5929636Z test config::get::tests::get_missing_file_prints_note_to_stdout_and_exits_zero ... ok
2026-10-04T04:19:46.5930821Z test config::format::tests::get_key_formats_floats_including_neg_zero_infinities_nan_and_scientific_boundaries ... ok
2026-10-04T04:19:46.5931908Z test config::set::fixtures_tests::datetime_preservation_subseconds_and_tz ... ok
2026-10-04T04:19:46.5932638Z test config::set::fixtures_tests::deeply_nested_mixed_inline_tables ... ok
2026-10-04T04:19:46.5945382Z test config::set::fixtures_tests::float_encoding_conventions_in_existing_tables ... ok
2026-10-04T04:19:46.5954932Z test config::set::fixtures_tests::unix_raw_non_utf8_dotted_keys ... ok
2026-10-04T04:19:46.5958759Z test config::set::fixtures_tests::recursively_flatten_nested_inline_tables ... ok
2026-10-04T04:19:46.5959915Z test config::set::fixtures_tests::preserve_arrays_datetime_quoted_keys_and_arrays_of_tables ... ok
2026-10-04T04:19:46.5966375Z test config::set::fixtures_tests::mutate_and_flatten_existing_inline_tables ... ok
2026-10-04T04:19:46.5976822Z test config::set::tests::set_creates_nested_tables_and_matches_burnt_sushi_ordering ... ok
2026-10-04T04:19:46.5978058Z test config::set::tests::set_handles_relative_path_without_parent ... ok
2026-10-04T04:19:46.5979949Z test config::set::flag_alias_tests::set_accepts_go_single_dash_safeguard_flags ... ok
2026-10-04T04:19:46.5981318Z test config::set::tests::set_rejects_intermediate_scalar_without_writing ... ok
2026-10-04T04:19:46.5985274Z test config::set::tests::set_requires_exactly_two_arguments_and_nonempty_key ... ok
2026-10-04T04:19:46.5990615Z test config::set::tests::set_preview_is_non_mutating_and_does_not_reveal_value ... ok
2026-10-04T04:19:46.6001001Z test config::set::fixtures_tests::unix_raw_non_utf8_key_and_value_no_collision_with_ufffd ... ok
2026-10-04T04:19:46.6002364Z test exit::tests::exit_code_constants_match_symaira_specification ... ok
2026-10-04T04:19:46.6003810Z test go_text::tests::json_escapes_html_javascript_and_controls_without_replacing_valid_text ... ok
2026-10-04T04:19:46.6005269Z test go_text::tests::malformed_bytes_and_literal_replacement_character_remain_distinct ... ok
2026-10-04T04:19:46.6006617Z test output::tests::extract_accepts_all_flag_variants ... ok
2026-10-04T04:19:46.6008379Z test config::set::tests::set_rewrites_comments_and_preserves_existing_values ... ok
2026-10-04T04:19:46.6009852Z test output::tests::extract_accepts_duplicate_identical_flags ... ok
2026-10-04T04:19:46.6011039Z test output::tests::extract_accepts_flag_after_double_dash ... ok
2026-10-04T04:19:46.6012007Z test output::tests::extract_accepts_global_flags_anywhere ... ok
2026-10-04T04:19:46.6012963Z test output::tests::extract_defaults_to_table_without_flags ... ok
2026-10-04T04:19:46.6013837Z test output::tests::extract_rejects_conflicting_formats ... ok
2026-10-04T04:19:46.6014581Z test output::tests::missing_output_value_error_normalizes_to_double_dash ... ok
2026-10-04T04:19:46.6015493Z test output::tests::parse_accepts_empty_and_table_formats ... ok
2026-10-04T04:19:46.6016289Z test output::tests::parse_accepts_json_formats ... ok
2026-10-04T04:19:46.6017017Z test output::tests::parse_rejects_unknown_formats ... ok
2026-10-04T04:19:46.6017779Z test output::tests::render_helper_formats_json_and_table ... ok
2026-10-04T04:19:46.6019071Z test output::tests::render_json_escapes_html_like_go ... ok
2026-10-04T04:19:46.6019948Z test output::tests::render_json_preserves_values_and_appends_newline ... ok
2026-10-04T04:19:46.6020836Z test output::tests::render_table_uses_table_function ... ok
2026-10-04T04:19:46.6021448Z test paths::tests::live_component_paths_resolve_when_home_is_present ... ok
2026-10-04T04:19:46.6022424Z test paths::tests::resolve_location_defaults_to_current_namespace ... ok
2026-10-04T04:19:46.6023424Z test paths::tests::resolve_location_falls_back_to_legacy_when_only_legacy_exists ... ok
2026-10-04T04:19:46.6024418Z test paths::tests::resolve_location_honors_absolute_xdg_env ... ok
2026-10-04T04:19:46.6025299Z test paths::tests::resolve_location_ignores_relative_xdg_env ... ok
2026-10-04T04:19:46.6026281Z test config::set::tests::set_writes_backup_and_preserves_original_when_backup_fails ... ok
2026-10-04T04:19:46.6027270Z test paths::tests::resolve_location_memory_data_dir ... ok
2026-10-04T04:19:46.6028123Z test paths::tests::resolve_location_prefers_current_when_both_exist ... ok
2026-10-04T04:19:46.6029385Z test paths::tests::resolve_location_returns_none_when_no_base_or_home ... ok
2026-10-04T04:19:46.6030261Z test paths::tests::resolve_location_skills_cache_dir ... ok
2026-10-04T04:19:46.6031045Z test paths::tests::resolve_location_skills_config_dir ... ok
2026-10-04T04:19:46.6031911Z test paths::tests::resolve_location_skills_config_legacy_fallback ... ok
2026-10-04T04:19:46.6032626Z test paths::tests::resolve_location_skills_data_dir ... ok
2026-10-04T04:19:46.6033022Z test version::tests::current_platform_non_empty ... ok
2026-10-04T04:19:46.6033753Z test version::tests::platform_mapping_arch ... ok
2026-10-04T04:19:46.6034411Z test version::tests::platform_mapping_os ... ok
2026-10-04T04:19:46.6050443Z test version::tests::platform_pair_formatting ... ok
2026-10-04T04:19:46.6051238Z test version::tests::version_info_json_roundtrip ... ok
2026-10-04T04:19:46.6052053Z test output::tests::resolve_defaults_to_table_and_recognizes_json ... ok
2026-10-04T04:19:46.6052731Z test version::tests::version_info_json_serialization_matches_schema ... ok
2026-10-04T04:19:46.6053254Z test paths::tests::resolve_location_skills_cache_legacy_fallback ... ok
2026-10-04T04:19:46.6053730Z test version::tests::version_info_sets_correct_fields ... ok
2026-10-04T04:19:46.6054139Z test xdg::tests::audit_dir_sits_under_data_dir ... ok
2026-10-04T04:19:46.6054511Z test version::tests::version_info_with_schema ... ok
2026-10-04T04:19:46.6054917Z test xdg::tests::cache_dir_accepts_relative_xdg_cache_home ... ok
2026-10-04T04:19:46.6055449Z test xdg::tests::cache_dir_honors_env_and_falls_back_to_home ... ok
2026-10-04T04:19:46.6055988Z test xdg::tests::config_dir_is_parent_of_config_path ... ok
2026-10-04T04:19:46.6056431Z test xdg::tests::config_path_falls_back_to_home_when_xdg_empty ... ok
2026-10-04T04:19:46.6056887Z test xdg::tests::config_path_falls_back_to_home_when_xdg_unset ... ok
2026-10-04T04:19:46.6057459Z test xdg::tests::config_path_falls_back_to_default_when_both_missing ... ok
2026-10-04T04:19:46.6057949Z test xdg::tests::config_path_honors_absolute_xdg_config_home ... ok
2026-10-04T04:19:46.6058397Z test xdg::tests::config_path_ignores_relative_xdg_config_home ... ok
2026-10-04T04:19:46.6059652Z test xdg::tests::data_dir_accepts_relative_xdg_data_home ... ok
2026-10-04T04:19:46.6060419Z test xdg::tests::data_dir_honors_env_and_falls_back_to_home ... ok
2026-10-04T04:19:46.6060987Z test xdg::tests::home_dir_empty_returns_none ... ok
2026-10-04T04:19:46.6061351Z test xdg::tests::home_dir_unix_uses_home_only ... ok
2026-10-04T04:19:46.6061789Z test xdg::tests::home_dir_windows_falls_back_to_homedrive_and_homepath ... ok
2026-10-04T04:19:46.6062233Z test xdg::tests::home_dir_windows_ignores_home ... ok
2026-10-04T04:19:46.6062700Z test xdg::tests::home_dir_windows_partial_homedrive_or_homepath_returns_none ... ok
2026-10-04T04:19:46.6063197Z test xdg::tests::home_dir_windows_uses_userprofile_first ... ok
2026-10-04T04:19:46.6063808Z test xdg::tests::live_config_path_always_resolves ... ok
2026-10-04T04:19:46.6064204Z test xdg::tests::live_env_resolves_when_home_is_present ... ok
2026-10-04T04:19:46.6064730Z test xdg::tests::managed_bin_dir_sits_under_home ... ok
2026-10-04T04:19:46.6065456Z test xdg::tests::patterns_dir_sits_under_data_dir_as_recipes ... ok
2026-10-04T04:19:46.6066177Z test xdg::tests::profiles_dir_sits_under_config_dir ... ok
2026-10-04T04:19:46.6067025Z test xdg::tests::home_dir_unix_ignores_userprofile_and_homedrive ... ok
2026-10-04T04:19:46.6165141Z test config::set::tests::set_infers_go_bool_and_int64_spellings_then_string ... ok
2026-10-04T04:19:46.6165725Z 
2026-10-04T04:19:46.6166227Z test result: ok. 104 passed; 0 failed; 0 ignored; 0 measured; 0 filtered out; finished in 0.03s
2026-10-04T04:19:46.6166836Z 
2026-10-04T04:19:46.6168706Z      Running tests/xdg_paths_tests.rs (target/debug/deps/xdg_paths_tests-adc603a1c7ae1d88)
2026-10-04T04:19:46.6180128Z 
2026-10-04T04:19:46.6180319Z running 1 test
2026-10-04T04:19:46.6277078Z test xdg_paths_match_go_oracle ... ok
2026-10-04T04:19:46.6277424Z 
2026-10-04T04:19:46.6277904Z test result: ok. 1 passed; 0 failed; 0 ignored; 0 measured; 0 filtered out; finished in 0.01s
2026-10-04T04:19:46.6278697Z 
2026-10-04T04:19:46.6279834Z      Running unittests src/lib.rs (target/debug/deps/symbrain_gateway-70e1fd8b0ea46980)
2026-10-04T04:19:46.6289716Z 
2026-10-04T04:19:46.6289911Z running 3 tests
2026-10-04T04:19:46.6293037Z test audit::tests::usage_audit_status_distinguishes_success_partial_and_cancelled ... ok
2026-10-04T04:19:46.6293720Z test response::tests::success_response_never_swallows_serialization_errors ... ok
2026-10-04T04:19:46.6308035Z test embedded::skills::skills_status::tests::target_status_matches_harness_inventory_semantics ... ok
2026-10-04T04:19:46.6308992Z 
2026-10-04T04:19:46.6309703Z test result: ok. 3 passed; 0 failed; 0 ignored; 0 measured; 0 filtered out; finished in 0.00s
2026-10-04T04:19:46.6310314Z 
2026-10-04T04:19:46.6310945Z      Running tests/gateway_tests.rs (target/debug/deps/gateway_tests-2cdcafcccd0a0f09)
2026-10-04T04:19:46.6326787Z 
2026-10-04T04:19:46.6326989Z running 9 tests
2026-10-04T04:19:46.6354072Z test identity_injection_covers_missing_unmapped_and_disabled_calls ... ok
2026-10-04T04:19:46.6355156Z test optional_modules_default_disabled_without_public_registration ... ok
2026-10-04T04:19:46.6355961Z test memory_identity_injection_is_caller_wins ... ok
2026-10-04T04:19:46.6356725Z test optional_modules_enabled_without_allowlist_remain_private ... ok
2026-10-04T04:19:46.6357556Z test routing_joins_all_content_and_classifies_broker_failures ... ok
2026-10-04T04:19:46.6358744Z test optional_modules_public_handlers_bound_tools_and_deny_unknown_calls ... ok
2026-10-04T04:19:46.6359714Z test writer_loop_preserves_framed_gateway_responses ... ok
2026-10-04T04:19:46.6402803Z test fixture_is_the_complete_gateway_black_box_contract ... ok
2026-10-04T04:19:51.5704984Z test in_flight_tools_call_cancellation_matches_go_oracle ... ok
2026-10-04T04:19:51.5705526Z 
2026-10-04T04:19:51.5705998Z test result: ok. 9 passed; 0 failed; 0 ignored; 0 measured; 0 filtered out; finished in 4.94s
2026-10-04T04:19:51.5706594Z 
2026-10-04T04:19:51.5710273Z      Running tests/usage_tests.rs (target/debug/deps/usage_tests-04988a1b7b3d7145)
2026-10-04T04:19:51.5727094Z 
2026-10-04T04:19:51.5727298Z running 5 tests
2026-10-04T04:19:51.5736499Z test production_usage_discovery_helper ... ok
2026-10-04T04:19:51.5737566Z test usage_tools_deny_hides_native_tool_and_returns_method_not_found ... ok
2026-10-04T04:19:51.5810683Z test usage_is_one_policy_filtered_native_tool_and_dispatches_without_identity ... ok
2026-10-04T04:19:51.5824460Z test production_usage_discovery_is_lazy_and_per_call ... ok
2026-10-04T04:20:21.5783707Z test usage_handler_deadline_cancels_active_provider_and_skips_later_batches ... ok
2026-10-04T04:20:21.5784420Z 
2026-10-04T04:20:21.5784862Z test result: ok. 5 passed; 0 failed; 0 ignored; 0 measured; 0 filtered out; finished in 30.01s
2026-10-04T04:20:21.5785869Z 
2026-10-04T04:20:21.5791815Z      Running unittests src/lib.rs (target/debug/deps/symbrain_guard_core-7fb7389416438c68)
2026-10-04T04:20:21.5803587Z 
2026-10-04T04:20:21.5803750Z running 18 tests
2026-10-04T04:20:21.5807725Z test external_decision::tests::quote_go_char_preserves_frozen_latin1_printability ... ok
2026-10-04T04:20:21.5809223Z test go_json::tests::formats_utc_seconds_from_fractional_offset_time ... ok
2026-10-04T04:20:21.5810364Z test go_json::tests::matches_go_html_and_line_separator_escaping ... ok
2026-10-04T04:20:21.5811466Z test go_json::tests::matches_go_marshal_indent_layout_and_escaping ... ok
2026-10-04T04:20:21.5812760Z test key_storage::tests::default_data_path_prefers_xdg_then_home_then_temp ... ok
2026-10-04T04:20:21.5813886Z test key_storage::tests::generate_key_has_required_size ... ok
2026-10-04T04:20:21.5815004Z test key_storage::tests::regular_file_parent_fails_closed ... ok
2026-10-04T04:20:21.5816132Z test key_storage::tests::short_existing_key_fails_closed ... ok
2026-10-04T04:20:21.5816968Z test key_storage::tests::load_or_create_is_stable_and_owner_only ... ok
2026-10-04T04:20:21.5817760Z test sequence::tests::disabled_detector_does_not_record ... ok
2026-10-04T04:20:21.5818747Z test sequence::tests::canonicalizes_object_key_order ... ok
2026-10-04T04:20:21.5819550Z test sequence::tests::exact_repetition_blocks_at_default_threshold ... ok
2026-10-04T04:20:21.5820549Z test sequence::tests::ledger_summarizes_successes_failures_and_last_error_sorted ... ok
2026-10-04T04:20:21.5823926Z test sequence::tests::fuzzy_search_and_find_tools_deduplicate_queries ... ok
2026-10-04T04:20:21.5824865Z test sequence::tests::only_attempt_states_count_and_denies_are_recoverable ... ok
2026-10-04T04:20:21.5825525Z test sequence::tests::non_positive_window_size_uses_default ... ok
2026-10-04T04:20:21.5826269Z test sequence::tests::threshold_and_tool_are_part_of_exact_contract ... ok
2026-10-04T04:20:21.5826797Z test sequence::tests::window_eviction_forgets_least_recent_signature ... ok
2026-10-04T04:20:21.5827144Z 
2026-10-04T04:20:21.5827413Z test result: ok. 18 passed; 0 failed; 0 ignored; 0 measured; 0 filtered out; finished in 0.00s
2026-10-04T04:20:21.5827760Z 
2026-10-04T04:20:21.5828222Z      Running tests/capability_oracle_tests.rs (target/debug/deps/capability_oracle_tests-25d152add2c35909)
2026-10-04T04:20:21.5835572Z 
2026-10-04T04:20:21.5835761Z running 5 tests
2026-10-04T04:20:21.5900578Z test capability_scope_intersection_matches_pinned_go ... ok
2026-10-04T04:20:21.5929473Z test capability_oracle_provenance_and_case_ids_are_complete ... ok
2026-10-04T04:20:21.5948047Z test capability_signing_matches_pinned_go_bytes ... ok
2026-10-04T04:20:21.5948982Z test capability_verification_matches_pinned_go ... ok
2026-10-04T04:20:21.5949667Z test capability_wire_matches_pinned_go_bytes ... ok
2026-10-04T04:20:21.5950045Z 
2026-10-04T04:20:21.5950510Z test result: ok. 5 passed; 0 failed; 0 ignored; 0 measured; 0 filtered out; finished in 0.01s
2026-10-04T04:20:21.5951092Z 
2026-10-04T04:20:21.5952748Z      Running tests/external_decision.rs (target/debug/deps/external_decision-43f7aa036f76e0a7)
2026-10-04T04:20:21.5962911Z 
2026-10-04T04:20:21.5963097Z running 6 tests
2026-10-04T04:20:21.5968686Z test audit_record_preserves_received_fields_and_injected_timestamp ... ok
2026-10-04T04:20:21.5989467Z test audit_failure_flips_allow_to_deny_but_keeps_existing_deny ... ok
2026-10-04T04:20:21.5990638Z test deadline_equality_is_expired_with_injected_time ... ok
2026-10-04T04:20:21.5999757Z test trailing_json_diagnostics_match_go_byte_scanner ... ok
2026-10-04T04:20:21.6018310Z test pinned_go_fixture_matches_direct_response_bytes ... ok
2026-10-04T04:20:21.6049952Z test fixture_provenance_mutations_are_rejected_by_the_same_validator ... ok
2026-10-04T04:20:21.6050527Z 
2026-10-04T04:20:21.6051048Z test result: ok. 6 passed; 0 failed; 0 ignored; 0 measured; 0 filtered out; finished in 0.01s
2026-10-04T04:20:21.6051645Z 
2026-10-04T04:20:21.6053129Z      Running tests/external_decision_review.rs (target/debug/deps/external_decision_review-b524e9158eace2c9)
2026-10-04T04:20:21.6063437Z 
2026-10-04T04:20:21.6063589Z running 2 tests
2026-10-04T04:20:21.6175776Z test reviewed_counterexamples_match_go_response_and_audit ... ok
2026-10-04T04:20:21.6182165Z test mutated_review_capture_fails_the_actual_validator ... ok
2026-10-04T04:20:21.6182644Z 
2026-10-04T04:20:21.6183151Z test result: ok. 2 passed; 0 failed; 0 ignored; 0 measured; 0 filtered out; finished in 0.01s
2026-10-04T04:20:21.6183762Z 
2026-10-04T04:20:21.6185481Z      Running tests/external_decision_serialization.rs (target/debug/deps/external_decision_serialization-75dd4a23cddc4fc2)
2026-10-04T04:20:21.6195004Z 
2026-10-04T04:20:21.6195159Z running 3 tests
2026-10-04T04:20:21.6198708Z test audit_serialization_omits_optional_empty_fields_like_go ... ok
2026-10-04T04:20:21.6199952Z test go_timestamp_is_utc_seconds_precision_for_audit_records ... ok
2026-10-04T04:20:21.6201052Z test matches_pinned_go_generated_audit_and_response_fixture ... ok
2026-10-04T04:20:21.6201619Z 
2026-10-04T04:20:21.6202398Z test result: ok. 3 passed; 0 failed; 0 ignored; 0 measured; 0 filtered out; finished in 0.00s
2026-10-04T04:20:21.6203518Z      Running tests/external_repair.rs (target/debug/deps/external_repair-2e22acd6d8786506)
2026-10-04T04:20:21.6203895Z 
2026-10-04T04:20:21.6213171Z 
2026-10-04T04:20:21.6213394Z running 2 tests
2026-10-04T04:20:21.6217773Z test deadline_nanosecond_boundary_is_not_rounded ... ok
2026-10-04T04:20:21.6429044Z test replay_f01_f05_production_go_observations ... ok
2026-10-04T04:20:21.6429528Z 
2026-10-04T04:20:21.6430073Z test result: ok. 2 passed; 0 failed; 0 ignored; 0 measured; 0 filtered out; finished in 0.02s
2026-10-04T04:20:21.6430700Z 
2026-10-04T04:20:21.6431958Z      Running tests/oracle_tests.rs (target/debug/deps/oracle_tests-fd92b55b640cbaf2)
2026-10-04T04:20:21.6443756Z 
2026-10-04T04:20:21.6443942Z running 5 tests
2026-10-04T04:20:21.6447987Z test fail_closed_control_has_no_reason_bytes ... ok
2026-10-04T04:20:21.6449284Z test catalog_json_validation_preserves_unknown_decision_error ... ok
2026-10-04T04:20:21.6450269Z test policy_match_criteria_is_conjunctive ... ok
2026-10-04T04:20:21.6451175Z test static_scope_kernel_rejects_missing_capability ... ok
2026-10-04T04:20:21.6518195Z test guard_core_matches_go_oracle_bytes ... ok
2026-10-04T04:20:21.6518803Z 
2026-10-04T04:20:21.6519295Z test result: ok. 5 passed; 0 failed; 0 ignored; 0 measured; 0 filtered out; finished in 0.01s
2026-10-04T04:20:21.6519745Z 
2026-10-04T04:20:21.6521440Z      Running unittests src/lib.rs (target/debug/deps/symbrain_harness-14428955bae101f0)
2026-10-04T04:20:21.6531116Z 
2026-10-04T04:20:21.6531310Z running 2 tests
2026-10-04T04:20:21.6534221Z test inventory_read::tests::clean_path_preserves_leading_parent_components ... ok
2026-10-04T04:20:21.6534872Z test write::core::tests::backup_name_preserves_non_utf8_basename_bytes ... ok
2026-10-04T04:20:21.6535270Z 
2026-10-04T04:20:21.6535745Z test result: ok. 2 passed; 0 failed; 0 ignored; 0 measured; 0 filtered out; finished in 0.00s
2026-10-04T04:20:21.6536333Z 
2026-10-04T04:20:21.6536935Z      Running tests/harness_tests.rs (target/debug/deps/harness_tests-ea9e243a2e96d8a4)
2026-10-04T04:20:21.6546728Z 
2026-10-04T04:20:21.6546885Z running 18 tests
2026-10-04T04:20:21.6556193Z test backup_rejects_symlink_targets ... ok
2026-10-04T04:20:21.6557803Z test backup_rejects_symlink_parents ... ok
2026-10-04T04:20:21.6559044Z test entry_semantics_match_go_and_are_cross_platform ... ok
2026-10-04T04:20:21.6560265Z test failed_remove_is_rollback_safe ... ok
2026-10-04T04:20:21.6569000Z test go_json_goldens_are_byte_exact_and_reversible ... ok
2026-10-04T04:20:21.6572970Z test backup_preserves_non_utf8_path_bytes ... ok
2026-10-04T04:20:21.6573988Z test injected_paths_use_target_os_not_host_goos ... ok
2026-10-04T04:20:21.6575061Z test backup_clock_and_mode_are_deterministic_on_unix ... ok
2026-10-04T04:20:21.6576072Z test json_preserves_duplicate_key_order_and_numeric_lexemes ... ok
2026-10-04T04:20:21.6577441Z test go_toml_goldens_are_byte_exact_and_reversible ... ok
2026-10-04T04:20:21.6578873Z test parser_rejects_malformed_and_wrong_top_level_documents ... ok
2026-10-04T04:20:21.6579872Z test parsers_reject_excessive_depth_and_redact_malformed_toml_values ... ok
2026-10-04T04:20:21.6580942Z test registry_is_exactly_the_nine_entry_go_registry ... ok
2026-10-04T04:20:21.6590066Z test inventory_models_are_read_only_and_redact_environment_values ... ok
2026-10-04T04:20:21.6591083Z test backups_with_same_timestamp_keep_both_snapshots ... ok
2026-10-04T04:20:21.6591777Z test unsupported_adapters_are_not_mcp_documents ... ok
2026-10-04T04:20:21.6595483Z test unified_diff_matches_go_small_and_oversized_contracts ... ok
2026-10-04T04:20:21.7091560Z test parsers_reject_excessive_input_shapes ... ok
2026-10-04T04:20:21.7091850Z 
2026-10-04T04:20:21.7092153Z test result: ok. 18 passed; 0 failed; 0 ignored; 0 measured; 0 filtered out; finished in 0.05s
2026-10-04T04:20:21.7092520Z 
2026-10-04T04:20:21.7097874Z      Running tests/path_safety.rs (target/debug/deps/path_safety-78776a95632247e6)
2026-10-04T04:20:21.7110230Z 
2026-10-04T04:20:21.7110397Z running 2 tests
2026-10-04T04:20:21.7114092Z test inventory_display_preserves_leading_parent_sibling_path ... ok
2026-10-04T04:20:21.7117966Z test profile_binding_scan_preserves_leading_parent_sibling_path ... ok
2026-10-04T04:20:21.7118789Z 
2026-10-04T04:20:21.7119271Z test result: ok. 2 passed; 0 failed; 0 ignored; 0 measured; 0 filtered out; finished in 0.00s
2026-10-04T04:20:21.7119741Z 
2026-10-04T04:20:21.7120679Z      Running unittests src/lib.rs (target/debug/deps/symbrain_instructions-f94e487bc6ca9b69)
2026-10-04T04:20:21.7130784Z 
2026-10-04T04:20:21.7131172Z running 0 tests
2026-10-04T04:20:21.7131462Z 
2026-10-04T04:20:21.7132212Z test result: ok. 0 passed; 0 failed; 0 ignored; 0 measured; 0 filtered out; finished in 0.00s
2026-10-04T04:20:21.7132760Z 
2026-10-04T04:20:21.7133854Z      Running tests/confinement_tests.rs (target/debug/deps/confinement_tests-b5480b5c7edecce4)
2026-10-04T04:20:21.7143356Z 
2026-10-04T04:20:21.7143541Z running 4 tests
2026-10-04T04:20:21.7151440Z test fifo_source_is_rejected_without_blocking ... ok
2026-10-04T04:20:21.7152171Z test trusted_root_api_rejects_absolute_target_components ... ok
2026-10-04T04:20:21.7152760Z test missing_source_parent_is_not_reopened_after_a_late_symlink ... ok
2026-10-04T04:20:21.7155165Z test trusted_root_and_source_parent_symlinks_are_rejected ... ok
2026-10-04T04:20:21.7155615Z 
2026-10-04T04:20:21.7156108Z test result: ok. 4 passed; 0 failed; 0 ignored; 0 measured; 0 filtered out; finished in 0.00s
2026-10-04T04:20:21.7156475Z 
2026-10-04T04:20:21.7157962Z      Running tests/instruction_tests.rs (target/debug/deps/instruction_tests-8526fdce191844db)
2026-10-04T04:20:21.7167604Z 
2026-10-04T04:20:21.7167757Z running 17 tests
2026-10-04T04:20:21.7189502Z test malformed_and_multiple_boundaries_use_only_the_first_block ... ok
2026-10-04T04:20:21.7190072Z test missing_source_files_are_empty_and_other_io_errors_are_returned ... ok
2026-10-04T04:20:21.7190568Z test oracle_provenance_is_present_and_pinned ... ok
2026-10-04T04:20:21.7191152Z test oracle_render_cases_match_go ... ok
2026-10-04T04:20:21.7191795Z test preserves_non_utf8_bytes_like_go_strings ... ok
2026-10-04T04:20:21.7192566Z test prefix_code_escape_is_injective_and_preserves_ordinary_bytes ... ok
2026-10-04T04:20:21.7193196Z test renders_the_pinned_five_goldens ... ok
2026-10-04T04:20:21.7193883Z test reserved_markers_in_content_are_escaped_and_idempotent ... ok
2026-10-04T04:20:21.7194548Z test oracle_source_cases_match_go ... ok
2026-10-04T04:20:21.7195233Z test preserves_unmanaged_prefix_and_suffix_across_property_inputs ... ok
2026-10-04T04:20:21.7198923Z test second_render_is_byte_identical_for_deterministic_inputs ... ok
2026-10-04T04:20:21.7204910Z test source_concatenates_without_inventing_a_separator ... ok
2026-10-04T04:20:21.7205729Z test source_paths_follow_xdg_and_project_layout ... ok
2026-10-04T04:20:21.7218228Z test source_rejects_directories_and_oversized_files ... ok
2026-10-04T04:20:21.7222667Z test source_rejects_symlink_without_following_it ... ok
2026-10-04T04:20:21.7291612Z test oracle_source_verdict_cases_match_go ... ok
2026-10-04T04:20:21.7293864Z test source_rejects_oversized_merged_content ... ok
2026-10-04T04:20:21.7294275Z 
2026-10-04T04:20:21.7294740Z test result: ok. 17 passed; 0 failed; 0 ignored; 0 measured; 0 filtered out; finished in 0.01s
2026-10-04T04:20:21.7295318Z 
2026-10-04T04:20:21.7299951Z      Running unittests src/lib.rs (target/debug/deps/symbrain_managed-fbbc075949a2d1a6)
2026-10-04T04:20:21.7311075Z 
2026-10-04T04:20:21.7311335Z running 7 tests
2026-10-04T04:20:21.7315843Z test json_record::syntax::tests::truncated_scalar_errors_retain_go_eof_transition ... ok
2026-10-04T04:20:21.7317037Z test manifest::tests::active_cores_defaults_to_mandatory_only ... ok
2026-10-04T04:20:21.7319871Z test process_status::tests::unix_termination_keeps_the_actual_signal_and_core_flag ... ok
2026-10-04T04:20:21.7320853Z test manifest::tests::active_cores_honors_explicit_false_and_true ... ok
2026-10-04T04:20:21.7321938Z test mkdir::tests::obstruction_reports_the_actual_ancestor_without_overwriting ... ok
2026-10-04T04:20:21.7327921Z test version_probe::tests::extensionless_pe_is_not_executed_without_a_pathext_candidate ... ok
2026-10-04T04:20:21.7329266Z test provenance::tests::release_provenance_matches_go_sidecar_contract ... ok
2026-10-04T04:20:21.7329971Z 
2026-10-04T04:20:21.7330430Z test result: ok. 7 passed; 0 failed; 0 ignored; 0 measured; 0 filtered out; finished in 0.00s
2026-10-04T04:20:21.7330848Z 
2026-10-04T04:20:21.7331806Z      Running tests/install_tests.rs (target/debug/deps/install_tests-003fc3f3963213cd)
2026-10-04T04:20:21.7344056Z 
2026-10-04T04:20:21.7344207Z running 7 tests
2026-10-04T04:20:21.7379824Z test installed_version_probes_json_and_normalizes_v_prefix ... ok
2026-10-04T04:20:21.7471528Z test checksum_failure_leaves_existing_binary_untouched ... ok
2026-10-04T04:20:21.7503622Z test installer_prefers_versioned_asset_with_manifest_pin ... ok
2026-10-04T04:20:21.7507346Z test installer_downloads_fallback_asset_verifies_and_installs ... ok
2026-10-04T04:20:21.7610252Z test pinned_primary_mismatch_does_not_downgrade_to_alternate ... ok
2026-10-04T04:20:21.7795550Z test installer_retries_alternate_after_http10_closes_missing_asset_response ... ok
2026-10-04T04:20:24.7394690Z test installed_version_timeout_is_bounded_and_reaps_descendants ... ok
2026-10-04T04:20:24.7395242Z 
2026-10-04T04:20:24.7395747Z test result: ok. 7 passed; 0 failed; 0 ignored; 0 measured; 0 filtered out; finished in 3.00s
2026-10-04T04:20:24.7396404Z 
2026-10-04T04:20:24.7399769Z      Running tests/oracle_differential_tests.rs (target/debug/deps/oracle_differential_tests-7d247e5c398295c2)
2026-10-04T04:20:24.7411201Z 
2026-10-04T04:20:24.7411454Z running 5 tests
2026-10-04T04:20:24.7420511Z test embedded_manifest_and_core_naming_match_go ... ok
2026-10-04T04:20:24.7421364Z test checksum_contract_matches_go ... ok
2026-10-04T04:20:24.7422967Z test release_url_is_tag_pinned ... ok
2026-10-04T04:20:24.7433306Z test atomic_install_replaces_bytes_and_sets_executable_mode ... ok
2026-10-04T04:20:24.7443919Z test archive_selection_and_security_errors_match_go ... ok
2026-10-04T04:20:24.7444361Z 
2026-10-04T04:20:24.7444859Z test result: ok. 5 passed; 0 failed; 0 ignored; 0 measured; 0 filtered out; finished in 0.00s
2026-10-04T04:20:24.7445442Z 
2026-10-04T04:20:24.7446778Z      Running tests/provenance_windows.rs (target/debug/deps/provenance_windows-7a770fbfe7b589bb)
2026-10-04T04:20:24.7456308Z 
2026-10-04T04:20:24.7456504Z running 0 tests
2026-10-04T04:20:24.7457868Z 
2026-10-04T04:20:24.7458221Z test result: ok. 0 passed; 0 failed; 0 ignored; 0 measured; 0 filtered out; finished in 0.00s
2026-10-04T04:20:24.7458970Z 
2026-10-04T04:20:24.7459854Z      Running tests/source_local.rs (target/debug/deps/source_local-0d58af026abe65d2)
2026-10-04T04:20:24.7469825Z 
2026-10-04T04:20:24.7470024Z running 1 test
2026-10-04T04:20:24.7498134Z test source_publication_identifies_installed_bytes_and_retains_binary_on_sidecar_failure ... ok
2026-10-04T04:20:24.7498827Z 
2026-10-04T04:20:24.7499120Z test result: ok. 1 passed; 0 failed; 0 ignored; 0 measured; 0 filtered out; finished in 0.00s
2026-10-04T04:20:24.7499560Z 
2026-10-04T04:20:24.7500889Z      Running tests/version_probe_windows.rs (target/debug/deps/version_probe_windows-f8a65c6a6064446d)
2026-10-04T04:20:24.7510352Z 
2026-10-04T04:20:24.7510508Z running 0 tests
2026-10-04T04:20:24.7510916Z 
2026-10-04T04:20:24.7511490Z test result: ok. 0 passed; 0 failed; 0 ignored; 0 measured; 0 filtered out; finished in 0.00s
2026-10-04T04:20:24.7511845Z 
2026-10-04T04:20:24.7513789Z      Running unittests src/lib.rs (target/debug/deps/symbrain_mcp-34f1eef904f2945f)
2026-10-04T04:20:24.7523184Z 
2026-10-04T04:20:24.7523337Z running 5 tests
2026-10-04T04:20:24.7527495Z test frame::tests::preserves_null_id_as_a_request ... ok
2026-10-04T04:20:24.7528362Z test frame::tests::response_mode_is_symmetric ... ok
2026-10-04T04:20:24.7529553Z test frame::tests::reads_line_and_framed_requests ... ok
2026-10-04T04:20:24.7530439Z test model::tests::request_distinguishes_absent_null_and_numeric_ids ... ok
2026-10-04T04:20:24.7531364Z test model::tests::response_omits_opposite_branch_and_keeps_null_id ... ok
2026-10-04T04:20:24.7531897Z 
2026-10-04T04:20:24.7532304Z test result: ok. 5 passed; 0 failed; 0 ignored; 0 measured; 0 filtered out; finished in 0.00s
2026-10-04T04:20:24.7532678Z 
2026-10-04T04:20:24.7533138Z      Running tests/gateway_protocol_tests.rs (target/debug/deps/gateway_protocol_tests-a1adaba36b02b28d)
2026-10-04T04:20:24.7541644Z 
2026-10-04T04:20:24.7541803Z running 16 tests
2026-10-04T04:20:24.7547322Z test every_write_mode_flushes_buffered_writer ... ok
2026-10-04T04:20:24.7550663Z test concurrent_failures_preserve_dispatch_and_response_types ... ok
2026-10-04T04:20:24.7559370Z test cancellation_context_reaches_in_flight_tool_dispatch ... ok
2026-10-04T04:20:24.7564424Z test excessive_framed_headers_are_rejected_by_total_bytes_and_line_count ... ok
2026-10-04T04:20:24.7565404Z test invalid_jsonrpc_envelopes_receive_invalid_request_errors ... ok
2026-10-04T04:20:24.7566202Z test loop_dispatches_requests_and_keeps_transport_mode_symmetric ... ok
2026-10-04T04:20:24.7566689Z test malformed_framed_body_gets_framed_parse_error ... ok
2026-10-04T04:20:24.7567079Z test loop_dispatches_tools_list_and_call ... ok
2026-10-04T04:20:24.7567487Z test malformed_line_gets_parse_error_and_loop_continues ... ok
2026-10-04T04:20:24.7567985Z test dispatcher_panics_become_internal_errors_in_sync_and_concurrent_modes ... ok
2026-10-04T04:20:24.7569205Z test partial_framed_body_is_a_fatal_frame_error ... ok
2026-10-04T04:20:24.7570008Z test notifications_are_silent_but_null_id_is_a_request ... ok
2026-10-04T04:20:24.7570752Z test protocol_fixture_covers_required_loop_cases ... ok
2026-10-04T04:20:24.7571177Z test response_serialization_failure_is_returned ... ok
2026-10-04T04:20:24.7571530Z test writer_failure_is_returned ... ok
2026-10-04T04:20:24.7773338Z test tool_calls_dispatch_concurrently_and_join_before_eof ... ok
2026-10-04T04:20:24.7773812Z 
2026-10-04T04:20:24.7774176Z test result: ok. 16 passed; 0 failed; 0 ignored; 0 measured; 0 filtered out; finished in 0.02s
2026-10-04T04:20:24.7774657Z 
2026-10-04T04:20:24.7777368Z      Running tests/oracle_differential_tests.rs (target/debug/deps/oracle_differential_tests-108436364e62e4df)
2026-10-04T04:20:24.7789242Z 
2026-10-04T04:20:24.7789510Z running 2 tests
2026-10-04T04:20:24.7792812Z test params_preserve_raw_json_bytes ... ok
2026-10-04T04:20:24.8167585Z test framing_and_response_bytes_match_go_oracle ... ok
2026-10-04T04:20:24.8168617Z 
2026-10-04T04:20:24.8169269Z test result: ok. 2 passed; 0 failed; 0 ignored; 0 measured; 0 filtered out; finished in 0.04s
2026-10-04T04:20:24.8169819Z 
2026-10-04T04:20:24.8173122Z      Running unittests src/lib.rs (target/debug/deps/symbrain_memory-fb1fd41203f1b79f)
2026-10-04T04:20:24.8192385Z 
2026-10-04T04:20:24.8192898Z running 33 tests
2026-10-04T04:20:24.8519709Z test db_oracle_tests::constraint_cases_are_rejected_like_go ... ok
2026-10-04T04:20:24.8526039Z test db_oracle_tests::indexes_match_the_go_schema ... ok
2026-10-04T04:20:24.8724674Z test db_oracle_tests::lock_pragmas_match_the_go_facts ... ok
2026-10-04T04:20:24.8736349Z test db_oracle_tests::memories_columns_match_the_go_schema ... ok
2026-10-04T04:20:24.8962056Z test db_oracle_tests::ordering_cases_match_the_go_facts ... ok
2026-10-04T04:20:24.8963095Z test db_oracle_tests::tables_match_the_go_schema ... ok
2026-10-04T04:20:24.8975616Z test embedding::tests::hash_fallback_is_normalized_and_deterministic ... ok
2026-10-04T04:20:24.9030440Z test embedding::tests::shared_llm_client_keeps_ollama_openai_request_contract ... ok
2026-10-04T04:20:24.9111451Z test embedding::tests::shared_llm_client_rejects_extra_embedding_items_like_go_llmkit ... ok
2026-10-04T04:20:24.9151335Z test db_oracle_tests::triggers_and_views_match_the_go_schema ... ok
2026-10-04T04:20:24.9186600Z test embedding::tests::shared_llm_client_rejects_wrong_dimension_and_http_errors ... ok
2026-10-04T04:20:24.9204637Z test embedding::tests::stop_words_and_punctuation_do_not_change_the_direction ... ok
2026-10-04T04:20:24.9248156Z test cli_delete_admission::tests::malformed_hydration_refuses_delete_before_any_mutation ... ok
2026-10-04T04:20:24.9299583Z test evidence_store::tests::grounded_only_persistence_and_cascade_match_go ... ok
2026-10-04T04:20:24.9358218Z test evidence_store::tests::missing_memory_rejects_grounded_evidence_and_skips_invalid ... ok
2026-10-04T04:20:24.9369533Z test gorand::tests::the_normal_stream_matches_go ... ok
2026-10-04T04:20:24.9410722Z test gorand::tests::the_projection_rows_match_go ... ok
2026-10-04T04:20:24.9412450Z test gotime::tests::parses_every_known_rendering ... ok
2026-10-04T04:20:24.9413918Z test gotime::tests::renders_the_shipped_form ... ok
2026-10-04T04:20:24.9417246Z test lsh::tests::a_dimension_mismatch_is_rejected_instead_of_truncated ... ok
2026-10-04T04:20:24.9419116Z test lsh::tests::neighbors_cover_every_bucket_within_two_flips ... ok
2026-10-04T04:20:24.9423736Z test lsh::tests::the_hash_is_deterministic_and_covers_the_bucket_range ... ok
2026-10-04T04:20:24.9430670Z test lsh::tests::the_hash_matches_the_shipped_store ... ok
2026-10-04T04:20:24.9431846Z test evidence_store::tests::rollback_and_reparent_keep_memory_and_evidence_atomic ... ok
2026-10-04T04:20:24.9920156Z test cli_write::tests::governance_callbacks_stop_without_reverting_committed_steps ... ok
2026-10-04T04:20:25.0141920Z test migration::tests::later_ddl_failure_rolls_back_columns_and_migration_entries ... ok
2026-10-04T04:20:25.0143076Z test retrieval::tests::cosine_is_one_for_identical_directions ... ok
2026-10-04T04:20:25.0143998Z test retrieval::tests::placeholders_match_the_shipped_clause ... ok
2026-10-04T04:20:25.0145196Z test retrieval::tests::the_score_weights_the_three_default_terms ... ok
2026-10-04T04:20:25.0211750Z test migration::tests::repairs_the_five_649_columns_despite_all_migrations_claimed ... ok
2026-10-04T04:20:25.0238039Z test store::tests::sync_oplog_tracks_memory_lifecycle_and_excludes_marked_rows ... ok
2026-10-04T04:20:26.3074395Z test migration::tests::concurrent_public_opens_and_writes_preserve_data_without_snapshot_upgrade ... ok
2026-10-04T04:20:27.2210570Z test embedding::tests::shared_llm_client_times_out_to_hash_fallback ... ok
2026-10-04T04:20:27.2210947Z 
2026-10-04T04:20:27.2211247Z test result: ok. 33 passed; 0 failed; 0 ignored; 0 measured; 0 filtered out; finished in 2.40s
2026-10-04T04:20:27.2211624Z 
2026-10-04T04:20:27.2224903Z      Running tests/evidence_oracle_tests.rs (target/debug/deps/evidence_oracle_tests-c6385fa2ce173533)
2026-10-04T04:20:27.2237038Z 
2026-10-04T04:20:27.2237228Z running 4 tests
2026-10-04T04:20:27.2249389Z test jsonl_writer_failure_propagates_without_faking_success ... ok
2026-10-04T04:20:27.2250847Z test every_validation_boundary_and_error_priority_matches_go ... ok
2026-10-04T04:20:27.2254144Z test jsonl_bytes_hash_and_go_roundtrip_match ... ok
2026-10-04T04:20:27.2264426Z test all_alignment_strategies_offsets_and_ties_match_executed_go ... ok
2026-10-04T04:20:27.2264958Z 
2026-10-04T04:20:27.2265452Z test result: ok. 4 passed; 0 failed; 0 ignored; 0 measured; 0 filtered out; finished in 0.00s
2026-10-04T04:20:27.2266017Z 
2026-10-04T04:20:27.2267312Z      Running tests/store_contract_tests.rs (target/debug/deps/store_contract_tests-085f5b33b173d9ae)
2026-10-04T04:20:27.2281088Z 
2026-10-04T04:20:27.2281245Z running 7 tests
2026-10-04T04:20:27.2613771Z test shipped_timestamp_rendering_is_readable ... ok
2026-10-04T04:20:27.2752819Z test a_native_row_reaches_the_shipped_fts_index ... ok
2026-10-04T04:20:27.2874566Z test written_row_uses_shipped_embedding ... ok
2026-10-04T04:20:27.3022938Z test written_row_uses_shipped_identifiers ... ok
2026-10-04T04:20:27.3063161Z test written_row_uses_shipped_columns ... ok
2026-10-04T04:20:27.3123087Z test written_row_uses_shipped_timestamps ... ok
2026-10-04T04:20:27.3213015Z test missing_shipped_columns_are_added_to_an_existing_database ... ok
2026-10-04T04:20:27.3213548Z 
2026-10-04T04:20:27.3214015Z test result: ok. 7 passed; 0 failed; 0 ignored; 0 measured; 0 filtered out; finished in 0.09s
2026-10-04T04:20:27.3214600Z 
2026-10-04T04:20:27.3220473Z      Running unittests src/lib.rs (target/debug/deps/symbrain_patterns-cab73dbd961bb042)
2026-10-04T04:20:27.3232619Z 
2026-10-04T04:20:27.3232803Z running 3 tests
2026-10-04T04:20:27.3236976Z test tests::single_steps_and_wrong_order_do_not_promote ... ok
2026-10-04T04:20:27.3237841Z test tests::promotion_preserves_order_threshold_and_provenance ... ok
2026-10-04T04:20:28.9190181Z test store::tests::roundtrip_skips_malformed_and_prunes ... ok
2026-10-04T04:20:28.9190622Z 
2026-10-04T04:20:28.9191178Z test result: ok. 3 passed; 0 failed; 0 ignored; 0 measured; 0 filtered out; finished in 1.60s
2026-10-04T04:20:28.9191826Z 
2026-10-04T04:20:28.9193521Z      Running unittests src/lib.rs (target/debug/deps/symbrain_policy-2eb491a7746a88e1)
2026-10-04T04:20:28.9206439Z 
2026-10-04T04:20:28.9206663Z running 8 tests
2026-10-04T04:20:28.9210353Z test error::tests::missing_path_error_matches_go_wording ... ok
2026-10-04T04:20:28.9211585Z test policy::identity::tests::identity_parameter_matrix ... ok
2026-10-04T04:20:28.9214716Z test profile::create::tests::unix_set_dir_mode_propagates_error ... ok
2026-10-04T04:20:28.9218751Z test profile::create::tests::unix_set_mode_sets_0600 ... ok
2026-10-04T04:20:28.9221111Z test profile::create::tests::unix_set_dir_mode_sets_0700 ... ok
2026-10-04T04:20:28.9226405Z test profile::validate::tests::validate_name_matrix ... ok
2026-10-04T04:20:28.9235553Z test profile::create::tests::failed_publication_cleans_up_only_its_owned_temporary_file ... ok
2026-10-04T04:20:28.9830756Z test profile::create::tests::concurrent_creators_never_clobber_each_other ... ok
2026-10-04T04:20:28.9831390Z 
2026-10-04T04:20:28.9831891Z test result: ok. 8 passed; 0 failed; 0 ignored; 0 measured; 0 filtered out; finished in 0.06s
2026-10-04T04:20:28.9832446Z 
2026-10-04T04:20:28.9833637Z      Running tests/activity_tests.rs (target/debug/deps/activity_tests-d6dcd04ef8979472)
2026-10-04T04:20:28.9845919Z 
2026-10-04T04:20:28.9846116Z running 1 test
2026-10-04T04:20:28.9849548Z test test_memory_activity_reads_default_deny_and_explicit_allow ... ok
2026-10-04T04:20:28.9849873Z 
2026-10-04T04:20:28.9850151Z test result: ok. 1 passed; 0 failed; 0 ignored; 0 measured; 0 filtered out; finished in 0.00s
2026-10-04T04:20:28.9850495Z 
2026-10-04T04:20:28.9851964Z      Running tests/fixtures_tests.rs (target/debug/deps/fixtures_tests-846bb0b9da234586)
2026-10-04T04:20:28.9863026Z 
2026-10-04T04:20:28.9863248Z running 4 tests
2026-10-04T04:20:28.9872562Z test test_prod_foreign_read_only_fixture_contract ... ok
2026-10-04T04:20:28.9873257Z test test_prod_restricted_fixture_contract ... ok
2026-10-04T04:20:28.9873927Z test test_prod_personal_fixture_contract ... ok
2026-10-04T04:20:28.9874504Z test test_parameterized_negative_cases ... ok
2026-10-04T04:20:28.9875162Z 
2026-10-04T04:20:28.9875479Z test result: ok. 4 passed; 0 failed; 0 ignored; 0 measured; 0 filtered out; finished in 0.00s
2026-10-04T04:20:28.9875842Z 
2026-10-04T04:20:28.9876270Z      Running tests/foreign_tests.rs (target/debug/deps/foreign_tests-95be7b1afce4ea7b)
2026-10-04T04:20:28.9885451Z 
2026-10-04T04:20:28.9885629Z running 14 tests
2026-10-04T04:20:28.9890363Z test test_evaluate_foreign_access_read_exposes_only_reading_tools ... ok
2026-10-04T04:20:28.9891451Z test test_evaluate_foreign_default_access_is_write ... ok
2026-10-04T04:20:28.9891998Z test test_evaluate_foreign_disabled_hides_everything ... ok
2026-10-04T04:20:28.9893322Z test test_evaluate_foreign_access_write_exposes_everything ... ok
2026-10-04T04:20:28.9894165Z test test_evaluate_foreign_empty_catalog_read ... ok
2026-10-04T04:20:28.9895186Z test test_evaluate_foreign_empty_catalog_write ... ok
2026-10-04T04:20:28.9895959Z test test_evaluate_foreign_empty_catalog_disabled ... ok
2026-10-04T04:20:28.9896706Z test test_evaluate_foreign_invalid_access_errors ... ok
2026-10-04T04:20:28.9897639Z test test_evaluate_foreign_tools_deny_wins_over_access_and_allow ... ok
2026-10-04T04:20:28.9898839Z test test_evaluate_foreign_tools_read_overrides_write_hint ... ok
2026-10-04T04:20:28.9899615Z test test_evaluate_foreign_tools_allow_narrows ... ok
2026-10-04T04:20:28.9900278Z test test_evaluate_foreign_tools_write_overrides_read_hint ... ok
2026-10-04T04:20:28.9900924Z test test_evaluate_foreign_unannotated_tool_defaults_to_write ... ok
2026-10-04T04:20:28.9901701Z      Running tests/oracle_differential_tests.rs (target/debug/deps/oracle_differential_tests-f6466b5dfdde05a3)
2026-10-04T04:20:28.9902660Z test test_foreign_tool_with_full_annotations ... ok
2026-10-04T04:20:28.9903029Z 
2026-10-04T04:20:28.9903544Z test result: ok. 14 passed; 0 failed; 0 ignored; 0 measured; 0 filtered out; finished in 0.00s
2026-10-04T04:20:28.9904441Z 
2026-10-04T04:20:28.9912344Z 
2026-10-04T04:20:28.9912919Z running 2 tests
2026-10-04T04:20:28.9937221Z test test_oracle_backed_policy_cases ... ok
2026-10-04T04:20:28.9965971Z test test_oracle_backed_profile_cases ... ok
2026-10-04T04:20:28.9966377Z 
2026-10-04T04:20:28.9966887Z test result: ok. 2 passed; 0 failed; 0 ignored; 0 measured; 0 filtered out; finished in 0.01s
2026-10-04T04:20:28.9967483Z 
2026-10-04T04:20:28.9969151Z      Running tests/policy_tests.rs (target/debug/deps/policy_tests-407db05a83339bae)
2026-10-04T04:20:28.9979717Z 
2026-10-04T04:20:28.9979900Z running 14 tests
2026-10-04T04:20:28.9985405Z test test_evaluate_deny_wins_over_allow ... ok
2026-10-04T04:20:28.9986187Z test test_evaluate_memory_modes ... ok
2026-10-04T04:20:28.9986910Z test test_evaluate_skills_matrix ... ok
2026-10-04T04:20:28.9987610Z test test_evaluate_preset_vault_and_memory ... ok
2026-10-04T04:20:28.9989948Z test test_evaluate_tools_allow_overrides_preset ... ok
2026-10-04T04:20:28.9990439Z test test_evaluate_tools_deny_removes_from_preset ... ok
2026-10-04T04:20:28.9991145Z test test_evaluate_usage_matrix ... ok
2026-10-04T04:20:28.9992341Z test test_identity_parameter_mapping ... ok
2026-10-04T04:20:28.9992997Z test test_evaluate_unknown_upstream_tool_never_exposed_under_preset ... ok
2026-10-04T04:20:28.9993761Z test test_evaluate_vault_modes ... ok
2026-10-04T04:20:28.9994306Z test test_optional_modules_allowlist_cannot_widen_hard_maximum ... ok
2026-10-04T04:20:28.9994708Z test test_preset_tools_lookup ... ok
2026-10-04T04:20:28.9994997Z test test_report_verdict_lookup ... ok
2026-10-04T04:20:28.9995418Z test test_optional_modules_enabled_without_allowlist_default_deny ... ok
2026-10-04T04:20:28.9995827Z 
2026-10-04T04:20:28.9996290Z test result: ok. 14 passed; 0 failed; 0 ignored; 0 measured; 0 filtered out; finished in 0.00s
2026-10-04T04:20:28.9996858Z 
2026-10-04T04:20:28.9997587Z      Running tests/profile_create_races.rs (target/debug/deps/profile_create_races-348093a15d0e769d)
2026-10-04T04:20:29.0007536Z 
2026-10-04T04:20:29.0007800Z running 4 tests
2026-10-04T04:20:29.0013473Z test creator_subprocess ... ok
2026-10-04T04:20:29.0014834Z test existing_profile_and_validation_failures_leave_no_temporaries ... ok
2026-10-04T04:20:29.0084406Z test legacy_temporary_slots_are_never_reused_or_removed ... ok
2026-10-04T04:20:29.0144366Z test eight_processes_publish_one_complete_profile_without_temporary_files ... ok
2026-10-04T04:20:29.0144993Z 
2026-10-04T04:20:29.0145478Z test result: ok. 4 passed; 0 failed; 0 ignored; 0 measured; 0 filtered out; finished in 0.01s
2026-10-04T04:20:29.0146070Z 
2026-10-04T04:20:29.0147089Z      Running tests/profile_fs_tests.rs (target/debug/deps/profile_fs_tests-6106c13e417e97a2)
2026-10-04T04:20:29.0157614Z 
2026-10-04T04:20:29.0157804Z running 8 tests
2026-10-04T04:20:29.0165765Z test exists_reports_truthful_state ... ok
2026-10-04T04:20:29.0170511Z test list_names_sorted_and_ignores_non_toml ... ok
2026-10-04T04:20:29.0171327Z test load_all_reports_per_file_errors_without_failing_overall ... ok
2026-10-04T04:20:29.0177621Z test load_file_errors_matrix ... ok
2026-10-04T04:20:29.0178201Z test load_file_valid_room_local_profile ... ok
2026-10-04T04:20:29.0178955Z test load_missing_file_errors ... ok
2026-10-04T04:20:29.0179380Z test load_path_traversal_name_rejected ... ok
2026-10-04T04:20:29.0179709Z test load_valid_file_from_dir ... ok
2026-10-04T04:20:29.0179894Z 
2026-10-04T04:20:29.0180169Z test result: ok. 8 passed; 0 failed; 0 ignored; 0 measured; 0 filtered out; finished in 0.00s
2026-10-04T04:20:29.0180510Z 
2026-10-04T04:20:29.0180892Z      Running tests/profile_tests.rs (target/debug/deps/profile_tests-249a8cfb0992d761)
2026-10-04T04:20:29.0188617Z 
2026-10-04T04:20:29.0188831Z running 14 tests
2026-10-04T04:20:29.0197031Z test parse_defaults_when_servers_and_audit_omitted ... ok
2026-10-04T04:20:29.0197654Z test parse_core_alias_cannot_be_foreign ... ok
2026-10-04T04:20:29.0198061Z test parse_foreign_server_mode_ignored_with_warning ... ok
2026-10-04T04:20:29.0199207Z test parse_foreign_server_with_command_and_args ... ok
2026-10-04T04:20:29.0201259Z test parse_nested_inline_and_dotted_combinations ... ok
2026-10-04T04:20:29.0205488Z test parse_foreign_server_without_transport_errors ... ok
2026-10-04T04:20:29.0206301Z test parse_foreign_server_with_url ... ok
2026-10-04T04:20:29.0209721Z test parse_server_enabled_without_mode_gets_least_privilege_default ... ok
2026-10-04T04:20:29.0210253Z test parse_inline_tables_under_servers_profile_audit ... ok
2026-10-04T04:20:29.0210904Z test parse_tools_allow_and_deny_both_parse ... ok
2026-10-04T04:20:29.0211625Z test parse_unknown_top_level_key_warns_not_fails ... ok
2026-10-04T04:20:29.0212246Z test parse_valid_full_profile ... ok
2026-10-04T04:20:29.0212777Z test parse_valid_restricted_profile ... ok
2026-10-04T04:20:29.0213535Z test unknown_keys_reports_only_leaf_and_explicit_tables_never_intermediate ... ok
2026-10-04T04:20:29.0214148Z 
2026-10-04T04:20:29.0214621Z test result: ok. 14 passed; 0 failed; 0 ignored; 0 measured; 0 filtered out; finished in 0.00s
2026-10-04T04:20:29.0215213Z 
2026-10-04T04:20:29.0216044Z      Running tests/profile_validation_tests.rs (target/debug/deps/profile_validation_tests-efa71d40cdbba0b2)
2026-10-04T04:20:29.0226559Z 
2026-10-04T04:20:29.0226770Z running 11 tests
2026-10-04T04:20:29.0234120Z test parse_invalid_memory_mode_errors ... ok
2026-10-04T04:20:29.0235227Z test parse_core_alias_access_and_tools_ignored_with_warning ... ok
2026-10-04T04:20:29.0236385Z test audit_verbose_is_omitted_when_default_and_serialized_when_enabled ... ok
2026-10-04T04:20:29.0237594Z test parse_invalid_vault_mode_errors ... ok
2026-10-04T04:20:29.0238695Z test parse_malformed_toml_errors ... ok
2026-10-04T04:20:29.0239317Z test parse_name_mismatch_errors ... ok
2026-10-04T04:20:29.0239914Z test parse_foreign_server_access_validation ... ok
2026-10-04T04:20:29.0240593Z test parse_skills_mode_is_ignored_with_warning ... ok
2026-10-04T04:20:29.0241233Z test parse_usage_tools_allow_deny ... ok
2026-10-04T04:20:29.0241749Z test validate_name_cases ... ok
2026-10-04T04:20:29.0242304Z test parse_usage_server_options ... ok
2026-10-04T04:20:29.0243034Z 
2026-10-04T04:20:29.0243514Z test result: ok. 11 passed; 0 failed; 0 ignored; 0 measured; 0 filtered out; finished in 0.00s
2026-10-04T04:20:29.0244091Z 
2026-10-04T04:20:29.0253864Z 
2026-10-04T04:20:29.0254037Z running 24 tests
2026-10-04T04:20:29.0255729Z      Running tests/typed_decode_tests.rs (target/debug/deps/typed_decode_tests-c39d3348206ac975)
2026-10-04T04:20:29.0261761Z test test_wrong_access_string_mismatch ... ok
2026-10-04T04:20:29.0262478Z test test_wrong_args_non_string_element ... ok
2026-10-04T04:20:29.0263972Z test test_wrong_args_not_array ... ok
2026-10-04T04:20:29.0264761Z test test_wrong_audit_enabled_type ... ok
2026-10-04T04:20:29.0265706Z test test_wrong_audit_type ... ok
2026-10-04T04:20:29.0266508Z test test_wrong_command_string_mismatch ... ok
2026-10-04T04:20:29.0266863Z test test_wrong_profile_type ... ok
2026-10-04T04:20:29.0271374Z test test_wrong_profile_description_type ... ok
2026-10-04T04:20:29.0273478Z test test_wrong_profile_name_type ... ok
2026-10-04T04:20:29.0275571Z test test_wrong_server_enabled_boolean_mismatch ... ok
2026-10-04T04:20:29.0277224Z test test_wrong_server_entry_array ... ok
2026-10-04T04:20:29.0280618Z test test_wrong_server_entry_integer ... ok
2026-10-04T04:20:29.0280963Z test test_wrong_server_entry_string ... ok
2026-10-04T04:20:29.0281275Z test test_wrong_servers_type ... ok
2026-10-04T04:20:29.0281613Z test test_wrong_tools_allow_non_string_element ... ok
2026-10-04T04:20:29.0281989Z test test_wrong_server_mode_string_mismatch ... ok
2026-10-04T04:20:29.0282324Z test test_wrong_tools_allow_not_array ... ok
2026-10-04T04:20:29.0282658Z test test_wrong_tools_deny_non_string_element ... ok
2026-10-04T04:20:29.0282988Z test test_wrong_tools_deny_not_array ... ok
2026-10-04T04:20:29.0283344Z test test_wrong_tools_read_non_string_element ... ok
2026-10-04T04:20:29.0283671Z test test_wrong_tools_read_not_array ... ok
2026-10-04T04:20:29.0284192Z test test_wrong_tools_write_not_array ... ok
2026-10-04T04:20:29.0284516Z test test_wrong_url_string_mismatch ... ok
2026-10-04T04:20:29.0284862Z test test_wrong_tools_write_non_string_element ... ok
2026-10-04T04:20:29.0285081Z 
2026-10-04T04:20:29.0285355Z test result: ok. 24 passed; 0 failed; 0 ignored; 0 measured; 0 filtered out; finished in 0.00s
2026-10-04T04:20:29.0285700Z 
2026-10-04T04:20:29.0286178Z      Running unittests src/lib.rs (target/debug/deps/symbrain_skills-b3d3dc04c26254d6)
2026-10-04T04:20:29.0292400Z 
2026-10-04T04:20:29.0292571Z running 16 tests
2026-10-04T04:20:29.0302944Z test install::lock::tests::read_locks_do_not_initialize_legacy_roots ... ok
2026-10-04T04:20:29.0310261Z test install::sync::tests::sync_dir_fsyncs_capability_directory_and_propagates_open_errors ... ok
2026-10-04T04:20:29.0321334Z test install::lock::tests::special_lock_files_are_rejected_without_blocking ... ok
2026-10-04T04:20:29.0322362Z test install::sync::tests::reinstall_locks_resolved_render_name ... ok
2026-10-04T04:20:29.0323778Z test install::sync_lock::tests::existing_fresh_lock_reports_held ... ok
2026-10-04T04:20:29.0330135Z test load::tests::a_second_bundle_cannot_reset_the_operation_budget ... ok
2026-10-04T04:20:29.0331206Z test load::tests::enumeration_stops_before_collecting_over_limit ... ok
2026-10-04T04:20:29.0332805Z test install::sync_lock::tests::lock_record_and_path_match_go_contract ... ok
2026-10-04T04:20:29.0333696Z test load::tests::actual_read_budget_accepts_exact_total_then_rejects_one_over ... ok
2026-10-04T04:20:29.0335853Z test load::tests::growth_at_exhausted_budget_does_not_read_a_probe_byte ... ok
2026-10-04T04:20:29.0342402Z test load::tests::repeated_bundle_reads_and_clones_share_the_loading_budget ... ok
2026-10-04T04:20:29.0347006Z test load::tests::small_reads_do_not_reserve_the_full_public_limit ... ok
2026-10-04T04:20:29.0348348Z test load::tests::resource_growth_after_inventory_is_rejected ... ok
2026-10-04T04:20:29.0354687Z test materialize::tests::sync_dir_fsyncs_materialization_directory_and_propagates_errors ... ok
2026-10-04T04:20:29.0444583Z test load::tests::rejected_headers_still_consume_the_actual_read_budget ... ok
2026-10-04T04:20:29.0605183Z test install::lock::tests::timeout_releases_locks_acquired_earlier_in_the_set ... ok
2026-10-04T04:20:29.0605848Z 
2026-10-04T04:20:29.0606353Z test result: ok. 16 passed; 0 failed; 0 ignored; 0 measured; 0 filtered out; finished in 0.03s
2026-10-04T04:20:29.0607067Z 
2026-10-04T04:20:29.0609927Z      Running tests/all_target_scope_tests.rs (target/debug/deps/all_target_scope_tests-12405cd3a6b183d0)
2026-10-04T04:20:29.0622862Z 
2026-10-04T04:20:29.0623053Z running 2 tests
2026-10-04T04:20:29.1536127Z test all_registered_targets_support_project_scope_install_and_status ... ok
2026-10-04T04:20:30.1986797Z test lifecycle_matrix_covers_all_targets_scopes_modes ... ok
2026-10-04T04:20:30.1987116Z 
2026-10-04T04:20:30.1987433Z test result: ok. 2 passed; 0 failed; 0 ignored; 0 measured; 0 filtered out; finished in 1.14s
2026-10-04T04:20:30.1987852Z 
2026-10-04T04:20:30.1991193Z      Running tests/concurrent_installs.rs (target/debug/deps/concurrent_installs-604d52bb6ffb8878)
2026-10-04T04:20:30.2004109Z 
2026-10-04T04:20:30.2004331Z running 4 tests
2026-10-04T04:20:30.2010548Z test worker_process ... ok
2026-10-04T04:20:30.2011211Z test absent_uninstall_does_not_initialize_install_roots ... ok
2026-10-04T04:20:30.3581742Z test concurrent_process_installs_preserve_each_target_path_and_record ... ok
2026-10-04T04:20:30.3634265Z test concurrent_process_symlink_installs_preserve_each_target_path_and_record ... ok
2026-10-04T04:20:30.3634865Z 
2026-10-04T04:20:30.3635339Z test result: ok. 4 passed; 0 failed; 0 ignored; 0 measured; 0 filtered out; finished in 0.16s
2026-10-04T04:20:30.3635903Z 
2026-10-04T04:20:30.3639701Z      Running tests/confined_symlink_render_tests.rs (target/debug/deps/confined_symlink_render_tests-05c939b93bdeaf67)
2026-10-04T04:20:30.3652179Z 
2026-10-04T04:20:30.3652358Z running 10 tests
2026-10-04T04:20:30.3672961Z test absolute_outside_directory_is_rejected_before_rendering ... ok
2026-10-04T04:20:30.3689657Z test cyclic_directory_links_hit_a_finite_resolution_bound ... ok
2026-10-04T04:20:30.3690620Z test parent_traversal_and_shared_text_prefixes_do_not_confer_root_authority ... ok
2026-10-04T04:20:30.3803697Z test a_trusted_root_alias_accepts_canonical_in_root_directory_targets ... ok
2026-10-04T04:20:30.3827880Z test replacing_a_resolved_directory_with_an_outside_link_is_rejected ... ok
2026-10-04T04:20:30.3846314Z test relative_link_chains_can_reach_an_absolute_in_root_directory ... ok
2026-10-04T04:20:30.3897395Z test renamed_source_root_keeps_hashing_and_copying_the_retained_directory ... ok
2026-10-04T04:20:30.3946883Z test relative_and_absolute_in_root_directory_links_materialize_regular_files ... ok
2026-10-04T04:20:30.3963045Z test replacing_an_in_root_link_with_an_outside_target_preserves_old_output ... ok
2026-10-04T04:20:30.4117384Z test trusted_root_alias_preserves_parent_directory_alias_spellings ... ok
2026-10-04T04:20:30.4117930Z 
2026-10-04T04:20:30.4118662Z test result: ok. 10 passed; 0 failed; 0 ignored; 0 measured; 0 filtered out; finished in 0.05s
2026-10-04T04:20:30.4119322Z 
2026-10-04T04:20:30.4122266Z      Running tests/event_tests.rs (target/debug/deps/event_tests-8f3553a67c63c5a6)
2026-10-04T04:20:30.4134966Z 
2026-10-04T04:20:30.4135159Z running 6 tests
2026-10-04T04:20:30.4147759Z test event_child_writer ... ok
2026-10-04T04:20:30.4149132Z test read_events_matches_go_rotated_order_filters_and_corrupt_lines ... ok
2026-10-04T04:20:30.4157308Z 
2026-10-04T04:20:30.4157614Z running 1 test
2026-10-04T04:20:30.4158356Z test event_child_writer ... test timestamp_and_tool_version_are_written_deterministically ... ok
2026-10-04T04:20:30.4235772Z test install_and_uninstall_success_and_refusal_events_are_recorded ... ok
2026-10-04T04:20:30.4941281Z test exact_mib_boundary_stays_current_and_next_record_rotates ... ok
2026-10-04T04:20:30.9206423Z ok
2026-10-04T04:20:30.9206772Z 
2026-10-04T04:20:30.9207434Z test result: ok. 1 passed; 0 failed; 0 ignored; 0 measured; 5 filtered out; finished in 0.51s
2026-10-04T04:20:30.9208337Z 
2026-10-04T04:20:30.9229632Z 
2026-10-04T04:20:30.9230198Z running 1 test
2026-10-04T04:20:30.9230925Z test event_child_writer ... ok
2026-10-04T04:20:30.9231614Z running 1 test
2026-10-04T04:20:30.9232140Z 
2026-10-04T04:20:30.9232381Z test event_child_writer ... 
2026-10-04T04:20:30.9233151Z test result: ok. 1 passed; 0 failed; 0 ignored; 0 measured; 5 filtered out; finished in 0.00s
2026-10-04T04:20:30.9233762Z 
2026-10-04T04:20:30.9233770Z 
2026-10-04T04:20:30.9233939Z running 1 test
2026-10-04T04:20:30.9234334Z test event_child_writer ... ok
2026-10-04T04:20:30.9234633Z 
2026-10-04T04:20:30.9235102Z test result: ok. 1 passed; 0 failed; 0 ignored; 0 measured; 5 filtered out; finished in 0.00s
2026-10-04T04:20:30.9235711Z 
2026-10-04T04:20:30.9235853Z ok
2026-10-04T04:20:30.9236015Z 
2026-10-04T04:20:30.9236486Z test result: ok. 1 passed; 0 failed; 0 ignored; 0 measured; 5 filtered out; finished in 0.00s
2026-10-04T04:20:30.9237075Z 
2026-10-04T04:20:30.9237081Z 
2026-10-04T04:20:30.9237246Z running 1 test
2026-10-04T04:20:30.9254558Z test event_child_writer ... 
2026-10-04T04:20:30.9257173Z running 1 test
2026-10-04T04:20:30.9257683Z test event_child_writer ... ok
2026-10-04T04:20:30.9258345Z 
2026-10-04T04:20:30.9259570Z test result: ok. 1 passed; 0 failed; 0 ignored; 0 measured; 5 filtered out; finished in 0.00s
2026-10-04T04:20:30.9260308Z 
2026-10-04T04:20:30.9260663Z ok
2026-10-04T04:20:30.9260992Z 
2026-10-04T04:20:30.9261477Z test result: ok. 1 passed; 0 failed; 0 ignored; 0 measured; 5 filtered out; finished in 0.00s
2026-10-04T04:20:30.9262073Z 
2026-10-04T04:20:30.9262080Z 
2026-10-04T04:20:30.9262235Z running 1 test
2026-10-04T04:20:30.9262601Z test event_child_writer ... 
2026-10-04T04:20:30.9263011Z running 1 test
2026-10-04T04:20:30.9263382Z test event_child_writer ... ok
2026-10-04T04:20:30.9263648Z 
2026-10-04T04:20:30.9264430Z test result: ok. 1 passed; 0 failed; 0 ignored; 0 measured; 5 filtered out; finished in 0.00s
2026-10-04T04:20:30.9265019Z 
2026-10-04T04:20:30.9265155Z ok
2026-10-04T04:20:30.9265325Z 
2026-10-04T04:20:30.9265702Z test result: ok. 1 passed; 0 failed; 0 ignored; 0 measured; 5 filtered out; finished in 0.00s
2026-10-04T04:20:30.9266055Z 
2026-10-04T04:20:30.9266065Z 
2026-10-04T04:20:30.9266246Z running 1 test
2026-10-04T04:20:30.9266638Z test event_child_writer ... ok
2026-10-04T04:20:30.9266962Z 
2026-10-04T04:20:30.9267415Z test result: ok. 1 passed; 0 failed; 0 ignored; 0 measured; 5 filtered out; finished in 0.00s
2026-10-04T04:20:30.9268039Z 
2026-10-04T04:20:30.9268674Z 
2026-10-04T04:20:30.9271577Z running 1 test
2026-10-04T04:20:30.9273877Z test event_child_writer ... ok
2026-10-04T04:20:30.9274175Z 
2026-10-04T04:20:30.9274673Z test result: ok. 1 passed; 0 failed; 0 ignored; 0 measured; 5 filtered out; finished in 0.00s
2026-10-04T04:20:30.9275279Z 
2026-10-04T04:20:30.9276797Z 
2026-10-04T04:20:30.9277025Z running 1 test
2026-10-04T04:20:30.9280674Z test event_child_writer ... 
2026-10-04T04:20:30.9281119Z running 1 test
2026-10-04T04:20:30.9281822Z test event_child_writer ... ok
2026-10-04T04:20:30.9282332Z 
2026-10-04T04:20:30.9282948Z test result: ok. 1 passed; 0 failed; 0 ignored; 0 measured; 5 filtered out; finished in 0.00s
2026-10-04T04:20:30.9283796Z 
2026-10-04T04:20:30.9283951Z ok
2026-10-04T04:20:30.9284143Z 
2026-10-04T04:20:30.9284598Z test result: ok. 1 passed; 0 failed; 0 ignored; 0 measured; 5 filtered out; finished in 0.00s
2026-10-04T04:20:30.9285170Z 
2026-10-04T04:20:30.9290670Z 
2026-10-04T04:20:30.9290851Z running 1 test
2026-10-04T04:20:30.9293797Z test event_child_writer ... ok
2026-10-04T04:20:30.9294047Z 
2026-10-04T04:20:30.9294328Z test result: ok. 1 passed; 0 failed; 0 ignored; 0 measured; 5 filtered out; finished in 0.00s
2026-10-04T04:20:30.9294705Z 
2026-10-04T04:20:30.9300347Z test real_child_processes_contend_without_corrupting_jsonl ... ok
2026-10-04T04:20:30.9300841Z 
2026-10-04T04:20:30.9301221Z test result: ok. 6 passed; 0 failed; 0 ignored; 0 measured; 0 filtered out; finished in 0.52s
2026-10-04T04:20:30.9301796Z 
2026-10-04T04:20:30.9305598Z      Running tests/generated_artifact_tests.rs (target/debug/deps/generated_artifact_tests-a9bff4b078dfab32)
2026-10-04T04:20:30.9316160Z 
2026-10-04T04:20:30.9316362Z running 1 test
2026-10-04T04:20:30.9333039Z test generated_cache_resources_are_reported_and_clean_skills_are_not ... ok
2026-10-04T04:20:30.9333584Z 
2026-10-04T04:20:30.9333991Z test result: ok. 1 passed; 0 failed; 0 ignored; 0 measured; 0 filtered out; finished in 0.00s
2026-10-04T04:20:30.9334582Z 
2026-10-04T04:20:30.9335561Z      Running tests/input_bounds.rs (target/debug/deps/input_bounds-bf8c92540d3db61a)
2026-10-04T04:20:30.9346974Z 
2026-10-04T04:20:30.9347178Z running 8 tests
2026-10-04T04:20:30.9399405Z test aggregate_resource_bytes_exact_boundary_and_one_over ... ok
2026-10-04T04:20:30.9400511Z test oversized_control_files_rejected_before_parse ... ok
2026-10-04T04:20:30.9449994Z test fifo_control_resources_and_library_never_block ... ok
2026-10-04T04:20:30.9518941Z test library_rejections_and_normal_order_are_stable ... ok
2026-10-04T04:20:30.9529499Z test resource_depth_exact_boundary_and_one_over ... ok
2026-10-04T04:20:31.0169296Z test frontmatter_lf_and_crlf_exact_boundary_and_one_over ... ok
2026-10-04T04:20:31.2265872Z test resource_entries_exact_boundary_and_one_over ... ok
2026-10-04T04:20:37.5573248Z test runner_shares_input_budget_across_library_bundles ... ok
2026-10-04T04:20:37.5573745Z 
2026-10-04T04:20:37.5574087Z test result: ok. 8 passed; 0 failed; 0 ignored; 0 measured; 0 filtered out; finished in 6.62s
2026-10-04T04:20:37.5574509Z 
2026-10-04T04:20:37.5578069Z      Running tests/install_oracle_tests.rs (target/debug/deps/install_oracle_tests-0239482b1e914452)
2026-10-04T04:20:37.5591822Z 
2026-10-04T04:20:37.5592058Z running 1 test
2026-10-04T04:20:37.6709701Z test go_install_status_fixture_matches_rust_statuses_and_artifacts ... ok
2026-10-04T04:20:37.6710523Z 
2026-10-04T04:20:37.6710873Z test result: ok. 1 passed; 0 failed; 0 ignored; 0 measured; 0 filtered out; finished in 0.11s
2026-10-04T04:20:37.6711246Z 
2026-10-04T04:20:37.6713244Z      Running tests/install_tests.rs (target/debug/deps/install_tests-09fea4de2ced6a1d)
2026-10-04T04:20:37.6726791Z 
2026-10-04T04:20:37.6726992Z running 6 tests
2026-10-04T04:20:37.6755016Z test marker_round_trip_keeps_unknown_fields ... ok
2026-10-04T04:20:37.6755697Z test dry_run_does_not_create_destination_or_base ... ok
2026-10-04T04:20:37.6823889Z test install_copy_writes_marker_base_and_strips_executable_bits ... ok
2026-10-04T04:20:37.6902045Z test reinstall_preserves_unknown_marker_fields_and_refuses_new_schema ... ok
2026-10-04T04:20:37.7040173Z test drift_table_and_status_are_deterministic ... ok
2026-10-04T04:20:37.7051372Z test replacement_faults_leave_old_destination_untouched ... ok
2026-10-04T04:20:37.7051710Z 
2026-10-04T04:20:37.7052030Z test result: ok. 6 passed; 0 failed; 0 ignored; 0 measured; 0 filtered out; finished in 0.03s
2026-10-04T04:20:37.7052387Z 
2026-10-04T04:20:37.7056033Z      Running tests/model_security_tests.rs (target/debug/deps/model_security_tests-52a9e911772783f3)
2026-10-04T04:20:37.7068981Z 
2026-10-04T04:20:37.7069321Z running 11 tests
2026-10-04T04:20:37.7113013Z test control_file_symlinks_are_rejected ... ok
2026-10-04T04:20:37.7113779Z test binary_markdown_resources_preserve_bytes ... ok
2026-10-04T04:20:37.7114640Z test internal_symlink_directories_are_enumerated_through_capability ... ok
2026-10-04T04:20:37.7115610Z test in_root_overlay_block_symlink_is_checked_through_capability ... ok
2026-10-04T04:20:37.7116460Z test manifest_symlink_is_rejected_as_control_input ... ok
2026-10-04T04:20:37.7117164Z test missing_optional_overlay_trees_are_empty ... ok
2026-10-04T04:20:37.7117910Z test overlay_directory_symlink_is_not_enumerated_ambiently ... ok
2026-10-04T04:20:37.7118997Z test relative_root_is_stored_as_an_absolute_logical_path ... ok
2026-10-04T04:20:37.7122893Z test manifest_inline_tables_match_go_oracle ... ok
2026-10-04T04:20:37.7126991Z test manifest_root_types_are_errors ... ok
2026-10-04T04:20:37.7247171Z test resource_size_boundary_is_enforced_before_materialization ... ok
2026-10-04T04:20:37.7247496Z 
2026-10-04T04:20:37.7247787Z test result: ok. 11 passed; 0 failed; 0 ignored; 0 measured; 0 filtered out; finished in 0.02s
2026-10-04T04:20:37.7248136Z 
2026-10-04T04:20:37.7251355Z      Running tests/model_tests.rs (target/debug/deps/model_tests-e60e6be1b2ef5471)
2026-10-04T04:20:37.7264488Z 
2026-10-04T04:20:37.7264716Z running 9 tests
2026-10-04T04:20:37.7289301Z test frontmatter_normalizes_crlf_and_string_lists ... ok
2026-10-04T04:20:37.7309489Z test malformed_frontmatter_is_rejected_with_a_specific_error ... ok
2026-10-04T04:20:37.7310377Z test validation_matches_name_limits_and_render_blocking_policy ... ok
2026-10-04T04:20:37.7311132Z test escaping_symlink_resource_is_rejected ... ok
2026-10-04T04:20:37.7311855Z test validation_rejects_parent_traversal_overlay_reference ... ok
2026-10-04T04:20:37.7312699Z test source_fixture_loads_frontmatter_manifest_and_resources ... ok
2026-10-04T04:20:37.7313451Z test variant_fixture_loads_markdown_and_overrides ... ok
2026-10-04T04:20:37.7314225Z test validation_reports_source_marker_line_and_known_target_warnings ... ok
2026-10-04T04:20:37.7315517Z      Running tests/project_identity_tests.rs (target/debug/deps/project_identity_tests-d5cf3ef2563aafbe)
2026-10-04T04:20:37.7316407Z test loader_matches_go_oracle_fixture ... ok
2026-10-04T04:20:37.7316755Z 
2026-10-04T04:20:37.7317240Z test result: ok. 9 passed; 0 failed; 0 ignored; 0 measured; 0 filtered out; finished in 0.00s
2026-10-04T04:20:37.7317823Z 
2026-10-04T04:20:37.7326443Z 
2026-10-04T04:20:37.7326594Z running 1 test
2026-10-04T04:20:37.7679852Z test same_skill_name_has_independent_project_base_status_and_uninstall ... ok
2026-10-04T04:20:37.7680239Z 
2026-10-04T04:20:37.7680533Z test result: ok. 1 passed; 0 failed; 0 ignored; 0 measured; 0 filtered out; finished in 0.04s
2026-10-04T04:20:37.7681172Z 
2026-10-04T04:20:37.7684006Z      Running tests/recovery_uninstall_smoke.rs (target/debug/deps/recovery_uninstall_smoke-094bc9f3f1ed8ae1)
2026-10-04T04:20:37.7696996Z 
2026-10-04T04:20:37.7697165Z running 4 tests
2026-10-04T04:20:37.7786703Z test uninstall_dry_run_has_no_side_effects ... ok
2026-10-04T04:20:37.7807814Z test uninstall_is_transactional_and_writes_tombstone ... ok
2026-10-04T04:20:37.7860256Z test project_uninstall_migrates_legacy_base_to_identity_tombstone ... ok
2026-10-04T04:20:37.7938336Z test symlink_install_reinstall_and_uninstall_keep_cache_transactional ... ok
2026-10-04T04:20:37.7939101Z 
2026-10-04T04:20:37.7939500Z test result: ok. 4 passed; 0 failed; 0 ignored; 0 measured; 0 filtered out; finished in 0.02s
2026-10-04T04:20:37.7939914Z 
2026-10-04T04:20:37.7942782Z      Running tests/relative_root_tests.rs (target/debug/deps/relative_root_tests-c1eccb1ffe16fc35)
2026-10-04T04:20:37.7955170Z 
2026-10-04T04:20:37.7955375Z running 1 test
2026-10-04T04:20:37.7968423Z test dot_root_keeps_go_absolute_path_and_validation_diagnostic ... ok
2026-10-04T04:20:37.7969082Z 
2026-10-04T04:20:37.7969541Z test result: ok. 1 passed; 0 failed; 0 ignored; 0 measured; 0 filtered out; finished in 0.00s
2026-10-04T04:20:37.7970131Z 
2026-10-04T04:20:37.7971375Z      Running tests/render_materialize_tests.rs (target/debug/deps/render_materialize_tests-7e9c8c708ab873a5)
2026-10-04T04:20:37.7982369Z 
2026-10-04T04:20:37.7982571Z running 9 tests
2026-10-04T04:20:37.8126873Z test materialization_does_not_follow_marker_symlink ... ok
2026-10-04T04:20:37.8190917Z test materialization_keeps_nested_marker_as_resource ... ok
2026-10-04T04:20:37.8296283Z test materialization_faults_preserve_old_tree ... ok
2026-10-04T04:20:37.8304603Z test materialization_rebuilds_poisoned_output_manifest ... ok
2026-10-04T04:20:37.8329369Z test materialization_rejects_destination_symlink_escapes ... ok
2026-10-04T04:20:37.8389004Z test all_source_targets_match_go_golden_trees ... ok
2026-10-04T04:20:37.8422293Z test all_variant_targets_match_go_golden_trees ... ok
2026-10-04T04:20:37.8544130Z test materialization_serializes_concurrent_same_destination ... ok
2026-10-04T04:20:39.1782319Z test materialization_rejects_oversized_preserved_metadata ... ok
2026-10-04T04:20:39.1782729Z 
2026-10-04T04:20:39.1783109Z test result: ok. 9 passed; 0 failed; 0 ignored; 0 measured; 0 filtered out; finished in 1.38s
2026-10-04T04:20:39.1783608Z 
2026-10-04T04:20:39.1786605Z      Running tests/render_tests.rs (target/debug/deps/render_tests-69f184faeaf4e548)
2026-10-04T04:20:39.1800999Z 
2026-10-04T04:20:39.1801194Z running 12 tests
2026-10-04T04:20:39.1824943Z test capability_states_warn_unknown_and_force_unsupported ... ok
2026-10-04T04:20:39.1825941Z test forced_render_clears_compatibility_after_overlay ... ok
2026-10-04T04:20:39.1838834Z test missing_optional_render_overlays_are_empty ... ok
2026-10-04T04:20:39.1895969Z test materialization_failure_preserves_existing_tree ... ok
2026-10-04T04:20:39.1912703Z test materialize_merges_install_marker_metadata_with_deterministic_bytes ... ok
2026-10-04T04:20:39.1915014Z test opencode_source_matches_go_rendered_skill_bytes ... ok
2026-10-04T04:20:39.1930722Z test opencode_materialization_excludes_controls_and_preserves_support_bytes ... ok
2026-10-04T04:20:39.1932687Z test opencode_variant_resolves_markdown_but_not_non_markdown ... ok
2026-10-04T04:20:39.1933858Z test target_order_comes_from_canonical_harness_registry ... ok
2026-10-04T04:20:39.1949179Z test materialize_replaces_malformed_and_non_object_markers ... ok
2026-10-04T04:20:39.1950090Z test unknown_and_disabled_targets_are_rejected_before_rendering ... ok
2026-10-04T04:20:39.1966860Z test render_rejects_go_render_blocking_validation_cases ... ok
2026-10-04T04:20:39.1967343Z 
2026-10-04T04:20:39.1967811Z test result: ok. 12 passed; 0 failed; 0 ignored; 0 measured; 0 filtered out; finished in 0.02s
2026-10-04T04:20:39.1968649Z 
2026-10-04T04:20:39.1971347Z      Running tests/runner_env_tests.rs (target/debug/deps/runner_env_tests-0dcc2dc224d76054)
2026-10-04T04:20:39.1984253Z 
2026-10-04T04:20:39.1984449Z running 6 tests
2026-10-04T04:20:39.1987081Z test child_resolves_defaults ... ignored, runs in a child process prepared by default_paths_match_the_go_oracle_for_every_resolution_branch
2026-10-04T04:20:39.1989334Z test child_runs_dry_run_with_legacy_binary ... ignored, runs in a child process prepared by a_legacy_symskills_binary_on_path_changes_nothing
2026-10-04T04:20:39.2029512Z test conflicting_home_variables_use_the_go_platform_home ... ok
2026-10-04T04:20:39.2031480Z test a_legacy_symskills_binary_on_path_changes_nothing ... ok
2026-10-04T04:20:39.2167364Z test default_paths_match_the_go_oracle_for_every_resolution_branch ... ok
2026-10-04T04:20:39.2377529Z test installed_symlinks_match_the_frozen_go_layout ... ok
2026-10-04T04:20:39.2378036Z 
2026-10-04T04:20:39.2378721Z test result: ok. 4 passed; 0 failed; 2 ignored; 0 measured; 0 filtered out; finished in 0.04s
2026-10-04T04:20:39.2379394Z 
2026-10-04T04:20:39.2382475Z      Running tests/runner_tests.rs (target/debug/deps/runner_tests-ab9fd069da97c1aa)
2026-10-04T04:20:39.2394325Z 
2026-10-04T04:20:39.2394500Z running 6 tests
2026-10-04T04:20:39.2416432Z test broken_skill_names_the_target_in_the_install_path ... ok
2026-10-04T04:20:39.2421589Z test fixture_records_every_go_scenario ... ok
2026-10-04T04:20:39.2422053Z test empty_library_is_not_an_error ... ok
2026-10-04T04:20:39.2422766Z test timeout_1ns_surfaces_deadline_exceeded ... ok
2026-10-04T04:20:39.2428334Z test unsupported_harness_yields_skipped_with_quoted_name ... ok
2026-10-04T04:20:39.2746108Z test populated_library_processes_every_target_without_a_legacy_binary ... ok
2026-10-04T04:20:39.2746739Z 
2026-10-04T04:20:39.2747240Z test result: ok. 6 passed; 0 failed; 0 ignored; 0 measured; 0 filtered out; finished in 0.04s
2026-10-04T04:20:39.2747862Z 
2026-10-04T04:20:39.2750102Z      Running tests/status_parity_tests.rs (target/debug/deps/status_parity_tests-0070c602f0aef918)
2026-10-04T04:20:39.2763384Z 
2026-10-04T04:20:39.2763600Z running 5 tests
2026-10-04T04:20:39.2780860Z test status_reports_link_onto_non_directory_as_unmanaged ... ok
2026-10-04T04:20:39.2791235Z test status_reports_dangling_and_directory_links_like_go ... ok
2026-10-04T04:20:39.2904274Z test status_keeps_broken_managed_install_as_stale_row ... ok
2026-10-04T04:20:39.2910904Z test status_unmanaged_identity_preserves_marker_metadata ... ok
2026-10-04T04:20:39.3028649Z test status_sorts_rows_by_target_then_name_like_go ... ok
2026-10-04T04:20:39.3029106Z 
2026-10-04T04:20:39.3029581Z test result: ok. 5 passed; 0 failed; 0 ignored; 0 measured; 0 filtered out; finished in 0.03s
2026-10-04T04:20:39.3030205Z 
2026-10-04T04:20:39.3033286Z      Running tests/sync_policy_tests.rs (target/debug/deps/sync_policy_tests-c5f015a73c86da15)
2026-10-04T04:20:39.3046255Z 
2026-10-04T04:20:39.3046428Z running 9 tests
2026-10-04T04:20:39.3250119Z test sync_harness_changed_uses_go_pull_diagnostic ... ok
2026-10-04T04:20:39.3260499Z test sync_default_explicitly_skips_conflicts ... ok
2026-10-04T04:20:39.3395414Z test sync_empty_scope_with_project_dir_is_user_scope ... ok
2026-10-04T04:20:39.3456210Z test sync_empty_mode_preserves_symlink_marker ... ok
2026-10-04T04:20:39.3457342Z test sync_result_json_has_no_allow_executable_field ... ok
2026-10-04T04:20:39.3576851Z test sync_project_scope_uses_absolute_project_root ... ok
2026-10-04T04:20:39.3654491Z test sync_skips_when_pull_lock_is_held ... ok
2026-10-04T04:20:39.3695157Z test sync_manifest_allow_executable_is_or_with_marker_policy ... ok
2026-10-04T04:20:39.3706766Z test sync_recovers_stale_pull_lock ... ok
2026-10-04T04:20:39.3707135Z 
2026-10-04T04:20:39.3707580Z test result: ok. 9 passed; 0 failed; 0 ignored; 0 measured; 0 filtered out; finished in 0.07s
2026-10-04T04:20:39.3708173Z 
2026-10-04T04:20:39.3711622Z      Running tests/variant_tests.rs (target/debug/deps/variant_tests-0b64a355d9fbb3c4)
2026-10-04T04:20:39.3724907Z 
2026-10-04T04:20:39.3725124Z running 8 tests
2026-10-04T04:20:39.3731659Z test apply_handles_blocks_scopes_and_terms ... ok
2026-10-04T04:20:39.3732607Z test apply_is_identity_without_markers_and_strips_markers_with_noop_regions ... ok
2026-10-04T04:20:39.3759464Z test unscoped_mentions_ignore_scoped_and_fenced_text ... ok
2026-10-04T04:20:39.3760640Z test malformed_markers_are_reported_and_unresolvable_terms_remain ... ok
2026-10-04T04:20:39.3761781Z test marker_grammar_matches_go_case_and_separator_rules ... ok
2026-10-04T04:20:39.3762759Z test diagnostic_messages_match_go_oracle ... ok
2026-10-04T04:20:39.3770295Z test variant_fixture_matches_each_target_resolution ... ok
2026-10-04T04:20:39.3773296Z test variant_outputs_match_go_target_goldens ... ok
2026-10-04T04:20:39.3773730Z 
2026-10-04T04:20:39.3774034Z test result: ok. 8 passed; 0 failed; 0 ignored; 0 measured; 0 filtered out; finished in 0.00s
2026-10-04T04:20:39.3774388Z 
2026-10-04T04:20:39.3776951Z      Running tests/windows_roots.rs (target/debug/deps/windows_roots-ce922f9d92070b26)
2026-10-04T04:20:39.3787793Z 
2026-10-04T04:20:39.3788132Z running 0 tests
2026-10-04T04:20:39.3788355Z 
2026-10-04T04:20:39.3788884Z test result: ok. 0 passed; 0 failed; 0 ignored; 0 measured; 0 filtered out; finished in 0.00s
2026-10-04T04:20:39.3789257Z 
2026-10-04T04:20:39.3792349Z      Running unittests src/lib.rs (target/debug/deps/symbrain_usage-67ea7a534bc65bcf)
2026-10-04T04:20:39.3805407Z 
2026-10-04T04:20:39.3805711Z running 68 tests
2026-10-04T04:20:39.3812106Z test providers::antigravity_tests::parses_every_go_antigravity_candidate_and_listening_port ... ok
2026-10-04T04:20:39.3813429Z test model::tests::report_timestamps_trim_fractional_zeroes_like_go_rfc3339nano ... ok
2026-10-04T04:20:39.3814974Z test providers::antigravity_tests::pid_above_go_lsof_limit_does_not_invoke_probe_or_send_http ... ok
2026-10-04T04:20:39.3964455Z test providers::opencode_discovery_tests::provenance::provenance_checks_hashes_and_rejects_mutation ... ok
2026-10-04T04:20:39.4000068Z test providers::opencode_discovery_tests::corpus_replays_case_for_case_against_the_shipped_recording ... ok
2026-10-04T04:20:39.4001174Z test providers::provider_config::tests::base64url_decoding_round_trips_a_json_payload ... ok
2026-10-04T04:20:39.4005933Z test providers::provider_config::tests::bounded_credential_file_read_does_not_follow_symlinks ... ok
2026-10-04T04:20:39.4010014Z test providers::provider_config::tests::bounded_credential_file_read_rejects_oversized_files ... ok
2026-10-04T04:20:39.4011612Z test providers::provider_config::tests::claude_file_credential_can_be_combined_with_proven_sources ... ok
2026-10-04T04:20:39.4020663Z test providers::opencode_discovery_tests::replay_rejects_altered_recorded_result_and_request ... ok
2026-10-04T04:20:39.4027647Z test providers::provider_config::tests::claude_keychain_blob_parser_matches_go_typed_decoder_cases ... ok
2026-10-04T04:20:39.4029527Z test providers::provider_config::tests::claude_oauth_source_preempts_keychain_fallback ... ok
2026-10-04T04:20:39.4031082Z test providers::provider_config::tests::claude_file_token_accepts_only_go_equivalent_deterministic_shapes ... ok
2026-10-04T04:20:39.4033062Z test providers::provider_config::tests::claude_token_falls_back_to_any_account_with_a_token ... ok
2026-10-04T04:20:39.4035930Z test providers::provider_config::tests::codex_file_credential_can_be_combined_with_proven_sources ... ok
2026-10-04T04:20:39.4038342Z test providers::provider_config::tests::claude_token_prefers_the_default_account ... ok
2026-10-04T04:20:39.4039963Z test providers::provider_config::tests::codex_provider_reports_file_source_and_keeps_invalid_file_status ... ok
2026-10-04T04:20:39.4041270Z test providers::provider_config::tests::codex_token_ignores_a_logged_out_auth_file ... ok
2026-10-04T04:20:39.4042857Z test providers::provider_config::tests::codex_token_reads_both_shipped_shapes ... ok
2026-10-04T04:20:39.4046185Z test providers::provider_config::tests::copilot_token_prefers_the_github_host_entry ... ok
2026-10-04T04:20:39.4051658Z test providers::provider_config::tests::copilot_token_reads_hosts_json_after_apps_json ... ok
2026-10-04T04:20:39.4055080Z test providers::provider_config::tests::json_pointer_lookup_ignores_missing_and_empty_values ... ok
2026-10-04T04:20:39.4056323Z test providers::provider_config::tests::keychain_dump_lines_yield_service_names ... ok
2026-10-04T04:20:39.4072879Z test providers::provider_config::tests::kimi_device_id_native_gate_accepts_only_absent_or_readable_ascii_files ... ok
2026-10-04T04:20:39.4079238Z test providers::provider_config::tests::copilot_file_token_matches_go_for_native_shapes_and_rejects_unproven_files ... ok
2026-10-04T04:20:39.4083963Z test providers::provider_config::tests::kimi_store_reads_token_and_trims_the_device_id ... ok
2026-10-04T04:20:39.4095658Z test providers::provider_config::tests::kimi_file_candidate_matches_only_the_source_bound_native_shapes ... ok
2026-10-04T04:20:39.4097197Z test providers::provider_config::tests::nous_token_accepts_a_live_jwt ... ok
2026-10-04T04:20:39.4100299Z test providers::provider_config::tests::nous_token_ignores_providers_other_than_nous ... ok
2026-10-04T04:20:39.4103011Z test providers::provider_config::tests::nous_token_prefers_the_scoped_invoke_jwt ... ok
2026-10-04T04:20:39.4106000Z test providers::provider_config::tests::nous_token_skips_jwt_shaped_tokens_that_expired ... ok
2026-10-04T04:20:39.4110932Z test providers::provider_config::tests::routing_metadata_treats_indeterminate_and_symlink_paths_as_present ... ok
2026-10-04T04:20:39.4112609Z test providers::provider_config::tests::secret_references_and_unproven_sources_keep_go_fallback ... ok
2026-10-04T04:20:39.4114184Z test providers::provider_config::tests::supported_provider_credentials_can_be_combined_natively ... ok
2026-10-04T04:20:39.4115797Z test providers::provider_config::tests::supported_provider_overrides_are_narrow_and_go_equivalent ... ok
2026-10-04T04:20:39.4121349Z test providers::provider_requests::tests::cancelled_probe_kills_process_group_and_returns_within_bound ... ok
2026-10-04T04:20:39.4122994Z test providers::provider_requests::tests::invalid_provider_base_urls_fail_closed_to_defaults ... ok
2026-10-04T04:20:39.4139679Z test providers::provider_config::tests::nous_file_candidate_matches_source_bound_plain_and_live_jwt_tokens ... ok
2026-10-04T04:20:39.4144886Z test providers::provider_requests::tests::probe_tool_resolution_fails_closed_for_executable_relative_path_entries ... ok
2026-10-04T04:20:39.4151071Z test providers::provider_requests::tests::oversized_probe_output_terminates_the_child_while_it_is_running ... ok
2026-10-04T04:20:39.4170133Z test providers::provider_requests::tests::request_oracle::antigravity_local_probe_report_and_requests_match_production_go_oracle ... ok
2026-10-04T04:20:39.4171640Z test providers::provider_requests::tests::request_oracle::authenticated_claude_admin_report_matches_go_success_and_failure_oracles ... ok
2026-10-04T04:20:39.4184906Z test providers::provider_requests::tests::request_oracle::authenticated_claude_oauth_file_report_matches_go_build_report_oracle ... ok
2026-10-04T04:20:39.4200913Z test providers::provider_requests::tests::request_oracle::authenticated_claude_keychain_report_matches_go_production_builder ... ok
2026-10-04T04:20:39.4203093Z test providers::provider_requests::tests::request_oracle::authenticated_claude_oauth_report_matches_go_build_report_oracle ... ok
2026-10-04T04:20:39.4222158Z test providers::provider_requests::tests::request_oracle::authenticated_codex_report_matches_go_success_and_failure_oracles ... ok
2026-10-04T04:20:39.4226139Z test providers::provider_requests::tests::request_oracle::authenticated_codex_file_report_matches_go_success_and_failure_oracles ... ok
2026-10-04T04:20:39.4233790Z test providers::provider_requests::tests::request_oracle::authenticated_copilot_file_report_matches_go_success_and_failure_oracles ... ok
2026-10-04T04:20:39.4249331Z test providers::provider_requests::tests::request_oracle::authenticated_copilot_report_matches_go_success_and_failure_oracles ... ok
2026-10-04T04:20:39.4255125Z test providers::provider_requests::tests::request_oracle::authenticated_cursor_report_matches_go_success_and_failure_oracles ... ok
2026-10-04T04:20:39.4273275Z test providers::provider_requests::tests::request_oracle::authenticated_moonshot_report_matches_go_success_and_failure_oracles ... ok
2026-10-04T04:20:39.4289753Z test providers::provider_requests::tests::request_oracle::authenticated_kimi_report_matches_go_success_and_failure_oracles ... ok
2026-10-04T04:20:39.4299117Z test providers::provider_requests::tests::request_oracle::authenticated_nous_live_jwt_file_matches_go_production_constructor ... ok
2026-10-04T04:20:39.4303663Z test providers::provider_requests::tests::request_oracle::authenticated_nous_report_matches_go_success_and_failure_oracles ... ok
2026-10-04T04:20:39.4319163Z test providers::provider_requests::tests::request_oracle::authenticated_opencode_report_matches_go_success_oracle_and_workspace_walk ... ok
2026-10-04T04:20:39.4327012Z test providers::provider_requests::tests::request_oracle::authenticated_openrouter_report_matches_go_success_and_failure_oracles ... ok
2026-10-04T04:20:39.4332346Z test providers::provider_requests::tests::request_oracle::combined_native_providers_match_the_production_go_report_and_overrides ... ok
2026-10-04T04:20:39.4334759Z test providers::provider_requests::tests::request_oracle::kimi_cli_and_web_fallback_reports_match_production_go_chains ... ok
2026-10-04T04:20:39.4344422Z test providers::provider_requests::tests::request_oracle::nous_environment_credential_precedes_the_default_file ... ok
2026-10-04T04:20:39.4352984Z test providers::provider_requests::tests::request_oracle::provider_error_texts_match_the_shipped_oracle_recording ... ok
2026-10-04T04:20:39.4358772Z test providers::provider_requests::tests::request_oracle::requests_match_the_shipped_oracle_recording ... ok
2026-10-04T04:20:39.4361508Z test providers::provider_requests::tests::trusted_urls_reject_private_and_ambiguous_authorities ... ok
2026-10-04T04:20:39.4364250Z test providers::usage_fetch_oracle_tests::copilot_enterprise_authority_keeps_transport_validation ... ok
2026-10-04T04:20:39.4570228Z test providers::provider_requests::tests::timed_out_probe_kills_process_group_and_returns_within_bound ... ok
2026-10-04T04:20:39.4719467Z test providers::usage_fetch_oracle_tests::usage_fetch_620_reports_and_all_identity_headers_match_go ... ok
2026-10-04T04:20:39.4814467Z test deadline_tests::absolute_report_deadline_cancels_inflight_and_skips_later_batch ... ok
2026-10-04T04:20:39.4816084Z test deadline_tests::provider_timeout_keeps_timeout_error_classification ... ok
2026-10-04T04:20:39.6674616Z test transport::tests::ureq_caps_loopback_tls_stall_to_absolute_cancellation_deadline ... ok
2026-10-04T04:20:39.6675423Z 
2026-10-04T04:20:39.6675996Z test result: ok. 68 passed; 0 failed; 0 ignored; 0 measured; 0 filtered out; finished in 0.29s
2026-10-04T04:20:39.6676682Z 
2026-10-04T04:20:39.6687004Z      Running tests/secret_oracle_tests.rs (target/debug/deps/secret_oracle_tests-9a229471b288e116)
2026-10-04T04:20:39.6699554Z 
2026-10-04T04:20:39.6699741Z running 8 tests
2026-10-04T04:20:39.6709229Z test alias_and_canonical_resolve_identically ... ok
2026-10-04T04:20:39.6710037Z test failed_cases_pin_the_no_plaintext_leak_invariant ... ok
2026-10-04T04:20:39.6720819Z test fixture_pins_timeout_surface_count_and_ids ... ok
2026-10-04T04:20:39.6727240Z test scheme_acceptance_matches_go_classification ... ok
2026-10-04T04:20:39.7716157Z test non_utf8_secret_fails_closed_instead_of_silently_changing_bytes ... ok
2026-10-04T04:20:39.7725038Z test resolve_or_env_precedence_matches_go ... ok
2026-10-04T04:20:41.7836301Z test shrunk_timeout_error_bytes_match_go ... ok
2026-10-04T04:20:41.8337206Z test resolve_value_and_error_bytes_match_go ... ok
2026-10-04T04:20:41.8337626Z 
2026-10-04T04:20:41.8338051Z test result: ok. 8 passed; 0 failed; 0 ignored; 0 measured; 0 filtered out; finished in 2.16s
2026-10-04T04:20:41.8339084Z 
2026-10-04T04:20:41.8343916Z      Running tests/usage_tests.rs (target/debug/deps/usage_tests-de4bf397d096572a)
2026-10-04T04:20:41.8357903Z 
2026-10-04T04:20:41.8358685Z running 9 tests
2026-10-04T04:20:41.8381050Z test already_cancelled_report_does_not_start_provider_requests ... ok
2026-10-04T04:20:41.8382140Z test provider_graph_fixture_is_source_bound_to_go_contract ... ok
2026-10-04T04:20:41.8389700Z test provider_cases_bind_requests_responses_auth_and_errors ... ok
2026-10-04T04:20:41.8402483Z test fixture_report_covers_complete_provider_graph_in_contract_order ... ok
2026-10-04T04:20:41.8493152Z test provider_queries_are_bounded_and_timeout_all_pending_slots ... ok
2026-10-04T04:20:41.8495740Z test status_errors_keep_provider_specific_taxonomy_and_retry_detail ... ok
2026-10-04T04:20:41.8549123Z test provider_cases_compare_complete_requests_headers_strategies_snapshots_and_errors ... ok
2026-10-04T04:20:41.8596410Z test report_join_does_not_return_while_finite_noncooperative_worker_is_active ... ok
2026-10-04T04:20:41.9412356Z test reports_join_cooperative_workers_and_bound_batches_across_repeated_calls ... ok
2026-10-04T04:20:41.9412960Z 
2026-10-04T04:20:41.9413412Z test result: ok. 9 passed; 0 failed; 0 ignored; 0 measured; 0 filtered out; finished in 0.11s
2026-10-04T04:20:41.9414010Z 
2026-10-04T04:20:41.9418624Z      Running unittests src/lib.rs (target/debug/deps/symguard_cli-00631a5b9b1e9888)
2026-10-04T04:20:41.9432225Z 
2026-10-04T04:20:41.9432477Z running 18 tests
2026-10-04T04:20:41.9439087Z test guard_doctor::tests::allowlist_is_deny_by_default_and_prefix_matched ... ok
2026-10-04T04:20:41.9440543Z test guard_doctor::tests::multiple_secret_keys_on_one_server_are_sorted ... ok
2026-10-04T04:20:41.9441804Z test guard_doctor::tests::secret_heuristic_matches_go ... ok
2026-10-04T04:20:41.9443106Z test guard_doctor::tests::unsupported_missing_equals_offenders_stay_gated ... ok
2026-10-04T04:20:41.9444101Z test guard_scan::tests::empty_format_value_resolves_to_default ... ok
2026-10-04T04:20:41.9445807Z test guard_doctor::tests::config_parses_the_healthy_fixture_and_gates_on_invalid_toml ... ok
2026-10-04T04:20:41.9447005Z test guard_scan::tests::json_typed_fields_fail_instead_of_being_dropped ... ok
2026-10-04T04:20:41.9448239Z test guard_scan::tests::jsonc_preserves_urls_and_removes_comments ... ok
2026-10-04T04:20:41.9450157Z test guard_scan::tests::missing_source_error_classification_matches_go_platform_behavior ... ok
2026-10-04T04:20:41.9451491Z test guard_scan::tests::source_paths_clean_parent_components ... ok
2026-10-04T04:20:41.9452352Z test guard_doctor::tests::audit_status_reports_all_three_states ... ok
2026-10-04T04:20:41.9453275Z test guard_scan::tests::opencode_environment_is_merged_and_redacted ... ok
2026-10-04T04:20:41.9454315Z test guard_version::tests::version_output_failures_are_nonzero_in_both_formats ... ok
2026-10-04T04:20:41.9455260Z test guard_scan::tests::yaml_environment_is_not_merged ... ok
2026-10-04T04:20:41.9456033Z test tests::audit_path_prefers_xdg_then_home_then_temp ... ok
2026-10-04T04:20:41.9456880Z test tests::top_level_guard_routes_match_go ... ok
2026-10-04T04:20:41.9457375Z test tests::unknown_verb_matches_go_dispatch ... ok
2026-10-04T04:20:41.9457781Z test tests::decide_preserves_go_trailing_json_diagnostic ... ok
2026-10-04T04:20:41.9458050Z 
2026-10-04T04:20:41.9458347Z test result: ok. 18 passed; 0 failed; 0 ignored; 0 measured; 0 filtered out; finished in 0.00s
2026-10-04T04:20:41.9459166Z 
2026-10-04T04:20:41.9460472Z      Running unittests src/main.rs (target/debug/deps/symguard-9010c50dcfda36fc)
2026-10-04T04:20:41.9470969Z 
2026-10-04T04:20:41.9471122Z running 0 tests
2026-10-04T04:20:41.9471397Z 
2026-10-04T04:20:41.9471771Z test result: ok. 0 passed; 0 failed; 0 ignored; 0 measured; 0 filtered out; finished in 0.00s
2026-10-04T04:20:41.9472128Z 
2026-10-04T04:20:41.9473816Z      Running tests/raw_diagnostics.rs (target/debug/deps/raw_diagnostics-2f930ace12dc5db3)
2026-10-04T04:20:41.9484785Z 
2026-10-04T04:20:41.9484993Z running 1 test
2026-10-04T04:20:41.9499242Z test raw_audit_path_denies_allow_and_confirm_without_overwriting_existing_denials ... ok
2026-10-04T04:20:41.9499885Z 
2026-10-04T04:20:41.9500704Z test result: ok. 1 passed; 0 failed; 0 ignored; 0 measured; 0 filtered out; finished in 0.00s
2026-10-04T04:20:41.9501248Z 
2026-10-04T04:20:41.9502100Z      Running tests/standalone.rs (target/debug/deps/standalone-e36a7731de8a29c2)
2026-10-04T04:20:41.9512149Z 
2026-10-04T04:20:41.9512363Z running 3 tests
2026-10-04T04:20:41.9573294Z test standalone_decide_keeps_private_guard_audit_state ... ok
2026-10-04T04:20:41.9574619Z test unsupported_doctor_config_is_explicitly_fail_closed ... ok
2026-10-04T04:20:41.9731768Z test standalone_routes_and_handshake_do_not_require_brain_or_go ... ok
2026-10-04T04:20:41.9732353Z 
2026-10-04T04:20:41.9732825Z test result: ok. 3 passed; 0 failed; 0 ignored; 0 measured; 0 filtered out; finished in 0.02s
2026-10-04T04:20:41.9733408Z 
2026-10-04T04:20:41.9733683Z    Doc-tests symbrain_activity
2026-10-04T04:20:42.0072604Z 
2026-10-04T04:20:42.0073154Z running 0 tests
2026-10-04T04:20:42.0073440Z 
2026-10-04T04:20:42.0073933Z test result: ok. 0 passed; 0 failed; 0 ignored; 0 measured; 0 filtered out; finished in 0.00s
2026-10-04T04:20:42.0074314Z 
2026-10-04T04:20:42.0087331Z    Doc-tests symbrain_adapter
2026-10-04T04:20:42.0354283Z 
2026-10-04T04:20:42.0354806Z running 0 tests
2026-10-04T04:20:42.0355112Z 
2026-10-04T04:20:42.0355658Z test result: ok. 0 passed; 0 failed; 0 ignored; 0 measured; 0 filtered out; finished in 0.00s
2026-10-04T04:20:42.0356249Z 
2026-10-04T04:20:42.0369364Z    Doc-tests symbrain_audit
2026-10-04T04:20:42.0862352Z 
2026-10-04T04:20:42.0862908Z running 0 tests
2026-10-04T04:20:42.0863252Z 
2026-10-04T04:20:42.0863860Z test result: ok. 0 passed; 0 failed; 0 ignored; 0 measured; 0 filtered out; finished in 0.00s
2026-10-04T04:20:42.0864598Z 
2026-10-04T04:20:42.0878236Z    Doc-tests symbrain_broker
2026-10-04T04:20:42.1301108Z 
2026-10-04T04:20:42.1301472Z running 0 tests
2026-10-04T04:20:42.1301773Z 
2026-10-04T04:20:42.1302130Z test result: ok. 0 passed; 0 failed; 0 ignored; 0 measured; 0 filtered out; finished in 0.00s
2026-10-04T04:20:42.1302518Z 
2026-10-04T04:20:42.1317549Z    Doc-tests symbrain_catalog
2026-10-04T04:20:42.1594075Z 
2026-10-04T04:20:42.1594997Z running 0 tests
2026-10-04T04:20:42.1595203Z 
2026-10-04T04:20:42.1595521Z test result: ok. 0 passed; 0 failed; 0 ignored; 0 measured; 0 filtered out; finished in 0.00s
2026-10-04T04:20:42.1595886Z 
2026-10-04T04:20:42.1609267Z    Doc-tests symbrain_cli
2026-10-04T04:20:42.3203489Z 
2026-10-04T04:20:42.3204093Z running 0 tests
2026-10-04T04:20:42.3204368Z 
2026-10-04T04:20:42.3204860Z test result: ok. 0 passed; 0 failed; 0 ignored; 0 measured; 0 filtered out; finished in 0.00s
2026-10-04T04:20:42.3205462Z 
2026-10-04T04:20:42.3221681Z    Doc-tests symbrain_core
2026-10-04T04:20:42.3611659Z 
2026-10-04T04:20:42.3612304Z running 0 tests
2026-10-04T04:20:42.3612501Z 
2026-10-04T04:20:42.3612818Z test result: ok. 0 passed; 0 failed; 0 ignored; 0 measured; 0 filtered out; finished in 0.00s
2026-10-04T04:20:42.3613196Z 
2026-10-04T04:20:42.3625810Z    Doc-tests symbrain_gateway
2026-10-04T04:20:42.4220758Z 
2026-10-04T04:20:42.4221349Z running 0 tests
2026-10-04T04:20:42.4221562Z 
2026-10-04T04:20:42.4221889Z test result: ok. 0 passed; 0 failed; 0 ignored; 0 measured; 0 filtered out; finished in 0.00s
2026-10-04T04:20:42.4222270Z 
2026-10-04T04:20:42.4240380Z    Doc-tests symbrain_guard_core
2026-10-04T04:20:42.5561080Z 
2026-10-04T04:20:42.5561720Z running 0 tests
2026-10-04T04:20:42.5561999Z 
2026-10-04T04:20:42.5562519Z test result: ok. 0 passed; 0 failed; 0 ignored; 0 measured; 0 filtered out; finished in 0.00s
2026-10-04T04:20:42.5562914Z 
2026-10-04T04:20:42.5576051Z    Doc-tests symbrain_harness
2026-10-04T04:20:42.6224923Z 
2026-10-04T04:20:42.6225509Z running 0 tests
2026-10-04T04:20:42.6225790Z 
2026-10-04T04:20:42.6226277Z test result: ok. 0 passed; 0 failed; 0 ignored; 0 measured; 0 filtered out; finished in 0.00s
2026-10-04T04:20:42.6226806Z 
2026-10-04T04:20:42.6240660Z    Doc-tests symbrain_instructions
2026-10-04T04:20:42.6456687Z 
2026-10-04T04:20:42.6457281Z running 0 tests
2026-10-04T04:20:42.6457777Z 
2026-10-04T04:20:42.6458114Z test result: ok. 0 passed; 0 failed; 0 ignored; 0 measured; 0 filtered out; finished in 0.00s
2026-10-04T04:20:42.6458873Z 
2026-10-04T04:20:42.6469999Z    Doc-tests symbrain_managed
2026-10-04T04:20:42.6955401Z 
2026-10-04T04:20:42.6955922Z running 0 tests
2026-10-04T04:20:42.6956198Z 
2026-10-04T04:20:42.6956700Z test result: ok. 0 passed; 0 failed; 0 ignored; 0 measured; 0 filtered out; finished in 0.00s
2026-10-04T04:20:42.6957169Z 
2026-10-04T04:20:42.6969753Z    Doc-tests symbrain_mcp
2026-10-04T04:20:42.7322908Z 
2026-10-04T04:20:42.7323479Z running 0 tests
2026-10-04T04:20:42.7323762Z 
2026-10-04T04:20:42.7324267Z test result: ok. 0 passed; 0 failed; 0 ignored; 0 measured; 0 filtered out; finished in 0.00s
2026-10-04T04:20:42.7324857Z 
2026-10-04T04:20:42.7336603Z    Doc-tests symbrain_memory
2026-10-04T04:20:42.8338778Z 
2026-10-04T04:20:42.8339552Z running 0 tests
2026-10-04T04:20:42.8339806Z 
2026-10-04T04:20:42.8340158Z test result: ok. 0 passed; 0 failed; 0 ignored; 0 measured; 0 filtered out; finished in 0.00s
2026-10-04T04:20:42.8340525Z 
2026-10-04T04:20:42.8356717Z    Doc-tests symbrain_patterns
2026-10-04T04:20:42.8682801Z 
2026-10-04T04:20:42.8683266Z running 0 tests
2026-10-04T04:20:42.8683560Z 
2026-10-04T04:20:42.8683924Z test result: ok. 0 passed; 0 failed; 0 ignored; 0 measured; 0 filtered out; finished in 0.00s
2026-10-04T04:20:42.8684294Z 
2026-10-04T04:20:42.8698156Z    Doc-tests symbrain_policy
2026-10-04T04:20:42.9297652Z 
2026-10-04T04:20:42.9298317Z running 0 tests
2026-10-04T04:20:42.9298857Z 
2026-10-04T04:20:42.9299395Z test result: ok. 0 passed; 0 failed; 0 ignored; 0 measured; 0 filtered out; finished in 0.00s
2026-10-04T04:20:42.9299977Z 
2026-10-04T04:20:42.9312006Z    Doc-tests symbrain_skills
2026-10-04T04:20:43.0906208Z 
2026-10-04T04:20:43.0907086Z running 0 tests
2026-10-04T04:20:43.0907417Z 
2026-10-04T04:20:43.0908044Z test result: ok. 0 passed; 0 failed; 0 ignored; 0 measured; 0 filtered out; finished in 0.00s
2026-10-04T04:20:43.0909102Z 
2026-10-04T04:20:43.0921108Z    Doc-tests symbrain_usage
2026-10-04T04:20:43.1709323Z 
2026-10-04T04:20:43.1709819Z running 0 tests
2026-10-04T04:20:43.1710085Z 
2026-10-04T04:20:43.1710592Z test result: ok. 0 passed; 0 failed; 0 ignored; 0 measured; 0 filtered out; finished in 0.00s
2026-10-04T04:20:43.1711191Z 
2026-10-04T04:20:43.1724912Z    Doc-tests symguard_cli
2026-10-04T04:20:43.2246848Z 
2026-10-04T04:20:43.2247725Z running 0 tests
2026-10-04T04:20:43.2248062Z 
2026-10-04T04:20:43.2249023Z test result: ok. 0 passed; 0 failed; 0 ignored; 0 measured; 0 filtered out; finished in 0.00s
2026-10-04T04:20:43.2249617Z 
2026-10-04T04:20:43.2328718Z SYMAIRA_EXTERNAL_BASE="" bash /home/runner/work/symaira-brain/symaira-brain/scripts/run-external-env.sh cargo test --workspace --doc --all-features --locked
2026-10-04T04:20:43.4211809Z     Finished `test` profile [unoptimized + debuginfo] target(s) in 0.16s
2026-10-04T04:20:43.4292400Z    Doc-tests symbrain_activity
2026-10-04T04:20:43.4639630Z 
2026-10-04T04:20:43.4640176Z running 0 tests
2026-10-04T04:20:43.4640376Z 
2026-10-04T04:20:43.4640714Z test result: ok. 0 passed; 0 failed; 0 ignored; 0 measured; 0 filtered out; finished in 0.00s
2026-10-04T04:20:43.4641083Z 
2026-10-04T04:20:43.4654036Z    Doc-tests symbrain_adapter
2026-10-04T04:20:43.4921274Z 
2026-10-04T04:20:43.4921861Z running 0 tests
2026-10-04T04:20:43.4922133Z 
2026-10-04T04:20:43.4922630Z test result: ok. 0 passed; 0 failed; 0 ignored; 0 measured; 0 filtered out; finished in 0.00s
2026-10-04T04:20:43.4923077Z 
2026-10-04T04:20:43.4934919Z    Doc-tests symbrain_audit
2026-10-04T04:20:43.5421288Z 
2026-10-04T04:20:43.5421896Z running 0 tests
2026-10-04T04:20:43.5422180Z 
2026-10-04T04:20:43.5422672Z test result: ok. 0 passed; 0 failed; 0 ignored; 0 measured; 0 filtered out; finished in 0.00s
2026-10-04T04:20:43.5423141Z 
2026-10-04T04:20:43.5437457Z    Doc-tests symbrain_broker
2026-10-04T04:20:43.5856914Z 
2026-10-04T04:20:43.5857711Z running 0 tests
2026-10-04T04:20:43.5858253Z 
2026-10-04T04:20:43.5859038Z test result: ok. 0 passed; 0 failed; 0 ignored; 0 measured; 0 filtered out; finished in 0.00s
2026-10-04T04:20:43.5859477Z 
2026-10-04T04:20:43.5872616Z    Doc-tests symbrain_catalog
2026-10-04T04:20:43.6144822Z 
2026-10-04T04:20:43.6145352Z running 0 tests
2026-10-04T04:20:43.6145542Z 
2026-10-04T04:20:43.6145864Z test result: ok. 0 passed; 0 failed; 0 ignored; 0 measured; 0 filtered out; finished in 0.00s
2026-10-04T04:20:43.6146243Z 
2026-10-04T04:20:43.6157990Z    Doc-tests symbrain_cli
2026-10-04T04:20:43.7761327Z 
2026-10-04T04:20:43.7761800Z running 0 tests
2026-10-04T04:20:43.7762076Z 
2026-10-04T04:20:43.7762541Z test result: ok. 0 passed; 0 failed; 0 ignored; 0 measured; 0 filtered out; finished in 0.00s
2026-10-04T04:20:43.7762917Z 
2026-10-04T04:20:43.7778246Z    Doc-tests symbrain_core
2026-10-04T04:20:43.8163708Z 
2026-10-04T04:20:43.8164186Z running 0 tests
2026-10-04T04:20:43.8164463Z 
2026-10-04T04:20:43.8164908Z test result: ok. 0 passed; 0 failed; 0 ignored; 0 measured; 0 filtered out; finished in 0.00s
2026-10-04T04:20:43.8165284Z 
2026-10-04T04:20:43.8177026Z    Doc-tests symbrain_gateway
2026-10-04T04:20:43.8760943Z 
2026-10-04T04:20:43.8761375Z running 0 tests
2026-10-04T04:20:43.8761557Z 
2026-10-04T04:20:43.8761871Z test result: ok. 0 passed; 0 failed; 0 ignored; 0 measured; 0 filtered out; finished in 0.00s
2026-10-04T04:20:43.8762243Z 
2026-10-04T04:20:43.8777118Z    Doc-tests symbrain_guard_core
2026-10-04T04:20:44.0078970Z 
2026-10-04T04:20:44.0079591Z running 0 tests
2026-10-04T04:20:44.0079868Z 
2026-10-04T04:20:44.0080332Z test result: ok. 0 passed; 0 failed; 0 ignored; 0 measured; 0 filtered out; finished in 0.00s
2026-10-04T04:20:44.0080719Z 
2026-10-04T04:20:44.0095950Z    Doc-tests symbrain_harness
2026-10-04T04:20:44.0735401Z 
2026-10-04T04:20:44.0735907Z running 0 tests
2026-10-04T04:20:44.0736108Z 
2026-10-04T04:20:44.0736428Z test result: ok. 0 passed; 0 failed; 0 ignored; 0 measured; 0 filtered out; finished in 0.00s
2026-10-04T04:20:44.0736816Z 
2026-10-04T04:20:44.0750422Z    Doc-tests symbrain_instructions
2026-10-04T04:20:44.0964218Z 
2026-10-04T04:20:44.0964984Z running 0 tests
2026-10-04T04:20:44.0965182Z 
2026-10-04T04:20:44.0965492Z test result: ok. 0 passed; 0 failed; 0 ignored; 0 measured; 0 filtered out; finished in 0.00s
2026-10-04T04:20:44.0965873Z 
2026-10-04T04:20:44.0979647Z    Doc-tests symbrain_managed
2026-10-04T04:20:44.1469685Z 
2026-10-04T04:20:44.1470244Z running 0 tests
2026-10-04T04:20:44.1470575Z 
2026-10-04T04:20:44.1471175Z test result: ok. 0 passed; 0 failed; 0 ignored; 0 measured; 0 filtered out; finished in 0.00s
2026-10-04T04:20:44.1471936Z 
2026-10-04T04:20:44.1484946Z    Doc-tests symbrain_mcp
2026-10-04T04:20:44.1832550Z 
2026-10-04T04:20:44.1833037Z running 0 tests
2026-10-04T04:20:44.1833311Z 
2026-10-04T04:20:44.1833674Z test result: ok. 0 passed; 0 failed; 0 ignored; 0 measured; 0 filtered out; finished in 0.00s
2026-10-04T04:20:44.1834042Z 
2026-10-04T04:20:44.1846124Z    Doc-tests symbrain_memory
2026-10-04T04:20:44.2842169Z 
2026-10-04T04:20:44.2842665Z running 0 tests
2026-10-04T04:20:44.2842931Z 
2026-10-04T04:20:44.2843435Z test result: ok. 0 passed; 0 failed; 0 ignored; 0 measured; 0 filtered out; finished in 0.00s
2026-10-04T04:20:44.2844032Z 
2026-10-04T04:20:44.2861049Z    Doc-tests symbrain_patterns
2026-10-04T04:20:44.3187152Z 
2026-10-04T04:20:44.3187592Z running 0 tests
2026-10-04T04:20:44.3187860Z 
2026-10-04T04:20:44.3188236Z test result: ok. 0 passed; 0 failed; 0 ignored; 0 measured; 0 filtered out; finished in 0.00s
2026-10-04T04:20:44.3188977Z 
2026-10-04T04:20:44.3200919Z    Doc-tests symbrain_policy
2026-10-04T04:20:44.3797094Z 
2026-10-04T04:20:44.3797778Z running 0 tests
2026-10-04T04:20:44.3798140Z 
2026-10-04T04:20:44.3799165Z test result: ok. 0 passed; 0 failed; 0 ignored; 0 measured; 0 filtered out; finished in 0.00s
2026-10-04T04:20:44.3799551Z 
2026-10-04T04:20:44.3811850Z    Doc-tests symbrain_skills
2026-10-04T04:20:44.5367481Z 
2026-10-04T04:20:44.5367967Z running 0 tests
2026-10-04T04:20:44.5368849Z 
2026-10-04T04:20:44.5369231Z test result: ok. 0 passed; 0 failed; 0 ignored; 0 measured; 0 filtered out; finished in 0.00s
2026-10-04T04:20:44.5369609Z 
2026-10-04T04:20:44.5384581Z    Doc-tests symbrain_usage
2026-10-04T04:20:44.6197883Z 
2026-10-04T04:20:44.6198670Z running 0 tests
2026-10-04T04:20:44.6198880Z 
2026-10-04T04:20:44.6199196Z test result: ok. 0 passed; 0 failed; 0 ignored; 0 measured; 0 filtered out; finished in 0.00s
2026-10-04T04:20:44.6199566Z 
2026-10-04T04:20:44.6212205Z    Doc-tests symguard_cli
2026-10-04T04:20:44.6734575Z 
2026-10-04T04:20:44.6735076Z running 0 tests
2026-10-04T04:20:44.6735364Z 
2026-10-04T04:20:44.6735867Z test result: ok. 0 passed; 0 failed; 0 ignored; 0 measured; 0 filtered out; finished in 0.00s
2026-10-04T04:20:44.6736258Z 
2026-10-04T04:20:44.6812727Z SYMAIRA_EXTERNAL_BASE="" bash /home/runner/work/symaira-brain/symaira-brain/scripts/run-external-env.sh cargo audit
2026-10-04T04:20:44.7195502Z     Fetching advisory database from `https://github.com/RustSec/advisory-db.git`
2026-10-04T04:20:48.0947146Z       Loaded 1290 security advisories (from /home/runner/.cargo/advisory-db)
2026-10-04T04:20:48.0947896Z     Updating crates.io index
2026-10-04T04:20:48.1096412Z     Scanning Cargo.lock for vulnerabilities (281 crate dependencies)
2026-10-04T04:20:48.3057589Z SYMAIRA_EXTERNAL_BASE="" bash /home/runner/work/symaira-brain/symaira-brain/scripts/run-external-env.sh cargo deny check
2026-10-04T04:20:50.1240457Z warning[duplicate]: found 2 duplicate entries for crate 'base64'
2026-10-04T04:20:50.1259352Z    ┌─ /home/runner/work/symaira-brain/symaira-brain/Cargo.lock:9:1
2026-10-04T04:20:50.1261705Z    │  
2026-10-04T04:20:50.1264198Z  9 │ ╭ base64 0.22.1 registry+https://github.com/rust-lang/crates.io-index
2026-10-04T04:20:50.1271612Z 10 │ │ base64 0.23.1 registry+https://github.com/rust-lang/crates.io-index
2026-10-04T04:20:50.1273065Z    │ ╰───────────────────────────────────────────────────────────────────┘ lock entries
2026-10-04T04:20:50.1273956Z    │  
2026-10-04T04:20:50.1274551Z    ├ base64 v0.22.1
2026-10-04T04:20:50.1275211Z      ├── reqwest v0.13.4
2026-10-04T04:20:50.1276417Z      │   └── symaira-core-llm v0.0.0
2026-10-04T04:20:50.1277253Z      │       └── symbrain-memory v0.12.1
2026-10-04T04:20:50.1278084Z      │           ├── symbrain-cli v0.12.1
2026-10-04T04:20:50.1279288Z      │           └── symbrain-gateway v0.12.1
2026-10-04T04:20:50.1280216Z      │               └── symbrain-cli v0.12.1 (*)
2026-10-04T04:20:50.1281152Z      └── symbrain-guard-core v0.12.1
2026-10-04T04:20:50.1282040Z          ├── (dev) symbrain-cli v0.12.1 (*)
2026-10-04T04:20:50.1282884Z          └── symguard-cli v0.12.1
2026-10-04T04:20:50.1283792Z              └── symbrain-cli v0.12.1 (*)
2026-10-04T04:20:50.1284575Z    ├ base64 v0.23.1
2026-10-04T04:20:50.1285244Z      ├── hyper-util v0.1.21
2026-10-04T04:20:50.1285982Z      │   ├── hyper-rustls v0.27.10
2026-10-04T04:20:50.1286733Z      │   │   └── reqwest v0.13.4
2026-10-04T04:20:50.1287559Z      │   │       └── symaira-core-llm v0.0.0
2026-10-04T04:20:50.1288638Z      │   │           └── symbrain-memory v0.12.1
2026-10-04T04:20:50.1289575Z      │   │               ├── symbrain-cli v0.12.1
2026-10-04T04:20:50.1290533Z      │   │               └── symbrain-gateway v0.12.1
2026-10-04T04:20:50.1291500Z      │   │                   └── symbrain-cli v0.12.1 (*)
2026-10-04T04:20:50.1292315Z      │   └── reqwest v0.13.4 (*)
2026-10-04T04:20:50.1292994Z      ├── ureq v3.4.1
2026-10-04T04:20:50.1293716Z      │   ├── symaira-core-llm v0.0.0 (*)
2026-10-04T04:20:50.1294603Z      │   ├── symbrain-cli v0.12.1 (*)
2026-10-04T04:20:50.1295162Z      │   ├── symbrain-managed v0.12.1
2026-10-04T04:20:50.1295684Z      │   │   └── symbrain-cli v0.12.1 (*)
2026-10-04T04:20:50.1296178Z      │   └── symbrain-usage v0.12.1
2026-10-04T04:20:50.1296666Z      │       ├── symbrain-cli v0.12.1 (*)
2026-10-04T04:20:50.1297182Z      │       └── symbrain-gateway v0.12.1 (*)
2026-10-04T04:20:50.1297717Z      └── ureq-proto v0.6.2
2026-10-04T04:20:50.1298726Z          └── ureq v3.4.1 (*)
2026-10-04T04:20:50.1299178Z 
2026-10-04T04:20:50.1299622Z warning[duplicate]: found 2 duplicate entries for crate 'core-foundation'
2026-10-04T04:20:50.1300805Z    ┌─ /home/runner/work/symaira-brain/symaira-brain/Cargo.lock:24:1
2026-10-04T04:20:50.1301436Z    │  
2026-10-04T04:20:50.1302264Z 24 │ ╭ core-foundation 0.9.4 registry+https://github.com/rust-lang/crates.io-index
2026-10-04T04:20:50.1303451Z 25 │ │ core-foundation 0.10.1 registry+https://github.com/rust-lang/crates.io-index
2026-10-04T04:20:50.1304712Z    │ ╰────────────────────────────────────────────────────────────────────────────┘ lock entries
2026-10-04T04:20:50.1305456Z    │  
2026-10-04T04:20:50.1305897Z    ├ core-foundation v0.9.4
2026-10-04T04:20:50.1306486Z      └── system-configuration v0.7.0
2026-10-04T04:20:50.1307120Z          └── hyper-util v0.1.21
2026-10-04T04:20:50.1307802Z              ├── hyper-rustls v0.27.10
2026-10-04T04:20:50.1308746Z              │   └── reqwest v0.13.4
2026-10-04T04:20:50.1309590Z              │       └── symaira-core-llm v0.0.0
2026-10-04T04:20:50.1310532Z              │           └── symbrain-memory v0.12.1
2026-10-04T04:20:50.1311450Z              │               ├── symbrain-cli v0.12.1
2026-10-04T04:20:50.1312440Z              │               └── symbrain-gateway v0.12.1
2026-10-04T04:20:50.1313535Z              │                   └── symbrain-cli v0.12.1 (*)
2026-10-04T04:20:50.1314314Z              └── reqwest v0.13.4 (*)
2026-10-04T04:20:50.1314901Z    ├ core-foundation v0.10.1
2026-10-04T04:20:50.1315539Z      ├── rustls-platform-verifier v0.7.1
2026-10-04T04:20:50.1316145Z      │   └── reqwest v0.13.4
2026-10-04T04:20:50.1316736Z      │       └── symaira-core-llm v0.0.0
2026-10-04T04:20:50.1317414Z      │           └── symbrain-memory v0.12.1
2026-10-04T04:20:50.1318109Z      │               ├── symbrain-cli v0.12.1
2026-10-04T04:20:50.1319208Z      │               └── symbrain-gateway v0.12.1
2026-10-04T04:20:50.1320021Z      │                   └── symbrain-cli v0.12.1 (*)
2026-10-04T04:20:50.1320714Z      └── security-framework v3.7.0
2026-10-04T04:20:50.1321750Z          ├── rustls-native-certs v0.8.4
2026-10-04T04:20:50.1322583Z          │   └── rustls-platform-verifier v0.7.1 (*)
2026-10-04T04:20:50.1323421Z          └── rustls-platform-verifier v0.7.1 (*)
2026-10-04T04:20:50.1323787Z 
2026-10-04T04:20:50.1324143Z warning[duplicate]: found 3 duplicate entries for crate 'getrandom'
2026-10-04T04:20:50.1325206Z    ┌─ /home/runner/work/symaira-brain/symaira-brain/Cargo.lock:53:1
2026-10-04T04:20:50.1325862Z    │  
2026-10-04T04:20:50.1326561Z 53 │ ╭ getrandom 0.2.17 registry+https://github.com/rust-lang/crates.io-index
2026-10-04T04:20:50.1327601Z 54 │ │ getrandom 0.3.3 registry+https://github.com/rust-lang/crates.io-index
2026-10-04T04:20:50.1328846Z 55 │ │ getrandom 0.4.3 registry+https://github.com/rust-lang/crates.io-index
2026-10-04T04:20:50.1329997Z    │ ╰─────────────────────────────────────────────────────────────────────┘ lock entries
2026-10-04T04:20:50.1330672Z    │  
2026-10-04T04:20:50.1331096Z    ├ getrandom v0.2.17
2026-10-04T04:20:50.1331607Z      └── ring v0.17.14
2026-10-04T04:20:50.1332142Z          ├── rustls v0.23.45
2026-10-04T04:20:50.1332780Z          │   ├── hyper-rustls v0.27.10
2026-10-04T04:20:50.1333444Z          │   │   └── reqwest v0.13.4
2026-10-04T04:20:50.1334265Z          │   │       └── symaira-core-llm v0.0.0
2026-10-04T04:20:50.1335090Z          │   │           └── symbrain-memory v0.12.1
2026-10-04T04:20:50.1335928Z          │   │               ├── symbrain-cli v0.12.1
2026-10-04T04:20:50.1336872Z          │   │               └── symbrain-gateway v0.12.1
2026-10-04T04:20:50.1337782Z          │   │                   └── symbrain-cli v0.12.1 (*)
2026-10-04T04:20:50.1338754Z          │   ├── reqwest v0.13.4 (*)
2026-10-04T04:20:50.1339530Z          │   ├── rustls-platform-verifier v0.7.1
2026-10-04T04:20:50.1340282Z          │   │   └── reqwest v0.13.4 (*)
2026-10-04T04:20:50.1340980Z          │   ├── tokio-rustls v0.26.6
2026-10-04T04:20:50.1341963Z          │   │   ├── hyper-rustls v0.27.10 (*)
2026-10-04T04:20:50.1342732Z          │   │   └── reqwest v0.13.4 (*)
2026-10-04T04:20:50.1343352Z          │   └── ureq v3.4.1
2026-10-04T04:20:50.1344067Z          │       ├── symaira-core-llm v0.0.0 (*)
2026-10-04T04:20:50.1344840Z          │       ├── symbrain-cli v0.12.1 (*)
2026-10-04T04:20:50.1345593Z          │       ├── symbrain-managed v0.12.1
2026-10-04T04:20:50.1346359Z          │       │   └── symbrain-cli v0.12.1 (*)
2026-10-04T04:20:50.1347360Z          │       └── symbrain-usage v0.12.1
2026-10-04T04:20:50.1348166Z          │           ├── symbrain-cli v0.12.1 (*)
2026-10-04T04:20:50.1349246Z          │           └── symbrain-gateway v0.12.1 (*)
2026-10-04T04:20:50.1349980Z          └── rustls-webpki v0.103.15
2026-10-04T04:20:50.1350679Z              ├── rustls v0.23.45 (*)
2026-10-04T04:20:50.1351525Z              └── rustls-platform-verifier v0.7.1 (*)
2026-10-04T04:20:50.1352123Z    ├ getrandom v0.3.3
2026-10-04T04:20:50.1352703Z      ├── symbrain-guard-core v0.12.1
2026-10-04T04:20:50.1353388Z      │   ├── (dev) symbrain-cli v0.12.1
2026-10-04T04:20:50.1354246Z      │   └── symguard-cli v0.12.1
2026-10-04T04:20:50.1354875Z      │       └── symbrain-cli v0.12.1 (*)
2026-10-04T04:20:50.1355558Z      └── symbrain-memory v0.12.1
2026-10-04T04:20:50.1356237Z          ├── symbrain-cli v0.12.1 (*)
2026-10-04T04:20:50.1356934Z          └── symbrain-gateway v0.12.1
2026-10-04T04:20:50.1357690Z              └── symbrain-cli v0.12.1 (*)
2026-10-04T04:20:50.1358238Z    ├ getrandom v0.4.3
2026-10-04T04:20:50.1358943Z      ├── jobserver v0.1.35
2026-10-04T04:20:50.1359445Z      │   └── cc v1.4.5
2026-10-04T04:20:50.1360013Z      │       ├── (build) aws-lc-sys v0.45.0
2026-10-04T04:20:50.1360654Z      │       │   └── aws-lc-rs v1.18.1
2026-10-04T04:20:50.1361276Z      │       │       ├── rustls v0.23.45
2026-10-04T04:20:50.1361980Z      │       │       │   ├── hyper-rustls v0.27.10
2026-10-04T04:20:50.1362715Z      │       │       │   │   └── reqwest v0.13.4
2026-10-04T04:20:50.1363500Z      │       │       │   │       └── symaira-core-llm v0.0.0
2026-10-04T04:20:50.1364373Z      │       │       │   │           └── symbrain-memory v0.12.1
2026-10-04T04:20:50.1365221Z      │       │       │   │               ├── symbrain-cli v0.12.1
2026-10-04T04:20:50.1366089Z      │       │       │   │               └── symbrain-gateway v0.12.1
2026-10-04T04:20:50.1367023Z      │       │       │   │                   └── symbrain-cli v0.12.1 (*)
2026-10-04T04:20:50.1367738Z      │       │       │   ├── reqwest v0.13.4 (*)
2026-10-04T04:20:50.1368680Z      │       │       │   ├── rustls-platform-verifier v0.7.1
2026-10-04T04:20:50.1369468Z      │       │       │   │   └── reqwest v0.13.4 (*)
2026-10-04T04:20:50.1370262Z      │       │       │   ├── tokio-rustls v0.26.6
2026-10-04T04:20:50.1371099Z      │       │       │   │   ├── hyper-rustls v0.27.10 (*)
2026-10-04T04:20:50.1371981Z      │       │       │   │   └── reqwest v0.13.4 (*)
2026-10-04T04:20:50.1372910Z      │       │       │   └── ureq v3.4.1
2026-10-04T04:20:50.1373733Z      │       │       │       ├── symaira-core-llm v0.0.0 (*)
2026-10-04T04:20:50.1374575Z      │       │       │       ├── symbrain-cli v0.12.1 (*)
2026-10-04T04:20:50.1375374Z      │       │       │       ├── symbrain-managed v0.12.1
2026-10-04T04:20:50.1376236Z      │       │       │       │   └── symbrain-cli v0.12.1 (*)
2026-10-04T04:20:50.1377030Z      │       │       │       └── symbrain-usage v0.12.1
2026-10-04T04:20:50.1377833Z      │       │       │           ├── symbrain-cli v0.12.1 (*)
2026-10-04T04:20:50.1378955Z      │       │       │           └── symbrain-gateway v0.12.1 (*)
2026-10-04T04:20:50.1379731Z      │       │       └── rustls-webpki v0.103.15
2026-10-04T04:20:50.1380410Z      │       │           ├── rustls v0.23.45 (*)
2026-10-04T04:20:50.1381215Z      │       │           └── rustls-platform-verifier v0.7.1 (*)
2026-10-04T04:20:50.1381897Z      │       ├── cmake v0.1.58
2026-10-04T04:20:50.1382592Z      │       │   └── (build) aws-lc-sys v0.45.0 (*)
2026-10-04T04:20:50.1383352Z      │       ├── (build) iana-time-zone-haiku v0.1.2
2026-10-04T04:20:50.1384095Z      │       │   └── iana-time-zone v0.1.65
2026-10-04T04:20:50.1384858Z      │       │       └── chrono v0.4.45
2026-10-04T04:20:50.1385576Z      │       │           ├── symbrain-activity v0.12.1
2026-10-04T04:20:50.1386347Z      │       │           │   ├── symbrain-cli v0.12.1 (*)
2026-10-04T04:20:50.1387146Z      │       │           │   ├── symbrain-gateway v0.12.1 (*)
2026-10-04T04:20:50.1387948Z      │       │           │   └── symbrain-memory v0.12.1 (*)
2026-10-04T04:20:50.1388925Z      │       │           ├── symbrain-audit v0.12.1
2026-10-04T04:20:50.1389694Z      │       │           │   ├── symbrain-cli v0.12.1 (*)
2026-10-04T04:20:50.1390497Z      │       │           │   ├── symbrain-gateway v0.12.1 (*)
2026-10-04T04:20:50.1391245Z      │       │           │   └── symguard-cli v0.12.1
2026-10-04T04:20:50.1392040Z      │       │           │       └── symbrain-cli v0.12.1 (*)
2026-10-04T04:20:50.1392792Z      │       │           ├── symbrain-cli v0.12.1 (*)
2026-10-04T04:20:50.1393825Z      │       │           ├── symbrain-core v0.12.1
2026-10-04T04:20:50.1394600Z      │       │           │   ├── symbrain-audit v0.12.1 (*)
2026-10-04T04:20:50.1395380Z      │       │           │   ├── symbrain-cli v0.12.1 (*)
2026-10-04T04:20:50.1396164Z      │       │           │   ├── symbrain-gateway v0.12.1 (*)
2026-10-04T04:20:50.1397072Z      │       │           │   ├── symbrain-guard-core v0.12.1
2026-10-04T04:20:50.1397930Z      │       │           │   │   ├── (dev) symbrain-cli v0.12.1 (*)
2026-10-04T04:20:50.1398978Z      │       │           │   │   └── symguard-cli v0.12.1 (*)
2026-10-04T04:20:50.1399800Z      │       │           │   ├── symbrain-managed v0.12.1 (*)
2026-10-04T04:20:50.1400585Z      │       │           │   ├── symbrain-policy v0.12.1
2026-10-04T04:20:50.1401414Z      │       │           │   │   ├── symbrain-activity v0.12.1 (*)
2026-10-04T04:20:50.1402311Z      │       │           │   │   ├── symbrain-catalog v0.12.1
2026-10-04T04:20:50.1403192Z      │       │           │   │   │   └── symbrain-gateway v0.12.1 (*)
2026-10-04T04:20:50.1404008Z      │       │           │   │   ├── symbrain-cli v0.12.1 (*)
2026-10-04T04:20:50.1404823Z      │       │           │   │   └── symbrain-gateway v0.12.1 (*)
2026-10-04T04:20:50.1405614Z      │       │           │   └── symguard-cli v0.12.1 (*)
2026-10-04T04:20:50.1406444Z      │       │           ├── symbrain-gateway v0.12.1 (*)
2026-10-04T04:20:50.1407236Z      │       │           ├── symbrain-guard-core v0.12.1 (*)
2026-10-04T04:20:50.1407999Z      │       │           ├── symbrain-harness v0.12.1
2026-10-04T04:20:50.1409011Z      │       │           │   ├── symbrain-adapter v0.12.1
2026-10-04T04:20:50.1409847Z      │       │           │   │   └── symbrain-cli v0.12.1 (*)
2026-10-04T04:20:50.1410627Z      │       │           │   ├── symbrain-cli v0.12.1 (*)
2026-10-04T04:20:50.1411677Z      │       │           │   ├── symbrain-gateway v0.12.1 (*)
2026-10-04T04:20:50.1412562Z      │       │           │   └── symbrain-skills v0.12.1
2026-10-04T04:20:50.1413431Z      │       │           │       ├── symbrain-cli v0.12.1 (*)
2026-10-04T04:20:50.1414262Z      │       │           │       └── symbrain-gateway v0.12.1 (*)
2026-10-04T04:20:50.1415073Z      │       │           ├── symbrain-managed v0.12.1 (*)
2026-10-04T04:20:50.1415922Z      │       │           ├── symbrain-memory v0.12.1 (*)
2026-10-04T04:20:50.1416687Z      │       │           ├── symbrain-skills v0.12.1 (*)
2026-10-04T04:20:50.1417450Z      │       │           ├── symbrain-usage v0.12.1 (*)
2026-10-04T04:20:50.1418201Z      │       │           └── symguard-cli v0.12.1 (*)
2026-10-04T04:20:50.1419225Z      │       ├── (build) libsqlite3-sys v0.38.2
2026-10-04T04:20:50.1419876Z      │       │   └── rusqlite v0.40.2
2026-10-04T04:20:50.1420573Z      │       │       ├── symbrain-cli v0.12.1 (*)
2026-10-04T04:20:50.1421345Z      │       │       └── symbrain-memory v0.12.1 (*)
2026-10-04T04:20:50.1422020Z      │       ├── (build) ring v0.17.14
2026-10-04T04:20:50.1422960Z      │       │   ├── rustls v0.23.45 (*)
2026-10-04T04:20:50.1423650Z      │       │   └── rustls-webpki v0.103.15 (*)
2026-10-04T04:20:50.1424353Z      │       └── (build) sqlite-wasm-rs v0.5.5
2026-10-04T04:20:50.1425017Z      │           └── rusqlite v0.40.2 (*)
2026-10-04T04:20:50.1425600Z      └── tempfile v3.27.0
2026-10-04T04:20:50.1426327Z          ├── (dev) symbrain-activity v0.12.1 (*)
2026-10-04T04:20:50.1427154Z          ├── (dev) symbrain-adapter v0.12.1 (*)
2026-10-04T04:20:50.1427930Z          ├── (dev) symbrain-audit v0.12.1 (*)
2026-10-04T04:20:50.1428928Z          ├── (dev) symbrain-broker v0.12.1
2026-10-04T04:20:50.1429647Z          │   ├── symbrain-cli v0.12.1 (*)
2026-10-04T04:20:50.1430374Z          │   └── symbrain-gateway v0.12.1 (*)
2026-10-04T04:20:50.1431080Z          ├── symbrain-cli v0.12.1 (*)
2026-10-04T04:20:50.1431770Z          ├── symbrain-core v0.12.1 (*)
2026-10-04T04:20:50.1432506Z          ├── symbrain-harness v0.12.1 (*)
2026-10-04T04:20:50.1433285Z          ├── (dev) symbrain-instructions v0.12.1
2026-10-04T04:20:50.1434093Z          │   ├── symbrain-adapter v0.12.1 (*)
2026-10-04T04:20:50.1435035Z          │   └── symbrain-cli v0.12.1 (*)
2026-10-04T04:20:50.1435742Z          ├── symbrain-managed v0.12.1 (*)
2026-10-04T04:20:50.1436478Z          ├── (dev) symbrain-patterns v0.12.1
2026-10-04T04:20:50.1437299Z          │   ├── (dev) symbrain-activity v0.12.1 (*)
2026-10-04T04:20:50.1438044Z          │   ├── symbrain-cli v0.12.1 (*)
2026-10-04T04:20:50.1439057Z          │   └── symbrain-gateway v0.12.1 (*)
2026-10-04T04:20:50.1455464Z          ├── symbrain-policy v0.12.1 (*)
2026-10-04T04:20:50.1456380Z          ├── (dev) symbrain-skills v0.12.1 (*)
2026-10-04T04:20:50.1457125Z          ├── symbrain-usage v0.12.1 (*)
2026-10-04T04:20:50.1457842Z          └── (dev) symguard-cli v0.12.1 (*)
2026-10-04T04:20:50.1458180Z 
2026-10-04T04:20:50.1459099Z warning[duplicate]: found 2 duplicate entries for crate 'hashbrown'
2026-10-04T04:20:50.1460162Z    ┌─ /home/runner/work/symaira-brain/symaira-brain/Cargo.lock:56:1
2026-10-04T04:20:50.1460840Z    │  
2026-10-04T04:20:50.1461557Z 56 │ ╭ hashbrown 0.16.1 registry+https://github.com/rust-lang/crates.io-index
2026-10-04T04:20:50.1462617Z 57 │ │ hashbrown 0.17.1 registry+https://github.com/rust-lang/crates.io-index
2026-10-04T04:20:50.1463777Z    │ ╰──────────────────────────────────────────────────────────────────────┘ lock entries
2026-10-04T04:20:50.1464420Z    │  
2026-10-04T04:20:50.1464827Z    ├ hashbrown v0.16.1
2026-10-04T04:20:50.1465339Z      └── rsqlite-vfs v0.1.1
2026-10-04T04:20:50.1465954Z          └── sqlite-wasm-rs v0.5.5
2026-10-04T04:20:50.1466617Z              └── rusqlite v0.40.2
2026-10-04T04:20:50.1467374Z                  ├── symbrain-cli v0.12.1
2026-10-04T04:20:50.1468209Z                  └── symbrain-memory v0.12.1
2026-10-04T04:20:50.1469856Z                      ├── symbrain-cli v0.12.1 (*)
2026-10-04T04:20:50.1470871Z                      └── symbrain-gateway v0.12.1
2026-10-04T04:20:50.1471962Z                          └── symbrain-cli v0.12.1 (*)
2026-10-04T04:20:50.1472570Z    ├ hashbrown v0.17.1
2026-10-04T04:20:50.1473077Z      ├── hashlink v0.12.1
2026-10-04T04:20:50.1473611Z      │   └── rusqlite v0.40.2
2026-10-04T04:20:50.1474197Z      │       ├── symbrain-cli v0.12.1
2026-10-04T04:20:50.1474854Z      │       └── symbrain-memory v0.12.1
2026-10-04T04:20:50.1475534Z      │           ├── symbrain-cli v0.12.1 (*)
2026-10-04T04:20:50.1476226Z      │           └── symbrain-gateway v0.12.1
2026-10-04T04:20:50.1476945Z      │               └── symbrain-cli v0.12.1 (*)
2026-10-04T04:20:50.1477574Z      └── indexmap v2.14.2
2026-10-04T04:20:50.1478178Z          ├── process-wrap v10.0.1
2026-10-04T04:20:50.1479177Z          │   └── symbrain-cli v0.12.1 (*)
2026-10-04T04:20:50.1479868Z          ├── serde_yaml_ng v0.10.0
2026-10-04T04:20:50.1480552Z          │   ├── symbrain-skills v0.12.1
2026-10-04T04:20:50.1481317Z          │   │   ├── symbrain-cli v0.12.1 (*)
2026-10-04T04:20:50.1482109Z          │   │   └── symbrain-gateway v0.12.1 (*)
2026-10-04T04:20:50.1483149Z          │   └── symguard-cli v0.12.1
2026-10-04T04:20:50.1483894Z          │       └── symbrain-cli v0.12.1 (*)
2026-10-04T04:20:50.1484714Z          ├── toml_edit v0.25.13+spec-1.1.0
2026-10-04T04:20:50.1485432Z          │   ├── symbrain-cli v0.12.1 (*)
2026-10-04T04:20:50.1486129Z          │   ├── symbrain-core v0.12.1
2026-10-04T04:20:50.1486843Z          │   │   ├── symbrain-audit v0.12.1
2026-10-04T04:20:50.1487633Z          │   │   │   ├── symbrain-cli v0.12.1 (*)
2026-10-04T04:20:50.1488800Z          │   │   │   ├── symbrain-gateway v0.12.1 (*)
2026-10-04T04:20:50.1489647Z          │   │   │   └── symguard-cli v0.12.1 (*)
2026-10-04T04:20:50.1490401Z          │   │   ├── symbrain-cli v0.12.1 (*)
2026-10-04T04:20:50.1491186Z          │   │   ├── symbrain-gateway v0.12.1 (*)
2026-10-04T04:20:50.1492015Z          │   │   ├── symbrain-guard-core v0.12.1
2026-10-04T04:20:50.1492863Z          │   │   │   ├── (dev) symbrain-cli v0.12.1 (*)
2026-10-04T04:20:50.1493734Z          │   │   │   └── symguard-cli v0.12.1 (*)
2026-10-04T04:20:50.1494471Z          │   │   ├── symbrain-managed v0.12.1
2026-10-04T04:20:50.1495226Z          │   │   │   └── symbrain-cli v0.12.1 (*)
2026-10-04T04:20:50.1495983Z          │   │   ├── symbrain-policy v0.12.1
2026-10-04T04:20:50.1496773Z          │   │   │   ├── symbrain-activity v0.12.1
2026-10-04T04:20:50.1497651Z          │   │   │   │   ├── symbrain-cli v0.12.1 (*)
2026-10-04T04:20:50.1498757Z          │   │   │   │   ├── symbrain-gateway v0.12.1 (*)
2026-10-04T04:20:50.1499649Z          │   │   │   │   └── symbrain-memory v0.12.1 (*)
2026-10-04T04:20:50.1500467Z          │   │   │   ├── symbrain-catalog v0.12.1
2026-10-04T04:20:50.1501372Z          │   │   │   │   └── symbrain-gateway v0.12.1 (*)
2026-10-04T04:20:50.1502179Z          │   │   │   ├── symbrain-cli v0.12.1 (*)
2026-10-04T04:20:50.1503218Z          │   │   │   └── symbrain-gateway v0.12.1 (*)
2026-10-04T04:20:50.1504008Z          │   │   └── symguard-cli v0.12.1 (*)
2026-10-04T04:20:50.1504775Z          │   ├── symbrain-harness v0.12.1
2026-10-04T04:20:50.1505527Z          │   │   ├── symbrain-adapter v0.12.1
2026-10-04T04:20:50.1506303Z          │   │   │   └── symbrain-cli v0.12.1 (*)
2026-10-04T04:20:50.1507056Z          │   │   ├── symbrain-cli v0.12.1 (*)
2026-10-04T04:20:50.1507838Z          │   │   ├── symbrain-gateway v0.12.1 (*)
2026-10-04T04:20:50.1508885Z          │   │   └── symbrain-skills v0.12.1 (*)
2026-10-04T04:20:50.1509688Z          │   ├── symbrain-policy v0.12.1 (*)
2026-10-04T04:20:50.1510446Z          │   ├── symbrain-skills v0.12.1 (*)
2026-10-04T04:20:50.1511177Z          │   └── symguard-cli v0.12.1 (*)
2026-10-04T04:20:50.1511783Z          └── zip v8.6.0
2026-10-04T04:20:50.1512468Z              └── symbrain-managed v0.12.1 (*)
2026-10-04T04:20:50.1512805Z 
2026-10-04T04:20:50.1513180Z warning[duplicate]: found 2 duplicate entries for crate 'io-lifetimes'
2026-10-04T04:20:50.1514258Z    ┌─ /home/runner/work/symaira-brain/symaira-brain/Cargo.lock:82:1
2026-10-04T04:20:50.1514883Z    │  
2026-10-04T04:20:50.1515556Z 82 │ ╭ io-lifetimes 2.0.4 registry+https://github.com/rust-lang/crates.io-index
2026-10-04T04:20:50.1516606Z 83 │ │ io-lifetimes 3.0.1 registry+https://github.com/rust-lang/crates.io-index
2026-10-04T04:20:50.1517783Z    │ ╰────────────────────────────────────────────────────────────────────────┘ lock entries
2026-10-04T04:20:50.1518648Z    │  
2026-10-04T04:20:50.1519101Z    ├ io-lifetimes v2.0.4
2026-10-04T04:20:50.1519648Z      └── fs-set-times v0.20.3
2026-10-04T04:20:50.1520287Z          └── cap-primitives v4.0.3
2026-10-04T04:20:50.1520972Z              ├── cap-fs-ext v4.0.3
2026-10-04T04:20:50.1521750Z              │   ├── symbrain-adapter v0.12.1
2026-10-04T04:20:50.1522566Z              │   │   └── symbrain-cli v0.12.1
2026-10-04T04:20:50.1523358Z              │   ├── symbrain-audit v0.12.1
2026-10-04T04:20:50.1524217Z              │   │   ├── symbrain-cli v0.12.1 (*)
2026-10-04T04:20:50.1525072Z              │   │   ├── symbrain-gateway v0.12.1
2026-10-04T04:20:50.1526210Z              │   │   │   └── symbrain-cli v0.12.1 (*)
2026-10-04T04:20:50.1527045Z              │   │   └── symguard-cli v0.12.1
2026-10-04T04:20:50.1527904Z              │   │       └── symbrain-cli v0.12.1 (*)
2026-10-04T04:20:50.1528965Z              │   ├── symbrain-harness v0.12.1
2026-10-04T04:20:50.1529844Z              │   │   ├── symbrain-adapter v0.12.1 (*)
2026-10-04T04:20:50.1530721Z              │   │   ├── symbrain-cli v0.12.1 (*)
2026-10-04T04:20:50.1531595Z              │   │   ├── symbrain-gateway v0.12.1 (*)
2026-10-04T04:20:50.1532441Z              │   │   └── symbrain-skills v0.12.1
2026-10-04T04:20:50.1533313Z              │   │       ├── symbrain-cli v0.12.1 (*)
2026-10-04T04:20:50.1534236Z              │   │       └── symbrain-gateway v0.12.1 (*)
2026-10-04T04:20:50.1535331Z              │   ├── symbrain-instructions v0.12.1
2026-10-04T04:20:50.1536263Z              │   │   ├── symbrain-adapter v0.12.1 (*)
2026-10-04T04:20:50.1537147Z              │   │   └── symbrain-cli v0.12.1 (*)
2026-10-04T04:20:50.1537996Z              │   └── symbrain-skills v0.12.1 (*)
2026-10-04T04:20:50.1538956Z              └── cap-std v4.0.3
2026-10-04T04:20:50.1539737Z                  ├── cap-fs-ext v4.0.3 (*)
2026-10-04T04:20:50.1540706Z                  ├── symbrain-adapter v0.12.1 (*)
2026-10-04T04:20:50.1541614Z                  ├── symbrain-audit v0.12.1 (*)
2026-10-04T04:20:50.1542512Z                  ├── symbrain-harness v0.12.1 (*)
2026-10-04T04:20:50.1543500Z                  ├── symbrain-instructions v0.12.1 (*)
2026-10-04T04:20:50.1544521Z                  └── symbrain-skills v0.12.1 (*)
2026-10-04T04:20:50.1545118Z    ├ io-lifetimes v3.0.1
2026-10-04T04:20:50.1545631Z      ├── cap-fs-ext v4.0.3
2026-10-04T04:20:50.1546209Z      │   ├── symbrain-adapter v0.12.1
2026-10-04T04:20:50.1546843Z      │   │   └── symbrain-cli v0.12.1
2026-10-04T04:20:50.1547488Z      │   ├── symbrain-audit v0.12.1
2026-10-04T04:20:50.1548117Z      │   │   ├── symbrain-cli v0.12.1 (*)
2026-10-04T04:20:50.1549073Z      │   │   ├── symbrain-gateway v0.12.1
2026-10-04T04:20:50.1549751Z      │   │   │   └── symbrain-cli v0.12.1 (*)
2026-10-04T04:20:50.1550402Z      │   │   └── symguard-cli v0.12.1
2026-10-04T04:20:50.1551054Z      │   │       └── symbrain-cli v0.12.1 (*)
2026-10-04T04:20:50.1551695Z      │   ├── symbrain-harness v0.12.1
2026-10-04T04:20:50.1552350Z      │   │   ├── symbrain-adapter v0.12.1 (*)
2026-10-04T04:20:50.1553019Z      │   │   ├── symbrain-cli v0.12.1 (*)
2026-10-04T04:20:50.1553680Z      │   │   ├── symbrain-gateway v0.12.1 (*)
2026-10-04T04:20:50.1554336Z      │   │   └── symbrain-skills v0.12.1
2026-10-04T04:20:50.1554995Z      │   │       ├── symbrain-cli v0.12.1 (*)
2026-10-04T04:20:50.1555697Z      │   │       └── symbrain-gateway v0.12.1 (*)
2026-10-04T04:20:50.1556393Z      │   ├── symbrain-instructions v0.12.1
2026-10-04T04:20:50.1557156Z      │   │   ├── symbrain-adapter v0.12.1 (*)
2026-10-04T04:20:50.1557815Z      │   │   └── symbrain-cli v0.12.1 (*)
2026-10-04T04:20:50.1559135Z      │   └── symbrain-skills v0.12.1 (*)
2026-10-04T04:20:50.1559763Z      ├── cap-primitives v4.0.3
2026-10-04T04:20:50.1560347Z      │   ├── cap-fs-ext v4.0.3 (*)
2026-10-04T04:20:50.1560903Z      │   └── cap-std v4.0.3
2026-10-04T04:20:50.1561476Z      │       ├── cap-fs-ext v4.0.3 (*)
2026-10-04T04:20:50.1562132Z      │       ├── symbrain-adapter v0.12.1 (*)
2026-10-04T04:20:50.1562805Z      │       ├── symbrain-audit v0.12.1 (*)
2026-10-04T04:20:50.1563489Z      │       ├── symbrain-harness v0.12.1 (*)
2026-10-04T04:20:50.1564224Z      │       ├── symbrain-instructions v0.12.1 (*)
2026-10-04T04:20:50.1564929Z      │       └── symbrain-skills v0.12.1 (*)
2026-10-04T04:20:50.1565520Z      ├── cap-std v4.0.3 (*)
2026-10-04T04:20:50.1566036Z      └── io-extras v0.19.0
2026-10-04T04:20:50.1566664Z          ├── cap-primitives v4.0.3 (*)
2026-10-04T04:20:50.1567320Z          └── cap-std v4.0.3 (*)
2026-10-04T04:20:50.1567589Z 
2026-10-04T04:20:50.1567911Z warning[duplicate]: found 2 duplicate entries for crate 'r-efi'
2026-10-04T04:20:50.1569208Z     ┌─ /home/runner/work/symaira-brain/symaira-brain/Cargo.lock:112:1
2026-10-04T04:20:50.1569881Z     │  
2026-10-04T04:20:50.1570539Z 112 │ ╭ r-efi 5.3.0 registry+https://github.com/rust-lang/crates.io-index
2026-10-04T04:20:50.1571513Z 113 │ │ r-efi 6.0.0 registry+https://github.com/rust-lang/crates.io-index
2026-10-04T04:20:50.1572685Z     │ ╰─────────────────────────────────────────────────────────────────┘ lock entries
2026-10-04T04:20:50.1573327Z     │  
2026-10-04T04:20:50.1573716Z     ├ r-efi v5.3.0
2026-10-04T04:20:50.1574197Z       └── getrandom v0.3.3
2026-10-04T04:20:50.1574862Z           ├── symbrain-guard-core v0.12.1
2026-10-04T04:20:50.1575623Z           │   ├── (dev) symbrain-cli v0.12.1
2026-10-04T04:20:50.1576333Z           │   └── symguard-cli v0.12.1
2026-10-04T04:20:50.1577290Z           │       └── symbrain-cli v0.12.1 (*)
2026-10-04T04:20:50.1578043Z           └── symbrain-memory v0.12.1
2026-10-04T04:20:50.1579094Z               ├── symbrain-cli v0.12.1 (*)
2026-10-04T04:20:50.1579896Z               └── symbrain-gateway v0.12.1
2026-10-04T04:20:50.1580770Z                   └── symbrain-cli v0.12.1 (*)
2026-10-04T04:20:50.1581341Z     ├ r-efi v6.0.0
2026-10-04T04:20:50.1581844Z       └── getrandom v0.4.3
2026-10-04T04:20:50.1582433Z           ├── jobserver v0.1.35
2026-10-04T04:20:50.1583008Z           │   └── cc v1.4.5
2026-10-04T04:20:50.1583724Z           │       ├── (build) aws-lc-sys v0.45.0
2026-10-04T04:20:50.1584570Z           │       │   └── aws-lc-rs v1.18.1
2026-10-04T04:20:50.1585345Z           │       │       ├── rustls v0.23.45
2026-10-04T04:20:50.1586229Z           │       │       │   ├── hyper-rustls v0.27.10
2026-10-04T04:20:50.1587082Z           │       │       │   │   └── reqwest v0.13.4
2026-10-04T04:20:50.1588048Z           │       │       │   │       └── symaira-core-llm v0.0.0
2026-10-04T04:20:50.1589427Z           │       │       │   │           └── symbrain-memory v0.12.1
2026-10-04T04:20:50.1590485Z           │       │       │   │               ├── symbrain-cli v0.12.1
2026-10-04T04:20:50.1591524Z           │       │       │   │               └── symbrain-gateway v0.12.1
2026-10-04T04:20:50.1592611Z           │       │       │   │                   └── symbrain-cli v0.12.1 (*)
2026-10-04T04:20:50.1593508Z           │       │       │   ├── reqwest v0.13.4 (*)
2026-10-04T04:20:50.1594451Z           │       │       │   ├── rustls-platform-verifier v0.7.1
2026-10-04T04:20:50.1595370Z           │       │       │   │   └── reqwest v0.13.4 (*)
2026-10-04T04:20:50.1596228Z           │       │       │   ├── tokio-rustls v0.26.6
2026-10-04T04:20:50.1597145Z           │       │       │   │   ├── hyper-rustls v0.27.10 (*)
2026-10-04T04:20:50.1598037Z           │       │       │   │   └── reqwest v0.13.4 (*)
2026-10-04T04:20:50.1599055Z           │       │       │   └── ureq v3.4.1
2026-10-04T04:20:50.1600010Z           │       │       │       ├── symaira-core-llm v0.0.0 (*)
2026-10-04T04:20:50.1601182Z           │       │       │       ├── symbrain-cli v0.12.1 (*)
2026-10-04T04:20:50.1602116Z           │       │       │       ├── symbrain-managed v0.12.1
2026-10-04T04:20:50.1603079Z           │       │       │       │   └── symbrain-cli v0.12.1 (*)
2026-10-04T04:20:50.1604011Z           │       │       │       └── symbrain-usage v0.12.1
2026-10-04T04:20:50.1604960Z           │       │       │           ├── symbrain-cli v0.12.1 (*)
2026-10-04T04:20:50.1605949Z           │       │       │           └── symbrain-gateway v0.12.1 (*)
2026-10-04T04:20:50.1606842Z           │       │       └── rustls-webpki v0.103.15
2026-10-04T04:20:50.1607686Z           │       │           ├── rustls v0.23.45 (*)
2026-10-04T04:20:50.1609052Z           │       │           └── rustls-platform-verifier v0.7.1 (*)
2026-10-04T04:20:50.1609865Z           │       ├── cmake v0.1.58
2026-10-04T04:20:50.1610883Z           │       │   └── (build) aws-lc-sys v0.45.0 (*)
2026-10-04T04:20:50.1611817Z           │       ├── (build) iana-time-zone-haiku v0.1.2
2026-10-04T04:20:50.1612684Z           │       │   └── iana-time-zone v0.1.65
2026-10-04T04:20:50.1613451Z           │       │       └── chrono v0.4.45
2026-10-04T04:20:50.1614309Z           │       │           ├── symbrain-activity v0.12.1
2026-10-04T04:20:50.1615225Z           │       │           │   ├── symbrain-cli v0.12.1 (*)
2026-10-04T04:20:50.1616145Z           │       │           │   ├── symbrain-gateway v0.12.1 (*)
2026-10-04T04:20:50.1617072Z           │       │           │   └── symbrain-memory v0.12.1 (*)
2026-10-04T04:20:50.1617937Z           │       │           ├── symbrain-audit v0.12.1
2026-10-04T04:20:50.1619040Z           │       │           │   ├── symbrain-cli v0.12.1 (*)
2026-10-04T04:20:50.1619968Z           │       │           │   ├── symbrain-gateway v0.12.1 (*)
2026-10-04T04:20:50.1620850Z           │       │           │   └── symguard-cli v0.12.1
2026-10-04T04:20:50.1621813Z           │       │           │       └── symbrain-cli v0.12.1 (*)
2026-10-04T04:20:50.1622713Z           │       │           ├── symbrain-cli v0.12.1 (*)
2026-10-04T04:20:50.1623581Z           │       │           ├── symbrain-core v0.12.1
2026-10-04T04:20:50.1624519Z           │       │           │   ├── symbrain-audit v0.12.1 (*)
2026-10-04T04:20:50.1625453Z           │       │           │   ├── symbrain-cli v0.12.1 (*)
2026-10-04T04:20:50.1626415Z           │       │           │   ├── symbrain-gateway v0.12.1 (*)
2026-10-04T04:20:50.1627394Z           │       │           │   ├── symbrain-guard-core v0.12.1
2026-10-04T04:20:50.1628610Z           │       │           │   │   ├── (dev) symbrain-cli v0.12.1 (*)
2026-10-04T04:20:50.1629607Z           │       │           │   │   └── symguard-cli v0.12.1 (*)
2026-10-04T04:20:50.1630563Z           │       │           │   ├── symbrain-managed v0.12.1 (*)
2026-10-04T04:20:50.1631511Z           │       │           │   ├── symbrain-policy v0.12.1
2026-10-04T04:20:50.1632506Z           │       │           │   │   ├── symbrain-activity v0.12.1 (*)
2026-10-04T04:20:50.1633702Z           │       │           │   │   ├── symbrain-catalog v0.12.1
2026-10-04T04:20:50.1634735Z           │       │           │   │   │   └── symbrain-gateway v0.12.1 (*)
2026-10-04T04:20:50.1635715Z           │       │           │   │   ├── symbrain-cli v0.12.1 (*)
2026-10-04T04:20:50.1636694Z           │       │           │   │   └── symbrain-gateway v0.12.1 (*)
2026-10-04T04:20:50.1637634Z           │       │           │   └── symguard-cli v0.12.1 (*)
2026-10-04T04:20:50.1638760Z           │       │           ├── symbrain-gateway v0.12.1 (*)
2026-10-04T04:20:50.1639717Z           │       │           ├── symbrain-guard-core v0.12.1 (*)
2026-10-04T04:20:50.1640623Z           │       │           ├── symbrain-harness v0.12.1
2026-10-04T04:20:50.1641528Z           │       │           │   ├── symbrain-adapter v0.12.1
2026-10-04T04:20:50.1642519Z           │       │           │   │   └── symbrain-cli v0.12.1 (*)
2026-10-04T04:20:50.1643472Z           │       │           │   ├── symbrain-cli v0.12.1 (*)
2026-10-04T04:20:50.1644456Z           │       │           │   ├── symbrain-gateway v0.12.1 (*)
2026-10-04T04:20:50.1645374Z           │       │           │   └── symbrain-skills v0.12.1
2026-10-04T04:20:50.1646310Z           │       │           │       ├── symbrain-cli v0.12.1 (*)
2026-10-04T04:20:50.1647289Z           │       │           │       └── symbrain-gateway v0.12.1 (*)
2026-10-04T04:20:50.1648235Z           │       │           ├── symbrain-managed v0.12.1 (*)
2026-10-04T04:20:50.1649366Z           │       │           ├── symbrain-memory v0.12.1 (*)
2026-10-04T04:20:50.1650278Z           │       │           ├── symbrain-skills v0.12.1 (*)
2026-10-04T04:20:50.1651176Z           │       │           ├── symbrain-usage v0.12.1 (*)
2026-10-04T04:20:50.1652059Z           │       │           └── symguard-cli v0.12.1 (*)
2026-10-04T04:20:50.1653170Z           │       ├── (build) libsqlite3-sys v0.38.2
2026-10-04T04:20:50.1653954Z           │       │   └── rusqlite v0.40.2
2026-10-04T04:20:50.1654778Z           │       │       ├── symbrain-cli v0.12.1 (*)
2026-10-04T04:20:50.1655658Z           │       │       └── symbrain-memory v0.12.1 (*)
2026-10-04T04:20:50.1656423Z           │       ├── (build) ring v0.17.14
2026-10-04T04:20:50.1657156Z           │       │   ├── rustls v0.23.45 (*)
2026-10-04T04:20:50.1657956Z           │       │   └── rustls-webpki v0.103.15 (*)
2026-10-04T04:20:50.1658998Z           │       └── (build) sqlite-wasm-rs v0.5.5
2026-10-04T04:20:50.1659768Z           │           └── rusqlite v0.40.2 (*)
2026-10-04T04:20:50.1660420Z           └── tempfile v3.27.0
2026-10-04T04:20:50.1661259Z               ├── (dev) symbrain-activity v0.12.1 (*)
2026-10-04T04:20:50.1662171Z               ├── (dev) symbrain-adapter v0.12.1 (*)
2026-10-04T04:20:50.1663060Z               ├── (dev) symbrain-audit v0.12.1 (*)
2026-10-04T04:20:50.1663972Z               ├── (dev) symbrain-broker v0.12.1
2026-10-04T04:20:50.1664802Z               │   ├── symbrain-cli v0.12.1 (*)
2026-10-04T04:20:50.1665686Z               │   └── symbrain-gateway v0.12.1 (*)
2026-10-04T04:20:50.1666496Z               ├── symbrain-cli v0.12.1 (*)
2026-10-04T04:20:50.1667280Z               ├── symbrain-core v0.12.1 (*)
2026-10-04T04:20:50.1668093Z               ├── symbrain-harness v0.12.1 (*)
2026-10-04T04:20:50.1669214Z               ├── (dev) symbrain-instructions v0.12.1
2026-10-04T04:20:50.1670106Z               │   ├── symbrain-adapter v0.12.1 (*)
2026-10-04T04:20:50.1671013Z               │   └── symbrain-cli v0.12.1 (*)
2026-10-04T04:20:50.1671851Z               ├── symbrain-managed v0.12.1 (*)
2026-10-04T04:20:50.1672711Z               ├── (dev) symbrain-patterns v0.12.1
2026-10-04T04:20:50.1673664Z               │   ├── (dev) symbrain-activity v0.12.1 (*)
2026-10-04T04:20:50.1674511Z               │   ├── symbrain-cli v0.12.1 (*)
2026-10-04T04:20:50.1675361Z               │   └── symbrain-gateway v0.12.1 (*)
2026-10-04T04:20:50.1676207Z               ├── symbrain-policy v0.12.1 (*)
2026-10-04T04:20:50.1677082Z               ├── (dev) symbrain-skills v0.12.1 (*)
2026-10-04T04:20:50.1678112Z               ├── symbrain-usage v0.12.1 (*)
2026-10-04T04:20:50.1679170Z               └── (dev) symguard-cli v0.12.1 (*)
2026-10-04T04:20:50.1679517Z 
2026-10-04T04:20:50.1679828Z warning[duplicate]: found 2 duplicate entries for crate 'syn'
2026-10-04T04:20:50.1680839Z     ┌─ /home/runner/work/symaira-brain/symaira-brain/Cargo.lock:177:1
2026-10-04T04:20:50.1681500Z     │  
2026-10-04T04:20:50.1682160Z 177 │ ╭ syn 2.0.119 registry+https://github.com/rust-lang/crates.io-index
2026-10-04T04:20:50.1683136Z 178 │ │ syn 3.0.5 registry+https://github.com/rust-lang/crates.io-index
2026-10-04T04:20:50.1684244Z     │ ╰───────────────────────────────────────────────────────────────┘ lock entries
2026-10-04T04:20:50.1684947Z     │  
2026-10-04T04:20:50.1685337Z     ├ syn v2.0.119
2026-10-04T04:20:50.1685836Z       ├── jni-macros v0.22.4
2026-10-04T04:20:50.1686583Z       │   └── jni v0.22.4
2026-10-04T04:20:50.1687250Z       │       └── rustls-platform-verifier v0.7.1
2026-10-04T04:20:50.1687949Z       │           └── reqwest v0.13.4
2026-10-04T04:20:50.1688823Z       │               └── symaira-core-llm v0.0.0
2026-10-04T04:20:50.1689593Z       │                   └── symbrain-memory v0.12.1
2026-10-04T04:20:50.1690365Z       │                       ├── symbrain-cli v0.12.1
2026-10-04T04:20:50.1691161Z       │                       └── symbrain-gateway v0.12.1
2026-10-04T04:20:50.1691999Z       │                           └── symbrain-cli v0.12.1 (*)
2026-10-04T04:20:50.1692691Z       ├── jni-sys-macros v0.4.1
2026-10-04T04:20:50.1693246Z       │   └── jni-sys v0.4.1
2026-10-04T04:20:50.1693802Z       │       └── jni v0.22.4 (*)
2026-10-04T04:20:50.1694404Z       ├── windows-implement v0.60.2
2026-10-04T04:20:50.1695029Z       │   └── windows-core v0.62.2
2026-10-04T04:20:50.1695655Z       │       ├── iana-time-zone v0.1.65
2026-10-04T04:20:50.1696310Z       │       │   └── chrono v0.4.45
2026-10-04T04:20:50.1697029Z       │       │       ├── symbrain-activity v0.12.1
2026-10-04T04:20:50.1697810Z       │       │       │   ├── symbrain-cli v0.12.1 (*)
2026-10-04T04:20:50.1698837Z       │       │       │   ├── symbrain-gateway v0.12.1 (*)
2026-10-04T04:20:50.1699648Z       │       │       │   └── symbrain-memory v0.12.1 (*)
2026-10-04T04:20:50.1700420Z       │       │       ├── symbrain-audit v0.12.1
2026-10-04T04:20:50.1701188Z       │       │       │   ├── symbrain-cli v0.12.1 (*)
2026-10-04T04:20:50.1701982Z       │       │       │   ├── symbrain-gateway v0.12.1 (*)
2026-10-04T04:20:50.1702746Z       │       │       │   └── symguard-cli v0.12.1
2026-10-04T04:20:50.1703546Z       │       │       │       └── symbrain-cli v0.12.1 (*)
2026-10-04T04:20:50.1704352Z       │       │       ├── symbrain-cli v0.12.1 (*)
2026-10-04T04:20:50.1705112Z       │       │       ├── symbrain-core v0.12.1
2026-10-04T04:20:50.1705906Z       │       │       │   ├── symbrain-audit v0.12.1 (*)
2026-10-04T04:20:50.1706681Z       │       │       │   ├── symbrain-cli v0.12.1 (*)
2026-10-04T04:20:50.1707690Z       │       │       │   ├── symbrain-gateway v0.12.1 (*)
2026-10-04T04:20:50.1708724Z       │       │       │   ├── symbrain-guard-core v0.12.1
2026-10-04T04:20:50.1709580Z       │       │       │   │   ├── (dev) symbrain-cli v0.12.1 (*)
2026-10-04T04:20:50.1710398Z       │       │       │   │   └── symguard-cli v0.12.1 (*)
2026-10-04T04:20:50.1711173Z       │       │       │   ├── symbrain-managed v0.12.1
2026-10-04T04:20:50.1711960Z       │       │       │   │   └── symbrain-cli v0.12.1 (*)
2026-10-04T04:20:50.1712738Z       │       │       │   ├── symbrain-policy v0.12.1
2026-10-04T04:20:50.1713572Z       │       │       │   │   ├── symbrain-activity v0.12.1 (*)
2026-10-04T04:20:50.1714389Z       │       │       │   │   ├── symbrain-catalog v0.12.1
2026-10-04T04:20:50.1715238Z       │       │       │   │   │   └── symbrain-gateway v0.12.1 (*)
2026-10-04T04:20:50.1716086Z       │       │       │   │   ├── symbrain-cli v0.12.1 (*)
2026-10-04T04:20:50.1716911Z       │       │       │   │   └── symbrain-gateway v0.12.1 (*)
2026-10-04T04:20:50.1717721Z       │       │       │   └── symguard-cli v0.12.1 (*)
2026-10-04T04:20:50.1718668Z       │       │       ├── symbrain-gateway v0.12.1 (*)
2026-10-04T04:20:50.1719480Z       │       │       ├── symbrain-guard-core v0.12.1 (*)
2026-10-04T04:20:50.1720243Z       │       │       ├── symbrain-harness v0.12.1
2026-10-04T04:20:50.1721005Z       │       │       │   ├── symbrain-adapter v0.12.1
2026-10-04T04:20:50.1721794Z       │       │       │   │   └── symbrain-cli v0.12.1 (*)
2026-10-04T04:20:50.1722564Z       │       │       │   ├── symbrain-cli v0.12.1 (*)
2026-10-04T04:20:50.1723339Z       │       │       │   ├── symbrain-gateway v0.12.1 (*)
2026-10-04T04:20:50.1724108Z       │       │       │   └── symbrain-skills v0.12.1
2026-10-04T04:20:50.1724885Z       │       │       │       ├── symbrain-cli v0.12.1 (*)
2026-10-04T04:20:50.1725892Z       │       │       │       └── symbrain-gateway v0.12.1 (*)
2026-10-04T04:20:50.1726695Z       │       │       ├── symbrain-managed v0.12.1 (*)
2026-10-04T04:20:50.1727464Z       │       │       ├── symbrain-memory v0.12.1 (*)
2026-10-04T04:20:50.1728199Z       │       │       ├── symbrain-skills v0.12.1 (*)
2026-10-04T04:20:50.1729207Z       │       │       ├── symbrain-usage v0.12.1
2026-10-04T04:20:50.1729962Z       │       │       │   ├── symbrain-cli v0.12.1 (*)
2026-10-04T04:20:50.1730769Z       │       │       │   └── symbrain-gateway v0.12.1 (*)
2026-10-04T04:20:50.1731530Z       │       │       └── symguard-cli v0.12.1 (*)
2026-10-04T04:20:50.1732193Z       │       ├── windows v0.62.2
2026-10-04T04:20:50.1732842Z       │       │   └── process-wrap v10.0.1
2026-10-04T04:20:50.1733561Z       │       │       └── symbrain-cli v0.12.1 (*)
2026-10-04T04:20:50.1734284Z       │       ├── windows-collections v0.3.2
2026-10-04T04:20:50.1734968Z       │       │   └── windows v0.62.2 (*)
2026-10-04T04:20:50.1735645Z       │       ├── windows-future v0.3.2
2026-10-04T04:20:50.1736298Z       │       │   └── windows v0.62.2 (*)
2026-10-04T04:20:50.1736982Z       │       └── windows-numerics v0.3.1
2026-10-04T04:20:50.1737640Z       │           └── windows v0.62.2 (*)
2026-10-04T04:20:50.1738265Z       └── windows-interface v0.59.3
2026-10-04T04:20:50.1739204Z           └── windows-core v0.62.2 (*)
2026-10-04T04:20:50.1739735Z     ├ syn v3.0.5
2026-10-04T04:20:50.1740235Z       ├── displaydoc v0.2.7
2026-10-04T04:20:50.1740825Z       │   ├── icu_collections v2.3.0
2026-10-04T04:20:50.1741467Z       │   │   ├── icu_normalizer v2.3.0
2026-10-04T04:20:50.1742118Z       │   │   │   └── idna_adapter v1.2.2
2026-10-04T04:20:50.1742747Z       │   │   │       └── idna v1.1.0
2026-10-04T04:20:50.1743386Z       │   │   │           └── url v2.5.8
2026-10-04T04:20:50.1744081Z       │   │   │               ├── reqwest v0.13.4
2026-10-04T04:20:50.1744887Z       │   │   │               │   └── symaira-core-llm v0.0.0
2026-10-04T04:20:50.1745798Z       │   │   │               │       └── symbrain-memory v0.12.1
2026-10-04T04:20:50.1746894Z       │   │   │               │           ├── symbrain-cli v0.12.1
2026-10-04T04:20:50.1747789Z       │   │   │               │           └── symbrain-gateway v0.12.1
2026-10-04T04:20:50.1748929Z       │   │   │               │               └── symbrain-cli v0.12.1 (*)
2026-10-04T04:20:50.1749759Z       │   │   │               └── tower-http v0.6.11
2026-10-04T04:20:50.1750546Z       │   │   │                   └── reqwest v0.13.4 (*)
2026-10-04T04:20:50.1751240Z       │   │   └── icu_properties v2.3.0
2026-10-04T04:20:50.1751924Z       │   │       └── idna_adapter v1.2.2 (*)
2026-10-04T04:20:50.1752581Z       │   ├── icu_locale_core v2.3.0
2026-10-04T04:20:50.1753235Z       │   │   ├── icu_properties v2.3.0 (*)
2026-10-04T04:20:50.1753885Z       │   │   └── icu_provider v2.3.1
2026-10-04T04:20:50.1754563Z       │   │       ├── icu_normalizer v2.3.0 (*)
2026-10-04T04:20:50.1755296Z       │   │       └── icu_properties v2.3.0 (*)
2026-10-04T04:20:50.1755976Z       │   ├── icu_properties v2.3.0 (*)
2026-10-04T04:20:50.1756636Z       │   ├── icu_provider v2.3.1 (*)
2026-10-04T04:20:50.1757220Z       │   ├── tinystr v0.8.4
2026-10-04T04:20:50.1757846Z       │   │   └── icu_locale_core v2.3.0 (*)
2026-10-04T04:20:50.1758656Z       │   └── zerotrie v0.2.5
2026-10-04T04:20:50.1759286Z       │       ├── icu_properties v2.3.0 (*)
2026-10-04T04:20:50.1759954Z       │       └── icu_provider v2.3.1 (*)
2026-10-04T04:20:50.1760630Z       ├── futures-macro v0.3.34
2026-10-04T04:20:50.1761241Z       │   └── futures-util v0.3.34
2026-10-04T04:20:50.1761847Z       │       ├── hyper-util v0.1.21
2026-10-04T04:20:50.1762498Z       │       │   ├── hyper-rustls v0.27.10
2026-10-04T04:20:50.1763187Z       │       │   │   └── reqwest v0.13.4 (*)
2026-10-04T04:20:50.1763857Z       │       │   └── reqwest v0.13.4 (*)
2026-10-04T04:20:50.1764464Z       │       ├── js-sys v0.3.105
2026-10-04T04:20:50.1765304Z       │       │   ├── iana-time-zone v0.1.65
2026-10-04T04:20:50.1765979Z       │       │   │   └── chrono v0.4.45
2026-10-04T04:20:50.1766744Z       │       │   │       ├── symbrain-activity v0.12.1
2026-10-04T04:20:50.1767548Z       │       │   │       │   ├── symbrain-cli v0.12.1 (*)
2026-10-04T04:20:50.1768376Z       │       │   │       │   ├── symbrain-gateway v0.12.1 (*)
2026-10-04T04:20:50.1769457Z       │       │   │       │   └── symbrain-memory v0.12.1 (*)
2026-10-04T04:20:50.1770282Z       │       │   │       ├── symbrain-audit v0.12.1
2026-10-04T04:20:50.1771077Z       │       │   │       │   ├── symbrain-cli v0.12.1 (*)
2026-10-04T04:20:50.1771902Z       │       │   │       │   ├── symbrain-gateway v0.12.1 (*)
2026-10-04T04:20:50.1772689Z       │       │   │       │   └── symguard-cli v0.12.1
2026-10-04T04:20:50.1773508Z       │       │   │       │       └── symbrain-cli v0.12.1 (*)
2026-10-04T04:20:50.1774287Z       │       │   │       ├── symbrain-cli v0.12.1 (*)
2026-10-04T04:20:50.1775061Z       │       │   │       ├── symbrain-core v0.12.1
2026-10-04T04:20:50.1775865Z       │       │   │       │   ├── symbrain-audit v0.12.1 (*)
2026-10-04T04:20:50.1776954Z       │       │   │       │   ├── symbrain-cli v0.12.1 (*)
2026-10-04T04:20:50.1777852Z       │       │   │       │   ├── symbrain-gateway v0.12.1 (*)
2026-10-04T04:20:50.1779013Z       │       │   │       │   ├── symbrain-guard-core v0.12.1
2026-10-04T04:20:50.1779901Z       │       │   │       │   │   ├── (dev) symbrain-cli v0.12.1 (*)
2026-10-04T04:20:50.1780760Z       │       │   │       │   │   └── symguard-cli v0.12.1 (*)
2026-10-04T04:20:50.1781568Z       │       │   │       │   ├── symbrain-managed v0.12.1
2026-10-04T04:20:50.1782386Z       │       │   │       │   │   └── symbrain-cli v0.12.1 (*)
2026-10-04T04:20:50.1783191Z       │       │   │       │   ├── symbrain-policy v0.12.1
2026-10-04T04:20:50.1784058Z       │       │   │       │   │   ├── symbrain-activity v0.12.1 (*)
2026-10-04T04:20:50.1785023Z       │       │   │       │   │   ├── symbrain-catalog v0.12.1
2026-10-04T04:20:50.1785909Z       │       │   │       │   │   │   └── symbrain-gateway v0.12.1 (*)
2026-10-04T04:20:50.1786807Z       │       │   │       │   │   ├── symbrain-cli v0.12.1 (*)
2026-10-04T04:20:50.1787661Z       │       │   │       │   │   └── symbrain-gateway v0.12.1 (*)
2026-10-04T04:20:50.1788691Z       │       │   │       │   └── symguard-cli v0.12.1 (*)
2026-10-04T04:20:50.1789498Z       │       │   │       ├── symbrain-gateway v0.12.1 (*)
2026-10-04T04:20:50.1790343Z       │       │   │       ├── symbrain-guard-core v0.12.1 (*)
2026-10-04T04:20:50.1791135Z       │       │   │       ├── symbrain-harness v0.12.1
2026-10-04T04:20:50.1791932Z       │       │   │       │   ├── symbrain-adapter v0.12.1
2026-10-04T04:20:50.1792752Z       │       │   │       │   │   └── symbrain-cli v0.12.1 (*)
2026-10-04T04:20:50.1793563Z       │       │   │       │   ├── symbrain-cli v0.12.1 (*)
2026-10-04T04:20:50.1794380Z       │       │   │       │   ├── symbrain-gateway v0.12.1 (*)
2026-10-04T04:20:50.1795405Z       │       │   │       │   └── symbrain-skills v0.12.1
2026-10-04T04:20:50.1796263Z       │       │   │       │       ├── symbrain-cli v0.12.1 (*)
2026-10-04T04:20:50.1797129Z       │       │   │       │       └── symbrain-gateway v0.12.1 (*)
2026-10-04T04:20:50.1797951Z       │       │   │       ├── symbrain-managed v0.12.1 (*)
2026-10-04T04:20:50.1799003Z       │       │   │       ├── symbrain-memory v0.12.1 (*)
2026-10-04T04:20:50.1799799Z       │       │   │       ├── symbrain-skills v0.12.1 (*)
2026-10-04T04:20:50.1800566Z       │       │   │       ├── symbrain-usage v0.12.1
2026-10-04T04:20:50.1801355Z       │       │   │       │   ├── symbrain-cli v0.12.1 (*)
2026-10-04T04:20:50.1802174Z       │       │   │       │   └── symbrain-gateway v0.12.1 (*)
2026-10-04T04:20:50.1802962Z       │       │   │       └── symguard-cli v0.12.1 (*)
2026-10-04T04:20:50.1803653Z       │       │   ├── reqwest v0.13.4 (*)
2026-10-04T04:20:50.1804333Z       │       │   ├── sqlite-wasm-rs v0.5.5
2026-10-04T04:20:50.1805031Z       │       │   │   └── rusqlite v0.40.2
2026-10-04T04:20:50.1805759Z       │       │   │       ├── symbrain-cli v0.12.1 (*)
2026-10-04T04:20:50.1806566Z       │       │   │       └── symbrain-memory v0.12.1 (*)
2026-10-04T04:20:50.1807326Z       │       │   ├── wasm-bindgen-futures v0.4.78
2026-10-04T04:20:50.1808050Z       │       │   │   └── reqwest v0.13.4 (*)
2026-10-04T04:20:50.1808877Z       │       │   └── web-sys v0.3.105
2026-10-04T04:20:50.1809556Z       │       │       └── reqwest v0.13.4 (*)
2026-10-04T04:20:50.1810198Z       │       ├── tokio-util v0.7.19
2026-10-04T04:20:50.1810894Z       │       │   └── symaira-core-llm v0.0.0 (*)
2026-10-04T04:20:50.1811529Z       │       ├── tower v0.5.3
2026-10-04T04:20:50.1812135Z       │       │   ├── reqwest v0.13.4 (*)
2026-10-04T04:20:50.1812800Z       │       │   └── tower-http v0.6.11 (*)
2026-10-04T04:20:50.1813458Z       │       └── tower-http v0.6.11 (*)
2026-10-04T04:20:50.1814060Z       ├── serde_derive v1.0.229
2026-10-04T04:20:50.1814644Z       │   └── serde v1.0.229
2026-10-04T04:20:50.1815217Z       │       ├── chrono v0.4.45 (*)
2026-10-04T04:20:50.1816060Z       │       ├── serde_yaml_ng v0.10.0
2026-10-04T04:20:50.1816752Z       │       │   ├── symbrain-skills v0.12.1 (*)
2026-10-04T04:20:50.1817464Z       │       │   └── symguard-cli v0.12.1 (*)
2026-10-04T04:20:50.1818160Z       │       ├── symaira-core-llm v0.0.0 (*)
2026-10-04T04:20:50.1819124Z       │       ├── symaira-core-secretref v0.0.0
2026-10-04T04:20:50.1819866Z       │       │   └── symaira-core-llm v0.0.0 (*)
2026-10-04T04:20:50.1820591Z       │       ├── symbrain-activity v0.12.1 (*)
2026-10-04T04:20:50.1821340Z       │       ├── (dev) symbrain-adapter v0.12.1 (*)
2026-10-04T04:20:50.1822057Z       │       ├── symbrain-audit v0.12.1 (*)
2026-10-04T04:20:50.1822725Z       │       ├── symbrain-broker v0.12.1
2026-10-04T04:20:50.1823418Z       │       │   ├── symbrain-cli v0.12.1 (*)
2026-10-04T04:20:50.1824160Z       │       │   └── symbrain-gateway v0.12.1 (*)
2026-10-04T04:20:50.1824878Z       │       ├── symbrain-catalog v0.12.1 (*)
2026-10-04T04:20:50.1825574Z       │       ├── symbrain-cli v0.12.1 (*)
2026-10-04T04:20:50.1826246Z       │       ├── symbrain-core v0.12.1 (*)
2026-10-04T04:20:50.1826938Z       │       ├── symbrain-gateway v0.12.1 (*)
2026-10-04T04:20:50.1827667Z       │       ├── symbrain-guard-core v0.12.1 (*)
2026-10-04T04:20:50.1828381Z       │       ├── symbrain-harness v0.12.1 (*)
2026-10-04T04:20:50.1829352Z       │       ├── (dev) symbrain-instructions v0.12.1
2026-10-04T04:20:50.1830111Z       │       │   ├── symbrain-adapter v0.12.1 (*)
2026-10-04T04:20:50.1830831Z       │       │   └── symbrain-cli v0.12.1 (*)
2026-10-04T04:20:50.1831530Z       │       ├── symbrain-managed v0.12.1 (*)
2026-10-04T04:20:50.1832197Z       │       ├── symbrain-mcp v0.12.1
2026-10-04T04:20:50.1832893Z       │       │   ├── symbrain-broker v0.12.1 (*)
2026-10-04T04:20:50.1833598Z       │       │   ├── symbrain-cli v0.12.1 (*)
2026-10-04T04:20:50.1834506Z       │       │   └── symbrain-gateway v0.12.1 (*)
2026-10-04T04:20:50.1835240Z       │       ├── symbrain-memory v0.12.1 (*)
2026-10-04T04:20:50.1835950Z       │       ├── symbrain-patterns v0.12.1
2026-10-04T04:20:50.1836716Z       │       │   ├── (dev) symbrain-activity v0.12.1 (*)
2026-10-04T04:20:50.1837456Z       │       │   ├── symbrain-cli v0.12.1 (*)
2026-10-04T04:20:50.1838191Z       │       │   └── symbrain-gateway v0.12.1 (*)
2026-10-04T04:20:50.1839117Z       │       ├── symbrain-policy v0.12.1 (*)
2026-10-04T04:20:50.1839811Z       │       ├── symbrain-skills v0.12.1 (*)
2026-10-04T04:20:50.1840496Z       │       ├── symbrain-usage v0.12.1 (*)
2026-10-04T04:20:50.1841154Z       │       └── symguard-cli v0.12.1 (*)
2026-10-04T04:20:50.1841766Z       ├── synstructure v0.14.0
2026-10-04T04:20:50.1842338Z       │   ├── yoke-derive v0.8.4
2026-10-04T04:20:50.1842889Z       │   │   └── yoke v0.8.3
2026-10-04T04:20:50.1843528Z       │   │       ├── icu_collections v2.3.0 (*)
2026-10-04T04:20:50.1844248Z       │   │       ├── icu_provider v2.3.1 (*)
2026-10-04T04:20:50.1844907Z       │   │       ├── zerotrie v0.2.5 (*)
2026-10-04T04:20:50.1845724Z       │   │       └── zerovec v0.11.8
2026-10-04T04:20:50.1846426Z       │   │           ├── icu_collections v2.3.0 (*)
2026-10-04T04:20:50.1847172Z       │   │           ├── icu_locale_core v2.3.0 (*)
2026-10-04T04:20:50.1847905Z       │   │           ├── icu_normalizer v2.3.0 (*)
2026-10-04T04:20:50.1848839Z       │   │           ├── icu_properties v2.3.0 (*)
2026-10-04T04:20:50.1849574Z       │   │           ├── icu_provider v2.3.1 (*)
2026-10-04T04:20:50.1850284Z       │   │           ├── potential_utf v0.1.6
2026-10-04T04:20:50.1851037Z       │   │           │   └── icu_collections v2.3.0 (*)
2026-10-04T04:20:50.1851733Z       │   │           └── tinystr v0.8.4 (*)
2026-10-04T04:20:50.1852374Z       │   └── zerofrom-derive v0.1.8
2026-10-04T04:20:50.1852985Z       │       └── zerofrom v0.1.8
2026-10-04T04:20:50.1853671Z       │           ├── icu_collections v2.3.0 (*)
2026-10-04T04:20:50.1854367Z       │           ├── icu_provider v2.3.1 (*)
2026-10-04T04:20:50.1855026Z       │           ├── yoke v0.8.3 (*)
2026-10-04T04:20:50.1855656Z       │           ├── zerotrie v0.2.5 (*)
2026-10-04T04:20:50.1856295Z       │           └── zerovec v0.11.8 (*)
2026-10-04T04:20:50.1856909Z       ├── thiserror-impl v2.0.20
2026-10-04T04:20:50.1857484Z       │   └── thiserror v2.0.20
2026-10-04T04:20:50.1858031Z       │       ├── jni v0.22.4
2026-10-04T04:20:50.1858901Z       │       │   └── rustls-platform-verifier v0.7.1
2026-10-04T04:20:50.1859634Z       │       │       └── reqwest v0.13.4 (*)
2026-10-04T04:20:50.1860269Z       │       ├── rsqlite-vfs v0.1.1
2026-10-04T04:20:50.1860948Z       │       │   └── sqlite-wasm-rs v0.5.5 (*)
2026-10-04T04:20:50.1861694Z       │       └── symaira-core-secretref v0.0.0 (*)
2026-10-04T04:20:50.1862343Z       ├── tokio-macros v2.7.2
2026-10-04T04:20:50.1862878Z       │   └── tokio v1.53.1
2026-10-04T04:20:50.1863641Z       │       ├── hyper v1.11.1
2026-10-04T04:20:50.1864299Z       │       │   ├── hyper-rustls v0.27.10 (*)
2026-10-04T04:20:50.1865012Z       │       │   ├── hyper-util v0.1.21 (*)
2026-10-04T04:20:50.1865664Z       │       │   └── reqwest v0.13.4 (*)
2026-10-04T04:20:50.1866329Z       │       ├── hyper-rustls v0.27.10 (*)
2026-10-04T04:20:50.1866980Z       │       ├── hyper-util v0.1.21 (*)
2026-10-04T04:20:50.1867603Z       │       ├── reqwest v0.13.4 (*)
2026-10-04T04:20:50.1868266Z       │       ├── symaira-core-llm v0.0.0 (*)
2026-10-04T04:20:50.1869156Z       │       ├── tokio-rustls v0.26.6
2026-10-04T04:20:50.1869844Z       │       │   ├── hyper-rustls v0.27.10 (*)
2026-10-04T04:20:50.1870510Z       │       │   └── reqwest v0.13.4 (*)
2026-10-04T04:20:50.1871139Z       │       ├── tokio-util v0.7.19 (*)
2026-10-04T04:20:50.1871761Z       │       └── tower v0.5.3 (*)
2026-10-04T04:20:50.1872452Z       ├── wasm-bindgen-macro-support v0.2.128
2026-10-04T04:20:50.1873179Z       │   └── wasm-bindgen-macro v0.2.128
2026-10-04T04:20:50.1873865Z       │       └── wasm-bindgen v0.2.128
2026-10-04T04:20:50.1874566Z       │           ├── iana-time-zone v0.1.65 (*)
2026-10-04T04:20:50.1875278Z       │           ├── js-sys v0.3.105 (*)
2026-10-04T04:20:50.1875924Z       │           ├── reqwest v0.13.4 (*)
2026-10-04T04:20:50.1876612Z       │           ├── sqlite-wasm-rs v0.5.5 (*)
2026-10-04T04:20:50.1877383Z       │           ├── wasm-bindgen-futures v0.4.78 (*)
2026-10-04T04:20:50.1878100Z       │           └── web-sys v0.3.105 (*)
2026-10-04T04:20:50.1878963Z       ├── yoke-derive v0.8.4 (*)
2026-10-04T04:20:50.1879582Z       ├── zerofrom-derive v0.1.8 (*)
2026-10-04T04:20:50.1880194Z       └── zerovec-derive v0.11.6
2026-10-04T04:20:50.1880831Z           └── zerovec v0.11.8 (*)
2026-10-04T04:20:50.1881113Z 
2026-10-04T04:20:50.1881434Z warning[duplicate]: found 2 duplicate entries for crate 'wasi'
2026-10-04T04:20:50.1882447Z     ┌─ /home/runner/work/symaira-brain/symaira-brain/Cargo.lock:217:1
2026-10-04T04:20:50.1883132Z     │  
2026-10-04T04:20:50.1884011Z 217 │ ╭ wasi 0.11.1+wasi-snapshot-preview1 registry+https://github.com/rust-lang/crates.io-index
2026-10-04T04:20:50.1885538Z 218 │ │ wasi 0.14.7+wasi-0.2.4 registry+https://github.com/rust-lang/crates.io-index
2026-10-04T04:20:50.1886819Z     │ ╰────────────────────────────────────────────────────────────────────────────┘ lock entries
2026-10-04T04:20:50.1887498Z     │  
2026-10-04T04:20:50.1888022Z     ├ wasi v0.11.1+wasi-snapshot-preview1
2026-10-04T04:20:50.1888885Z       ├── getrandom v0.2.17
2026-10-04T04:20:50.1889436Z       │   └── ring v0.17.14
2026-10-04T04:20:50.1889993Z       │       ├── rustls v0.23.45
2026-10-04T04:20:50.1890640Z       │       │   ├── hyper-rustls v0.27.10
2026-10-04T04:20:50.1891308Z       │       │   │   └── reqwest v0.13.4
2026-10-04T04:20:50.1892045Z       │       │   │       └── symaira-core-llm v0.0.0
2026-10-04T04:20:50.1892844Z       │       │   │           └── symbrain-memory v0.12.1
2026-10-04T04:20:50.1893679Z       │       │   │               ├── symbrain-cli v0.12.1
2026-10-04T04:20:50.1894511Z       │       │   │               └── symbrain-gateway v0.12.1
2026-10-04T04:20:50.1895404Z       │       │   │                   └── symbrain-cli v0.12.1 (*)
2026-10-04T04:20:50.1896124Z       │       │   ├── reqwest v0.13.4 (*)
2026-10-04T04:20:50.1896881Z       │       │   ├── rustls-platform-verifier v0.7.1
2026-10-04T04:20:50.1897616Z       │       │   │   └── reqwest v0.13.4 (*)
2026-10-04T04:20:50.1898294Z       │       │   ├── tokio-rustls v0.26.6
2026-10-04T04:20:50.1899252Z       │       │   │   ├── hyper-rustls v0.27.10 (*)
2026-10-04T04:20:50.1899983Z       │       │   │   └── reqwest v0.13.4 (*)
2026-10-04T04:20:50.1900615Z       │       │   └── ureq v3.4.1
2026-10-04T04:20:50.1901309Z       │       │       ├── symaira-core-llm v0.0.0 (*)
2026-10-04T04:20:50.1902060Z       │       │       ├── symbrain-cli v0.12.1 (*)
2026-10-04T04:20:50.1902805Z       │       │       ├── symbrain-managed v0.12.1
2026-10-04T04:20:50.1903771Z       │       │       │   └── symbrain-cli v0.12.1 (*)
2026-10-04T04:20:50.1904523Z       │       │       └── symbrain-usage v0.12.1
2026-10-04T04:20:50.1905310Z       │       │           ├── symbrain-cli v0.12.1 (*)
2026-10-04T04:20:50.1906121Z       │       │           └── symbrain-gateway v0.12.1 (*)
2026-10-04T04:20:50.1906845Z       │       └── rustls-webpki v0.103.15
2026-10-04T04:20:50.1907507Z       │           ├── rustls v0.23.45 (*)
2026-10-04T04:20:50.1908275Z       │           └── rustls-platform-verifier v0.7.1 (*)
2026-10-04T04:20:50.1909143Z       └── mio v1.2.3
2026-10-04T04:20:50.1909685Z           └── tokio v1.53.1
2026-10-04T04:20:50.1910311Z               ├── hyper v1.11.1
2026-10-04T04:20:50.1911089Z               │   ├── hyper-rustls v0.27.10 (*)
2026-10-04T04:20:50.1911880Z               │   ├── hyper-util v0.1.21
2026-10-04T04:20:50.1912739Z               │   │   ├── hyper-rustls v0.27.10 (*)
2026-10-04T04:20:50.1913566Z               │   │   └── reqwest v0.13.4 (*)
2026-10-04T04:20:50.1914356Z               │   └── reqwest v0.13.4 (*)
2026-10-04T04:20:50.1915148Z               ├── hyper-rustls v0.27.10 (*)
2026-10-04T04:20:50.1916149Z               ├── hyper-util v0.1.21 (*)
2026-10-04T04:20:50.1916874Z               ├── reqwest v0.13.4 (*)
2026-10-04T04:20:50.1917669Z               ├── symaira-core-llm v0.0.0 (*)
2026-10-04T04:20:50.1918950Z               ├── tokio-rustls v0.26.6 (*)
2026-10-04T04:20:50.1919724Z               ├── tokio-util v0.7.19
2026-10-04T04:20:50.1920557Z               │   └── symaira-core-llm v0.0.0 (*)
2026-10-04T04:20:50.1921273Z               └── tower v0.5.3
2026-10-04T04:20:50.1922031Z                   ├── reqwest v0.13.4 (*)
2026-10-04T04:20:50.1922827Z                   └── tower-http v0.6.11
2026-10-04T04:20:50.1923715Z                       └── reqwest v0.13.4 (*)
2026-10-04T04:20:50.1924309Z     ├ wasi v0.14.7+wasi-0.2.4
2026-10-04T04:20:50.1924867Z       └── getrandom v0.3.3
2026-10-04T04:20:50.1925531Z           ├── symbrain-guard-core v0.12.1
2026-10-04T04:20:50.1926300Z           │   ├── (dev) symbrain-cli v0.12.1
2026-10-04T04:20:50.1927012Z           │   └── symguard-cli v0.12.1
2026-10-04T04:20:50.1927769Z           │       └── symbrain-cli v0.12.1 (*)
2026-10-04T04:20:50.1928700Z           └── symbrain-memory v0.12.1
2026-10-04T04:20:50.1929487Z               ├── symbrain-cli v0.12.1 (*)
2026-10-04T04:20:50.1930279Z               └── symbrain-gateway v0.12.1
2026-10-04T04:20:50.1931149Z                   └── symbrain-cli v0.12.1 (*)
2026-10-04T04:20:50.1931485Z 
2026-10-04T04:20:50.1931845Z warning[duplicate]: found 2 duplicate entries for crate 'windows-sys'
2026-10-04T04:20:50.1932909Z     ┌─ /home/runner/work/symaira-brain/symaira-brain/Cargo.lock:243:1
2026-10-04T04:20:50.1933567Z     │  
2026-10-04T04:20:50.1934291Z 243 │ ╭ windows-sys 0.52.0 registry+https://github.com/rust-lang/crates.io-index
2026-10-04T04:20:50.1935396Z 244 │ │ windows-sys 0.61.2 registry+https://github.com/rust-lang/crates.io-index
2026-10-04T04:20:50.1936811Z     │ ╰────────────────────────────────────────────────────────────────────────┘ lock entries
2026-10-04T04:20:50.1937488Z     │  
2026-10-04T04:20:50.1937952Z     ├ windows-sys v0.52.0
2026-10-04T04:20:50.1938728Z       ├── fs-set-times v0.20.3
2026-10-04T04:20:50.1939346Z       │   └── cap-primitives v4.0.3
2026-10-04T04:20:50.1939969Z       │       ├── cap-fs-ext v4.0.3
2026-10-04T04:20:50.1940658Z       │       │   ├── symbrain-adapter v0.12.1
2026-10-04T04:20:50.1941400Z       │       │   │   └── symbrain-cli v0.12.1
2026-10-04T04:20:50.1942106Z       │       │   ├── symbrain-audit v0.12.1
2026-10-04T04:20:50.1942832Z       │       │   │   ├── symbrain-cli v0.12.1 (*)
2026-10-04T04:20:50.1943575Z       │       │   │   ├── symbrain-gateway v0.12.1
2026-10-04T04:20:50.1944348Z       │       │   │   │   └── symbrain-cli v0.12.1 (*)
2026-10-04T04:20:50.1945079Z       │       │   │   └── symguard-cli v0.12.1
2026-10-04T04:20:50.1945831Z       │       │   │       └── symbrain-cli v0.12.1 (*)
2026-10-04T04:20:50.1946594Z       │       │   ├── symbrain-harness v0.12.1
2026-10-04T04:20:50.1947372Z       │       │   │   ├── symbrain-adapter v0.12.1 (*)
2026-10-04T04:20:50.1948834Z       │       │   │   ├── symbrain-cli v0.12.1 (*)
2026-10-04T04:20:50.1949803Z       │       │   │   ├── symbrain-gateway v0.12.1 (*)
2026-10-04T04:20:50.1950676Z       │       │   │   └── symbrain-skills v0.12.1
2026-10-04T04:20:50.1951656Z       │       │   │       ├── symbrain-cli v0.12.1 (*)
2026-10-04T04:20:50.1952673Z       │       │   │       └── symbrain-gateway v0.12.1 (*)
2026-10-04T04:20:50.1953655Z       │       │   ├── symbrain-instructions v0.12.1
2026-10-04T04:20:50.1970386Z       │       │   │   ├── symbrain-adapter v0.12.1 (*)
2026-10-04T04:20:50.1971222Z       │       │   │   └── symbrain-cli v0.12.1 (*)
2026-10-04T04:20:50.1971995Z       │       │   └── symbrain-skills v0.12.1 (*)
2026-10-04T04:20:50.1972653Z       │       └── cap-std v4.0.3
2026-10-04T04:20:50.1973298Z       │           ├── cap-fs-ext v4.0.3 (*)
2026-10-04T04:20:50.1974061Z       │           ├── symbrain-adapter v0.12.1 (*)
2026-10-04T04:20:50.1974818Z       │           ├── symbrain-audit v0.12.1 (*)
2026-10-04T04:20:50.1975802Z       │           ├── symbrain-harness v0.12.1 (*)
2026-10-04T04:20:50.1976592Z       │           ├── symbrain-instructions v0.12.1 (*)
2026-10-04T04:20:50.1977368Z       │           └── symbrain-skills v0.12.1 (*)
2026-10-04T04:20:50.1978010Z       ├── io-extras v0.19.0
2026-10-04T04:20:50.1978855Z       │   ├── cap-primitives v4.0.3 (*)
2026-10-04T04:20:50.1979495Z       │   └── cap-std v4.0.3 (*)
2026-10-04T04:20:50.1980037Z       ├── ring v0.17.14
2026-10-04T04:20:50.1980564Z       │   ├── rustls v0.23.45
2026-10-04T04:20:50.1981166Z       │   │   ├── hyper-rustls v0.27.10
2026-10-04T04:20:50.1981806Z       │   │   │   └── reqwest v0.13.4
2026-10-04T04:20:50.1982501Z       │   │   │       └── symaira-core-llm v0.0.0
2026-10-04T04:20:50.1983281Z       │   │   │           └── symbrain-memory v0.12.1
2026-10-04T04:20:50.1984095Z       │   │   │               ├── symbrain-cli v0.12.1 (*)
2026-10-04T04:20:50.1985012Z       │   │   │               └── symbrain-gateway v0.12.1 (*)
2026-10-04T04:20:50.1985738Z       │   │   ├── reqwest v0.13.4 (*)
2026-10-04T04:20:50.1986458Z       │   │   ├── rustls-platform-verifier v0.7.1
2026-10-04T04:20:50.1987160Z       │   │   │   └── reqwest v0.13.4 (*)
2026-10-04T04:20:50.1987815Z       │   │   ├── tokio-rustls v0.26.6
2026-10-04T04:20:50.1988863Z       │   │   │   ├── hyper-rustls v0.27.10 (*)
2026-10-04T04:20:50.1989612Z       │   │   │   └── reqwest v0.13.4 (*)
2026-10-04T04:20:50.1990220Z       │   │   └── ureq v3.4.1
2026-10-04T04:20:50.1990882Z       │   │       ├── symaira-core-llm v0.0.0 (*)
2026-10-04T04:20:50.1991608Z       │   │       ├── symbrain-cli v0.12.1 (*)
2026-10-04T04:20:50.1992324Z       │   │       ├── symbrain-managed v0.12.1
2026-10-04T04:20:50.1993057Z       │   │       │   └── symbrain-cli v0.12.1 (*)
2026-10-04T04:20:50.1993766Z       │   │       └── symbrain-usage v0.12.1
2026-10-04T04:20:50.1994686Z       │   │           ├── symbrain-cli v0.12.1 (*)
2026-10-04T04:20:50.1995489Z       │   │           └── symbrain-gateway v0.12.1 (*)
2026-10-04T04:20:50.1996216Z       │   └── rustls-webpki v0.103.15
2026-10-04T04:20:50.1996849Z       │       ├── rustls v0.23.45 (*)
2026-10-04T04:20:50.1997567Z       │       └── rustls-platform-verifier v0.7.1 (*)
2026-10-04T04:20:50.1998152Z       └── winx v0.36.4
2026-10-04T04:20:50.1999051Z           └── cap-primitives v4.0.3 (*)
2026-10-04T04:20:50.1999649Z     ├ windows-sys v0.61.2
2026-10-04T04:20:50.2000186Z       ├── cap-fs-ext v4.0.3
2026-10-04T04:20:50.2000788Z       │   ├── symbrain-adapter v0.12.1
2026-10-04T04:20:50.2001440Z       │   │   └── symbrain-cli v0.12.1
2026-10-04T04:20:50.2002075Z       │   ├── symbrain-audit v0.12.1
2026-10-04T04:20:50.2002724Z       │   │   ├── symbrain-cli v0.12.1 (*)
2026-10-04T04:20:50.2003401Z       │   │   ├── symbrain-gateway v0.12.1
2026-10-04T04:20:50.2004106Z       │   │   │   └── symbrain-cli v0.12.1 (*)
2026-10-04T04:20:50.2004799Z       │   │   └── symguard-cli v0.12.1
2026-10-04T04:20:50.2005476Z       │   │       └── symbrain-cli v0.12.1 (*)
2026-10-04T04:20:50.2006367Z       │   ├── symbrain-harness v0.12.1
2026-10-04T04:20:50.2007128Z       │   │   ├── symbrain-adapter v0.12.1 (*)
2026-10-04T04:20:50.2007818Z       │   │   ├── symbrain-cli v0.12.1 (*)
2026-10-04T04:20:50.2008732Z       │   │   ├── symbrain-gateway v0.12.1 (*)
2026-10-04T04:20:50.2009433Z       │   │   └── symbrain-skills v0.12.1
2026-10-04T04:20:50.2010137Z       │   │       ├── symbrain-cli v0.12.1 (*)
2026-10-04T04:20:50.2010869Z       │   │       └── symbrain-gateway v0.12.1 (*)
2026-10-04T04:20:50.2011596Z       │   ├── symbrain-instructions v0.12.1
2026-10-04T04:20:50.2012312Z       │   │   ├── symbrain-adapter v0.12.1 (*)
2026-10-04T04:20:50.2013016Z       │   │   └── symbrain-cli v0.12.1 (*)
2026-10-04T04:20:50.2013686Z       │   └── symbrain-skills v0.12.1 (*)
2026-10-04T04:20:50.2014311Z       ├── cap-primitives v4.0.3
2026-10-04T04:20:50.2014933Z       │   ├── cap-fs-ext v4.0.3 (*)
2026-10-04T04:20:50.2015527Z       │   └── cap-std v4.0.3
2026-10-04T04:20:50.2016145Z       │       ├── cap-fs-ext v4.0.3 (*)
2026-10-04T04:20:50.2016837Z       │       ├── symbrain-adapter v0.12.1 (*)
2026-10-04T04:20:50.2017540Z       │       ├── symbrain-audit v0.12.1 (*)
2026-10-04T04:20:50.2018255Z       │       ├── symbrain-harness v0.12.1 (*)
2026-10-04T04:20:50.2019209Z       │       ├── symbrain-instructions v0.12.1 (*)
2026-10-04T04:20:50.2019944Z       │       └── symbrain-skills v0.12.1 (*)
2026-10-04T04:20:50.2020537Z       ├── errno v0.3.14
2026-10-04T04:20:50.2021064Z       │   ├── rustix v1.1.4
2026-10-04T04:20:50.2021689Z       │   │   ├── cap-primitives v4.0.3 (*)
2026-10-04T04:20:50.2022344Z       │   │   ├── cap-std v4.0.3 (*)
2026-10-04T04:20:50.2022974Z       │   │   ├── fs-set-times v0.20.3
2026-10-04T04:20:50.2023680Z       │   │   │   └── cap-primitives v4.0.3 (*)
2026-10-04T04:20:50.2024401Z       │   │   ├── rustix-linux-procfs v0.1.1
2026-10-04T04:20:50.2025322Z       │   │   │   └── cap-primitives v4.0.3 (*)
2026-10-04T04:20:50.2026111Z       │   │   ├── symaira-core-secretref v0.0.0
2026-10-04T04:20:50.2026836Z       │   │   │   └── symaira-core-llm v0.0.0
2026-10-04T04:20:50.2027583Z       │   │   │       └── symbrain-memory v0.12.1
2026-10-04T04:20:50.2028355Z       │   │   │           ├── symbrain-cli v0.12.1 (*)
2026-10-04T04:20:50.2029531Z       │   │   │           └── symbrain-gateway v0.12.1 (*)
2026-10-04T04:20:50.2030322Z       │   │   ├── symbrain-adapter v0.12.1 (*)
2026-10-04T04:20:50.2031055Z       │   │   ├── symbrain-harness v0.12.1 (*)
2026-10-04T04:20:50.2031813Z       │   │   ├── symbrain-instructions v0.12.1 (*)
2026-10-04T04:20:50.2032559Z       │   │   ├── symbrain-skills v0.12.1 (*)
2026-10-04T04:20:50.2033246Z       │   │   ├── symbrain-usage v0.12.1
2026-10-04T04:20:50.2033951Z       │   │   │   ├── symbrain-cli v0.12.1 (*)
2026-10-04T04:20:50.2034691Z       │   │   │   └── symbrain-gateway v0.12.1 (*)
2026-10-04T04:20:50.2035393Z       │   │   └── tempfile v3.27.0
2026-10-04T04:20:50.2036120Z       │   │       ├── (dev) symbrain-activity v0.12.1
2026-10-04T04:20:50.2036917Z       │   │       │   ├── symbrain-cli v0.12.1 (*)
2026-10-04T04:20:50.2037701Z       │   │       │   ├── symbrain-gateway v0.12.1 (*)
2026-10-04T04:20:50.2038725Z       │   │       │   └── symbrain-memory v0.12.1 (*)
2026-10-04T04:20:50.2039565Z       │   │       ├── (dev) symbrain-adapter v0.12.1 (*)
2026-10-04T04:20:50.2040375Z       │   │       ├── (dev) symbrain-audit v0.12.1 (*)
2026-10-04T04:20:50.2041148Z       │   │       ├── (dev) symbrain-broker v0.12.1
2026-10-04T04:20:50.2041904Z       │   │       │   ├── symbrain-cli v0.12.1 (*)
2026-10-04T04:20:50.2042679Z       │   │       │   └── symbrain-gateway v0.12.1 (*)
2026-10-04T04:20:50.2043423Z       │   │       ├── symbrain-cli v0.12.1 (*)
2026-10-04T04:20:50.2044123Z       │   │       ├── symbrain-core v0.12.1
2026-10-04T04:20:50.2044891Z       │   │       │   ├── symbrain-audit v0.12.1 (*)
2026-10-04T04:20:50.2045642Z       │   │       │   ├── symbrain-cli v0.12.1 (*)
2026-10-04T04:20:50.2046641Z       │   │       │   ├── symbrain-gateway v0.12.1 (*)
2026-10-04T04:20:50.2047429Z       │   │       │   ├── symbrain-guard-core v0.12.1
2026-10-04T04:20:50.2048246Z       │   │       │   │   ├── (dev) symbrain-cli v0.12.1 (*)
2026-10-04T04:20:50.2049263Z       │   │       │   │   └── symguard-cli v0.12.1 (*)
2026-10-04T04:20:50.2050027Z       │   │       │   ├── symbrain-managed v0.12.1
2026-10-04T04:20:50.2050800Z       │   │       │   │   └── symbrain-cli v0.12.1 (*)
2026-10-04T04:20:50.2051549Z       │   │       │   ├── symbrain-policy v0.12.1
2026-10-04T04:20:50.2052370Z       │   │       │   │   ├── symbrain-activity v0.12.1 (*)
2026-10-04T04:20:50.2053171Z       │   │       │   │   ├── symbrain-catalog v0.12.1
2026-10-04T04:20:50.2054002Z       │   │       │   │   │   └── symbrain-gateway v0.12.1 (*)
2026-10-04T04:20:50.2054806Z       │   │       │   │   ├── symbrain-cli v0.12.1 (*)
2026-10-04T04:20:50.2055646Z       │   │       │   │   └── symbrain-gateway v0.12.1 (*)
2026-10-04T04:20:50.2056441Z       │   │       │   └── symguard-cli v0.12.1 (*)
2026-10-04T04:20:50.2057192Z       │   │       ├── symbrain-harness v0.12.1 (*)
2026-10-04T04:20:50.2058020Z       │   │       ├── (dev) symbrain-instructions v0.12.1 (*)
2026-10-04T04:20:50.2059031Z       │   │       ├── symbrain-managed v0.12.1 (*)
2026-10-04T04:20:50.2059811Z       │   │       ├── (dev) symbrain-patterns v0.12.1
2026-10-04T04:20:50.2060646Z       │   │       │   ├── (dev) symbrain-activity v0.12.1 (*)
2026-10-04T04:20:50.2061422Z       │   │       │   ├── symbrain-cli v0.12.1 (*)
2026-10-04T04:20:50.2062191Z       │   │       │   └── symbrain-gateway v0.12.1 (*)
2026-10-04T04:20:50.2062955Z       │   │       ├── symbrain-policy v0.12.1 (*)
2026-10-04T04:20:50.2063736Z       │   │       ├── (dev) symbrain-skills v0.12.1 (*)
2026-10-04T04:20:50.2064494Z       │   │       ├── symbrain-usage v0.12.1 (*)
2026-10-04T04:20:50.2065430Z       │   │       └── (dev) symguard-cli v0.12.1 (*)
2026-10-04T04:20:50.2066158Z       │   └── signal-hook-registry v1.4.8
2026-10-04T04:20:50.2066857Z       │       └── signal-hook v0.3.18
2026-10-04T04:20:50.2067544Z       │           └── symbrain-cli v0.12.1 (*)
2026-10-04T04:20:50.2068124Z       ├── mio v1.2.3
2026-10-04T04:20:50.2068815Z       │   └── tokio v1.53.1
2026-10-04T04:20:50.2069380Z       │       ├── hyper v1.11.1
2026-10-04T04:20:50.2070015Z       │       │   ├── hyper-rustls v0.27.10
2026-10-04T04:20:50.2070686Z       │       │   │   └── reqwest v0.13.4
2026-10-04T04:20:50.2071453Z       │       │   │       └── symaira-core-llm v0.0.0 (*)
2026-10-04T04:20:50.2072168Z       │       │   ├── hyper-util v0.1.21
2026-10-04T04:20:50.2072885Z       │       │   │   ├── hyper-rustls v0.27.10 (*)
2026-10-04T04:20:50.2073606Z       │       │   │   └── reqwest v0.13.4 (*)
2026-10-04T04:20:50.2074277Z       │       │   └── reqwest v0.13.4 (*)
2026-10-04T04:20:50.2074973Z       │       ├── hyper-rustls v0.27.10 (*)
2026-10-04T04:20:50.2075639Z       │       ├── hyper-util v0.1.21 (*)
2026-10-04T04:20:50.2076481Z       │       ├── reqwest v0.13.4 (*)
2026-10-04T04:20:50.2077155Z       │       ├── symaira-core-llm v0.0.0 (*)
2026-10-04T04:20:50.2077825Z       │       ├── tokio-rustls v0.26.6
2026-10-04T04:20:50.2078736Z       │       │   ├── hyper-rustls v0.27.10 (*)
2026-10-04T04:20:50.2079441Z       │       │   └── reqwest v0.13.4 (*)
2026-10-04T04:20:50.2080085Z       │       ├── tokio-util v0.7.19
2026-10-04T04:20:50.2080784Z       │       │   └── symaira-core-llm v0.0.0 (*)
2026-10-04T04:20:50.2081425Z       │       └── tower v0.5.3
2026-10-04T04:20:50.2082036Z       │           ├── reqwest v0.13.4 (*)
2026-10-04T04:20:50.2082686Z       │           └── tower-http v0.6.11
2026-10-04T04:20:50.2083363Z       │               └── reqwest v0.13.4 (*)
2026-10-04T04:20:50.2083967Z       ├── rustix v1.1.4 (*)
2026-10-04T04:20:50.2084676Z       ├── rustls-platform-verifier v0.7.1
2026-10-04T04:20:50.2085350Z       │   └── reqwest v0.13.4 (*)
2026-10-04T04:20:50.2085911Z       ├── schannel v0.1.29
2026-10-04T04:20:50.2086537Z       │   └── rustls-native-certs v0.8.4
2026-10-04T04:20:50.2087311Z       │       └── rustls-platform-verifier v0.7.1 (*)
2026-10-04T04:20:50.2087950Z       ├── socket2 v0.6.5
2026-10-04T04:20:50.2088729Z       │   ├── hyper-util v0.1.21 (*)
2026-10-04T04:20:50.2089342Z       │   └── tokio v1.53.1 (*)
2026-10-04T04:20:50.2089956Z       ├── symbrain-adapter v0.12.1 (*)
2026-10-04T04:20:50.2090654Z       ├── symbrain-instructions v0.12.1 (*)
2026-10-04T04:20:50.2091291Z       ├── tempfile v3.27.0 (*)
2026-10-04T04:20:50.2091877Z       ├── tokio v1.53.1 (*)
2026-10-04T04:20:50.2092428Z       └── winapi-util v0.1.11
2026-10-04T04:20:50.2093035Z           ├── same-file v1.0.6
2026-10-04T04:20:50.2093713Z           │   ├── symbrain-cli v0.12.1 (*)
2026-10-04T04:20:50.2094376Z           │   └── walkdir v2.5.0
2026-10-04T04:20:50.2095077Z           │       └── (build) jni v0.22.4
2026-10-04T04:20:50.2096158Z           │           └── rustls-platform-verifier v0.7.1 (*)
2026-10-04T04:20:50.2096927Z           └── walkdir v2.5.0 (*)
2026-10-04T04:20:50.2097235Z 
2026-10-04T04:20:50.2759123Z advisories ok, bans ok, licenses ok, sources ok
2026-10-04T04:20:50.2879825Z ./scripts/run-go-oracle.sh "HEAD" build -ldflags "-X main.version=dev" -o "/home/runner/work/symaira-brain/symaira-brain/target/go/symbrain-go" ./cmd/symbrain
2026-10-04T04:20:54.7918368Z SYMAIRA_EXTERNAL_BASE="" bash /home/runner/work/symaira-brain/symaira-brain/scripts/run-external-env.sh env SYMBRAIN_VERSION=dev CARGO_TARGET_DIR="target" cargo build --workspace --locked
2026-10-04T04:20:54.9801848Z    Compiling symguard-cli v0.12.1 (/home/runner/work/symaira-brain/symaira-brain/rust/symguard-cli)
2026-10-04T04:20:54.9841842Z    Compiling symbrain-skills v0.12.1 (/home/runner/work/symaira-brain/symaira-brain/rust/symbrain-skills)
2026-10-04T04:20:54.9846977Z    Compiling symbrain-broker v0.12.1 (/home/runner/work/symaira-brain/symaira-brain/rust/symbrain-broker)
2026-10-04T04:20:54.9860808Z    Compiling symbrain-cli v0.12.1 (/home/runner/work/symaira-brain/symaira-brain/rust/symbrain-cli)
2026-10-04T04:20:55.5441489Z    Compiling symbrain-gateway v0.12.1 (/home/runner/work/symaira-brain/symaira-brain/rust/symbrain-gateway)
2026-10-04T04:21:00.8546636Z     Finished `dev` profile [unoptimized + debuginfo] target(s) in 6.03s
2026-10-04T04:21:00.8795203Z ./guard/scripts/guard-scan-oracle/run.sh parity "target/debug/symbrain"
2026-10-04T04:21:01.0122354Z PASS: native/Go guard scan parity passed (9 cases)
2026-10-04T04:21:01.0193478Z SYMAIRA_EXTERNAL_BASE="" bash /home/runner/work/symaira-brain/symaira-brain/scripts/run-external-env.sh python3 scripts/rust-differential.py "target/go/symbrain-go" "target/debug/symbrain"
2026-10-04T04:21:13.6660773Z PASS guard_doctor_invalid_config_native
2026-10-04T04:21:13.6661497Z PASS guard_doctor_corrupt_anchor_native
2026-10-04T04:21:13.6662017Z PASS no_args
2026-10-04T04:21:13.6662382Z PASS help
2026-10-04T04:21:13.6662752Z PASS help_long
2026-10-04T04:21:13.6663136Z PASS help_short
2026-10-04T04:21:13.6663522Z PASS version_human
2026-10-04T04:21:13.6664276Z PASS version_terminator
2026-10-04T04:21:13.6664698Z PASS version_json
2026-10-04T04:21:13.6665108Z PASS version_terminator_json
2026-10-04T04:21:13.6665578Z PASS version_json_before
2026-10-04T04:21:13.6666023Z PASS version_output_equals
2026-10-04T04:21:13.6666494Z PASS version_missing_output_value
2026-10-04T04:21:13.6666994Z PASS version_output_single_missing
2026-10-04T04:21:13.6667512Z PASS version_conflicting_output
2026-10-04T04:21:13.6668010Z PASS version_unknown_flag
2026-10-04T04:21:13.6668750Z PASS version_flag_value_double
2026-10-04T04:21:13.6669275Z PASS version_flag_value_single
2026-10-04T04:21:13.6669749Z PASS version_bare_hyphen
2026-10-04T04:21:13.6670188Z PASS version_help_short
2026-10-04T04:21:13.6670688Z PASS version_help_single_dash
2026-10-04T04:21:13.6671179Z PASS version_help_double_dash
2026-10-04T04:21:13.6671665Z PASS version_unexpected_argument
2026-10-04T04:21:13.6672150Z PASS version_terminator_extra
2026-10-04T04:21:13.6672609Z PASS version_terminator_flag
2026-10-04T04:21:13.6673063Z PASS version_version
2026-10-04T04:21:13.6673469Z PASS version_json_version
2026-10-04T04:21:13.6673879Z PASS json_help
2026-10-04T04:21:13.6674247Z PASS config_path
2026-10-04T04:21:13.6674636Z PASS config_path_extra
2026-10-04T04:21:13.6675080Z PASS config_path_unexpected_double
2026-10-04T04:21:13.6675582Z PASS config_path_unexpected_single
2026-10-04T04:21:13.6676081Z PASS config_path_unexpected_terminator
2026-10-04T04:21:13.6676588Z PASS config_path_no_env
2026-10-04T04:21:13.6677012Z PASS config_path_relative_xdg
2026-10-04T04:21:13.6677475Z PASS unknown_command_quoted
2026-10-04T04:21:13.6677896Z PASS unknown_fallback
2026-10-04T04:21:13.6678292Z PASS config_get_no_file
2026-10-04T04:21:13.6678943Z PASS config_get_no_file_key
2026-10-04T04:21:13.6679381Z PASS config_get_raw_ff_key
2026-10-04T04:21:13.6679837Z PASS config_get_raw_latin1_key
2026-10-04T04:21:13.6680556Z PASS config_get_raw_nel_key
2026-10-04T04:21:13.6681056Z PASS config_get_raw_nbsp_key
2026-10-04T04:21:13.6681531Z PASS config_get_raw_zwsp_key
2026-10-04T04:21:13.6682013Z PASS config_get_raw_line_separator_key
2026-10-04T04:21:13.6682517Z PASS config_get_raw_bom_key
2026-10-04T04:21:13.6683030Z PASS config_get_raw_quote_backslash_control_key
2026-10-04T04:21:13.6683595Z PASS config_get_unicode_key
2026-10-04T04:21:13.6684070Z PASS config_get_unicode_replacement_key
2026-10-04T04:21:13.6684597Z PASS config_get_unicode_emoji_key
2026-10-04T04:21:13.6685104Z PASS config_get_unicode_cjk_key
2026-10-04T04:21:13.6685580Z PASS config_get_unicode_nel_key
2026-10-04T04:21:13.6686058Z PASS config_get_unicode_nbsp_key
2026-10-04T04:21:13.6686534Z PASS config_get_unicode_zwsp_key
2026-10-04T04:21:13.6687048Z PASS config_get_unicode_line_separator_key
2026-10-04T04:21:13.6687576Z PASS config_get_unicode_bom_key
2026-10-04T04:21:13.6688029Z PASS config_get_whole_file
2026-10-04T04:21:13.6689167Z PASS config_get_whole_file_malformed
2026-10-04T04:21:13.6689731Z PASS config_get_terminator
2026-10-04T04:21:13.6690203Z PASS config_get_string
2026-10-04T04:21:13.6690630Z PASS config_get_bool_true
2026-10-04T04:21:13.6691073Z PASS config_get_bool_false
2026-10-04T04:21:13.6691509Z PASS config_get_int
2026-10-04T04:21:13.6691843Z PASS config_get_dotted_three
2026-10-04T04:21:13.6692093Z PASS config_get_table
2026-10-04T04:21:13.6692318Z PASS config_get_table_nested
2026-10-04T04:21:13.6692814Z PASS config_get_inline_table
2026-10-04T04:21:13.6693292Z PASS config_get_inline_table_leaf
2026-10-04T04:21:13.6693572Z PASS config_get_list
2026-10-04T04:21:13.6693803Z PASS config_get_empty_list
2026-10-04T04:21:13.6694046Z PASS config_get_empty_table
2026-10-04T04:21:13.6694295Z PASS config_get_missing_key
2026-10-04T04:21:13.6694764Z PASS config_get_malformed_key
2026-10-04T04:21:13.6695196Z PASS config_get_extra_arg
2026-10-04T04:21:13.6695613Z PASS config_get_raw_extra_arg
2026-10-04T04:21:13.6696054Z PASS config_get_extra_arg_flag
2026-10-04T04:21:13.6696496Z PASS config_get_key_flag
2026-10-04T04:21:13.6696755Z PASS config_get_home_variant
2026-10-04T04:21:13.6697279Z PASS config_get_unreadable_file
2026-10-04T04:21:13.6697552Z PASS config_get_unreadable_file_key
2026-10-04T04:21:13.6697824Z PASS config_get_float_pos_zero
2026-10-04T04:21:13.6698075Z PASS config_get_float_neg_zero
2026-10-04T04:21:13.6698324Z PASS config_get_float_pos_inf
2026-10-04T04:21:13.6698910Z PASS config_get_float_pos_inf_plus
2026-10-04T04:21:13.6699177Z PASS config_get_float_neg_inf
2026-10-04T04:21:13.6699419Z PASS config_get_float_nan
2026-10-04T04:21:13.6699654Z PASS config_get_float_pos_nan
2026-10-04T04:21:13.6699901Z PASS config_get_float_neg_nan
2026-10-04T04:21:13.6700142Z PASS config_get_float_large
2026-10-04T04:21:13.6700387Z PASS config_get_float_large2
2026-10-04T04:21:13.6700627Z PASS config_get_float_small
2026-10-04T04:21:13.6700863Z PASS config_get_float_small2
2026-10-04T04:21:13.6701224Z PASS config_get_float_large_neg
2026-10-04T04:21:13.6701566Z PASS config_get_float_large2_neg
2026-10-04T04:21:13.6701828Z PASS config_get_float_small_neg
2026-10-04T04:21:13.6702305Z PASS config_get_float_small2_neg
2026-10-04T04:21:13.6702809Z PASS config_get_float_sci1
2026-10-04T04:21:13.6703120Z PASS config_get_float_sci2
2026-10-04T04:21:13.6703360Z PASS config_get_float_pi
2026-10-04T04:21:13.6703625Z PASS config_get_float_boundary_below_large
2026-10-04T04:21:13.6704184Z PASS config_get_float_boundary_above_small
2026-10-04T04:21:13.6704492Z PASS config_get_float_boundary_below_small
2026-10-04T04:21:13.6704762Z PASS config_get_odt_z
2026-10-04T04:21:13.6704990Z PASS config_get_odt_z_lower
2026-10-04T04:21:13.6705438Z PASS config_get_odt_space_z
2026-10-04T04:21:13.6705695Z PASS config_get_odt_frac_micro_z
2026-10-04T04:21:13.6705959Z PASS config_get_odt_frac_milli_z
2026-10-04T04:21:13.6706215Z PASS config_get_odt_frac_nano_z
2026-10-04T04:21:13.6706670Z PASS config_get_odt_frac_trailing_z
2026-10-04T04:21:13.6707133Z PASS config_get_odt_frac_zero_z
2026-10-04T04:21:13.6707400Z PASS config_get_odt_no_sec_z
2026-10-04T04:21:13.6707810Z PASS config_get_odt_pos_offset
2026-10-04T04:21:13.6708102Z PASS config_get_odt_neg_offset
2026-10-04T04:21:13.6708354Z PASS config_get_odt_offset_zero
2026-10-04T04:21:13.6708921Z PASS config_get_odt_offset_neg_zero
2026-10-04T04:21:13.6709276Z PASS config_get_odt_space_offset
2026-10-04T04:21:13.6709549Z PASS config_get_odt_frac_micro_offset
2026-10-04T04:21:13.6709842Z PASS config_get_odt_frac_half_hour_offset
2026-10-04T04:21:13.6710312Z PASS config_get_odt_frac_trailing_offset
2026-10-04T04:21:13.6710610Z PASS config_get_odt_no_sec_offset
2026-10-04T04:21:13.6710858Z PASS config_get_ldt
2026-10-04T04:21:13.6711081Z PASS config_get_ldt_space
2026-10-04T04:21:13.6711507Z PASS config_get_ldt_lower
2026-10-04T04:21:13.6711755Z PASS config_get_ldt_frac_micro
2026-10-04T04:21:13.6712007Z PASS config_get_ldt_frac_milli
2026-10-04T04:21:13.6712259Z PASS config_get_ldt_frac_nano
2026-10-04T04:21:13.6712656Z PASS config_get_ldt_frac_trailing
2026-10-04T04:21:13.6712955Z PASS config_get_ldt_frac_zero
2026-10-04T04:21:13.6713209Z PASS config_get_ldt_no_sec
2026-10-04T04:21:13.6713439Z PASS config_get_ld
2026-10-04T04:21:13.6713732Z PASS config_get_ld_today
2026-10-04T04:21:13.6714058Z PASS config_get_ld_year_one
2026-10-04T04:21:13.6714290Z PASS config_get_lt
2026-10-04T04:21:13.6714504Z PASS config_get_lt_frac_micro
2026-10-04T04:21:13.6714753Z PASS config_get_lt_frac_milli
2026-10-04T04:21:13.6715185Z PASS config_get_lt_frac_nano
2026-10-04T04:21:13.6715445Z PASS config_get_lt_frac_trailing
2026-10-04T04:21:13.6715876Z PASS config_get_lt_frac_zero
2026-10-04T04:21:13.6716158Z PASS config_get_lt_no_sec
2026-10-04T04:21:13.6716383Z PASS profile_help
2026-10-04T04:21:13.6716599Z PASS profile_help_long
2026-10-04T04:21:13.6716823Z PASS profile_list_empty
2026-10-04T04:21:13.6717052Z PASS profile_list_empty_json
2026-10-04T04:21:13.6717305Z PASS profile_list_fixture_json
2026-10-04T04:21:13.6717564Z PASS profile_list_partial_error
2026-10-04T04:21:13.6717811Z PASS profile_list_extra
2026-10-04T04:21:13.6718038Z PASS profile_list_help_flag
2026-10-04T04:21:13.6718910Z PASS profile_list_help_short
2026-10-04T04:21:13.6719373Z PASS profile_show_missing
2026-10-04T04:21:13.6719845Z PASS profile_show_missing_json
2026-10-04T04:21:13.6720321Z PASS profile_show_help_flag
2026-10-04T04:21:13.6720787Z PASS profile_show_help_short
2026-10-04T04:21:13.6721052Z PASS profile_show_fixture_json
2026-10-04T04:21:13.6721339Z PASS profile_show_fixture_json_flag_before_name
2026-10-04T04:21:13.6721783Z PASS profile_show_fixture_human
2026-10-04T04:21:13.6722441Z PASS profile_add_default (stdout, stderr, exit code, fs manifest/modes)
2026-10-04T04:21:13.6723002Z PASS profile_add_personal_after_name (stdout, stderr, exit code, fs manifest/modes)
2026-10-04T04:21:13.6723573Z PASS profile_add_personal_before_name (stdout, stderr, exit code, fs manifest/modes)
2026-10-04T04:21:13.6723997Z PASS profile_add_invalid_name
2026-10-04T04:21:13.6724269Z PASS profile_add_invalid_from
2026-10-04T04:21:13.6724515Z PASS profile_add_exists
2026-10-04T04:21:13.6724752Z PASS profile_add_help_flag
2026-10-04T04:21:13.6724993Z PASS profile_add_help_short
2026-10-04T04:21:13.6725239Z PASS profile_add_unknown_flag
2026-10-04T04:21:13.6725498Z PASS profile_add_unknown_after_name
2026-10-04T04:21:13.6725772Z PASS profile_add_missing_from_value
2026-10-04T04:21:13.6726151Z PASS profile_add_from_equals (stdout, stderr, exit code, fs manifest/modes)
2026-10-04T04:21:13.6726693Z PASS profile_add_trailing_terminator (stdout, stderr, exit code, fs manifest/modes)
2026-10-04T04:21:13.6727251Z PASS profile_add_terminator_then_flag (stdout, stderr, exit code, fs manifest/modes)
2026-10-04T04:21:13.6727666Z PASS profile_remove_missing
2026-10-04T04:21:13.6728017Z PASS profile_remove_force (stdout, stderr, exit code, fs manifest/modes)
2026-10-04T04:21:13.6728796Z PASS profile_remove_prompt_yes (stdout, stderr, exit code, fs manifest/modes)
2026-10-04T04:21:13.6729380Z PASS profile_remove_prompt_no
2026-10-04T04:21:13.6729648Z PASS profile_remove_prompt_eof
2026-10-04T04:21:13.6729932Z PASS profile_remove_prompt_oversized
2026-10-04T04:21:13.6730368Z PASS profile_remove_bound_global_refuses (stdout, stderr, exit code, fs manifest/modes)
2026-10-04T04:21:13.6730951Z PASS profile_remove_bound_project_refuses (stdout, stderr, exit code, fs manifest/modes)
2026-10-04T04:21:13.6731573Z PASS profile_remove_bound_project_relative_refuses (stdout, stderr, exit code, fs manifest/modes)
2026-10-04T04:21:13.6732223Z PASS profile_remove_bound_project_symlink_refuses (stdout, stderr, exit code, fs manifest/modes)
2026-10-04T04:21:13.6732808Z PASS profile_remove_bound_force (stdout, stderr, exit code, fs manifest/modes)
2026-10-04T04:21:13.6733349Z PASS profile_remove_malformed_profile (stdout, stderr, exit code, fs manifest/modes)
2026-10-04T04:21:13.6733981Z PASS profile_remove_malformed_harness_config (stdout, stderr, exit code, fs manifest/modes)
2026-10-04T04:21:13.6734605Z PASS profile_remove_malformed_harness_refuses (stdout, stderr, exit code, fs manifest/modes)
2026-10-04T04:21:13.6735166Z PASS profile_remove_symlink (stdout, stderr, exit code, fs manifest/modes)
2026-10-04T04:21:13.6735713Z PASS profile_remove_symlink_profiles_root (stdout, stderr, exit code, fs manifest/modes)
2026-10-04T04:21:13.6736266Z PASS profile_remove_special_file (stdout, stderr, exit code, fs manifest/modes)
2026-10-04T04:21:13.6736807Z PASS profile_remove_empty_directory (stdout, stderr, exit code, fs manifest/modes)
2026-10-04T04:21:13.6737462Z PASS profile_remove_force_before_name (stdout, stderr, exit code, fs manifest/modes)
2026-10-04T04:21:13.6738137Z PASS profile_remove_terminator (stdout, stderr, exit code, fs manifest/modes)
2026-10-04T04:21:13.6738838Z PASS audit_missing_subcommand
2026-10-04T04:21:13.6739110Z PASS audit_unknown_subcommand
2026-10-04T04:21:13.6739352Z PASS audit_help
2026-10-04T04:21:13.6739568Z PASS audit_tail_empty_json
2026-10-04T04:21:13.6739822Z PASS audit_tail_missing_profile_json
2026-10-04T04:21:13.6740151Z PASS audit_tail_fixture_json
2026-10-04T04:21:13.6740618Z PASS audit_tail_global_json
2026-10-04T04:21:13.6741299Z PASS audit_tail_fixture_human
2026-10-04T04:21:13.6741766Z PASS audit_tail_negative_limit
2026-10-04T04:21:13.6742224Z PASS audit_tail_help
2026-10-04T04:21:13.6742657Z PASS audit_tail_unknown_flag
2026-10-04T04:21:13.6743118Z PASS audit_tail_missing_n
2026-10-04T04:21:13.6743560Z PASS audit_tail_invalid_n
2026-10-04T04:21:13.6743991Z PASS doctor_empty_human
2026-10-04T04:21:13.6744413Z PASS doctor_empty_json
2026-10-04T04:21:13.6744827Z PASS doctor_global_json
2026-10-04T04:21:13.6745245Z PASS doctor_disabled_fix
2026-10-04T04:21:13.6745700Z PASS doctor_disabled_force_release
2026-10-04T04:21:13.6746212Z PASS doctor_unused_force_release
2026-10-04T04:21:13.6746707Z PASS doctor_unused_force_release_true
2026-10-04T04:21:13.6747223Z PASS doctor_disabled_fix_zero
2026-10-04T04:21:13.6747695Z PASS doctor_invalid_force_release
2026-10-04T04:21:13.6748212Z PASS doctor_disabled_vault_profile
2026-10-04T04:21:13.6749002Z PASS doctor_missing_vault_profile
2026-10-04T04:21:13.6749518Z PASS doctor_failing_vault_handshake
2026-10-04T04:21:13.6750041Z PASS doctor_successful_vault_handshake
2026-10-04T04:21:13.6750545Z PASS doctor_empty_vault_agent
2026-10-04T04:21:13.6751028Z PASS doctor_slow_vault_handshake
2026-10-04T04:21:13.6751485Z PASS doctor_help
2026-10-04T04:21:13.6751877Z PASS doctor_unknown_flag
2026-10-04T04:21:13.6752320Z PASS doctor_ignores_positionals
2026-10-04T04:21:13.6752879Z PASS doctor_vault_agent_value_consumes_force_release
2026-10-04T04:21:13.6753467Z PASS doctor_vault_agent_then_help
2026-10-04T04:21:13.6753976Z PASS doctor_vault_agent_equals_then_help
2026-10-04T04:21:13.6754507Z PASS doctor_vault_agent_missing_value
2026-10-04T04:21:13.6755023Z PASS doctor_failed_version_json
2026-10-04T04:21:13.6755499Z PASS vault_passthrough_argv_stdio
2026-10-04T04:21:13.6755966Z PASS vault_exit_status
2026-10-04T04:21:13.6756383Z PASS vault_signal_status
2026-10-04T04:21:13.6757031Z PASS vault_tty_inheritance
2026-10-04T04:21:13.6757528Z PASS vault_managed_precedes_path
2026-10-04T04:21:13.6758043Z PASS vault_configured_precedes_managed
2026-10-04T04:21:13.6758896Z PASS vault_env_override_precedes_config
2026-10-04T04:21:13.6759436Z PASS vault_missing_binary
2026-10-04T04:21:13.6759928Z PASS vault_configured_binary_missing
2026-10-04T04:21:13.6760448Z PASS vault_empty_config_uses_path
2026-10-04T04:21:16.2627917Z PASS vault_raw_env_missing
2026-10-04T04:21:16.2628669Z PASS setup_unknown_flag
2026-10-04T04:21:16.2629201Z PASS setup_lone_hyphen (stdout, stderr, exit code, fs manifest/modes)
2026-10-04T04:21:16.2629721Z PASS setup_install_json (stdout, stderr, exit code, fs manifest/modes)
2026-10-04T04:21:16.2630240Z PASS setup_install_human (stdout, stderr, exit code, fs manifest/modes)
2026-10-04T04:21:16.2630778Z PASS setup_install_cosign_fail_json (stdout, stderr, exit code, fs manifest/modes)
2026-10-04T04:21:16.2631373Z PASS setup_cosign_command_fail_json (stdout, stderr, exit code, fs manifest/modes)
2026-10-04T04:21:16.2631936Z PASS setup_fix_correct_json (stdout, stderr, exit code, fs manifest/modes)
2026-10-04T04:21:16.2632485Z PASS setup_fix_correct_human (stdout, stderr, exit code, fs manifest/modes)
2026-10-04T04:21:16.2632996Z PASS setup_fix_mismatched_json (stdout, stderr, exit code, fs manifest/modes)
2026-10-04T04:21:16.2633503Z PASS install_cursor_fresh (stdout, stderr, exit code, fs manifest/modes)
2026-10-04T04:21:16.2634009Z PASS install_claude_fresh (stdout, stderr, exit code, fs manifest/modes)
2026-10-04T04:21:16.2634529Z PASS install_claude_desktop_fresh (stdout, stderr, exit code, fs manifest/modes)
2026-10-04T04:21:16.2635054Z PASS install_opencode_fresh (stdout, stderr, exit code, fs manifest/modes)
2026-10-04T04:21:16.2635545Z PASS install_codex_fresh (stdout, stderr, exit code, fs manifest/modes)
2026-10-04T04:21:16.2636040Z PASS install_antigravity_fresh (stdout, stderr, exit code, fs manifest/modes)
2026-10-04T04:21:16.2636608Z PASS install_default_profile_env_override (stdout, stderr, exit code, fs manifest/modes)
2026-10-04T04:21:16.2637190Z PASS install_malformed_global_config (stdout, stderr, exit code, fs manifest/modes)
2026-10-04T04:21:16.2637993Z PASS install_cursor_equals_flags (stdout, stderr, exit code, fs manifest/modes)
2026-10-04T04:21:16.2638807Z PASS install_missing_profile (stdout, stderr, exit code, fs manifest/modes)
2026-10-04T04:21:16.2639467Z PASS install_default_profile (stdout, stderr, exit code, fs manifest/modes)
2026-10-04T04:21:16.2640030Z PASS install_malformed_refuses_before_backup (stdout, stderr, exit code, fs manifest/modes)
2026-10-04T04:21:16.2640640Z PASS install_superseded_basenames_keep_vault (stdout, stderr, exit code, fs manifest/modes)
2026-10-04T04:21:16.2641192Z PASS install_keep_superseded (stdout, stderr, exit code, fs manifest/modes)
2026-10-04T04:21:16.2641690Z PASS install_claude_project (stdout, stderr, exit code, fs manifest/modes)
2026-10-04T04:21:16.2642213Z PASS install_unsupported_project (stdout, stderr, exit code, fs manifest/modes)
2026-10-04T04:21:16.2642706Z PASS install_dry_run (stdout, stderr, exit code, fs manifest/modes)
2026-10-04T04:21:16.2643215Z PASS uninstall_foreign_symbrain_noop (stdout, stderr, exit code, fs manifest/modes)
2026-10-04T04:21:16.2643767Z PASS uninstall_missing_config_noop (stdout, stderr, exit code, fs manifest/modes)
2026-10-04T04:21:16.2644294Z PASS uninstall_absent_entry_noop (stdout, stderr, exit code, fs manifest/modes)
2026-10-04T04:21:16.2644812Z PASS uninstall_removes_symbrain (stdout, stderr, exit code, fs manifest/modes)
2026-10-04T04:21:16.2645306Z PASS uninstall_dry_run (stdout, stderr, exit code, fs manifest/modes)
2026-10-04T04:21:16.2645776Z PASS config_set_fallback (stdout, stderr, exit code, fs manifest/modes)
2026-10-04T04:21:16.2646150Z PASS config_set_no_args
2026-10-04T04:21:16.2646382Z PASS config_set_one_arg
2026-10-04T04:21:16.2646610Z PASS config_set_three_args
2026-10-04T04:21:16.2646857Z PASS config_set_empty_key
2026-10-04T04:21:16.2647399Z PASS config_set_new_string (stdout, stderr, exit code, fs manifest/modes)
2026-10-04T04:21:16.2647911Z PASS config_set_new_bool_true (stdout, stderr, exit code, fs manifest/modes)
2026-10-04T04:21:16.2648676Z PASS config_set_new_bool_false (stdout, stderr, exit code, fs manifest/modes)
2026-10-04T04:21:16.2649199Z PASS config_set_new_bool_1 (stdout, stderr, exit code, fs manifest/modes)
2026-10-04T04:21:16.2649673Z PASS config_set_new_bool_0 (stdout, stderr, exit code, fs manifest/modes)
2026-10-04T04:21:16.2650136Z PASS config_set_new_bool_t (stdout, stderr, exit code, fs manifest/modes)
2026-10-04T04:21:16.2650596Z PASS config_set_new_bool_f (stdout, stderr, exit code, fs manifest/modes)
2026-10-04T04:21:16.2651065Z PASS config_set_new_bool_T (stdout, stderr, exit code, fs manifest/modes)
2026-10-04T04:21:16.2651526Z PASS config_set_new_bool_F (stdout, stderr, exit code, fs manifest/modes)
2026-10-04T04:21:16.2652015Z PASS config_set_new_bool_TRUE (stdout, stderr, exit code, fs manifest/modes)
2026-10-04T04:21:16.2652521Z PASS config_set_new_bool_FALSE (stdout, stderr, exit code, fs manifest/modes)
2026-10-04T04:21:16.2653018Z PASS config_set_new_bool_True (stdout, stderr, exit code, fs manifest/modes)
2026-10-04T04:21:16.2653505Z PASS config_set_new_bool_False (stdout, stderr, exit code, fs manifest/modes)
2026-10-04T04:21:16.2653983Z PASS config_set_new_int (stdout, stderr, exit code, fs manifest/modes)
2026-10-04T04:21:16.2654457Z PASS config_set_new_int_neg (stdout, stderr, exit code, fs manifest/modes)
2026-10-04T04:21:16.2654973Z PASS config_set_new_string_float (stdout, stderr, exit code, fs manifest/modes)
2026-10-04T04:21:16.2655484Z PASS config_set_new_nested (stdout, stderr, exit code, fs manifest/modes)
2026-10-04T04:21:16.2655987Z PASS config_set_new_deep_nested (stdout, stderr, exit code, fs manifest/modes)
2026-10-04T04:21:16.2656507Z PASS config_set_existing_update (stdout, stderr, exit code, fs manifest/modes)
2026-10-04T04:21:16.2657053Z PASS config_set_existing_parent_mode (stdout, stderr, exit code, fs manifest/modes)
2026-10-04T04:21:16.2657589Z PASS config_set_existing_sample (stdout, stderr, exit code, fs manifest/modes)
2026-10-04T04:21:16.2658257Z PASS config_set_terminator (stdout, stderr, exit code, fs manifest/modes)
2026-10-04T04:21:16.2658920Z PASS config_set_type_conflict
2026-10-04T04:21:16.2659197Z PASS config_set_malformed_existing
2026-10-04T04:21:16.2659481Z PASS config_set_unreadable_file
2026-10-04T04:21:16.2659760Z PASS config_unrelated_subcommand_fallback
2026-10-04T04:21:16.2660056Z PASS config_no_subcommand_fallback
2026-10-04T04:21:16.2660418Z PASS config_set_raw_ff_key (stdout, stderr, exit code, fs manifest/modes)
2026-10-04T04:21:16.2660926Z PASS config_set_raw_latin1_key (stdout, stderr, exit code, fs manifest/modes)
2026-10-04T04:21:16.2661439Z PASS config_set_raw_dotted_key (stdout, stderr, exit code, fs manifest/modes)
2026-10-04T04:21:16.2661833Z PASS config_set_raw_type_conflict
2026-10-04T04:21:16.2662214Z PASS config_set_inline_leaf (stdout, stderr, exit code, fs manifest/modes)
2026-10-04T04:21:16.2662710Z PASS config_set_inline_new_key (stdout, stderr, exit code, fs manifest/modes)
2026-10-04T04:21:16.2663241Z PASS config_set_nested_inline_leaf (stdout, stderr, exit code, fs manifest/modes)
2026-10-04T04:21:16.2664018Z PASS config_set_nested_inline_new_key (stdout, stderr, exit code, fs manifest/modes)
2026-10-04T04:21:16.2664582Z PASS config_set_sample_nested_inline (stdout, stderr, exit code, fs manifest/modes)
2026-10-04T04:21:16.2665344Z PASS config_set_floats_preserve_existing (stdout, stderr, exit code, fs manifest/modes)
2026-10-04T04:21:16.2666046Z PASS config_set_floats_update_neg_zero (stdout, stderr, exit code, fs manifest/modes)
2026-10-04T04:21:16.2666689Z PASS config_set_floats_update_large (stdout, stderr, exit code, fs manifest/modes)
2026-10-04T04:21:16.2667428Z PASS config_set_datetime_preserve_existing (stdout, stderr, exit code, fs manifest/modes)
2026-10-04T04:21:16.2668180Z PASS config_set_complex_preserve (stdout, stderr, exit code, fs manifest/modes)
2026-10-04T04:21:16.2669115Z PASS config_set_quoted_key_update (stdout, stderr, exit code, fs manifest/modes)
2026-10-04T04:21:16.2669735Z PASS config_set_array_of_tables_add_field
2026-10-04T04:21:16.2670248Z PASS config_set_symlink (stdout, stderr, exit code, fs manifest/modes)
2026-10-04T04:21:16.2670641Z PASS config_set_readonly_dir
2026-10-04T04:21:16.2671025Z PASS skills_status_opencode_root_missing
2026-10-04T04:21:16.2671435Z PASS skills_status_opencode_root_empty
2026-10-04T04:21:16.2671737Z PASS skills_status_opencode_unmanaged_skill
2026-10-04T04:21:16.2672060Z PASS skills_status_opencode_dir_without_skill
2026-10-04T04:21:16.2672663Z PASS skills_status_opencode_regular_file
2026-10-04T04:21:16.2673186Z PASS skills_status_opencode_dangling_symlink
2026-10-04T04:21:16.2673506Z PASS skills_status_opencode_symlink_to_dir
2026-10-04T04:21:16.2674033Z PASS skills_status_opencode_symlink_to_file
2026-10-04T04:21:16.2674401Z PASS skills_status_opencode_symlink_to_marker_file
2026-10-04T04:21:16.2674751Z PASS skills_status_opencode_symlink_chain
2026-10-04T04:21:16.2675224Z PASS skills_status_opencode_orphaned_marker
2026-10-04T04:21:16.2675838Z PASS skills_status_opencode_foreign_marker
2026-10-04T04:21:16.2676234Z PASS skills_status_opencode_legacy_hash_only_marker
2026-10-04T04:21:16.2676727Z PASS skills_status_opencode_malformed_marker
2026-10-04T04:21:16.2677078Z PASS skills_status_opencode_unsupported_schema_marker
2026-10-04T04:21:16.2677461Z PASS skills_status_opencode_empty_marker
2026-10-04T04:21:16.2677916Z PASS skills_status_opencode_wrong_type_marker
2026-10-04T04:21:16.2678224Z PASS skills_status_opencode_mixed
2026-10-04T04:21:16.2678900Z PASS skills_status_opencode_mixed_json
2026-10-04T04:21:16.2679265Z PASS skills_status_opencode_managed_symlink
2026-10-04T04:21:16.2679601Z PASS skills_status_opencode_managed_symlink_json
2026-10-04T04:21:16.2680035Z PASS skills_status_opencode_managed_copy_json
2026-10-04T04:21:16.2680506Z PASS skills_status_opencode_managed_harness_changed_json
2026-10-04T04:21:16.2680889Z PASS skills_status_opencode_managed_conflict_json
2026-10-04T04:21:16.2681360Z PASS skills_status_opencode_managed_conflict
2026-10-04T04:21:16.2681944Z PASS skills_status_opencode_managed_orphaned
2026-10-04T04:21:16.2682281Z PASS skills_status_default_dynamic_target_fallback
2026-10-04T04:21:16.2682829Z PASS skills_status_opencode_project_root_missing
2026-10-04T04:21:16.2683331Z PASS skills_status_opencode_project_unmanaged_skill
2026-10-04T04:21:16.2683812Z PASS skills_status_opencode_project_dir_without_skill
2026-10-04T04:21:16.2684312Z PASS skills_status_opencode_project_regular_file
2026-10-04T04:21:16.2684648Z PASS skills_status_opencode_project_mixed_json
2026-10-04T04:21:16.2685126Z PASS skills_status_opencode_project_orphaned_marker
2026-10-04T04:21:16.2685595Z PASS skills_status_opencode_project_unsupported_schema_marker
2026-10-04T04:21:16.2686011Z PASS skills_status_opencode_project_malformed_marker_json
2026-10-04T04:21:16.2686569Z PASS skills_status_opencode_project_symlink_to_file
2026-10-04T04:21:16.2686925Z PASS skills_status_opencode_project_symlink_chain
2026-10-04T04:21:16.2687310Z PASS skills_status_opencode_project_isolated_from_user_root
2026-10-04T04:21:16.2687866Z PASS skills_status_unknown_scope_fallback
2026-10-04T04:21:16.2688183Z PASS skills_status_claude_missing_root_table
2026-10-04T04:21:16.2688808Z PASS skills_status_claude_missing_root_json
2026-10-04T04:21:16.2689208Z PASS skills_status_codex_missing_root_table
2026-10-04T04:21:16.2689513Z PASS skills_status_codex_missing_root_json
2026-10-04T04:21:16.2689817Z PASS skills_status_hermes_missing_root_table
2026-10-04T04:21:16.2690124Z PASS skills_status_hermes_missing_root_json
2026-10-04T04:21:16.2690619Z PASS skills_status_antigravity_missing_root_table
2026-10-04T04:21:16.2690973Z PASS skills_status_antigravity_missing_root_json
2026-10-04T04:21:16.2691428Z PASS skills_status_openclaw_missing_root_table
2026-10-04T04:21:16.2692028Z PASS skills_status_openclaw_missing_root_json
2026-10-04T04:21:16.2692539Z PASS skills_status_opencode_escapable_name_json
2026-10-04T04:21:16.2692993Z PASS memory_list_fallback
2026-10-04T04:21:16.2693330Z PASS memory_list_seeded
2026-10-04T04:21:16.2693568Z PASS memory_search_seeded
2026-10-04T04:21:16.2693809Z PASS memory_search_seeded_table
2026-10-04T04:21:23.9829908Z PASS memory_search_seeded_scope
2026-10-04T04:21:23.9830694Z PASS memory_search_seeded_other_scope
2026-10-04T04:21:23.9831725Z PASS memory_search_seeded_limit
2026-10-04T04:21:23.9832620Z PASS memory_search_seeded_limit_zero
2026-10-04T04:21:23.9833462Z PASS memory_search_two_candidates_limit
2026-10-04T04:21:23.9834061Z PASS memory_search_two_candidates_limit_one
2026-10-04T04:21:23.9834588Z PASS memory_search_db_override
2026-10-04T04:21:23.9835043Z PASS memory_search_limit_and_db
2026-10-04T04:21:23.9835500Z PASS memory_search_no_candidate
2026-10-04T04:21:23.9835979Z PASS memory_search_no_candidate_table
2026-10-04T04:21:23.9836357Z PASS memory_search_empty_query
2026-10-04T04:21:23.9836689Z PASS memory_search_missing_query_fallback
2026-10-04T04:21:23.9837062Z PASS memory_search_unknown_flag_fallback
2026-10-04T04:21:23.9837395Z PASS memory_search_help_fallback
2026-10-04T04:21:23.9837686Z PASS memory_query_log_seeded
2026-10-04T04:21:23.9837962Z PASS activity_usage
2026-10-04T04:21:23.9838199Z PASS activity_help
2026-10-04T04:21:23.9838764Z PASS activity_missing_profile
2026-10-04T04:21:23.9839062Z PASS activity_get_missing_profile
2026-10-04T04:21:23.9839375Z PASS activity_search_missing_profile
2026-10-04T04:21:23.9839690Z PASS activity_status_reader_profile
2026-10-04T04:21:23.9840013Z PASS activity_status_reader_profile_table
2026-10-04T04:21:23.9840339Z PASS activity_status_db_override
2026-10-04T04:21:23.9840638Z PASS activity_get_db_override
2026-10-04T04:21:23.9840922Z PASS activity_search_db_override
2026-10-04T04:21:23.9841221Z PASS activity_status_missing_budget
2026-10-04T04:21:23.9841526Z PASS activity_status_zero_budget
2026-10-04T04:21:23.9842139Z PASS activity_status_excess_budget
2026-10-04T04:21:23.9852812Z PASS activity_get_missing_row
2026-10-04T04:21:23.9853338Z PASS activity_get_missing_row_table
2026-10-04T04:21:23.9854039Z PASS activity_get_missing_budget
2026-10-04T04:21:23.9854326Z PASS activity_get_zero_budget
2026-10-04T04:21:23.9854594Z PASS activity_get_excess_budget
2026-10-04T04:21:23.9854872Z PASS activity_search_reader_profile_table
2026-10-04T04:21:23.9855196Z PASS activity_search_invalid_window_keeps_go
2026-10-04T04:21:23.9855517Z PASS activity_search_out_of_bounds_keeps_go
2026-10-04T04:21:23.9855851Z PASS activity_get_identifier_before_flags_keeps_go
2026-10-04T04:21:23.9856180Z PASS activity_search_reader_profile
2026-10-04T04:21:23.9856465Z PASS activity_unknown_subcommand
2026-10-04T04:21:23.9856719Z PASS usage_missing
2026-10-04T04:21:23.9856939Z PASS usage_missing_json
2026-10-04T04:21:23.9857186Z PASS usage_opencode_workspace_only
2026-10-04T04:21:23.9857480Z PASS usage_opencode_workspace_only_json
2026-10-04T04:21:23.9857766Z PASS usage_codex_stale_auth_file
2026-10-04T04:21:23.9858040Z PASS usage_codex_stale_auth_file_json
2026-10-04T04:21:23.9858315Z PASS activity_usage_fallback
2026-10-04T04:21:23.9858949Z PASS activity_help_fallback
2026-10-04T04:21:23.9859232Z PASS activity_missing_profile_fallback
2026-10-04T04:21:23.9859510Z PASS activity_get_fallback
2026-10-04T04:21:23.9859757Z PASS audit_tail_missing_directory
2026-10-04T04:21:23.9860028Z PASS audit_tail_missing_directory_json
2026-10-04T04:21:23.9860309Z PASS memory_list_seeded_table
2026-10-04T04:21:23.9860567Z PASS memory_list_seeded_scope_alias
2026-10-04T04:21:23.9860845Z PASS memory_list_seeded_limit_zero
2026-10-04T04:21:23.9861123Z PASS memory_list_unknown_flag_fallback
2026-10-04T04:21:23.9861390Z PASS memory_set_native
2026-10-04T04:21:23.9861622Z PASS memory_set_native_table
2026-10-04T04:21:23.9861869Z PASS memory_set_native_staged
2026-10-04T04:21:23.9862124Z PASS memory_set_missing_kind_fallback
2026-10-04T04:21:23.9862406Z PASS memory_set_invalid_kind_fallback
2026-10-04T04:21:23.9862887Z PASS memory_set_author_fallback
2026-10-04T04:21:23.9863159Z PASS memory_delete_missing_row
2026-10-04T04:21:23.9863421Z PASS memory_delete_seeded_json
2026-10-04T04:21:23.9863667Z PASS memory_delete_seeded_table
2026-10-04T04:21:23.9863927Z PASS memory_delete_no_id_fallback
2026-10-04T04:21:23.9864188Z PASS memory_help_fallback
2026-10-04T04:21:23.9864422Z PASS memory_rules_empty
2026-10-04T04:21:23.9864657Z PASS memory_rules_empty_table
2026-10-04T04:21:23.9864907Z PASS memory_rules_seeded
2026-10-04T04:21:23.9865143Z PASS memory_rules_seeded_table
2026-10-04T04:21:23.9865391Z PASS memory_rules_seeded_scope
2026-10-04T04:21:23.9865642Z PASS memory_query_log_seeded_table
2026-10-04T04:21:23.9865906Z PASS memory_query_log_fallback
2026-10-04T04:21:23.9866144Z PASS sync_dry_run_empty
2026-10-04T04:21:23.9866365Z PASS sync_dry_run_all
2026-10-04T04:21:23.9866590Z PASS sync_html_project_json
2026-10-04T04:21:23.9866837Z PASS sync_flag_terminator
2026-10-04T04:21:23.9867079Z PASS sync_flag_after_positional
2026-10-04T04:21:23.9867337Z PASS sync_flag_after_terminator
2026-10-04T04:21:23.9867572Z PASS sync_bool_true
2026-10-04T04:21:23.9867785Z PASS sync_bool_false
2026-10-04T04:21:23.9868008Z PASS sync_bool_invalid
2026-10-04T04:21:23.9868236Z PASS sync_dry_run_with_library
2026-10-04T04:21:23.9868750Z PASS sync_installs_library_skill
2026-10-04T04:21:23.9869024Z PASS sync_unknown_harness
2026-10-04T04:21:23.9869258Z PASS sync_help
2026-10-04T04:21:23.9869467Z PASS sync_unknown_flag
2026-10-04T04:21:23.9869691Z PASS harness_list_empty
2026-10-04T04:21:23.9869924Z PASS harness_list_empty_json
2026-10-04T04:21:23.9870176Z PASS harness_list_installed
2026-10-04T04:21:23.9870424Z PASS harness_list_installed_json
2026-10-04T04:21:23.9870682Z PASS harness_list_foreign_json
2026-10-04T04:21:23.9870933Z PASS harness_list_malformed_json
2026-10-04T04:21:23.9871184Z PASS harness_list_unknown_flag
2026-10-04T04:21:23.9871445Z PASS harness_unknown_subcommand
2026-10-04T04:21:23.9871696Z PASS harness_health_empty_json
2026-10-04T04:21:23.9871959Z PASS harness_health_malformed_json
2026-10-04T04:21:23.9872248Z PASS harness_health_malformed_json_response
2026-10-04T04:21:23.9872895Z ACCEPTED HAR-007 harness_health_missing_command (validated versioned health contract)
2026-10-04T04:21:23.9873343Z PASS harness_health_missing_command
2026-10-04T04:21:23.9873784Z ACCEPTED HAR-007 harness_health_missing_command_json (validated versioned health contract)
2026-10-04T04:21:23.9874246Z PASS harness_health_missing_command_json
2026-10-04T04:21:23.9874538Z PASS harness_health_initialize
2026-10-04T04:21:23.9874948Z ACCEPTED HAR-007 harness_health_initialize_json (validated versioned health contract)
2026-10-04T04:21:23.9875382Z PASS harness_health_initialize_json
2026-10-04T04:21:23.9875655Z PASS harness_health_filter_json
2026-10-04T04:21:23.9875921Z PASS harness_health_unknown_harness
2026-10-04T04:21:23.9876187Z PASS skills_list_empty_library
2026-10-04T04:21:23.9876446Z PASS skills_list_empty_library_json
2026-10-04T04:21:23.9876720Z PASS skills_list_populated_library
2026-10-04T04:21:23.9877007Z PASS skills_list_populated_library_json
2026-10-04T04:21:23.9877301Z PASS skills_list_categories_json
2026-10-04T04:21:23.9877571Z PASS skills_list_managed_installs_json
2026-10-04T04:21:23.9877849Z PASS skills_list_last_used_json
2026-10-04T04:21:23.9878118Z PASS skills_list_target_flag_is_ignored
2026-10-04T04:21:23.9878712Z PASS skills_list_broken_skill_fallback
2026-10-04T04:21:23.9879102Z PASS skills_list_missing_skill_md_fallback
2026-10-04T04:21:23.9879407Z PASS skills_list_unknown_flag_fallback
2026-10-04T04:21:23.9879723Z PASS skills_list_dynamic_config_fallback
2026-10-04T04:21:23.9880021Z PASS skills_targets_dynamic_root_native
2026-10-04T04:21:23.9880307Z PASS skills_targets_mixed_json
2026-10-04T04:21:23.9880566Z PASS skills_targets_mixed_table
2026-10-04T04:21:23.9880835Z PASS skills_targets_empty_root_json
2026-10-04T04:21:23.9881115Z PASS skills_targets_managed_only_json
2026-10-04T04:21:23.9881433Z PASS skills_targets_config_dir_evidence_json
2026-10-04T04:21:23.9881902Z PASS skills_targets_project_scope_json
2026-10-04T04:21:23.9882205Z PASS skills_targets_symlink_entry_json
2026-10-04T04:21:23.9882505Z PASS skills_targets_unknown_scope_fallback
2026-10-04T04:21:23.9882809Z PASS skills_targets_unknown_flag_fallback
2026-10-04T04:21:23.9883101Z PASS skills_log_populated_fallback
2026-10-04T04:21:23.9883378Z PASS skills_sync_dry_run_dynamic_config
2026-10-04T04:21:23.9883664Z PASS skills_sync_dry_run_json
2026-10-04T04:21:23.9883923Z PASS skills_log_empty_json
2026-10-04T04:21:23.9884173Z PASS skills_targets_default_json
2026-10-04T04:21:23.9884442Z PASS skills_status_unknown_target
2026-10-04T04:21:23.9884712Z PASS skills_status_unknown_flag
2026-10-04T04:21:23.9884968Z 504 parity cases passed
2026-10-04T04:21:24.0002421Z ##[group]Run cargo test -p symbrain-cli --test mcp_cli_tests --locked
2026-10-04T04:21:24.0002950Z [36;1mcargo test -p symbrain-cli --test mcp_cli_tests --locked[0m
2026-10-04T04:21:24.0072075Z shell: /usr/bin/bash -e {0}
2026-10-04T04:21:24.0072334Z env:
2026-10-04T04:21:24.0072533Z   GOTOOLCHAIN: local
2026-10-04T04:21:24.0072765Z ##[endgroup]
2026-10-04T04:21:24.2097327Z    Compiling symguard-cli v0.12.1 (/home/runner/work/symaira-brain/symaira-brain/rust/symguard-cli)
2026-10-04T04:21:24.2099235Z    Compiling symbrain-skills v0.12.1 (/home/runner/work/symaira-brain/symaira-brain/rust/symbrain-skills)
2026-10-04T04:21:24.2100740Z    Compiling symbrain-cli v0.12.1 (/home/runner/work/symaira-brain/symaira-brain/rust/symbrain-cli)
2026-10-04T04:21:24.6397930Z    Compiling symbrain-gateway v0.12.1 (/home/runner/work/symaira-brain/symaira-brain/rust/symbrain-gateway)
2026-10-04T04:21:26.4194887Z     Finished `test` profile [unoptimized + debuginfo] target(s) in 2.37s
2026-10-04T04:21:26.4336144Z      Running tests/mcp_cli_tests.rs (target/debug/deps/mcp_cli_tests-f025ce1ae5aa12e2)
2026-10-04T04:21:26.4349520Z 
2026-10-04T04:21:26.4349690Z running 20 tests
2026-10-04T04:21:26.4430104Z test configured_antigravity_does_not_force_the_usage_route_to_go ... ok
2026-10-04T04:21:26.4461341Z test claude_oauth_file_routes_usage_to_native_parser_without_keychain_or_provider_request ... ok
2026-10-04T04:21:26.4535025Z test codex_default_file_env_and_home_override_routes_are_native ... ok
2026-10-04T04:21:26.4591709Z test direct_claude_oauth_routes_usage_to_native_parser_without_provider_request ... ok
2026-10-04T04:21:26.4739975Z test enabled_skills_server_exposes_native_tools_without_go_fallback ... ok
2026-10-04T04:21:26.4863917Z test kimi_and_nous_supported_home_overrides_route_natively_only_for_proven_files ... ok
2026-10-04T04:21:26.4929501Z test deprecated_serve_alias_is_native_and_warns_only_on_stderr ... ok
2026-10-04T04:21:26.4949474Z test copilot_single_default_file_routes_natively_and_unproven_shapes_keep_go ... ok
2026-10-04T04:21:26.4984701Z test command_factory_hermetically_isolates_environment_from_outer_xdg_and_provider_keys ... ok
2026-10-04T04:21:26.5039912Z test mcp_profile_errors_and_unknown_flags_do_not_fallback ... ok
2026-10-04T04:21:26.5189815Z test kimi_default_file_routes_follow_the_source_bound_candidate_contract ... ok
2026-10-04T04:21:26.5371322Z test noncanonical_or_ambiguous_claude_files_remain_on_go ... ok
2026-10-04T04:21:26.5519197Z test mcp_subprocess_runs_native_initialize_list_call_and_silent_notification ... ok
2026-10-04T04:21:26.5533334Z test mcp_profile_flag_loads_xdg_profile_directory ... ok
2026-10-04T04:21:26.5552009Z test native_mcp_audit_creates_redacted_jsonl_without_stdout_pollution ... ok
2026-10-04T04:21:26.5579138Z test supported_provider_combination_routes_before_any_live_request ... ok
2026-10-04T04:21:26.5724006Z test usage_subprocess_lists_and_calls_native_tool_without_go_fallback ... ok
2026-10-04T04:21:26.5757834Z test sigterm_while_idle_exits_cleanly_with_stdin_open ... ok
2026-10-04T04:21:26.6075159Z test nous_auth_file_presence_keeps_unproven_shapes_on_go ... ok
2026-10-04T04:21:26.6285682Z test sigterm_cancels_gateway_and_terminates_child_process_group ... ok
2026-10-04T04:21:26.6286254Z 
2026-10-04T04:21:26.6286779Z test result: ok. 20 passed; 0 failed; 0 ignored; 0 measured; 0 filtered out; finished in 0.19s
2026-10-04T04:21:26.6287425Z 
2026-10-04T04:21:26.6388938Z ##[group]Run go build -o "$RUNNER_TEMP/symbrain-go-mcp" ./cmd/symbrain
2026-10-04T04:21:26.6389516Z [36;1mgo build -o "$RUNNER_TEMP/symbrain-go-mcp" ./cmd/symbrain[0m
2026-10-04T04:21:26.6389970Z [36;1mcargo build -p symbrain-cli --bin symbrain --locked[0m
2026-10-04T04:21:26.6390516Z [36;1mpython3 scripts/mcp-differential.py "$RUNNER_TEMP/symbrain-go-mcp" target/debug/symbrain[0m
2026-10-04T04:21:26.6490406Z shell: /usr/bin/bash -e {0}
2026-10-04T04:21:26.6490695Z env:
2026-10-04T04:21:26.6490909Z   GOTOOLCHAIN: local
2026-10-04T04:21:26.6491144Z ##[endgroup]
2026-10-04T04:21:42.3644026Z     Finished `dev` profile [unoptimized + debuginfo] target(s) in 0.15s
2026-10-04T04:21:43.2247468Z PASS Go/Rust MCP line frames, embedded memory calls, status and stderr
2026-10-04T04:21:43.2248407Z PASS Go/Rust MCP content-length frames, embedded memory calls, status and stderr
2026-10-04T04:21:43.2249742Z PASS Go/Rust MCP foreign stdio child initialize/list/call, notification silence, frames and diagnostics
2026-10-04T04:21:43.2250669Z PASS Go/Rust MCP URL-only foreign server warning and skip
2026-10-04T04:21:43.2251300Z PASS Go/Rust MCP malformed frame status and stderr corpus
2026-10-04T04:21:43.2252177Z PASS Go/Rust MCP --profile/--profile-file resolution and flag/profile failure status, stdout, stderr
2026-10-04T04:21:43.2252976Z PASS Go/Rust MCP SIGTERM lifecycle with stdin open
2026-10-04T04:21:43.2360544Z ##[group]Run scripts/guard-standalone-oracle/run.sh "$RUNNER_TEMP/guard-standalone.json"
2026-10-04T04:21:43.2361757Z [36;1mscripts/guard-standalone-oracle/run.sh "$RUNNER_TEMP/guard-standalone.json"[0m
2026-10-04T04:21:43.2447440Z shell: /usr/bin/bash --noprofile --norc -e -o pipefail {0}
2026-10-04T04:21:43.2447794Z env:
2026-10-04T04:21:43.2447996Z   GOTOOLCHAIN: local
2026-10-04T04:21:43.2448221Z ##[endgroup]
2026-10-04T04:21:44.1725066Z    Compiling proc-macro2 v1.0.107
2026-10-04T04:21:44.1725674Z    Compiling rustix v1.1.4
2026-10-04T04:21:44.1727039Z    Compiling linux-raw-sys v0.12.1
2026-10-04T04:21:44.1727692Z    Compiling quote v1.0.47
2026-10-04T04:21:44.3439484Z    Compiling libc v0.2.189
2026-10-04T04:21:44.4609904Z    Compiling hashbrown v0.17.1
2026-10-04T04:21:45.0419837Z    Compiling indexmap v2.14.2
2026-10-04T04:21:45.2251617Z    Compiling syn v3.0.5
2026-10-04T04:21:45.6349733Z    Compiling serde_json v1.0.151
2026-10-04T04:21:45.7320229Z    Compiling getrandom v0.4.3
2026-10-04T04:21:45.7449987Z    Compiling memchr v2.8.3
2026-10-04T04:21:45.8560070Z    Compiling toml_edit v0.25.13+spec-1.1.0
2026-10-04T04:21:47.5769182Z    Compiling fs-set-times v0.20.3
2026-10-04T04:21:47.6679791Z    Compiling rustix-linux-procfs v0.1.1
2026-10-04T04:21:47.7940415Z    Compiling serde_derive v1.0.229
2026-10-04T04:21:47.8630025Z    Compiling cap-primitives v4.0.3
2026-10-04T04:21:48.0270618Z    Compiling tempfile v3.27.0
2026-10-04T04:21:48.3129913Z    Compiling cap-std v4.0.3
2026-10-04T04:21:48.4370035Z    Compiling getrandom v0.3.3
2026-10-04T04:21:48.5484648Z    Compiling cap-fs-ext v4.0.3
2026-10-04T04:21:49.4902344Z    Compiling serde v1.0.229
2026-10-04T04:21:49.7983912Z    Compiling chrono v0.4.45
2026-10-04T04:21:49.7985726Z    Compiling serde_yaml_ng v0.10.0
2026-10-04T04:21:50.5191259Z    Compiling symbrain-core v0.12.1 (/home/runner/work/symaira-brain/symaira-brain/rust/symbrain-core)
2026-10-04T04:21:50.9846621Z    Compiling symbrain-guard-core v0.12.1 (/home/runner/work/symaira-brain/symaira-brain/rust/symbrain-guard-core)
2026-10-04T04:21:50.9847616Z    Compiling symbrain-audit v0.12.1 (/home/runner/work/symaira-brain/symaira-brain/rust/symbrain-audit)
2026-10-04T04:21:52.3710681Z    Compiling symguard-cli v0.12.1 (/home/runner/work/symaira-brain/symaira-brain/rust/symguard-cli)
2026-10-04T04:21:53.9172814Z     Finished `dev` profile [unoptimized + debuginfo] target(s) in 9.84s
2026-10-04T04:21:57.2839378Z 124 actual standalone process cases; 121 full matches; 3 remaining doctor diagnostic states and 0 audit diagnostic deviations explicitly retained
2026-10-04T04:21:57.4911510Z actual diagnostic output mutants rejected: 3
2026-10-04T04:21:58.2128813Z raw-path process cases 63 passed; actual controls rejected 2
2026-10-04T04:21:58.2932025Z ##[group]Run actions/upload-artifact@043fb46d1a93c77aae656e7c1c64a875d1fc6a0a
2026-10-04T04:21:58.2932485Z with:
2026-10-04T04:21:58.2932717Z   name: guard-standalone-Linux
2026-10-04T04:21:58.2933448Z   path: /home/runner/work/_temp/guard-standalone.json
/home/runner/work/_temp/guard-standalone-controls.json
/home/runner/work/_temp/guard-standalone-raw-paths.json

2026-10-04T04:21:58.2934174Z   if-no-files-found: error
2026-10-04T04:21:58.2934421Z   retention-days: 14
2026-10-04T04:21:58.2934642Z   compression-level: 6
2026-10-04T04:21:58.2934856Z   overwrite: false
2026-10-04T04:21:58.2935069Z   include-hidden-files: false
2026-10-04T04:21:58.2935306Z   archive: true
2026-10-04T04:21:58.2935502Z env:
2026-10-04T04:21:58.2935687Z   GOTOOLCHAIN: local
2026-10-04T04:21:58.2935893Z ##[endgroup]
2026-10-04T04:21:58.4409531Z Multiple search paths detected. Calculating the least common ancestor of all paths
2026-10-04T04:21:58.4412107Z The least common ancestor is /home/runner/work/_temp. This will be the root directory of the artifact
2026-10-04T04:21:58.4413340Z With the provided path, there will be 3 files uploaded
2026-10-04T04:21:58.4416441Z Artifact name is valid!
2026-10-04T04:21:58.4416898Z Root directory input is valid!
2026-10-04T04:21:58.7033614Z Uploading artifact: guard-standalone-Linux.zip
2026-10-04T04:21:58.7077927Z Beginning upload of artifact content to blob storage
2026-10-04T04:21:58.9022257Z Uploaded bytes 81682
2026-10-04T04:21:58.9340846Z Finished uploading artifact content to blob storage!
2026-10-04T04:21:58.9342135Z SHA256 digest of uploaded artifact is 498d9d5fe3d761b7042ac89cde36c48c3063806a03d2211c09f8a27b247c4c3b
2026-10-04T04:21:58.9343320Z Finalizing artifact upload
2026-10-04T04:21:59.2045935Z Artifact guard-standalone-Linux successfully finalized. Artifact ID 11293697497
2026-10-04T04:21:59.2047208Z Artifact guard-standalone-Linux has been successfully uploaded! Final size is 81682 bytes. Artifact ID is 11293697497
2026-10-04T04:21:59.2050528Z Artifact download URL: https://github.com/danieljustus/symaira-brain/actions/runs/37174759809/artifacts/11293697497
2026-10-04T04:21:59.2179987Z ##[group]Run scripts/activity-validation-oracle/run.sh "$RUNNER_TEMP/activity-validation-767.json"
2026-10-04T04:21:59.2180758Z [36;1mscripts/activity-validation-oracle/run.sh "$RUNNER_TEMP/activity-validation-767.json"[0m
2026-10-04T04:21:59.2244722Z shell: /usr/bin/bash --noprofile --norc -e -o pipefail {0}
2026-10-04T04:21:59.2245086Z env:
2026-10-04T04:21:59.2245286Z   GOTOOLCHAIN: local
2026-10-04T04:21:59.2245517Z ##[endgroup]
2026-10-04T04:22:04.3525606Z Wrote /home/runner/work/_temp/activity-validation-767.Ao9OLZ/activity-cli.json
2026-10-04T04:22:04.6100305Z     Finished `dev` profile [unoptimized + debuginfo] target(s) in 0.15s
2026-10-04T04:22:04.8092295Z    Compiling symbrain-cli v0.12.1 (/home/runner/work/symaira-brain/symaira-brain/rust/symbrain-cli)
2026-10-04T04:22:05.3265916Z     Finished `test` profile [unoptimized + debuginfo] target(s) in 0.67s
2026-10-04T04:22:05.3399408Z      Running tests/activity_cli_oracle_tests.rs (target/debug/deps/activity_cli_oracle_tests-7053237f5eb4a22a)
2026-10-04T04:22:05.3412882Z 
2026-10-04T04:22:05.3413071Z running 1 test
2026-10-04T04:22:05.4305872Z test bounded_activity_reads_match_the_pinned_go_commands ... ok
2026-10-04T04:22:05.4306237Z 
2026-10-04T04:22:05.4306532Z test result: ok. 1 passed; 0 failed; 0 ignored; 0 measured; 0 filtered out; finished in 0.09s
2026-10-04T04:22:05.4306923Z 
2026-10-04T04:22:09.8481013Z 265/265 real activity validation cases match
2026-10-04T04:22:10.0305234Z    Compiling symbrain-cli v0.12.1 (/home/runner/work/symaira-brain/symaira-brain/rust/symbrain-cli)
2026-10-04T04:22:10.4034786Z     Finished `test` profile [unoptimized + debuginfo] target(s) in 0.52s
2026-10-04T04:22:10.4167841Z      Running tests/activity_validation_tests.rs (target/debug/deps/activity_validation_tests-05384a456e103cbb)
2026-10-04T04:22:10.4180413Z 
2026-10-04T04:22:10.4180585Z running 1 test
2026-10-04T04:22:11.5130693Z test activity_validation_matches_complete_go_process_fixture_without_fallback ... ok
2026-10-04T04:22:11.5131459Z 
2026-10-04T04:22:11.5132028Z test result: ok. 1 passed; 0 failed; 0 ignored; 0 measured; 0 filtered out; finished in 1.09s
2026-10-04T04:22:11.5132473Z 
2026-10-04T04:22:13.2422685Z 3/3 actual native fixture failure controls passed
2026-10-04T04:22:13.2577820Z ##[group]Run actions/upload-artifact@043fb46d1a93c77aae656e7c1c64a875d1fc6a0a
2026-10-04T04:22:13.2578266Z with:
2026-10-04T04:22:13.2578823Z   name: activity-validation-767-Linux
2026-10-04T04:22:13.2579681Z   path: /home/runner/work/_temp/activity-validation-767.json
/home/runner/work/_temp/activity-validation-767.json.fixture.json
/home/runner/work/_temp/activity-validation-767.json.controls.json

2026-10-04T04:22:13.2580526Z   if-no-files-found: error
2026-10-04T04:22:13.2580793Z   retention-days: 14
2026-10-04T04:22:13.2581018Z   compression-level: 6
2026-10-04T04:22:13.2581238Z   overwrite: false
2026-10-04T04:22:13.2581463Z   include-hidden-files: false
2026-10-04T04:22:13.2581706Z   archive: true
2026-10-04T04:22:13.2581938Z env:
2026-10-04T04:22:13.2582132Z   GOTOOLCHAIN: local
2026-10-04T04:22:13.2582343Z ##[endgroup]
2026-10-04T04:22:13.4060594Z Multiple search paths detected. Calculating the least common ancestor of all paths
2026-10-04T04:22:13.4063467Z The least common ancestor is /home/runner/work/_temp. This will be the root directory of the artifact
2026-10-04T04:22:13.4064647Z With the provided path, there will be 3 files uploaded
2026-10-04T04:22:13.4069593Z Artifact name is valid!
2026-10-04T04:22:13.4070665Z Root directory input is valid!
2026-10-04T04:22:13.6319675Z Uploading artifact: activity-validation-767-Linux.zip
2026-10-04T04:22:13.6365395Z Beginning upload of artifact content to blob storage
2026-10-04T04:22:13.8216542Z Uploaded bytes 20732
2026-10-04T04:22:13.8584899Z Finished uploading artifact content to blob storage!
2026-10-04T04:22:13.8585772Z SHA256 digest of uploaded artifact is ea51a8fb1e2ef001c6dd82ac33fe581b7428bb809cd7125224686d42ee9c90bf
2026-10-04T04:22:13.8586445Z Finalizing artifact upload
2026-10-04T04:22:14.1260601Z Artifact activity-validation-767-Linux successfully finalized. Artifact ID 11293283687
2026-10-04T04:22:14.1261978Z Artifact activity-validation-767-Linux has been successfully uploaded! Final size is 20732 bytes. Artifact ID is 11293283687
2026-10-04T04:22:14.1266045Z Artifact download URL: https://github.com/danieljustus/symaira-brain/actions/runs/37174759809/artifacts/11293283687
2026-10-04T04:22:14.1380782Z ##[group]Run scripts/setup-repair-oracle/run.sh "$RUNNER_TEMP/setup-repair-parity.json"
2026-10-04T04:22:14.1381487Z [36;1mscripts/setup-repair-oracle/run.sh "$RUNNER_TEMP/setup-repair-parity.json"[0m
2026-10-04T04:22:14.1444384Z shell: /usr/bin/bash --noprofile --norc -e -o pipefail {0}
2026-10-04T04:22:14.1444755Z env:
2026-10-04T04:22:14.1444960Z   GOTOOLCHAIN: local
2026-10-04T04:22:14.1445189Z ##[endgroup]
2026-10-04T04:22:18.1164700Z     Finished `dev` profile [unoptimized + debuginfo] target(s) in 0.15s
2026-10-04T04:22:23.4176414Z PASS setup_unknown_flag
2026-10-04T04:22:23.4177224Z PASS setup_lone_hyphen (stdout, stderr, exit code, fs manifest/modes)
2026-10-04T04:22:23.4178157Z PASS setup_install_json (stdout, stderr, exit code, fs manifest/modes)
2026-10-04T04:22:23.4179418Z PASS setup_install_human (stdout, stderr, exit code, fs manifest/modes)
2026-10-04T04:22:23.4180425Z PASS setup_install_cosign_fail_json (stdout, stderr, exit code, fs manifest/modes)
2026-10-04T04:22:23.4181538Z PASS setup_cosign_command_fail_json (stdout, stderr, exit code, fs manifest/modes)
2026-10-04T04:22:23.4182566Z PASS setup_fix_correct_json (stdout, stderr, exit code, fs manifest/modes)
2026-10-04T04:22:23.4183535Z PASS setup_fix_correct_human (stdout, stderr, exit code, fs manifest/modes)
2026-10-04T04:22:23.4184519Z PASS setup_fix_mismatched_json (stdout, stderr, exit code, fs manifest/modes)
2026-10-04T04:22:23.4185574Z PASS repair-sidecar-0-force-False (stdout, stderr, exit code, fs manifest/modes)
2026-10-04T04:22:23.4186644Z PASS repair-sidecar-0-force-True (stdout, stderr, exit code, fs manifest/modes)
2026-10-04T04:22:23.4187670Z PASS repair-sidecar-1-force-False (stdout, stderr, exit code, fs manifest/modes)
2026-10-04T04:22:23.4188995Z PASS repair-sidecar-1-force-True (stdout, stderr, exit code, fs manifest/modes)
2026-10-04T04:22:23.4190050Z PASS repair-sidecar-2-force-False (stdout, stderr, exit code, fs manifest/modes)
2026-10-04T04:22:23.4191111Z PASS repair-sidecar-2-force-True (stdout, stderr, exit code, fs manifest/modes)
2026-10-04T04:22:23.4192156Z PASS repair-sidecar-3-force-False (stdout, stderr, exit code, fs manifest/modes)
2026-10-04T04:22:23.4193198Z PASS repair-sidecar-3-force-True (stdout, stderr, exit code, fs manifest/modes)
2026-10-04T04:22:23.4194282Z PASS repair-sidecar-4-force-False (stdout, stderr, exit code, fs manifest/modes)
2026-10-04T04:22:23.4195364Z PASS repair-sidecar-4-force-True (stdout, stderr, exit code, fs manifest/modes)
2026-10-04T04:22:23.4196417Z PASS repair-sidecar-5-force-False (stdout, stderr, exit code, fs manifest/modes)
2026-10-04T04:22:23.4197456Z PASS repair-sidecar-5-force-True (stdout, stderr, exit code, fs manifest/modes)
2026-10-04T04:22:23.4198923Z PASS repair-sidecar-6-force-False (stdout, stderr, exit code, fs manifest/modes)
2026-10-04T04:22:23.4200008Z PASS repair-sidecar-6-force-True (stdout, stderr, exit code, fs manifest/modes)
2026-10-04T04:22:23.4201016Z PASS repair-sidecar-7-force-False (stdout, stderr, exit code, fs manifest/modes)
2026-10-04T04:22:23.4202023Z PASS repair-sidecar-7-force-True (stdout, stderr, exit code, fs manifest/modes)
2026-10-04T04:22:23.4203119Z PASS repair-sidecar-8-force-False (stdout, stderr, exit code, fs manifest/modes)
2026-10-04T04:22:23.4204181Z PASS repair-sidecar-8-force-True (stdout, stderr, exit code, fs manifest/modes)
2026-10-04T04:22:23.4205663Z PASS repair-sidecar-9-force-False (stdout, stderr, exit code, fs manifest/modes)
2026-10-04T04:22:23.4206760Z PASS repair-sidecar-9-force-True (stdout, stderr, exit code, fs manifest/modes)
2026-10-04T04:22:23.4207852Z PASS repair-sidecar-10-force-False (stdout, stderr, exit code, fs manifest/modes)
2026-10-04T04:22:23.4209213Z PASS repair-sidecar-10-force-True (stdout, stderr, exit code, fs manifest/modes)
2026-10-04T04:22:23.4210281Z PASS repair-sidecar-11-force-False (stdout, stderr, exit code, fs manifest/modes)
2026-10-04T04:22:23.4211377Z PASS repair-sidecar-11-force-True (stdout, stderr, exit code, fs manifest/modes)
2026-10-04T04:22:23.4212817Z PASS repair-sidecar-12-force-False (stdout, stderr, exit code, fs manifest/modes)
2026-10-04T04:22:23.4213975Z PASS repair-sidecar-12-force-True (stdout, stderr, exit code, fs manifest/modes)
2026-10-04T04:22:23.4215032Z PASS repair-sidecar-13-force-False (stdout, stderr, exit code, fs manifest/modes)
2026-10-04T04:22:23.4216165Z PASS repair-sidecar-13-force-True (stdout, stderr, exit code, fs manifest/modes)
2026-10-04T04:22:23.4217277Z PASS repair-sidecar-14-force-False (stdout, stderr, exit code, fs manifest/modes)
2026-10-04T04:22:23.4218392Z PASS repair-sidecar-14-force-True (stdout, stderr, exit code, fs manifest/modes)
2026-10-04T04:22:23.4219763Z PASS repair-sidecar-15-force-False (stdout, stderr, exit code, fs manifest/modes)
2026-10-04T04:22:23.4220869Z PASS repair-sidecar-15-force-True (stdout, stderr, exit code, fs manifest/modes)
2026-10-04T04:22:23.4221980Z PASS repair-sidecar-16-force-False (stdout, stderr, exit code, fs manifest/modes)
2026-10-04T04:22:23.4223086Z PASS repair-sidecar-16-force-True (stdout, stderr, exit code, fs manifest/modes)
2026-10-04T04:22:23.4224198Z PASS repair-sidecar-17-force-False (stdout, stderr, exit code, fs manifest/modes)
2026-10-04T04:22:23.4225298Z PASS repair-sidecar-17-force-True (stdout, stderr, exit code, fs manifest/modes)
2026-10-04T04:22:23.4226390Z PASS repair-sidecar-18-force-False (stdout, stderr, exit code, fs manifest/modes)
2026-10-04T04:22:23.4227471Z PASS repair-sidecar-18-force-True (stdout, stderr, exit code, fs manifest/modes)
2026-10-04T04:22:23.4228790Z PASS repair-sidecar-19-force-False (stdout, stderr, exit code, fs manifest/modes)
2026-10-04T04:22:23.4229890Z PASS repair-sidecar-19-force-True (stdout, stderr, exit code, fs manifest/modes)
2026-10-04T04:22:23.4230969Z PASS repair-sidecar-20-force-False (stdout, stderr, exit code, fs manifest/modes)
2026-10-04T04:22:23.4232043Z PASS repair-sidecar-20-force-True (stdout, stderr, exit code, fs manifest/modes)
2026-10-04T04:22:23.4233105Z PASS repair-sidecar-21-force-False (stdout, stderr, exit code, fs manifest/modes)
2026-10-04T04:22:23.4234165Z PASS repair-sidecar-21-force-True (stdout, stderr, exit code, fs manifest/modes)
2026-10-04T04:22:23.4235245Z PASS repair-sidecar-22-force-False (stdout, stderr, exit code, fs manifest/modes)
2026-10-04T04:22:23.4236355Z PASS repair-sidecar-22-force-True (stdout, stderr, exit code, fs manifest/modes)
2026-10-04T04:22:23.4237453Z PASS repair-sidecar-23-force-False (stdout, stderr, exit code, fs manifest/modes)
2026-10-04T04:22:23.4238787Z PASS repair-sidecar-23-force-True (stdout, stderr, exit code, fs manifest/modes)
2026-10-04T04:22:23.4239891Z PASS repair-sidecar-24-force-False (stdout, stderr, exit code, fs manifest/modes)
2026-10-04T04:22:23.4240985Z PASS repair-sidecar-24-force-True (stdout, stderr, exit code, fs manifest/modes)
2026-10-04T04:22:23.4242084Z PASS repair-sidecar-25-force-False (stdout, stderr, exit code, fs manifest/modes)
2026-10-04T04:22:23.4243177Z PASS repair-sidecar-25-force-True (stdout, stderr, exit code, fs manifest/modes)
2026-10-04T04:22:23.4244281Z PASS repair-sidecar-26-force-False (stdout, stderr, exit code, fs manifest/modes)
2026-10-04T04:22:23.4245327Z PASS repair-sidecar-26-force-True (stdout, stderr, exit code, fs manifest/modes)
2026-10-04T04:22:23.4246368Z PASS repair-sidecar-27-force-False (stdout, stderr, exit code, fs manifest/modes)
2026-10-04T04:22:23.4247337Z PASS repair-sidecar-27-force-True (stdout, stderr, exit code, fs manifest/modes)
2026-10-04T04:22:23.4248135Z PASS repair-sidecar-28-force-False (stdout, stderr, exit code, fs manifest/modes)
2026-10-04T04:22:23.4249300Z PASS repair-sidecar-28-force-True (stdout, stderr, exit code, fs manifest/modes)
2026-10-04T04:22:23.4249906Z PASS repair-sidecar-29-force-False (stdout, stderr, exit code, fs manifest/modes)
2026-10-04T04:22:23.4250482Z PASS repair-sidecar-29-force-True (stdout, stderr, exit code, fs manifest/modes)
2026-10-04T04:22:23.4251266Z PASS repair-sidecar-30-force-False (stdout, stderr, exit code, fs manifest/modes)
2026-10-04T04:22:23.4252044Z PASS repair-sidecar-30-force-True (stdout, stderr, exit code, fs manifest/modes)
2026-10-04T04:22:23.4252815Z PASS repair-sidecar-31-force-False (stdout, stderr, exit code, fs manifest/modes)
2026-10-04T04:22:23.4253456Z PASS repair-sidecar-31-force-True (stdout, stderr, exit code, fs manifest/modes)
2026-10-04T04:22:23.4254185Z PASS repair-sidecar-32-force-False (stdout, stderr, exit code, fs manifest/modes)
2026-10-04T04:22:23.4254893Z PASS repair-sidecar-32-force-True (stdout, stderr, exit code, fs manifest/modes)
2026-10-04T04:22:23.4255502Z PASS repair-sidecar-33-force-False (stdout, stderr, exit code, fs manifest/modes)
2026-10-04T04:22:23.4256242Z PASS repair-sidecar-33-force-True (stdout, stderr, exit code, fs manifest/modes)
2026-10-04T04:22:23.4256816Z PASS repair-sidecar-34-force-False (stdout, stderr, exit code, fs manifest/modes)
2026-10-04T04:22:23.4257541Z PASS repair-sidecar-34-force-True (stdout, stderr, exit code, fs manifest/modes)
2026-10-04T04:22:23.4258119Z PASS repair-sidecar-35-force-False (stdout, stderr, exit code, fs manifest/modes)
2026-10-04T04:22:23.4259156Z PASS repair-sidecar-35-force-True (stdout, stderr, exit code, fs manifest/modes)
2026-10-04T04:22:23.4260087Z PASS repair-sidecar-36-force-False (stdout, stderr, exit code, fs manifest/modes)
2026-10-04T04:22:23.4260848Z PASS repair-sidecar-36-force-True (stdout, stderr, exit code, fs manifest/modes)
2026-10-04T04:22:23.4261566Z PASS repair-sidecar-37-force-False (stdout, stderr, exit code, fs manifest/modes)
2026-10-04T04:22:23.4262235Z PASS repair-sidecar-37-force-True (stdout, stderr, exit code, fs manifest/modes)
2026-10-04T04:22:23.4263065Z PASS repair-sidecar-38-force-False (stdout, stderr, exit code, fs manifest/modes)
2026-10-04T04:22:23.4263648Z PASS repair-sidecar-38-force-True (stdout, stderr, exit code, fs manifest/modes)
2026-10-04T04:22:23.4264355Z PASS repair-bool-json-1 (stdout, stderr, exit code, fs manifest/modes)
2026-10-04T04:22:23.4264868Z PASS repair-bool-json-t (stdout, stderr, exit code, fs manifest/modes)
2026-10-04T04:22:23.4265540Z PASS repair-bool-json-T (stdout, stderr, exit code, fs manifest/modes)
2026-10-04T04:22:23.4266056Z PASS repair-bool-json-TRUE (stdout, stderr, exit code, fs manifest/modes)
2026-10-04T04:22:23.4266730Z PASS repair-bool-json-True (stdout, stderr, exit code, fs manifest/modes)
2026-10-04T04:22:23.4267247Z PASS repair-bool-json-true (stdout, stderr, exit code, fs manifest/modes)
2026-10-04T04:22:23.4267906Z PASS repair-bool-json-0 (stdout, stderr, exit code, fs manifest/modes)
2026-10-04T04:22:23.4268705Z PASS repair-bool-json-f (stdout, stderr, exit code, fs manifest/modes)
2026-10-04T04:22:23.4269332Z PASS repair-bool-json-F (stdout, stderr, exit code, fs manifest/modes)
2026-10-04T04:22:23.4269933Z PASS repair-bool-json-FALSE (stdout, stderr, exit code, fs manifest/modes)
2026-10-04T04:22:23.4270546Z PASS repair-bool-json-False (stdout, stderr, exit code, fs manifest/modes)
2026-10-04T04:22:23.4271154Z PASS repair-bool-json-false (stdout, stderr, exit code, fs manifest/modes)
2026-10-04T04:22:23.4271742Z PASS repair-bool-json- (stdout, stderr, exit code, fs manifest/modes)
2026-10-04T04:22:23.4272343Z PASS repair-bool-json-yes (stdout, stderr, exit code, fs manifest/modes)
2026-10-04T04:22:23.4272915Z PASS repair-bool-fix-1 (stdout, stderr, exit code, fs manifest/modes)
2026-10-04T04:22:23.4273757Z PASS repair-bool-fix-t (stdout, stderr, exit code, fs manifest/modes)
2026-10-04T04:22:27.2283716Z PASS repair-bool-fix-T (stdout, stderr, exit code, fs manifest/modes)
2026-10-04T04:22:27.2284444Z PASS repair-bool-fix-TRUE (stdout, stderr, exit code, fs manifest/modes)
2026-10-04T04:22:27.2285007Z PASS repair-bool-fix-True (stdout, stderr, exit code, fs manifest/modes)
2026-10-04T04:22:27.2285542Z PASS repair-bool-fix-true (stdout, stderr, exit code, fs manifest/modes)
2026-10-04T04:22:27.2286079Z PASS repair-bool-fix-0 (stdout, stderr, exit code, fs manifest/modes)
2026-10-04T04:22:27.2286583Z PASS repair-bool-fix-f (stdout, stderr, exit code, fs manifest/modes)
2026-10-04T04:22:27.2287324Z PASS repair-bool-fix-F (stdout, stderr, exit code, fs manifest/modes)
2026-10-04T04:22:27.2287850Z PASS repair-bool-fix-FALSE (stdout, stderr, exit code, fs manifest/modes)
2026-10-04T04:22:27.2288575Z PASS repair-bool-fix-False (stdout, stderr, exit code, fs manifest/modes)
2026-10-04T04:22:27.2289127Z PASS repair-bool-fix-false (stdout, stderr, exit code, fs manifest/modes)
2026-10-04T04:22:27.2289677Z PASS repair-bool-fix- (stdout, stderr, exit code, fs manifest/modes)
2026-10-04T04:22:27.2290185Z PASS repair-bool-fix-yes (stdout, stderr, exit code, fs manifest/modes)
2026-10-04T04:22:27.2290748Z PASS repair-bool-allow-unsigned-1 (stdout, stderr, exit code, fs manifest/modes)
2026-10-04T04:22:27.2291351Z PASS repair-bool-allow-unsigned-t (stdout, stderr, exit code, fs manifest/modes)
2026-10-04T04:22:27.2291930Z PASS repair-bool-allow-unsigned-T (stdout, stderr, exit code, fs manifest/modes)
2026-10-04T04:22:27.2292563Z PASS repair-bool-allow-unsigned-TRUE (stdout, stderr, exit code, fs manifest/modes)
2026-10-04T04:22:27.2293189Z PASS repair-bool-allow-unsigned-True (stdout, stderr, exit code, fs manifest/modes)
2026-10-04T04:22:27.2293817Z PASS repair-bool-allow-unsigned-true (stdout, stderr, exit code, fs manifest/modes)
2026-10-04T04:22:27.2294410Z PASS repair-bool-allow-unsigned-0 (stdout, stderr, exit code, fs manifest/modes)
2026-10-04T04:22:27.2295026Z PASS repair-bool-allow-unsigned-f (stdout, stderr, exit code, fs manifest/modes)
2026-10-04T04:22:27.2295612Z PASS repair-bool-allow-unsigned-F (stdout, stderr, exit code, fs manifest/modes)
2026-10-04T04:22:27.2296224Z PASS repair-bool-allow-unsigned-FALSE (stdout, stderr, exit code, fs manifest/modes)
2026-10-04T04:22:27.2296861Z PASS repair-bool-allow-unsigned-False (stdout, stderr, exit code, fs manifest/modes)
2026-10-04T04:22:27.2297491Z PASS repair-bool-allow-unsigned-false (stdout, stderr, exit code, fs manifest/modes)
2026-10-04T04:22:27.2298102Z PASS repair-bool-allow-unsigned- (stdout, stderr, exit code, fs manifest/modes)
2026-10-04T04:22:27.2298855Z PASS repair-bool-allow-unsigned-yes (stdout, stderr, exit code, fs manifest/modes)
2026-10-04T04:22:27.2299456Z PASS repair-bool-force-release-1 (stdout, stderr, exit code, fs manifest/modes)
2026-10-04T04:22:27.2300026Z PASS repair-bool-force-release-t (stdout, stderr, exit code, fs manifest/modes)
2026-10-04T04:22:27.2300600Z PASS repair-bool-force-release-T (stdout, stderr, exit code, fs manifest/modes)
2026-10-04T04:22:27.2301181Z PASS repair-bool-force-release-TRUE (stdout, stderr, exit code, fs manifest/modes)
2026-10-04T04:22:27.2301778Z PASS repair-bool-force-release-True (stdout, stderr, exit code, fs manifest/modes)
2026-10-04T04:22:27.2302375Z PASS repair-bool-force-release-true (stdout, stderr, exit code, fs manifest/modes)
2026-10-04T04:22:27.2302965Z PASS repair-bool-force-release-0 (stdout, stderr, exit code, fs manifest/modes)
2026-10-04T04:22:27.2303542Z PASS repair-bool-force-release-f (stdout, stderr, exit code, fs manifest/modes)
2026-10-04T04:22:27.2304108Z PASS repair-bool-force-release-F (stdout, stderr, exit code, fs manifest/modes)
2026-10-04T04:22:27.2304710Z PASS repair-bool-force-release-FALSE (stdout, stderr, exit code, fs manifest/modes)
2026-10-04T04:22:27.2305325Z PASS repair-bool-force-release-False (stdout, stderr, exit code, fs manifest/modes)
2026-10-04T04:22:27.2305937Z PASS repair-bool-force-release-false (stdout, stderr, exit code, fs manifest/modes)
2026-10-04T04:22:27.2306712Z PASS repair-bool-force-release- (stdout, stderr, exit code, fs manifest/modes)
2026-10-04T04:22:27.2307356Z PASS repair-bool-force-release-yes (stdout, stderr, exit code, fs manifest/modes)
2026-10-04T04:22:27.2308012Z PASS repair-source-human (stdout, stderr, exit code, fs manifest/modes)
2026-10-04T04:22:27.2308977Z PASS repair-module-config-0 (stdout, stderr, exit code, fs manifest/modes)
2026-10-04T04:22:27.2309765Z PASS repair-module-config-1 (stdout, stderr, exit code, fs manifest/modes)
2026-10-04T04:22:27.2310594Z PASS repair-module-config-2 (stdout, stderr, exit code, fs manifest/modes)
2026-10-04T04:22:27.2328052Z PASS repair-module-config-3 (stdout, stderr, exit code, fs manifest/modes)
2026-10-04T04:22:27.2329193Z PASS repair-module-config-4 (stdout, stderr, exit code, fs manifest/modes)
2026-10-04T04:22:27.2330167Z PASS repair-module-config-5 (stdout, stderr, exit code, fs manifest/modes)
2026-10-04T04:22:27.2331137Z PASS repair-module-config-6 (stdout, stderr, exit code, fs manifest/modes)
2026-10-04T04:22:27.2332109Z PASS managed-home-dot-False (stdout, stderr, exit code, fs manifest/modes)
2026-10-04T04:22:27.2332998Z PASS managed-home-parent-False (stdout, stderr, exit code, fs manifest/modes)
2026-10-04T04:22:27.2333951Z PASS managed-home-slash-False (stdout, stderr, exit code, fs manifest/modes)
2026-10-04T04:22:27.2334826Z PASS managed-file-bin-False (stdout, stderr, exit code, fs manifest/modes)
2026-10-04T04:22:27.2335770Z PASS raw-managed-file-bin-False (stdout, stderr, exit code, fs manifest/modes)
2026-10-04T04:22:27.2336774Z PASS managed-file-parent-False (stdout, stderr, exit code, fs manifest/modes)
2026-10-04T04:22:27.2337797Z PASS raw-managed-file-parent-False (stdout, stderr, exit code, fs manifest/modes)
2026-10-04T04:22:27.2339172Z PASS managed-owner-None-False (stdout, stderr, exit code, fs manifest/modes)
2026-10-04T04:22:27.2340317Z PASS managed-owner-symlink-parent-False (stdout, stderr, exit code, fs manifest/modes)
2026-10-04T04:22:27.2341450Z PASS managed-home-dot-True (stdout, stderr, exit code, fs manifest/modes)
2026-10-04T04:22:27.2342447Z PASS managed-home-parent-True (stdout, stderr, exit code, fs manifest/modes)
2026-10-04T04:22:27.2343457Z PASS managed-home-slash-True (stdout, stderr, exit code, fs manifest/modes)
2026-10-04T04:22:27.2344427Z PASS managed-file-bin-True (stdout, stderr, exit code, fs manifest/modes)
2026-10-04T04:22:27.2345406Z PASS raw-managed-file-bin-True (stdout, stderr, exit code, fs manifest/modes)
2026-10-04T04:22:27.2346480Z PASS managed-file-parent-True (stdout, stderr, exit code, fs manifest/modes)
2026-10-04T04:22:27.2347537Z PASS raw-managed-file-parent-True (stdout, stderr, exit code, fs manifest/modes)
2026-10-04T04:22:27.2373188Z PASS managed-owner-None-True (stdout, stderr, exit code, fs manifest/modes)
2026-10-04T04:22:27.2374470Z PASS managed-owner-symlink-parent-True (stdout, stderr, exit code, fs manifest/modes)
2026-10-04T04:22:27.2375658Z PASS json-escape-raw-False-fix-False-fault-None-lexical-False-json-False (stdout, stderr, exit code, fs manifest/modes)
2026-10-04T04:22:27.2377350Z PASS json-escape-raw-False-fix-False-fault-None-lexical-True-json-False (stdout, stderr, exit code, fs manifest/modes)
2026-10-04T04:22:27.2379034Z PASS json-escape-raw-False-fix-False-fault-bin-lexical-True-json-False (stdout, stderr, exit code, fs manifest/modes)
2026-10-04T04:22:27.2380386Z PASS json-escape-raw-False-fix-False-fault-parent-lexical-True-json-False (stdout, stderr, exit code, fs manifest/modes)
2026-10-04T04:22:27.2382015Z PASS json-escape-raw-False-fix-False-fault-None-lexical-False-json-True (stdout, stderr, exit code, fs manifest/modes)
2026-10-04T04:22:27.2383313Z PASS json-escape-raw-False-fix-False-fault-None-lexical-True-json-True (stdout, stderr, exit code, fs manifest/modes)
2026-10-04T04:22:27.2384570Z PASS json-escape-raw-False-fix-False-fault-bin-lexical-True-json-True (stdout, stderr, exit code, fs manifest/modes)
2026-10-04T04:22:27.2385961Z PASS json-escape-raw-False-fix-False-fault-parent-lexical-True-json-True (stdout, stderr, exit code, fs manifest/modes)
2026-10-04T04:22:27.2387428Z PASS json-escape-raw-False-fix-True-fault-None-lexical-False-json-False (stdout, stderr, exit code, fs manifest/modes)
2026-10-04T04:22:27.2389302Z PASS json-escape-raw-False-fix-True-fault-None-lexical-True-json-False (stdout, stderr, exit code, fs manifest/modes)
2026-10-04T04:22:27.2390434Z PASS json-escape-raw-False-fix-True-fault-bin-lexical-True-json-False (stdout, stderr, exit code, fs manifest/modes)
2026-10-04T04:22:27.2391794Z PASS json-escape-raw-False-fix-True-fault-parent-lexical-True-json-False (stdout, stderr, exit code, fs manifest/modes)
2026-10-04T04:22:27.2392995Z PASS json-escape-raw-False-fix-True-fault-None-lexical-False-json-True (stdout, stderr, exit code, fs manifest/modes)
2026-10-04T04:22:27.2394638Z PASS json-escape-raw-False-fix-True-fault-None-lexical-True-json-True (stdout, stderr, exit code, fs manifest/modes)
2026-10-04T04:22:27.2396445Z PASS json-escape-raw-False-fix-True-fault-bin-lexical-True-json-True (stdout, stderr, exit code, fs manifest/modes)
2026-10-04T04:22:27.2397999Z PASS json-escape-raw-False-fix-True-fault-parent-lexical-True-json-True (stdout, stderr, exit code, fs manifest/modes)
2026-10-04T04:22:27.2399568Z PASS json-escape-raw-True-fix-False-fault-None-lexical-False-json-False (stdout, stderr, exit code, fs manifest/modes)
2026-10-04T04:22:27.2401075Z PASS json-escape-raw-True-fix-False-fault-None-lexical-True-json-False (stdout, stderr, exit code, fs manifest/modes)
2026-10-04T04:22:27.2402286Z PASS json-escape-raw-True-fix-False-fault-bin-lexical-True-json-False (stdout, stderr, exit code, fs manifest/modes)
2026-10-04T04:22:27.2403514Z PASS json-escape-raw-True-fix-False-fault-parent-lexical-True-json-False (stdout, stderr, exit code, fs manifest/modes)
2026-10-04T04:22:27.2405170Z PASS json-escape-raw-True-fix-False-fault-None-lexical-False-json-True (stdout, stderr, exit code, fs manifest/modes)
2026-10-04T04:22:27.2406575Z PASS json-escape-raw-True-fix-False-fault-None-lexical-True-json-True (stdout, stderr, exit code, fs manifest/modes)
2026-10-04T04:22:27.2408094Z PASS json-escape-raw-True-fix-False-fault-bin-lexical-True-json-True (stdout, stderr, exit code, fs manifest/modes)
2026-10-04T04:22:27.2410002Z PASS json-escape-raw-True-fix-False-fault-parent-lexical-True-json-True (stdout, stderr, exit code, fs manifest/modes)
2026-10-04T04:22:27.2411045Z PASS json-escape-raw-True-fix-True-fault-None-lexical-False-json-False (stdout, stderr, exit code, fs manifest/modes)
2026-10-04T04:22:27.2411995Z PASS json-escape-raw-True-fix-True-fault-None-lexical-True-json-False (stdout, stderr, exit code, fs manifest/modes)
2026-10-04T04:22:28.3381491Z PASS json-escape-raw-True-fix-True-fault-bin-lexical-True-json-False (stdout, stderr, exit code, fs manifest/modes)
2026-10-04T04:22:28.3382649Z PASS json-escape-raw-True-fix-True-fault-parent-lexical-True-json-False (stdout, stderr, exit code, fs manifest/modes)
2026-10-04T04:22:28.3383760Z PASS json-escape-raw-True-fix-True-fault-None-lexical-False-json-True (stdout, stderr, exit code, fs manifest/modes)
2026-10-04T04:22:28.3384795Z PASS json-escape-raw-True-fix-True-fault-None-lexical-True-json-True (stdout, stderr, exit code, fs manifest/modes)
2026-10-04T04:22:28.3385819Z PASS json-escape-raw-True-fix-True-fault-bin-lexical-True-json-True (stdout, stderr, exit code, fs manifest/modes)
2026-10-04T04:22:28.3386860Z PASS json-escape-raw-True-fix-True-fault-parent-lexical-True-json-True (stdout, stderr, exit code, fs manifest/modes)
2026-10-04T04:22:28.3387546Z 201 parity cases passed
2026-10-04T04:22:28.3632124Z ##[group]Run actions/upload-artifact@043fb46d1a93c77aae656e7c1c64a875d1fc6a0a
2026-10-04T04:22:28.3632572Z with:
2026-10-04T04:22:28.3632801Z   name: setup-repair-parity-Linux
2026-10-04T04:22:28.3633149Z   path: /home/runner/work/_temp/setup-repair-parity.json
2026-10-04T04:22:28.3633492Z   if-no-files-found: error
2026-10-04T04:22:28.3633742Z   retention-days: 14
2026-10-04T04:22:28.3634173Z   compression-level: 6
2026-10-04T04:22:28.3634412Z   overwrite: false
2026-10-04T04:22:28.3634636Z   include-hidden-files: false
2026-10-04T04:22:28.3634886Z   archive: true
2026-10-04T04:22:28.3635085Z env:
2026-10-04T04:22:28.3635280Z   GOTOOLCHAIN: local
2026-10-04T04:22:28.3635493Z ##[endgroup]
2026-10-04T04:22:28.5037943Z With the provided path, there will be 1 file uploaded
2026-10-04T04:22:28.5045626Z Artifact name is valid!
2026-10-04T04:22:28.5046565Z Root directory input is valid!
2026-10-04T04:22:28.7438338Z Uploading artifact: setup-repair-parity-Linux.zip
2026-10-04T04:22:28.7481979Z Beginning upload of artifact content to blob storage
2026-10-04T04:22:28.9333400Z Uploaded bytes 53699
2026-10-04T04:22:28.9645745Z Finished uploading artifact content to blob storage!
2026-10-04T04:22:28.9646931Z SHA256 digest of uploaded artifact is 3e57c046e5ddc707cf5f6777aa6483f443c641818088b81dd66d30af6134a68f
2026-10-04T04:22:28.9647727Z Finalizing artifact upload
2026-10-04T04:22:29.2555131Z Artifact setup-repair-parity-Linux successfully finalized. Artifact ID 11293527777
2026-10-04T04:22:29.2556528Z Artifact setup-repair-parity-Linux has been successfully uploaded! Final size is 53699 bytes. Artifact ID is 11293527777
2026-10-04T04:22:29.2559636Z Artifact download URL: https://github.com/danieljustus/symaira-brain/actions/runs/37174759809/artifacts/11293527777
2026-10-04T04:22:29.2680783Z ##[group]Run scripts/doctor-repair-oracle/run.sh "$RUNNER_TEMP/doctor-repair-parity.json"
2026-10-04T04:22:29.2681482Z [36;1mscripts/doctor-repair-oracle/run.sh "$RUNNER_TEMP/doctor-repair-parity.json"[0m
2026-10-04T04:22:29.2744204Z shell: /usr/bin/bash --noprofile --norc -e -o pipefail {0}
2026-10-04T04:22:29.2744568Z env:
2026-10-04T04:22:29.2744783Z   GOTOOLCHAIN: local
2026-10-04T04:22:29.2745016Z ##[endgroup]
2026-10-04T04:22:33.2122631Z     Finished `dev` profile [unoptimized + debuginfo] target(s) in 0.15s
2026-10-04T04:23:11.4958750Z Doctor repair: 285/285 matched, 0 failures
2026-10-04T04:23:12.5541638Z FAIL correct ['exit']
2026-10-04T04:23:12.5543528Z Doctor repair: 0/1 matched, 1 failures
2026-10-04T04:23:13.6367562Z FAIL correct ['stdout_base64']
2026-10-04T04:23:13.6368096Z Doctor repair: 0/1 matched, 1 failures
2026-10-04T04:23:14.7169632Z FAIL correct ['logs']
2026-10-04T04:23:14.7170139Z Doctor repair: 0/1 matched, 1 failures
2026-10-04T04:23:14.7623241Z ##[group]Run actions/upload-artifact@043fb46d1a93c77aae656e7c1c64a875d1fc6a0a
2026-10-04T04:23:14.7624012Z with:
2026-10-04T04:23:14.7624419Z   name: doctor-repair-parity-Linux
2026-10-04T04:23:14.7625054Z   path: /home/runner/work/_temp/doctor-repair-parity*.json
2026-10-04T04:23:14.7625679Z   if-no-files-found: error
2026-10-04T04:23:14.7626111Z   retention-days: 14
2026-10-04T04:23:14.7626519Z   compression-level: 6
2026-10-04T04:23:14.7626935Z   overwrite: false
2026-10-04T04:23:14.7627339Z   include-hidden-files: false
2026-10-04T04:23:14.7627788Z   archive: true
2026-10-04T04:23:14.7628140Z env:
2026-10-04T04:23:14.7628945Z   GOTOOLCHAIN: local
2026-10-04T04:23:14.7629367Z ##[endgroup]
2026-10-04T04:23:14.9102541Z With the provided path, there will be 4 files uploaded
2026-10-04T04:23:14.9108692Z Artifact name is valid!
2026-10-04T04:23:14.9109511Z Root directory input is valid!
2026-10-04T04:23:15.1553195Z Uploading artifact: doctor-repair-parity-Linux.zip
2026-10-04T04:23:15.1601180Z Beginning upload of artifact content to blob storage
2026-10-04T04:23:15.4423706Z Uploaded bytes 213020
2026-10-04T04:23:15.4750683Z Finished uploading artifact content to blob storage!
2026-10-04T04:23:15.4751842Z SHA256 digest of uploaded artifact is 58e12d36d3b393c13bc8bdee0260f24119bd14fac67e01155fbd4b9798592879
2026-10-04T04:23:15.4752884Z Finalizing artifact upload
2026-10-04T04:23:15.7207261Z Artifact doctor-repair-parity-Linux successfully finalized. Artifact ID 11294045352
2026-10-04T04:23:15.7208981Z Artifact doctor-repair-parity-Linux has been successfully uploaded! Final size is 213020 bytes. Artifact ID is 11294045352
2026-10-04T04:23:15.7211042Z Artifact download URL: https://github.com/danieljustus/symaira-brain/actions/runs/37174759809/artifacts/11294045352
2026-10-04T04:23:15.7358992Z ##[group]Run scripts/setup-source-oracle/run.sh "$RUNNER_TEMP/setup-source-parity.json"
2026-10-04T04:23:15.7359752Z [36;1mscripts/setup-source-oracle/run.sh "$RUNNER_TEMP/setup-source-parity.json"[0m
2026-10-04T04:23:15.7422788Z shell: /usr/bin/bash --noprofile --norc -e -o pipefail {0}
2026-10-04T04:23:15.7423170Z env:
2026-10-04T04:23:15.7423386Z   GOTOOLCHAIN: local
2026-10-04T04:23:15.7423633Z ##[endgroup]
2026-10-04T04:23:19.6089920Z     Finished `dev` profile [unoptimized + debuginfo] target(s) in 0.14s
2026-10-04T04:24:54.8396647Z Source setup: 111/111 matched
2026-10-04T04:24:56.3375919Z FAIL explicit-browse-json ['exit']
2026-10-04T04:24:56.3377402Z Source setup: 0/1 matched
2026-10-04T04:24:57.8382359Z FAIL explicit-browse-json ['stdout_base64']
2026-10-04T04:24:57.8765581Z Source setup: 0/1 matched
2026-10-04T04:24:57.8818317Z ##[group]Run actions/upload-artifact@043fb46d1a93c77aae656e7c1c64a875d1fc6a0a
2026-10-04T04:24:57.8819015Z with:
2026-10-04T04:24:57.8819260Z   name: setup-source-parity-Linux
2026-10-04T04:24:57.8819643Z   path: /home/runner/work/_temp/setup-source-parity*.json
2026-10-04T04:24:57.8819998Z   if-no-files-found: error
2026-10-04T04:24:57.8820259Z   retention-days: 14
2026-10-04T04:24:57.8820498Z   compression-level: 6
2026-10-04T04:24:57.8820734Z   overwrite: false
2026-10-04T04:24:57.8820970Z   include-hidden-files: false
2026-10-04T04:24:57.8821225Z   archive: true
2026-10-04T04:24:57.8821440Z env:
2026-10-04T04:24:57.8821642Z   GOTOOLCHAIN: local
2026-10-04T04:24:57.8821870Z ##[endgroup]
2026-10-04T04:24:58.0279700Z With the provided path, there will be 3 files uploaded
2026-10-04T04:24:58.0280644Z Artifact name is valid!
2026-10-04T04:24:58.0281109Z Root directory input is valid!
2026-10-04T04:24:58.5865063Z Uploading artifact: setup-source-parity-Linux.zip
2026-10-04T04:24:58.5906922Z Beginning upload of artifact content to blob storage
2026-10-04T04:24:58.8401964Z Uploaded bytes 100154
2026-10-04T04:24:58.8759183Z Finished uploading artifact content to blob storage!
2026-10-04T04:24:58.8760439Z SHA256 digest of uploaded artifact is 036a81d64c53a7be5ee9b15e9ffdfc7e8b24db653de72f44184898fc15efb620
2026-10-04T04:24:58.8761467Z Finalizing artifact upload
2026-10-04T04:24:59.1531380Z Artifact setup-source-parity-Linux successfully finalized. Artifact ID 11292923302
2026-10-04T04:24:59.1532695Z Artifact setup-source-parity-Linux has been successfully uploaded! Final size is 100154 bytes. Artifact ID is 11292923302
2026-10-04T04:24:59.1535848Z Artifact download URL: https://github.com/danieljustus/symaira-brain/actions/runs/37174759809/artifacts/11292923302
2026-10-04T04:24:59.1667187Z ##[group]Run scripts/setup-output-oracle/run.sh "$RUNNER_TEMP/setup-output-parity"
2026-10-04T04:24:59.1668311Z [36;1mscripts/setup-output-oracle/run.sh "$RUNNER_TEMP/setup-output-parity"[0m
2026-10-04T04:24:59.1737146Z shell: /usr/bin/bash --noprofile --norc -e -o pipefail {0}
2026-10-04T04:24:59.1737554Z env:
2026-10-04T04:24:59.1737780Z   GOTOOLCHAIN: local
2026-10-04T04:24:59.1738039Z ##[endgroup]
2026-10-04T04:25:02.9853350Z    Compiling symbrain-cli v0.12.1 (/home/runner/work/symaira-brain/symaira-brain/rust/symbrain-cli)
2026-10-04T04:25:03.7015909Z     Finished `dev` profile [unoptimized + debuginfo] target(s) in 0.86s
2026-10-04T04:25:30.8072565Z ##[group]Run scripts/doctor-stdout-oracle/run.sh "$RUNNER_TEMP/doctor-stdout-parity"
2026-10-04T04:25:30.8073251Z [36;1mscripts/doctor-stdout-oracle/run.sh "$RUNNER_TEMP/doctor-stdout-parity"[0m
2026-10-04T04:25:30.8136001Z shell: /usr/bin/bash --noprofile --norc -e -o pipefail {0}
2026-10-04T04:25:30.8136385Z env:
2026-10-04T04:25:30.8136608Z   GOTOOLCHAIN: local
2026-10-04T04:25:30.8136856Z ##[endgroup]
2026-10-04T04:25:34.6653806Z    Compiling symbrain-cli v0.12.1 (/home/runner/work/symaira-brain/symaira-brain/rust/symbrain-cli)
2026-10-04T04:25:35.3883520Z     Finished `dev` profile [unoptimized + debuginfo] target(s) in 0.86s
2026-10-04T04:25:35.5699359Z ##[error]Process completed with exit code 1.
2026-10-04T04:25:35.5766963Z ##[group]Run actions/upload-artifact@043fb46d1a93c77aae656e7c1c64a875d1fc6a0a
2026-10-04T04:25:35.5767427Z with:
2026-10-04T04:25:35.5767782Z   name: doctor-stdout-parity-92d0b1697144e77f4a2feeec8ddee3881ba3b591
2026-10-04T04:25:35.5768258Z   path: /home/runner/work/_temp/doctor-stdout-parity/
2026-10-04T04:25:35.5768955Z   if-no-files-found: error
2026-10-04T04:25:35.5769229Z   retention-days: 14
2026-10-04T04:25:35.5769477Z   compression-level: 6
2026-10-04T04:25:35.5769725Z   overwrite: false
2026-10-04T04:25:35.5769968Z   include-hidden-files: false
2026-10-04T04:25:35.5770239Z   archive: true
2026-10-04T04:25:35.5770462Z env:
2026-10-04T04:25:35.5770669Z   GOTOOLCHAIN: local
2026-10-04T04:25:35.5770907Z ##[endgroup]
2026-10-04T04:25:35.7195655Z With the provided path, there will be 1 file uploaded
2026-10-04T04:25:35.7201717Z Artifact name is valid!
2026-10-04T04:25:35.7202289Z Root directory input is valid!
2026-10-04T04:25:35.9480539Z Uploading artifact: doctor-stdout-parity-92d0b1697144e77f4a2feeec8ddee3881ba3b591.zip
2026-10-04T04:25:35.9523879Z Beginning upload of artifact content to blob storage
2026-10-04T04:25:36.1013128Z Uploaded bytes 521
2026-10-04T04:25:36.1365618Z Finished uploading artifact content to blob storage!
2026-10-04T04:25:36.1366700Z SHA256 digest of uploaded artifact is 714e400e9f1a7f54ac23e4f8e1787fc101cc56b22511eec50139dd706ac0d758
2026-10-04T04:25:36.1367784Z Finalizing artifact upload
2026-10-04T04:25:36.3899802Z Artifact doctor-stdout-parity-92d0b1697144e77f4a2feeec8ddee3881ba3b591 successfully finalized. Artifact ID 11294021614
2026-10-04T04:25:36.3901843Z Artifact doctor-stdout-parity-92d0b1697144e77f4a2feeec8ddee3881ba3b591 has been successfully uploaded! Final size is 521 bytes. Artifact ID is 11294021614
2026-10-04T04:25:36.3904057Z Artifact download URL: https://github.com/danieljustus/symaira-brain/actions/runs/37174759809/artifacts/11294021614
2026-10-04T04:25:36.4020606Z ##[group]Run actions/upload-artifact@043fb46d1a93c77aae656e7c1c64a875d1fc6a0a
2026-10-04T04:25:36.4021065Z with:
2026-10-04T04:25:36.4021415Z   name: setup-output-parity-92d0b1697144e77f4a2feeec8ddee3881ba3b591
2026-10-04T04:25:36.4021890Z   path: /home/runner/work/_temp/setup-output-parity/
2026-10-04T04:25:36.4022261Z   if-no-files-found: error
2026-10-04T04:25:36.4022534Z   retention-days: 14
2026-10-04T04:25:36.4022783Z   compression-level: 6
2026-10-04T04:25:36.4023034Z   overwrite: false
2026-10-04T04:25:36.4023292Z   include-hidden-files: false
2026-10-04T04:25:36.4023568Z   archive: true
2026-10-04T04:25:36.4023797Z env:
2026-10-04T04:25:36.4024020Z   GOTOOLCHAIN: local
2026-10-04T04:25:36.4024258Z ##[endgroup]
2026-10-04T04:25:36.5443261Z With the provided path, there will be 12 files uploaded
2026-10-04T04:25:36.5452469Z Artifact name is valid!
2026-10-04T04:25:36.5452995Z Root directory input is valid!
2026-10-04T04:25:36.7670358Z Uploading artifact: setup-output-parity-92d0b1697144e77f4a2feeec8ddee3881ba3b591.zip
2026-10-04T04:25:36.7714007Z Beginning upload of artifact content to blob storage
2026-10-04T04:25:37.0088233Z Uploaded bytes 63611
2026-10-04T04:25:37.0445262Z Finished uploading artifact content to blob storage!
2026-10-04T04:25:37.0446512Z SHA256 digest of uploaded artifact is 2c197d90daceb53ec862930b088a261547144b1d9a8874b1819942a44a7d95c0
2026-10-04T04:25:37.0447438Z Finalizing artifact upload
2026-10-04T04:25:37.4569766Z Artifact setup-output-parity-92d0b1697144e77f4a2feeec8ddee3881ba3b591 successfully finalized. Artifact ID 11293547952
2026-10-04T04:25:37.4571922Z Artifact setup-output-parity-92d0b1697144e77f4a2feeec8ddee3881ba3b591 has been successfully uploaded! Final size is 63611 bytes. Artifact ID is 11293547952
2026-10-04T04:25:37.4574003Z Artifact download URL: https://github.com/danieljustus/symaira-brain/actions/runs/37174759809/artifacts/11293547952
2026-10-04T04:25:37.4718212Z ##[group]Run actions/upload-artifact@043fb46d1a93c77aae656e7c1c64a875d1fc6a0a
2026-10-04T04:25:37.4719160Z with:
2026-10-04T04:25:37.4719405Z   name: usage-fetch-620-Linux
2026-10-04T04:25:37.4719749Z   path: /home/runner/work/_temp/usage-fetch-620.json
2026-10-04T04:25:37.4720111Z   if-no-files-found: error
2026-10-04T04:25:37.4720386Z   retention-days: 14
2026-10-04T04:25:37.4720640Z   compression-level: 6
2026-10-04T04:25:37.4720892Z   overwrite: false
2026-10-04T04:25:37.4721154Z   include-hidden-files: false
2026-10-04T04:25:37.4721430Z   archive: true
2026-10-04T04:25:37.4721659Z env:
2026-10-04T04:25:37.4721876Z   GOTOOLCHAIN: local
2026-10-04T04:25:37.4722123Z ##[endgroup]
2026-10-04T04:25:37.6169240Z ##[error]No files were found with the provided path: /home/runner/work/_temp/usage-fetch-620.json. No artifacts will be uploaded.
2026-10-04T04:25:37.6305963Z ##[group]Run actions/upload-artifact@043fb46d1a93c77aae656e7c1c64a875d1fc6a0a
2026-10-04T04:25:37.6306436Z with:
2026-10-04T04:25:37.6306691Z   name: vault-admin-parity-Linux
2026-10-04T04:25:37.6307074Z   path: /home/runner/work/_temp/vault-admin-parity.json
2026-10-04T04:25:37.6307447Z   if-no-files-found: error
2026-10-04T04:25:37.6307724Z   retention-days: 7
2026-10-04T04:25:37.6307975Z   compression-level: 6
2026-10-04T04:25:37.6308230Z   overwrite: false
2026-10-04T04:25:37.6308803Z   include-hidden-files: false
2026-10-04T04:25:37.6309113Z   archive: true
2026-10-04T04:25:37.6309345Z env:
2026-10-04T04:25:37.6309565Z   GOTOOLCHAIN: local
2026-10-04T04:25:37.6309811Z ##[endgroup]
2026-10-04T04:25:37.7751365Z ##[error]No files were found with the provided path: /home/runner/work/_temp/vault-admin-parity.json. No artifacts will be uploaded.
2026-10-04T04:25:37.7963943Z Post job cleanup.
2026-10-04T04:25:37.8863368Z [command]/usr/bin/git version
2026-10-04T04:25:37.8908389Z git version 2.55.0
2026-10-04T04:25:37.8977407Z Temporarily overriding HOME='/home/runner/work/_temp/2c0f6781-92d7-4754-9df1-a2e98f89fffa' before making global git config changes
2026-10-04T04:25:37.8979108Z Adding repository directory to the temporary git global config as a safe directory
2026-10-04T04:25:37.8982819Z [command]/usr/bin/git config --global --add safe.directory /home/runner/work/symaira-brain/symaira-brain
2026-10-04T04:25:37.9014269Z Removing SSH command configuration
2026-10-04T04:25:37.9021170Z [command]/usr/bin/git config --local --name-only --get-regexp core\.sshCommand
2026-10-04T04:25:37.9057779Z [command]/usr/bin/git submodule foreach --recursive sh -c "git config --local --name-only --get-regexp 'core\.sshCommand' && git config --local --unset-all 'core.sshCommand' || :"
2026-10-04T04:25:37.9354582Z Removing HTTP extra header
2026-10-04T04:25:37.9362127Z [command]/usr/bin/git config --local --name-only --get-regexp http\.https\:\/\/github\.com\/\.extraheader
2026-10-04T04:25:37.9407168Z [command]/usr/bin/git submodule foreach --recursive sh -c "git config --local --name-only --get-regexp 'http\.https\:\/\/github\.com\/\.extraheader' && git config --local --unset-all 'http.https://github.com/.extraheader' || :"
2026-10-04T04:25:37.9665360Z Removing includeIf entries pointing to credentials config files
2026-10-04T04:25:37.9674770Z [command]/usr/bin/git config --local --name-only --get-regexp ^includeIf\.gitdir:
2026-10-04T04:25:37.9704563Z includeif.gitdir:/home/runner/work/symaira-brain/symaira-brain/.git.path
2026-10-04T04:25:37.9705840Z includeif.gitdir:/home/runner/work/symaira-brain/symaira-brain/.git/worktrees/*.path
2026-10-04T04:25:37.9706986Z includeif.gitdir:/github/workspace/.git.path
2026-10-04T04:25:37.9707943Z includeif.gitdir:/github/workspace/.git/worktrees/*.path
2026-10-04T04:25:37.9714798Z [command]/usr/bin/git config --local --get-all includeif.gitdir:/home/runner/work/symaira-brain/symaira-brain/.git.path
2026-10-04T04:25:37.9741840Z /home/runner/work/_temp/git-credentials-69e1ecf0-9dce-47c6-8e93-6a2a64ddfd74.config
2026-10-04T04:25:37.9751760Z [command]/usr/bin/git config --local --unset includeif.gitdir:/home/runner/work/symaira-brain/symaira-brain/.git.path \/home\/runner\/work\/_temp\/git\-credentials\-69e1ecf0\-9dce\-47c6\-8e93\-6a2a64ddfd74\.config
2026-10-04T04:25:37.9792973Z [command]/usr/bin/git config --local --get-all includeif.gitdir:/home/runner/work/symaira-brain/symaira-brain/.git/worktrees/*.path
2026-10-04T04:25:37.9826145Z /home/runner/work/_temp/git-credentials-69e1ecf0-9dce-47c6-8e93-6a2a64ddfd74.config
2026-10-04T04:25:37.9835096Z [command]/usr/bin/git config --local --unset includeif.gitdir:/home/runner/work/symaira-brain/symaira-brain/.git/worktrees/*.path \/home\/runner\/work\/_temp\/git\-credentials\-69e1ecf0\-9dce\-47c6\-8e93\-6a2a64ddfd74\.config
2026-10-04T04:25:37.9874244Z [command]/usr/bin/git config --local --get-all includeif.gitdir:/github/workspace/.git.path
2026-10-04T04:25:37.9900158Z /github/runner_temp/git-credentials-69e1ecf0-9dce-47c6-8e93-6a2a64ddfd74.config
2026-10-04T04:25:37.9907389Z [command]/usr/bin/git config --local --unset includeif.gitdir:/github/workspace/.git.path \/github\/runner_temp\/git\-credentials\-69e1ecf0\-9dce\-47c6\-8e93\-6a2a64ddfd74\.config
2026-10-04T04:25:37.9943702Z [command]/usr/bin/git config --local --get-all includeif.gitdir:/github/workspace/.git/worktrees/*.path
2026-10-04T04:25:37.9969304Z /github/runner_temp/git-credentials-69e1ecf0-9dce-47c6-8e93-6a2a64ddfd74.config
2026-10-04T04:25:37.9979378Z [command]/usr/bin/git config --local --unset includeif.gitdir:/github/workspace/.git/worktrees/*.path \/github\/runner_temp\/git\-credentials\-69e1ecf0\-9dce\-47c6\-8e93\-6a2a64ddfd74\.config
2026-10-04T04:25:38.0017243Z [command]/usr/bin/git submodule foreach --recursive git config --local --show-origin --name-only --get-regexp remote.origin.url
2026-10-04T04:25:38.0249406Z Removing credentials config '/home/runner/work/_temp/git-credentials-69e1ecf0-9dce-47c6-8e93-6a2a64ddfd74.config'
2026-10-04T04:25:38.0393408Z Cleaning up orphan processes
