2026-10-03T20:46:42.8496598Z Current runner version: '2.337.0'
2026-10-03T20:46:42.8522655Z ##[group]Runner Image Provisioner
2026-10-03T20:46:42.8523469Z Hosted Compute Agent
2026-10-03T20:46:42.8524044Z Version: 20260901.588
2026-10-03T20:46:42.8524614Z Commit: f88ec8081b781fac6c440065ac7ff9e710ce3d0b
2026-10-03T20:46:42.8525368Z Build Date: 2026-09-01T19:56:44Z
2026-10-03T20:46:42.8526013Z Worker ID: {f3429c5a-1b79-411c-8602-9dcc4c2f576c}
2026-10-03T20:46:42.8526691Z Azure Region: northcentralus
2026-10-03T20:46:42.8527250Z ##[endgroup]
2026-10-03T20:46:42.8529115Z ##[group]Operating System
2026-10-03T20:46:42.8529775Z Microsoft Windows Server 2025
2026-10-03T20:46:42.8530327Z 10.0.26100
2026-10-03T20:46:42.8530816Z Datacenter
2026-10-03T20:46:42.8531294Z ##[endgroup]
2026-10-03T20:46:42.8531785Z ##[group]Runner Image
2026-10-03T20:46:42.8532362Z Image: windows-2025-vs2026
2026-10-03T20:46:42.8532912Z Version: 20260925.250.1
2026-10-03T20:46:42.8534464Z Included Software: https://github.com/actions/runner-images/blob/win25-vs2026/20260925.250/images/windows/Windows2025-VS2026-Readme.md
2026-10-03T20:46:42.8536062Z Image Release: https://github.com/actions/runner-images/releases/tag/win25-vs2026%2F20260925.250
2026-10-03T20:46:42.8537023Z ##[endgroup]
2026-10-03T20:46:42.8538045Z ##[group]GITHUB_TOKEN Permissions
2026-10-03T20:46:42.8539879Z Contents: read
2026-10-03T20:46:42.8540493Z Metadata: read
2026-10-03T20:46:42.8541086Z ##[endgroup]
2026-10-03T20:46:42.8543158Z Secret source: Actions
2026-10-03T20:46:42.8544063Z Cache mode: write
2026-10-03T20:46:42.8544791Z Prepare workflow directory
2026-10-03T20:46:42.8957395Z Prepare all required actions
2026-10-03T20:46:42.9007570Z Getting action download info
2026-10-03T20:46:43.1341175Z Download action repository 'actions/checkout@3d3c42e5aac5ba805825da76410c181273ba90b1' (SHA:3d3c42e5aac5ba805825da76410c181273ba90b1)
2026-10-03T20:46:43.2595369Z Download action repository 'actions/setup-go@b7ad1dad31e06c5925ef5d2fc7ad053ef454303e' (SHA:b7ad1dad31e06c5925ef5d2fc7ad053ef454303e)
2026-10-03T20:46:43.6123100Z Download action repository 'actions/cache@55cc8345863c7cc4c66a329aec7e433d2d1c52a9' (SHA:55cc8345863c7cc4c66a329aec7e433d2d1c52a9)
2026-10-03T20:46:43.7656906Z Download action repository 'actions/upload-artifact@043fb46d1a93c77aae656e7c1c64a875d1fc6a0a' (SHA:043fb46d1a93c77aae656e7c1c64a875d1fc6a0a)
2026-10-03T20:46:44.0454881Z Complete job name: rust-migration-windows
2026-10-03T20:46:44.2189896Z ##[group]Run actions/checkout@3d3c42e5aac5ba805825da76410c181273ba90b1
2026-10-03T20:46:44.2192141Z with:
2026-10-03T20:46:44.2193498Z   fetch-depth: 0
2026-10-03T20:46:44.2194485Z   repository: danieljustus/symaira-brain
2026-10-03T20:46:44.2202410Z   token: ***
2026-10-03T20:46:44.2203110Z   ssh-strict: true
2026-10-03T20:46:44.2203793Z   ssh-user: git
2026-10-03T20:46:44.2204507Z   persist-credentials: true
2026-10-03T20:46:44.2205290Z   clean: true
2026-10-03T20:46:44.2206011Z   sparse-checkout-cone-mode: true
2026-10-03T20:46:44.2206856Z   fetch-tags: false
2026-10-03T20:46:44.2207609Z   show-progress: true
2026-10-03T20:46:44.2208337Z   lfs: false
2026-10-03T20:46:44.2209002Z   submodules: false
2026-10-03T20:46:44.2209722Z   set-safe-directory: true
2026-10-03T20:46:44.2210544Z   allow-unsafe-pr-checkout: false
2026-10-03T20:46:44.2211730Z ##[endgroup]
2026-10-03T20:46:44.3782288Z Syncing repository: danieljustus/symaira-brain
2026-10-03T20:46:44.3785057Z ##[group]Getting Git version info
2026-10-03T20:46:44.3786221Z Working directory is 'D:\a\symaira-brain\symaira-brain'
2026-10-03T20:46:44.4578675Z [command]"C:\Program Files\Git\bin\git.exe" version
2026-10-03T20:46:44.6278836Z git version 2.55.0.windows.5
2026-10-03T20:46:44.6324865Z ##[endgroup]
2026-10-03T20:46:44.6341934Z Temporarily overriding HOME='D:\a\_temp\8fd0a967-2d72-45df-96fd-e82fb947b59c' before making global git config changes
2026-10-03T20:46:44.6344142Z Adding repository directory to the temporary git global config as a safe directory
2026-10-03T20:46:44.6352945Z [command]"C:\Program Files\Git\bin\git.exe" config --global --add safe.directory D:\a\symaira-brain\symaira-brain
2026-10-03T20:46:44.6682677Z Deleting the contents of 'D:\a\symaira-brain\symaira-brain'
2026-10-03T20:46:44.6687797Z ##[group]Determining repository object format
2026-10-03T20:46:44.6690083Z ##[endgroup]
2026-10-03T20:46:44.6691500Z ##[group]Initializing the repository
2026-10-03T20:46:44.6698298Z [command]"C:\Program Files\Git\bin\git.exe" init D:\a\symaira-brain\symaira-brain
2026-10-03T20:46:44.7198406Z Initialized empty Git repository in D:/a/symaira-brain/symaira-brain/.git/
2026-10-03T20:46:44.7244683Z [command]"C:\Program Files\Git\bin\git.exe" remote add origin https://github.com/danieljustus/symaira-brain
2026-10-03T20:46:44.7613587Z ##[endgroup]
2026-10-03T20:46:44.7615470Z ##[group]Disabling automatic garbage collection
2026-10-03T20:46:44.7624886Z [command]"C:\Program Files\Git\bin\git.exe" config --local gc.auto 0
2026-10-03T20:46:44.7977915Z ##[endgroup]
2026-10-03T20:46:44.7980759Z ##[group]Setting up auth
2026-10-03T20:46:44.7981783Z Removing SSH command configuration
2026-10-03T20:46:44.7991496Z [command]"C:\Program Files\Git\bin\git.exe" config --local --name-only --get-regexp core\.sshCommand
2026-10-03T20:46:44.8362448Z [command]"C:\Program Files\Git\bin\git.exe" submodule foreach --recursive "sh -c \"git config --local --name-only --get-regexp 'core\.sshCommand' && git config --local --unset-all 'core.sshCommand' || :\""
2026-10-03T20:46:46.0453529Z Removing HTTP extra header
2026-10-03T20:46:46.0464483Z [command]"C:\Program Files\Git\bin\git.exe" config --local --name-only --get-regexp http\.https\:\/\/github\.com\/\.extraheader
2026-10-03T20:46:46.0778545Z [command]"C:\Program Files\Git\bin\git.exe" submodule foreach --recursive "sh -c \"git config --local --name-only --get-regexp 'http\.https\:\/\/github\.com\/\.extraheader' && git config --local --unset-all 'http.https://github.com/.extraheader' || :\""
2026-10-03T20:46:46.6121843Z Removing includeIf entries pointing to credentials config files
2026-10-03T20:46:46.6133291Z [command]"C:\Program Files\Git\bin\git.exe" config --local --name-only --get-regexp ^includeIf\.gitdir:
2026-10-03T20:46:46.6439452Z [command]"C:\Program Files\Git\bin\git.exe" submodule foreach --recursive "git config --local --show-origin --name-only --get-regexp remote.origin.url"
2026-10-03T20:46:47.2060254Z [command]"C:\Program Files\Git\bin\git.exe" config --file D:\a\_temp\git-credentials-e0a5dc19-a946-48e0-b7df-676e43382dcf.config http.https://github.com/.extraheader "AUTHORIZATION: basic ***"
2026-10-03T20:46:47.2410167Z [command]"C:\Program Files\Git\bin\git.exe" config --local includeIf.gitdir:D:/a/symaira-brain/symaira-brain/.git.path D:\a\_temp\git-credentials-e0a5dc19-a946-48e0-b7df-676e43382dcf.config
2026-10-03T20:46:47.2743897Z [command]"C:\Program Files\Git\bin\git.exe" config --local includeIf.gitdir:D:/a/symaira-brain/symaira-brain/.git/worktrees/*.path D:\a\_temp\git-credentials-e0a5dc19-a946-48e0-b7df-676e43382dcf.config
2026-10-03T20:46:47.3070515Z [command]"C:\Program Files\Git\bin\git.exe" config --local includeIf.gitdir:/github/workspace/.git.path /github/runner_temp/git-credentials-e0a5dc19-a946-48e0-b7df-676e43382dcf.config
2026-10-03T20:46:47.3391539Z [command]"C:\Program Files\Git\bin\git.exe" config --local includeIf.gitdir:/github/workspace/.git/worktrees/*.path /github/runner_temp/git-credentials-e0a5dc19-a946-48e0-b7df-676e43382dcf.config
2026-10-03T20:46:47.3708265Z ##[endgroup]
2026-10-03T20:46:47.3708683Z ##[group]Fetching the repository
2026-10-03T20:46:47.3724866Z [command]"C:\Program Files\Git\bin\git.exe" -c protocol.version=2 fetch --no-tags --prune --no-recurse-submodules origin +refs/heads/*:refs/remotes/origin/* +refs/tags/*:refs/tags/* +bef5b16e8280730e813bf4a5ab0705bcd543a50a:refs/remotes/pull/805/merge
2026-10-03T20:46:49.6641693Z From https://github.com/danieljustus/symaira-brain
2026-10-03T20:46:49.6642921Z  * [new branch]      agent/skills-preflight-793               -> origin/agent/skills-preflight-793
2026-10-03T20:46:49.6645790Z  * [new branch]      codex/browse-batch-mcp-profiles-20260926 -> origin/codex/browse-batch-mcp-profiles-20260926
2026-10-03T20:46:49.6647113Z  * [new branch]      codex/browse-cli-parity-proof-20260927   -> origin/codex/browse-cli-parity-proof-20260927
2026-10-03T20:46:49.6648740Z  * [new branch]      codex/browse-cli-runtime-20260926        -> origin/codex/browse-cli-runtime-20260926
2026-10-03T20:46:49.6649953Z  * [new branch]      codex/browse-native-daemon-gate-20260924 -> origin/codex/browse-native-daemon-gate-20260924
2026-10-03T20:46:49.6651217Z  * [new branch]      codex/browse-perf003-win-timeout-20260926 -> origin/codex/browse-perf003-win-timeout-20260926
2026-10-03T20:46:49.6652565Z  * [new branch]      codex/browse-upgrade-check-native-20260927 -> origin/codex/browse-upgrade-check-native-20260927
2026-10-03T20:46:49.6654187Z  * [new branch]      coverage-data                            -> origin/coverage-data
2026-10-03T20:46:49.6655246Z  * [new branch]      docs/issue-resolution-decisions          -> origin/docs/issue-resolution-decisions
2026-10-03T20:46:49.6656960Z  * [new branch]      handoff/20261003-skills-457-partial      -> origin/handoff/20261003-skills-457-partial
2026-10-03T20:46:49.6658259Z  * [new branch]      handoff/20261003-skills-457-worker       -> origin/handoff/20261003-skills-457-worker
2026-10-03T20:46:49.6659511Z  * [new branch]      handoff/20261003-skills-476-interrupted  -> origin/handoff/20261003-skills-476-interrupted
2026-10-03T20:46:49.6660840Z  * [new branch]      issue/621-skills-render-drift            -> origin/issue/621-skills-render-drift
2026-10-03T20:46:49.6661917Z  * [new branch]      issue/730-release-verification           -> origin/issue/730-release-verification
2026-10-03T20:46:49.6663047Z  * [new branch]      issue/758-native-memory-store            -> origin/issue/758-native-memory-store
2026-10-03T20:46:49.6664125Z  * [new branch]      issue/765-native-doctor-fix              -> origin/issue/765-native-doctor-fix
2026-10-03T20:46:49.6665193Z  * [new branch]      issue/768-native-credential-usage        -> origin/issue/768-native-credential-usage
2026-10-03T20:46:49.6666295Z  * [new branch]      issue/770-standalone-rust-guard          -> origin/issue/770-standalone-rust-guard
2026-10-03T20:46:49.6668402Z  * [new branch]      issue/772-daemon-native-acceptance       -> origin/issue/772-daemon-native-acceptance
2026-10-03T20:46:49.6669350Z  * [new branch]      main                                     -> origin/main
2026-10-03T20:46:49.6670029Z  * [new tag]         v0.1.0                                   -> v0.1.0
2026-10-03T20:46:49.6670632Z  * [new tag]         v0.10.0                                  -> v0.10.0
2026-10-03T20:46:49.6671218Z  * [new tag]         v0.11.0                                  -> v0.11.0
2026-10-03T20:46:49.6671823Z  * [new tag]         v0.12.0                                  -> v0.12.0
2026-10-03T20:46:49.6672689Z  * [new tag]         v0.2.0                                   -> v0.2.0
2026-10-03T20:46:49.6673372Z  * [new tag]         v0.2.1                                   -> v0.2.1
2026-10-03T20:46:49.6673931Z  * [new tag]         v0.2.2                                   -> v0.2.2
2026-10-03T20:46:49.6674500Z  * [new tag]         v0.2.3                                   -> v0.2.3
2026-10-03T20:46:49.6675169Z  * [new tag]         v0.2.4                                   -> v0.2.4
2026-10-03T20:46:49.6675717Z  * [new tag]         v0.3.0                                   -> v0.3.0
2026-10-03T20:46:49.6676367Z  * [new tag]         v0.3.1                                   -> v0.3.1
2026-10-03T20:46:49.6676830Z  * [new tag]         v0.4.0                                   -> v0.4.0
2026-10-03T20:46:49.6677208Z  * [new tag]         v0.4.1                                   -> v0.4.1
2026-10-03T20:46:49.6677600Z  * [new tag]         v0.4.2                                   -> v0.4.2
2026-10-03T20:46:49.6677943Z  * [new tag]         v0.4.3                                   -> v0.4.3
2026-10-03T20:46:49.6678517Z  * [new tag]         v0.5.0                                   -> v0.5.0
2026-10-03T20:46:49.6678879Z  * [new tag]         v0.5.1                                   -> v0.5.1
2026-10-03T20:46:49.6679222Z  * [new tag]         v0.6.0                                   -> v0.6.0
2026-10-03T20:46:49.6679572Z  * [new tag]         v0.7.0                                   -> v0.7.0
2026-10-03T20:46:49.6679906Z  * [new tag]         v0.7.1                                   -> v0.7.1
2026-10-03T20:46:49.6680234Z  * [new tag]         v0.7.2                                   -> v0.7.2
2026-10-03T20:46:49.6680563Z  * [new tag]         v0.7.3                                   -> v0.7.3
2026-10-03T20:46:49.6680903Z  * [new tag]         v0.8.0                                   -> v0.8.0
2026-10-03T20:46:49.6681235Z  * [new tag]         v0.8.1                                   -> v0.8.1
2026-10-03T20:46:49.6681572Z  * [new tag]         v0.9.0                                   -> v0.9.0
2026-10-03T20:46:49.6681907Z  * [new tag]         v0.9.1                                   -> v0.9.1
2026-10-03T20:46:49.6682302Z  * [new ref]         bef5b16e8280730e813bf4a5ab0705bcd543a50a -> pull/805/merge
2026-10-03T20:46:49.6697502Z ##[endgroup]
2026-10-03T20:46:49.6697918Z ##[group]Determining the checkout info
2026-10-03T20:46:49.6698982Z ##[endgroup]
2026-10-03T20:46:49.6708187Z [command]"C:\Program Files\Git\bin\git.exe" sparse-checkout disable
2026-10-03T20:46:49.7087809Z [command]"C:\Program Files\Git\bin\git.exe" config --local --unset-all extensions.worktreeConfig
2026-10-03T20:46:49.7386115Z ##[group]Checking out the ref
2026-10-03T20:46:49.7396730Z [command]"C:\Program Files\Git\bin\git.exe" checkout --progress --force refs/remotes/pull/805/merge
2026-10-03T20:46:50.7270890Z Note: switching to 'refs/remotes/pull/805/merge'.
2026-10-03T20:46:50.7271319Z 
2026-10-03T20:46:50.7271637Z You are in 'detached HEAD' state. You can look around, make experimental
2026-10-03T20:46:50.7272464Z changes and commit them, and you can discard any commits you make in this
2026-10-03T20:46:50.7273074Z state without impacting any branches by switching back to a branch.
2026-10-03T20:46:50.7273374Z 
2026-10-03T20:46:50.7273556Z If you want to create a new branch to retain commits you create, you may
2026-10-03T20:46:50.7273970Z do so (now or later) by using -c with the switch command. Example:
2026-10-03T20:46:50.7274522Z 
2026-10-03T20:46:50.7274999Z   git switch -c <new-branch-name>
2026-10-03T20:46:50.7275258Z 
2026-10-03T20:46:50.7275390Z Or undo this operation with:
2026-10-03T20:46:50.7275610Z 
2026-10-03T20:46:50.7275727Z   git switch -
2026-10-03T20:46:50.7275894Z 
2026-10-03T20:46:50.7276533Z Turn off this advice by setting config variable advice.detachedHead to false
2026-10-03T20:46:50.7277038Z 
2026-10-03T20:46:50.7277723Z HEAD is now at bef5b16 Merge 3cc1046cde2f6ac90f0bdf078ce34c631cd67138 into 31de72294521701fc4b1a0bce39f03cc34d72e7e
2026-10-03T20:46:50.7393908Z ##[endgroup]
2026-10-03T20:46:50.7740662Z [command]"C:\Program Files\Git\bin\git.exe" log -1 --format=%H
2026-10-03T20:46:50.8030252Z bef5b16e8280730e813bf4a5ab0705bcd543a50a
2026-10-03T20:46:50.8524426Z ##[group]Run actions/setup-go@b7ad1dad31e06c5925ef5d2fc7ad053ef454303e
2026-10-03T20:46:50.8525097Z with:
2026-10-03T20:46:50.8525388Z   go-version-file: go.mod
2026-10-03T20:46:50.8525727Z   cache: true
2026-10-03T20:46:50.8526014Z   check-latest: false
2026-10-03T20:46:50.8530380Z   token: ***
2026-10-03T20:46:50.8530673Z ##[endgroup]
2026-10-03T20:46:51.0050176Z Setup go version spec 1.26.7
2026-10-03T20:46:51.0064144Z Attempting to download 1.26.7...
2026-10-03T20:46:51.5793718Z matching 1.26.7...
2026-10-03T20:46:51.5836170Z Acquiring 1.26.7 from https://github.com/actions/go-versions/releases/download/1.26.7-32325178046/go-1.26.7-win32-x64.zip
2026-10-03T20:46:52.1880049Z Extracting Go...
2026-10-03T20:46:52.2711907Z [command]"C:\Program Files\PowerShell\7\pwsh.exe" -NoLogo -NoProfile -NonInteractive -ExecutionPolicy Unrestricted -Command "$ErrorActionPreference = 'Stop' ; try { Add-Type -AssemblyName System.IO.Compression.ZipFile } catch { } ; try { [System.IO.Compression.ZipFile]::ExtractToDirectory('D:\a\_temp\go-1.26.7-win32-x64.zip', 'D:\a\_temp\9b46e919-9a8d-4264-a59b-fdf31055910e', $true) } catch { if (($_.Exception.GetType().FullName -eq 'System.Management.Automation.MethodException') -or ($_.Exception.GetType().FullName -eq 'System.Management.Automation.RuntimeException') ){ Expand-Archive -LiteralPath 'D:\a\_temp\go-1.26.7-win32-x64.zip' -DestinationPath 'D:\a\_temp\9b46e919-9a8d-4264-a59b-fdf31055910e' -Force } else { throw $_ } } ;"
2026-10-03T20:46:57.3754252Z Successfully extracted go to D:\a\_temp\9b46e919-9a8d-4264-a59b-fdf31055910e
2026-10-03T20:46:57.3754842Z Adding to the cache ...
2026-10-03T20:47:08.8760317Z Created link C:\hostedtoolcache\windows\go\1.26.7\x64 => D:\hostedtoolcache\windows\go\1.26.7\x64
2026-10-03T20:47:08.8765385Z Created link C:\hostedtoolcache\windows\go\1.26.7\x64.complete => D:\hostedtoolcache\windows\go\1.26.7\x64.complete
2026-10-03T20:47:08.8766723Z Successfully cached go to C:\hostedtoolcache\windows\go\1.26.7\x64
2026-10-03T20:47:08.8773639Z Added go to the path
2026-10-03T20:47:08.8776540Z Successfully set up Go version 1.26.7
2026-10-03T20:47:09.3271501Z [command]C:\hostedtoolcache\windows\go\1.26.7\x64\bin\go.exe env GOCACHE
2026-10-03T20:47:09.3329722Z [command]C:\hostedtoolcache\windows\go\1.26.7\x64\bin\go.exe env GOMODCACHE
2026-10-03T20:47:09.3713051Z C:\Users\runneradmin\AppData\Local\go-build
2026-10-03T20:47:09.3721562Z C:\Users\runneradmin\go\pkg\mod
2026-10-03T20:47:09.6480331Z Cache hit for: setup-go-Windows-x64-go-1.26.7-da193973ccd725fdd1a6125e59e1398e6714d9dc4da6b8fd1ec8954a4a0bd404
2026-10-03T20:47:10.7635368Z Received 134217728 of 219869179 (61.0%), 127.2 MBs/sec
2026-10-03T20:47:11.2362457Z Received 219869179 of 219869179 (100.0%), 141.8 MBs/sec
2026-10-03T20:47:11.2365727Z Cache Size: ~210 MB (219869179 B)
2026-10-03T20:47:11.2400034Z [command]"C:\Program Files\Git\usr\bin\tar.exe" -xf D:/a/_temp/2ed0cecd-3421-43ad-8478-3ebfea25130c/cache.tzst -P -C D:/a/symaira-brain/symaira-brain --force-local --use-compress-program "zstd -d"
2026-10-03T20:47:31.7760519Z Cache restored successfully
2026-10-03T20:47:31.7971711Z Cache restored from key: setup-go-Windows-x64-go-1.26.7-da193973ccd725fdd1a6125e59e1398e6714d9dc4da6b8fd1ec8954a4a0bd404
2026-10-03T20:47:31.7993755Z go version go1.26.7 windows/amd64
2026-10-03T20:47:31.7994076Z 
2026-10-03T20:47:31.7994489Z ##[group]go env
2026-10-03T20:47:32.0966118Z set AR=ar
2026-10-03T20:47:32.0966943Z set CC=gcc
2026-10-03T20:47:32.0967179Z set CGO_CFLAGS=-O2 -g
2026-10-03T20:47:32.0967425Z set CGO_CPPFLAGS=
2026-10-03T20:47:32.0967785Z set CGO_CXXFLAGS=-O2 -g
2026-10-03T20:47:32.0968108Z set CGO_ENABLED=1
2026-10-03T20:47:32.0968324Z set CGO_FFLAGS=-O2 -g
2026-10-03T20:47:32.0968744Z set CGO_LDFLAGS=-O2 -g
2026-10-03T20:47:32.0969019Z set CXX=g++
2026-10-03T20:47:32.0969227Z set GCCGO=gccgo
2026-10-03T20:47:32.0969423Z set GO111MODULE=
2026-10-03T20:47:32.0969619Z set GOAMD64=v1
2026-10-03T20:47:32.0969801Z set GOARCH=amd64
2026-10-03T20:47:32.0972554Z set GOAUTH=netrc
2026-10-03T20:47:32.0972834Z set GOBIN=
2026-10-03T20:47:32.0973121Z set GOCACHE=C:\Users\runneradmin\AppData\Local\go-build
2026-10-03T20:47:32.0973450Z set GOCACHEPROG=
2026-10-03T20:47:32.0974184Z set GODEBUG=
2026-10-03T20:47:32.0974464Z set GOENV=C:\Users\runneradmin\AppData\Roaming\go\env
2026-10-03T20:47:32.0974777Z set GOEXE=.exe
2026-10-03T20:47:32.0974973Z set GOEXPERIMENT=
2026-10-03T20:47:32.0975171Z set GOFIPS140=off
2026-10-03T20:47:32.0975357Z set GOFLAGS=
2026-10-03T20:47:32.0976143Z set GOGCCFLAGS=-m64 -mthreads -Wl,--no-gc-sections -fmessage-length=0 -ffile-prefix-map=C:\Users\RUNNER~1\AppData\Local\Temp\go-build3131055839=/tmp/go-build -gno-record-gcc-switches
2026-10-03T20:47:32.0977751Z set GOHOSTARCH=amd64
2026-10-03T20:47:32.0978156Z set GOHOSTOS=windows
2026-10-03T20:47:32.0979924Z set GOINSECURE=
2026-10-03T20:47:32.0980363Z set GOMOD=D:\a\symaira-brain\symaira-brain\go.mod
2026-10-03T20:47:32.0980929Z set GOMODCACHE=C:\Users\runneradmin\go\pkg\mod
2026-10-03T20:47:32.0981382Z set GONOPROXY=
2026-10-03T20:47:32.0981667Z set GONOSUMDB=
2026-10-03T20:47:32.0981956Z set GOOS=windows
2026-10-03T20:47:32.0982288Z set GOPATH=C:\Users\runneradmin\go
2026-10-03T20:47:32.0982674Z set GOPRIVATE=
2026-10-03T20:47:32.0983071Z set GOPROXY=https://proxy.golang.org,direct
2026-10-03T20:47:32.1014089Z set GOROOT=C:\hostedtoolcache\windows\go\1.26.7\x64
2026-10-03T20:47:32.1014713Z set GOSUMDB=sum.golang.org
2026-10-03T20:47:32.1015105Z set GOTELEMETRY=local
2026-10-03T20:47:32.1015629Z set GOTELEMETRYDIR=C:\Users\runneradmin\AppData\Roaming\go\telemetry
2026-10-03T20:47:32.1016249Z set GOTMPDIR=
2026-10-03T20:47:32.1016578Z set GOTOOLCHAIN=local
2026-10-03T20:47:32.1017163Z set GOTOOLDIR=C:\hostedtoolcache\windows\go\1.26.7\x64\pkg\tool\windows_amd64
2026-10-03T20:47:32.1017783Z set GOVCS=
2026-10-03T20:47:32.1018080Z set GOVERSION=go1.26.7
2026-10-03T20:47:32.1018409Z set GOWORK=
2026-10-03T20:47:32.1018952Z set PKG_CONFIG=pkg-config
2026-10-03T20:47:32.1019215Z 
2026-10-03T20:47:32.1019669Z ##[endgroup]
2026-10-03T20:47:32.1309347Z ##[group]Run rustup show active-toolchain
2026-10-03T20:47:32.1309802Z [36;1mrustup show active-toolchain[0m
2026-10-03T20:47:32.1449712Z shell: C:\Program Files\PowerShell\7\pwsh.EXE -command ". '{0}'"
2026-10-03T20:47:32.1450106Z env:
2026-10-03T20:47:32.1450297Z   GOTOOLCHAIN: local
2026-10-03T20:47:32.1450514Z ##[endgroup]
2026-10-03T20:47:33.1815695Z info: syncing channel updates for 1.98.0-x86_64-pc-windows-msvc
2026-10-03T20:47:33.7980731Z info: latest update on 2026-08-20 for version 1.98.0 (88d9e12ae 2026-08-18)
2026-10-03T20:47:33.8033574Z info: downloading 5 components
2026-10-03T20:47:43.0543396Z warn: the missing active toolchain `1.98.0-x86_64-pc-windows-msvc` has been auto-installed
2026-10-03T20:47:43.0544618Z warn: auto-installation is deprecated for most `rustup` commands
2026-10-03T20:47:43.0546257Z warn: scripts relying on this behavior in `rustup` may stop working in the future
2026-10-03T20:47:43.0547899Z warn: to install the active toolchain, use `rustup install` instead
2026-10-03T20:47:43.0548990Z warn: see <https://github.com/rust-lang/rustup/issues/4836> for more info
2026-10-03T20:47:43.0550355Z 1.98.0-x86_64-pc-windows-msvc (overridden by 'D:\a\symaira-brain\symaira-brain\rust-toolchain.toml')
2026-10-03T20:47:43.1784916Z ##[group]Run choco install make --version=4.4.1 --yes --no-progress
2026-10-03T20:47:43.1785479Z [36;1mchoco install make --version=4.4.1 --yes --no-progress[0m
2026-10-03T20:47:43.1857121Z shell: C:\Program Files\PowerShell\7\pwsh.EXE -command ". '{0}'"
2026-10-03T20:47:43.1857465Z env:
2026-10-03T20:47:43.1857653Z   GOTOOLCHAIN: local
2026-10-03T20:47:43.1857865Z ##[endgroup]
2026-10-03T20:47:45.4834201Z Chocolatey v2.7.4
2026-10-03T20:47:45.7115930Z Installing the following packages:
2026-10-03T20:47:45.7121577Z make
2026-10-03T20:47:45.7125943Z By installing, you accept licenses for the packages.
2026-10-03T20:47:48.4591825Z Downloading package from source 'https://community.chocolatey.org/api/v2/'
2026-10-03T20:47:48.8979230Z 
2026-10-03T20:47:48.8979680Z make v4.4.1 [Approved]
2026-10-03T20:47:48.9198634Z make package files install completed. Performing other installation steps.
2026-10-03T20:47:49.7321561Z  ShimGen has successfully created a shim for make.exe
2026-10-03T20:47:49.7877721Z  The install of make was successful.
2026-10-03T20:47:49.7881746Z   Deployed to 'C:\ProgramData\chocolatey\lib\make'
2026-10-03T20:47:49.7965904Z 
2026-10-03T20:47:49.7966332Z Chocolatey installed 1/1 packages. 
2026-10-03T20:47:49.7967098Z  See the log for details (C:\ProgramData\chocolatey\logs\chocolatey.log).
2026-10-03T20:47:50.1638379Z ##[group]Run actions/cache@55cc8345863c7cc4c66a329aec7e433d2d1c52a9
2026-10-03T20:47:50.1638813Z with:
2026-10-03T20:47:50.1639388Z   path: ~/.cargo/registry
~/.cargo/git
~/.cargo/.crates.toml
~/.cargo/.crates2.json
~/.cargo/bin/cargo-audit.exe
~/.cargo/bin/cargo-deny.exe

2026-10-03T20:47:50.1641074Z   key: rust-quality-install-meta-v2-Windows-X64-toolchain-33a4ad9670c778b981b4e54b55039bd7ea7f3eb24b2a78b861b2cdf081a972a3-lock-503638bdffcad0988423fb0ad9403cc3a1f285bfdc34d958befab68b2125a4f5-audit-0.22.2-deny-0.20.2
2026-10-03T20:47:50.1642202Z   enableCrossOsArchive: false
2026-10-03T20:47:50.1642454Z   fail-on-cache-miss: false
2026-10-03T20:47:50.1642683Z   lookup-only: false
2026-10-03T20:47:50.1642888Z   save-always: false
2026-10-03T20:47:50.1643067Z env:
2026-10-03T20:47:50.1643241Z   GOTOOLCHAIN: local
2026-10-03T20:47:50.1643432Z ##[endgroup]
2026-10-03T20:47:50.5344851Z Cache not found for input keys: rust-quality-install-meta-v2-Windows-X64-toolchain-33a4ad9670c778b981b4e54b55039bd7ea7f3eb24b2a78b861b2cdf081a972a3-lock-503638bdffcad0988423fb0ad9403cc3a1f285bfdc34d958befab68b2125a4f5-audit-0.22.2-deny-0.20.2
2026-10-03T20:47:50.5657194Z ##[group]Run set -euo pipefail
2026-10-03T20:47:50.5657737Z [36;1mset -euo pipefail[0m
2026-10-03T20:47:50.5658315Z [36;1maudit_version="$(cargo-audit --version 2>/dev/null || true)"[0m
2026-10-03T20:47:50.5659053Z [36;1mif [ "$audit_version" != "cargo-audit 0.22.2" ]; then[0m
2026-10-03T20:47:50.5659747Z [36;1m  cargo install cargo-audit --version 0.22.2 --locked[0m
2026-10-03T20:47:50.5660279Z [36;1mfi[0m
2026-10-03T20:47:50.5660744Z [36;1mdeny_version="$(cargo-deny --version 2>/dev/null || true)"[0m
2026-10-03T20:47:50.5661450Z [36;1mif [ "$deny_version" != "cargo-deny 0.20.2" ]; then[0m
2026-10-03T20:47:50.5662091Z [36;1m  cargo install cargo-deny --version 0.20.2 --locked[0m
2026-10-03T20:47:50.5662615Z [36;1mfi[0m
2026-10-03T20:47:50.5681154Z shell: C:\Program Files\Git\bin\bash.EXE --noprofile --norc -e -o pipefail {0}
2026-10-03T20:47:50.5681554Z env:
2026-10-03T20:47:50.5681744Z   GOTOOLCHAIN: local
2026-10-03T20:47:50.5681983Z ##[endgroup]
2026-10-03T20:47:51.3293310Z     Updating crates.io index
2026-10-03T20:47:51.4017771Z  Downloading crates ...
2026-10-03T20:47:51.5055156Z   Downloaded cargo-audit v0.22.2
2026-10-03T20:47:51.6546666Z   Installing cargo-audit v0.22.2
2026-10-03T20:47:51.6547322Z warning: default toolchain implicitly overridden with `1.98.0-x86_64-pc-windows-msvc` by rustup toolchain file
2026-10-03T20:47:51.6547843Z   |
2026-10-03T20:47:51.6548175Z   = help: use `cargo +stable install` if you meant to use the stable toolchain
2026-10-03T20:47:51.6549157Z   = note: rustup selects the toolchain based on the parent environment and not the environment of the package being installed
2026-10-03T20:47:51.6632091Z     Updating crates.io index
2026-10-03T20:47:53.2197083Z     Updating crates.io index
2026-10-03T20:47:53.3686473Z  Downloading crates ...
2026-10-03T20:47:53.3882612Z   Downloaded abscissa_core v0.9.0
2026-10-03T20:47:53.4769974Z   Downloaded atomic-waker v1.1.2
2026-10-03T20:47:53.4987905Z   Downloaded auditable-serde v0.9.0
2026-10-03T20:47:53.5074983Z   Downloaded abscissa_derive v0.9.0
2026-10-03T20:47:53.5165134Z   Downloaded adler2 v2.0.1
2026-10-03T20:47:53.5282349Z   Downloaded anstream v1.0.0
2026-10-03T20:47:53.5467677Z   Downloaded anstyle-wincon v3.0.11
2026-10-03T20:47:53.5584754Z   Downloaded arrayvec v0.7.6
2026-10-03T20:47:53.5778499Z   Downloaded auditable-info v0.10.0
2026-10-03T20:47:53.5862466Z   Downloaded block-buffer v0.10.4
2026-10-03T20:47:53.5961244Z   Downloaded cfg-if v1.0.4
2026-10-03T20:47:53.6090309Z   Downloaded compression-core v0.4.32
2026-10-03T20:47:53.6191244Z   Downloaded cpufeatures v0.2.17
2026-10-03T20:47:53.6316968Z   Downloaded dunce v1.0.5
2026-10-03T20:47:53.6406717Z   Downloaded anstyle v1.0.14
2026-10-03T20:47:53.6564587Z   Downloaded anstyle-parse v1.0.0
2026-10-03T20:47:53.6715954Z   Downloaded anstyle-query v1.1.5
2026-10-03T20:47:53.6817079Z   Downloaded auditable-extract v0.3.5
2026-10-03T20:47:53.6926699Z   Downloaded autocfg v1.5.0
2026-10-03T20:47:53.7127119Z   Downloaded binfarce v0.2.1
2026-10-03T20:47:53.7305472Z   Downloaded byteorder v1.5.0
2026-10-03T20:47:53.7434136Z   Downloaded crossbeam-deque v0.8.6
2026-10-03T20:47:53.7552177Z   Downloaded gix-protocol v0.62.0
2026-10-03T20:47:53.7842483Z   Downloaded gix-utils v0.3.3
2026-10-03T20:47:53.7942329Z   Downloaded gix-worktree-state v0.31.0
2026-10-03T20:47:53.8052422Z   Downloaded heck v0.5.0
2026-10-03T20:47:53.8206661Z   Downloaded gix-quote v0.7.2
2026-10-03T20:47:53.8345839Z   Downloaded gix-shallow v0.12.1
2026-10-03T20:47:53.8471310Z   Downloaded hash32 v0.3.1
2026-10-03T20:47:53.8605367Z   Downloaded idna_adapter v1.2.1
2026-10-03T20:47:53.8695629Z   Downloaded gix-transport v0.57.1
2026-10-03T20:47:53.9001126Z   Downloaded http-body v1.0.1
2026-10-03T20:47:53.9100416Z   Downloaded gix-fs v0.21.2
2026-10-03T20:47:53.9249400Z   Downloaded gix-trace v0.1.20
2026-10-03T20:47:53.9340821Z   Downloaded gix-validate v0.11.2
2026-10-03T20:47:53.9466393Z   Downloaded is_terminal_polyfill v1.70.2
2026-10-03T20:47:53.9636520Z   Downloaded canonical-path v2.0.2
2026-10-03T20:47:53.9717848Z   Downloaded clap_lex v1.1.0
2026-10-03T20:47:53.9815122Z   Downloaded equivalent v1.0.2
2026-10-03T20:47:53.9925672Z   Downloaded gix-revision v0.46.0
2026-10-03T20:47:54.0063579Z   Downloaded gix-submodule v0.31.0
2026-10-03T20:47:54.0161654Z   Downloaded gix-traverse v0.58.0
2026-10-03T20:47:54.0340885Z   Downloaded gix-url v0.36.1
2026-10-03T20:47:54.0473976Z   Downloaded cfg_aliases v0.2.1
2026-10-03T20:47:54.0571151Z   Downloaded gix-refspec v0.42.0
2026-10-03T20:47:54.0739713Z   Downloaded gix-sec v0.14.1
2026-10-03T20:47:54.0840690Z   Downloaded allocator-api2 v0.2.21
2026-10-03T20:47:54.1084544Z   Downloaded gix-revwalk v0.32.0
2026-10-03T20:47:54.1189128Z   Downloaded gix-worktree v0.53.0
2026-10-03T20:47:54.1313915Z   Downloaded gix-worktree-stream v0.33.0
2026-10-03T20:47:54.1427970Z   Downloaded ipnet v2.12.0
2026-10-03T20:47:54.1597478Z   Downloaded colorchoice v1.0.5
2026-10-03T20:47:54.1687452Z   Downloaded faster-hex v0.10.0
2026-10-03T20:47:54.1876299Z   Downloaded gix-tempfile v23.0.0
2026-10-03T20:47:54.1983800Z   Downloaded home v0.5.12
2026-10-03T20:47:54.2095966Z   Downloaded ident_case v1.0.1
2026-10-03T20:47:54.2186007Z   Downloaded itoa v1.0.18
2026-10-03T20:47:54.2853232Z   Downloaded matchers v0.2.0
2026-10-03T20:47:54.2981332Z   Downloaded mime v0.3.17
2026-10-03T20:47:54.3104867Z   Downloaded httparse v1.10.1
2026-10-03T20:47:54.3369176Z   Downloaded futures-sink v0.3.32
2026-10-03T20:47:54.3481451Z   Downloaded gix-ref v0.64.0
2026-10-03T20:47:54.3902242Z   Downloaded indenter v0.3.4
2026-10-03T20:47:54.4024483Z   Downloaded quitters v0.1.0
2026-10-03T20:47:54.4103637Z   Downloaded arc-swap v1.9.1
2026-10-03T20:47:54.4485937Z   Downloaded clru v0.6.3
2026-10-03T20:47:54.4638914Z   Downloaded displaydoc v0.2.5
2026-10-03T20:47:54.4976370Z   Downloaded gix-command v0.9.1
2026-10-03T20:47:54.5058486Z   Downloaded http-body-util v0.1.3
2026-10-03T20:47:54.5275205Z   Downloaded hyper-rustls v0.27.9
2026-10-03T20:47:54.5421131Z   Downloaded crypto-common v0.1.7
2026-10-03T20:47:54.5512306Z   Downloaded futures-core v0.3.32
2026-10-03T20:47:54.5635375Z   Downloaded futures-io v0.3.32
2026-10-03T20:47:54.5720242Z   Downloaded futures-task v0.3.32
2026-10-03T20:47:54.5860624Z   Downloaded gix-bitmap v0.3.2
2026-10-03T20:47:54.5945706Z   Downloaded display-error-chain v0.2.2
2026-10-03T20:47:54.6077447Z   Downloaded fnv v1.0.7
2026-10-03T20:47:54.6191185Z   Downloaded gix-config-value v0.18.1
2026-10-03T20:47:54.6303351Z   Downloaded gix-lock v23.0.0
2026-10-03T20:47:54.6742445Z   Downloaded lazy_static v1.5.0
2026-10-03T20:47:54.9696637Z   Downloaded once_cell_polyfill v1.70.2
2026-10-03T20:47:54.9813481Z   Downloaded potential_utf v0.1.5
2026-10-03T20:47:54.9933915Z   Downloaded cmake v0.1.58
2026-10-03T20:47:55.0055366Z   Downloaded gix-actor v0.41.1
2026-10-03T20:47:55.0152423Z   Downloaded gix-chunk v0.7.2
2026-10-03T20:47:55.0255440Z   Downloaded gix-date v0.15.4
2026-10-03T20:47:55.0385663Z   Downloaded parking_lot v0.12.5
2026-10-03T20:47:55.0641397Z   Downloaded quote v1.0.45
2026-10-03T20:47:55.0933021Z   Downloaded form_urlencoded v1.2.2
2026-10-03T20:47:55.1022413Z   Downloaded generic-array v0.14.7
2026-10-03T20:47:55.1175080Z   Downloaded gix-config v0.57.0
2026-10-03T20:47:55.1622807Z   Downloaded backtrace v0.3.76
2026-10-03T20:47:55.2171103Z   Downloaded clap_derive v4.6.1
2026-10-03T20:47:55.2370148Z   Downloaded crossbeam-utils v0.8.21
2026-10-03T20:47:55.2684817Z   Downloaded digest v0.10.7
2026-10-03T20:47:55.2896621Z   Downloaded foldhash v0.1.5
2026-10-03T20:47:55.3003811Z   Downloaded nonempty v0.12.0
2026-10-03T20:47:55.3111833Z   Downloaded powerfmt v0.2.0
2026-10-03T20:47:55.3278697Z   Downloaded cvss v2.2.0
2026-10-03T20:47:55.3882872Z   Downloaded gix-ignore v0.21.1
2026-10-03T20:47:55.3971457Z   Downloaded io-close v0.3.7
2026-10-03T20:47:55.4074648Z   Downloaded jiff-tzdb-platform v0.1.3
2026-10-03T20:47:55.4160482Z   Downloaded num-conv v0.2.1
2026-10-03T20:47:55.4247475Z   Downloaded percent-encoding v2.3.2
2026-10-03T20:47:55.4333527Z   Downloaded stable_deref_trait v1.2.1
2026-10-03T20:47:55.4421959Z   Downloaded uluru v3.1.0
2026-10-03T20:47:55.4526367Z   Downloaded utf8_iter v1.0.4
2026-10-03T20:47:55.4625421Z   Downloaded yoke-derive v0.8.2
2026-10-03T20:47:55.4724468Z   Downloaded zerofrom v0.1.7
2026-10-03T20:47:55.4811452Z   Downloaded bitflags v2.11.1
2026-10-03T20:47:55.5352240Z   Downloaded bytes v1.11.1
2026-10-03T20:47:55.5768887Z   Downloaded camino v1.2.2
2026-10-03T20:47:55.5949782Z   Downloaded cargo-lock v11.0.1
2026-10-03T20:47:55.6327020Z   Downloaded compression-codecs v0.4.38
2026-10-03T20:47:55.6711868Z   Downloaded foldhash v0.2.0
2026-10-03T20:47:55.6861089Z   Downloaded fs_extra v1.3.0
2026-10-03T20:47:55.6978753Z   Downloaded gix-attributes v0.33.1
2026-10-03T20:47:55.7134893Z   Downloaded gix-commitgraph v0.37.1
2026-10-03T20:47:55.7289758Z   Downloaded gix-discover v0.52.0
2026-10-03T20:47:55.7437893Z   Downloaded gix-glob v0.26.1
2026-10-03T20:47:55.7546619Z   Downloaded gix-hash v0.25.1
2026-10-03T20:47:55.7689367Z   Downloaded gix-hashtable v0.15.1
2026-10-03T20:47:55.7770949Z   Downloaded gix-packetline v0.21.4
2026-10-03T20:47:55.7939863Z   Downloaded gix-pathspec v0.18.1
2026-10-03T20:47:55.8088983Z   Downloaded heapless v0.8.0
2026-10-03T20:47:55.8401129Z   Downloaded icu_normalizer_data v2.1.1
2026-10-03T20:47:55.8565135Z   Downloaded icu_properties v2.1.2
2026-10-03T20:47:55.8811844Z   Downloaded jobserver v0.1.34
2026-10-03T20:47:55.9007822Z   Downloaded kstring v2.0.2
2026-10-03T20:47:55.9170012Z   Downloaded lock_api v0.4.14
2026-10-03T20:47:55.9271537Z   Downloaded lru-slab v0.1.2
2026-10-03T20:47:55.9356196Z   Downloaded maybe-async v0.2.10
2026-10-03T20:47:55.9650961Z   Downloaded nu-ansi-term v0.50.3
2026-10-03T20:47:55.9905922Z   Downloaded once_cell v1.21.4
2026-10-03T20:47:56.0163805Z   Downloaded owo-colors v4.3.0
2026-10-03T20:47:56.3854648Z   Downloaded pin-project-lite v0.2.17
2026-10-03T20:47:56.4631905Z   Downloaded ppv-lite86 v0.2.21
2026-10-03T20:47:56.4743100Z   Downloaded rand_core v0.9.5
2026-10-03T20:47:56.4857786Z   Downloaded serde_spanned v1.1.1
2026-10-03T20:47:56.4955811Z   Downloaded sha1 v0.10.6
2026-10-03T20:47:56.5096284Z   Downloaded shell-words v1.1.1
2026-10-03T20:47:56.5188971Z   Downloaded smol_str v0.3.2
2026-10-03T20:47:56.5334033Z   Downloaded strsim v0.11.1
2026-10-03T20:47:56.5452389Z   Downloaded thiserror v2.0.18
2026-10-03T20:47:56.6308456Z   Downloaded toml_datetime v0.7.5+spec-1.1.0
2026-10-03T20:47:56.6422255Z   Downloaded topological-sort v0.2.2
2026-10-03T20:47:56.6525410Z   Downloaded try-lock v0.2.5
2026-10-03T20:47:56.6617203Z   Downloaded unicode-bom v2.0.3
2026-10-03T20:47:56.6736644Z   Downloaded utf8parse v0.2.2
2026-10-03T20:47:56.6831981Z   Downloaded version_check v0.9.5
2026-10-03T20:47:56.6946508Z   Downloaded wait-timeout v0.2.1
2026-10-03T20:47:56.7108178Z   Downloaded walkdir v2.5.0
2026-10-03T20:47:56.7284718Z   Downloaded want v0.3.1
2026-10-03T20:47:56.7379679Z   Downloaded windows-targets v0.53.5
2026-10-03T20:47:56.7476225Z   Downloaded crc32fast v1.5.0
2026-10-03T20:47:56.7664977Z   Downloaded crossbeam-epoch v0.9.18
2026-10-03T20:47:56.7882627Z   Downloaded either v1.15.0
2026-10-03T20:47:56.8033433Z   Downloaded fastrand v2.4.1
2026-10-03T20:47:56.8148537Z   Downloaded filetime v0.2.28
2026-10-03T20:47:56.8322982Z   Downloaded fixedbitset v0.5.7
2026-10-03T20:47:56.8479922Z   Downloaded fs-err v3.3.0
2026-10-03T20:47:56.8695620Z   Downloaded getrandom v0.2.17
2026-10-03T20:47:56.9613982Z   Downloaded gix-credentials v0.38.1
2026-10-03T20:47:56.9752988Z   Downloaded gix-negotiate v0.32.0
2026-10-03T20:47:56.9869951Z   Downloaded icu_collections v2.1.1
2026-10-03T20:47:57.0577028Z   Downloaded icu_locale_core v2.1.1
2026-10-03T20:47:57.1297256Z   Downloaded icu_normalizer v2.1.1
2026-10-03T20:47:57.1605430Z   Downloaded litemap v0.8.2
2026-10-03T20:47:57.1870024Z   Downloaded log v0.4.29
2026-10-03T20:47:57.2065486Z   Downloaded memmap2 v0.9.10
2026-10-03T20:47:57.2206935Z   Downloaded parking_lot_core v0.9.12
2026-10-03T20:47:57.2428033Z   Downloaded platforms v3.10.0
2026-10-03T20:47:57.2607709Z   Downloaded proc-macro2 v1.0.106
2026-10-03T20:47:57.2937067Z   Downloaded quinn-udp v0.5.14
2026-10-03T20:47:57.3125030Z   Downloaded rand_chacha v0.9.0
2026-10-03T20:47:57.3238974Z   Downloaded secrecy v0.10.3
2026-10-03T20:47:57.3323818Z   Downloaded shlex v1.3.0
2026-10-03T20:47:57.3436485Z   Downloaded smallvec v1.15.1
2026-10-03T20:47:57.3671476Z   Downloaded subtle v2.6.1
2026-10-03T20:47:57.3790088Z   Downloaded sync_wrapper v1.0.2
2026-10-03T20:47:57.3879868Z   Downloaded thiserror-impl v2.0.18
2026-10-03T20:47:57.4033606Z   Downloaded toml v1.1.2+spec-1.1.0
2026-10-03T20:47:57.4453329Z   Downloaded toml-span v0.7.1
2026-10-03T20:47:57.4611114Z   Downloaded toml_datetime v1.1.1+spec-1.1.0
2026-10-03T20:47:57.4711943Z   Downloaded toml_parser v1.1.2+spec-1.1.0
2026-10-03T20:47:57.4907470Z   Downloaded toml_writer v1.1.1+spec-1.1.0
2026-10-03T20:47:57.5018610Z   Downloaded twox-hash v2.1.2
2026-10-03T20:47:57.5233599Z   Downloaded yoke v0.8.2
2026-10-03T20:47:57.5410675Z   Downloaded deranged v0.5.8
2026-10-03T20:47:57.5546784Z   Downloaded gix-error v0.2.4
2026-10-03T20:47:57.5682668Z   Downloaded gix-features v0.48.1
2026-10-03T20:47:57.5930087Z   Downloaded gix-prompt v0.15.1
2026-10-03T20:47:58.0812942Z   Downloaded icu_provider v2.1.1
2026-10-03T20:47:58.1039120Z   Downloaded jiff-tzdb v0.1.6
2026-10-03T20:47:58.1167026Z   Downloaded miniz_oxide v0.8.9
2026-10-03T20:47:58.1367791Z   Downloaded semver v1.0.28
2026-10-03T20:47:58.1611183Z   Downloaded socket2 v0.6.3
2026-10-03T20:47:58.1730736Z   Downloaded unicode-ident v1.0.24
2026-10-03T20:47:58.1991540Z   Downloaded zerofrom-derive v0.1.7
2026-10-03T20:47:58.2119544Z   Downloaded async-compression v0.4.42
2026-10-03T20:47:58.2810000Z   Downloaded borsh v1.6.1
2026-10-03T20:47:58.3621082Z   Downloaded clap v4.6.1
2026-10-03T20:47:58.4773774Z   Downloaded find-msvc-tools v0.1.9
2026-10-03T20:47:58.4936133Z   Downloaded futures-channel v0.3.32
2026-10-03T20:47:58.5114602Z   Downloaded getrandom v0.4.2
2026-10-03T20:47:58.5487974Z   Downloaded gix-filter v0.31.0
2026-10-03T20:47:58.5723404Z   Downloaded http v1.4.0
2026-10-03T20:47:58.6019937Z   Downloaded indexmap v2.14.0
2026-10-03T20:47:58.6365902Z   Downloaded jiff-static v0.2.28
2026-10-03T20:47:58.6564637Z   Downloaded quinn v0.11.9
2026-10-03T20:47:58.6857072Z   Downloaded rayon-core v1.13.0
2026-10-03T20:47:58.7221957Z   Downloaded rustc-hash v2.1.2
2026-10-03T20:47:58.7342375Z   Downloaded rustls-pki-types v1.14.1
2026-10-03T20:47:58.7670857Z   Downloaded rustls-platform-verifier v0.7.0
2026-10-03T20:47:58.8076542Z   Downloaded same-file v1.0.6
2026-10-03T20:47:58.8203930Z   Downloaded scopeguard v1.2.0
2026-10-03T20:47:58.8316329Z   Downloaded termcolor v1.4.1
2026-10-03T20:47:58.8423281Z   Downloaded tower-layer v0.3.3
2026-10-03T20:47:58.8527011Z   Downloaded typenum v1.20.0
2026-10-03T20:47:58.8763260Z   Downloaded windows-link v0.2.1
2026-10-03T20:47:58.8853416Z   Downloaded writeable v0.6.3
2026-10-03T20:47:58.9036146Z   Downloaded zeroize v1.8.2
2026-10-03T20:47:58.9156021Z   Downloaded base64 v0.22.1
2026-10-03T20:47:58.9538921Z   Downloaded eyre v0.6.12
2026-10-03T20:47:58.9892974Z   Downloaded getrandom v0.3.4
2026-10-03T20:47:59.3771672Z   Downloaded gix-diff v0.64.0
2026-10-03T20:47:59.3997993Z   Downloaded gix-index v0.52.0
2026-10-03T20:47:59.4353390Z   Downloaded gix-object v0.61.0
2026-10-03T20:47:59.4652423Z   Downloaded gix-path v0.12.1
2026-10-03T20:47:59.4830314Z   Downloaded hashbrown v0.15.5
2026-10-03T20:47:59.5199386Z   Downloaded hashbrown v0.16.1
2026-10-03T20:47:59.5578638Z   Downloaded hyper v1.9.0
2026-10-03T20:47:59.6164581Z   Downloaded hyper-util v0.1.20
2026-10-03T20:47:59.6670332Z   Downloaded icu_properties_data v2.1.2
2026-10-03T20:47:59.7797630Z   Downloaded idna v1.1.0
2026-10-03T20:47:59.8006837Z   Downloaded memchr v2.8.0
2026-10-03T20:47:59.8495013Z   Downloaded mio v1.2.0
2026-10-03T20:47:59.9009415Z   Downloaded prodash v31.0.0
2026-10-03T20:47:59.9330088Z   Downloaded rand v0.9.4
2026-10-03T20:47:59.9689579Z   Downloaded rustc-demangle v0.1.27
2026-10-03T20:47:59.9863689Z   Downloaded rustc-stable-hash v0.1.2
2026-10-03T20:48:00.0031008Z   Downloaded rustls-webpki v0.103.13
2026-10-03T20:48:00.0370018Z   Downloaded rustversion v1.0.22
2026-10-03T20:48:00.0715146Z   Downloaded serde_core v1.0.228
2026-10-03T20:48:00.0968774Z   Downloaded serde_derive v1.0.228
2026-10-03T20:48:00.1280849Z   Downloaded sharded-slab v0.1.7
2026-10-03T20:48:00.1591949Z   Downloaded slab v0.4.12
2026-10-03T20:48:00.1766348Z   Downloaded static_assertions v1.1.0
2026-10-03T20:48:00.1926903Z   Downloaded time-core v0.1.8
2026-10-03T20:48:00.2023064Z   Downloaded toml v0.9.12+spec-1.1.0
2026-10-03T20:48:00.2410736Z   Downloaded tracing-attributes v0.1.31
2026-10-03T20:48:01.0485823Z   Downloaded winapi-util v0.1.11
2026-10-03T20:48:01.0635836Z   Downloaded cc v1.2.62
2026-10-03T20:48:01.0887429Z   Downloaded crossbeam-channel v0.5.15
2026-10-03T20:48:01.1259430Z   Downloaded flate2 v1.1.9
2026-10-03T20:48:01.1850951Z   Downloaded gix-odb v0.81.0
2026-10-03T20:48:01.2140757Z   Downloaded hashbrown v0.17.1
2026-10-03T20:48:01.2548989Z   Downloaded serde v1.0.228
2026-10-03T20:48:01.2835143Z   Downloaded simd-adler32 v0.3.9
2026-10-03T20:48:01.3047608Z   Downloaded tinyvec_macros v0.1.1
2026-10-03T20:48:01.3168977Z   Downloaded tower-service v0.3.3
2026-10-03T20:48:01.3249576Z   Downloaded tracing-log v0.2.0
2026-10-03T20:48:01.3364675Z   Downloaded untrusted v0.9.0
2026-10-03T20:48:01.3519368Z   Downloaded url v2.5.8
2026-10-03T20:48:01.3727651Z   Downloaded h2 v0.4.14
2026-10-03T20:48:01.4307078Z   Downloaded regex v1.12.3
2026-10-03T20:48:01.4805272Z   Downloaded rustsec v0.33.0
2026-10-03T20:48:01.5406568Z   Downloaded synstructure v0.13.2
2026-10-03T20:48:01.5491582Z   Downloaded tempfile v3.27.0
2026-10-03T20:48:01.5691137Z   Downloaded time-macros v0.2.27
2026-10-03T20:48:01.5955036Z   Downloaded tinystr v0.8.3
2026-10-03T20:48:01.6142875Z   Downloaded zerotrie v0.2.4
2026-10-03T20:48:01.6497153Z   Downloaded zerovec v0.11.6
2026-10-03T20:48:01.7150204Z   Downloaded aho-corasick v1.1.4
2026-10-03T20:48:01.7551062Z   Downloaded gix-pack v0.71.0
2026-10-03T20:48:01.8205051Z   Downloaded rayon v1.12.0
2026-10-03T20:48:01.9262061Z   Downloaded tame-index v0.26.3
2026-10-03T20:48:01.9658291Z   Downloaded tinyvec v1.11.0
2026-10-03T20:48:02.4615177Z   Downloaded tower v0.5.3
2026-10-03T20:48:02.5760046Z   Downloaded tracing-core v0.1.36
2026-10-03T20:48:02.6035037Z   Downloaded tokio-rustls v0.26.4
2026-10-03T20:48:02.6259668Z   Downloaded wasmparser v0.207.0
2026-10-03T20:48:02.6823268Z   Downloaded zerovec-derive v0.11.3
2026-10-03T20:48:02.6988246Z   Downloaded futures-util v0.3.32
2026-10-03T20:48:02.8719812Z   Downloaded quinn-proto v0.11.14
2026-10-03T20:48:02.9251453Z   Downloaded tokio-util v0.7.18
2026-10-03T20:48:03.0046501Z   Downloaded aws-lc-rs v1.16.3
2026-10-03T20:48:03.1078134Z   Downloaded reqwest v0.13.3
2026-10-03T20:48:03.1531016Z   Downloaded serde_json v1.0.149
2026-10-03T20:48:03.2275654Z   Downloaded thread_local v1.1.9
2026-10-03T20:48:03.2410523Z   Downloaded tower-http v0.6.10
2026-10-03T20:48:03.3410782Z   Downloaded winnow v1.0.2
2026-10-03T20:48:03.8654407Z   Downloaded zmij v1.0.21
2026-10-03T20:48:03.8816965Z   Downloaded clap_builder v4.6.0
2026-10-03T20:48:03.9441237Z   Downloaded zerocopy v0.8.48
2026-10-03T20:48:04.1839625Z   Downloaded syn v2.0.117
2026-10-03T20:48:04.2710446Z   Downloaded tracing-subscriber v0.3.23
2026-10-03T20:48:04.3440598Z   Downloaded object v0.39.1
2026-10-03T20:48:04.4451305Z   Downloaded winnow v0.7.15
2026-10-03T20:48:04.5426150Z   Downloaded unicode-normalization v0.1.25
2026-10-03T20:48:04.5653197Z   Downloaded zlib-rs v0.6.3
2026-10-03T20:48:04.6194147Z   Downloaded time v0.3.47
2026-10-03T20:48:04.7545641Z   Downloaded gix v0.84.0
2026-10-03T20:48:05.2491500Z   Downloaded wasmparser v0.247.0
2026-10-03T20:48:05.3136130Z   Downloaded bstr v1.12.1
2026-10-03T20:48:05.3712316Z   Downloaded regex-automata v0.4.14
2026-10-03T20:48:05.4652882Z   Downloaded regex-syntax v0.8.10
2026-10-03T20:48:05.5048727Z   Downloaded jiff v0.2.28
2026-10-03T20:48:05.6210003Z   Downloaded petgraph v0.8.3
2026-10-03T20:48:05.7581184Z   Downloaded rustls v0.23.40
2026-10-03T20:48:05.8753335Z   Downloaded libc v0.2.186
2026-10-03T20:48:06.5324301Z   Downloaded tracing v0.1.44
2026-10-03T20:48:06.6145993Z   Downloaded color-eyre v0.6.5
2026-10-03T20:48:06.6678610Z   Downloaded sha1-checked v0.10.0
2026-10-03T20:48:06.6908371Z   Downloaded windows_x86_64_msvc v0.53.1
2026-10-03T20:48:06.7122866Z   Downloaded tokio v1.52.3
2026-10-03T20:48:07.2066172Z   Downloaded windows-sys v0.61.2
2026-10-03T20:48:07.5287971Z   Downloaded encoding_rs v0.8.35
2026-10-03T20:48:08.0923947Z   Downloaded winapi v0.3.9
2026-10-03T20:48:08.3821502Z   Downloaded ring v0.17.14
2026-10-03T20:48:08.7260522Z   Downloaded windows-sys v0.60.2
2026-10-03T20:48:09.6677569Z   Downloaded aws-lc-sys v0.40.0
2026-10-03T20:48:12.6249194Z    Compiling proc-macro2 v1.0.106
2026-10-03T20:48:12.6250777Z    Compiling unicode-ident v1.0.24
2026-10-03T20:48:12.6251303Z    Compiling quote v1.0.45
2026-10-03T20:48:12.6251740Z    Compiling windows-link v0.2.1
2026-10-03T20:48:12.7293003Z    Compiling memchr v2.8.0
2026-10-03T20:48:12.7814202Z    Compiling windows-sys v0.61.2
2026-10-03T20:48:14.3621524Z    Compiling aho-corasick v1.1.4
2026-10-03T20:48:15.1892851Z    Compiling regex-syntax v0.8.10
2026-10-03T20:48:16.3268002Z    Compiling syn v2.0.117
2026-10-03T20:48:23.5074740Z    Compiling regex-automata v0.4.14
2026-10-03T20:48:25.4907418Z    Compiling cfg-if v1.0.4
2026-10-03T20:48:25.5591954Z    Compiling once_cell v1.21.4
2026-10-03T20:48:25.8801494Z    Compiling smallvec v1.15.1
2026-10-03T20:48:26.2492046Z    Compiling bytes v1.11.1
2026-10-03T20:48:27.2070621Z    Compiling stable_deref_trait v1.2.1
2026-10-03T20:48:27.2794119Z    Compiling thiserror v2.0.18
2026-10-03T20:48:27.8509315Z    Compiling thiserror-impl v2.0.18
2026-10-03T20:48:27.8537957Z    Compiling gix-trace v0.1.20
2026-10-03T20:48:27.9730723Z    Compiling crc32fast v1.5.0
2026-10-03T20:48:28.3470069Z    Compiling crossbeam-utils v0.8.21
2026-10-03T20:48:28.7502250Z    Compiling bstr v1.12.1
2026-10-03T20:48:30.1501984Z    Compiling gix-validate v0.11.2
2026-10-03T20:48:31.3336090Z    Compiling tinyvec_macros v0.1.1
2026-10-03T20:48:31.4278171Z    Compiling tinyvec v1.11.0
2026-10-03T20:48:32.3784731Z    Compiling gix-path v0.12.1
2026-10-03T20:48:32.8247396Z    Compiling fastrand v2.4.1
2026-10-03T20:48:33.2565275Z    Compiling unicode-normalization v0.1.25
2026-10-03T20:48:33.2773609Z    Compiling itoa v1.0.18
2026-10-03T20:48:33.7011802Z    Compiling winapi-util v0.1.11
2026-10-03T20:48:34.1454270Z    Compiling gix-utils v0.3.3
2026-10-03T20:48:34.2281430Z    Compiling parking_lot_core v0.9.12
2026-10-03T20:48:34.2628510Z    Compiling scopeguard v1.2.0
2026-10-03T20:48:34.3647756Z    Compiling lock_api v0.4.14
2026-10-03T20:48:34.7409528Z    Compiling same-file v1.0.6
2026-10-03T20:48:34.9947200Z    Compiling parking_lot v0.12.5
2026-10-03T20:48:35.1115244Z    Compiling crossbeam-channel v0.5.15
2026-10-03T20:48:36.0030202Z    Compiling foldhash v0.2.0
2026-10-03T20:48:36.3319469Z    Compiling equivalent v1.0.2
2026-10-03T20:48:36.4016720Z    Compiling allocator-api2 v0.2.21
2026-10-03T20:48:36.4150287Z    Compiling prodash v31.0.0
2026-10-03T20:48:37.0118720Z    Compiling walkdir v2.5.0
2026-10-03T20:48:37.0483239Z    Compiling zlib-rs v0.6.3
2026-10-03T20:48:38.6224334Z    Compiling gix-error v0.2.4
2026-10-03T20:48:39.3969513Z    Compiling version_check v0.9.5
2026-10-03T20:48:39.8146457Z    Compiling generic-array v0.14.7
2026-10-03T20:48:40.0857666Z    Compiling hashbrown v0.17.1
2026-10-03T20:48:40.4060934Z    Compiling gix-features v0.48.1
2026-10-03T20:48:41.3765506Z    Compiling bitflags v2.11.1
2026-10-03T20:48:42.0804052Z    Compiling typenum v1.20.0
2026-10-03T20:48:43.1664768Z    Compiling serde_core v1.0.228
2026-10-03T20:48:43.7294397Z    Compiling heapless v0.8.0
2026-10-03T20:48:44.1074553Z    Compiling byteorder v1.5.0
2026-10-03T20:48:44.3946386Z    Compiling hash32 v0.3.1
2026-10-03T20:48:45.4956643Z    Compiling block-buffer v0.10.4
2026-10-03T20:48:45.6983677Z    Compiling crypto-common v0.1.7
2026-10-03T20:48:45.7800436Z    Compiling faster-hex v0.10.0
2026-10-03T20:48:45.8296094Z    Compiling digest v0.10.7
2026-10-03T20:48:46.0937869Z    Compiling synstructure v0.13.2
2026-10-03T20:48:46.6050649Z    Compiling cpufeatures v0.2.17
2026-10-03T20:48:46.7088881Z    Compiling jiff-tzdb v0.1.6
2026-10-03T20:48:47.0592145Z    Compiling jiff-tzdb-platform v0.1.3
2026-10-03T20:48:47.0713369Z    Compiling sha1 v0.10.6
2026-10-03T20:48:47.1274331Z    Compiling jiff v0.2.28
2026-10-03T20:48:47.9735470Z    Compiling sha1-checked v0.10.0
2026-10-03T20:48:48.9475859Z    Compiling gix-hash v0.25.1
2026-10-03T20:48:49.7086174Z    Compiling zerofrom-derive v0.1.7
2026-10-03T20:48:50.1631512Z    Compiling getrandom v0.3.4
2026-10-03T20:48:50.6814164Z    Compiling yoke-derive v0.8.2
2026-10-03T20:48:51.9653747Z    Compiling zerofrom v0.1.7
2026-10-03T20:48:52.1987962Z    Compiling pin-project-lite v0.2.17
2026-10-03T20:48:52.5390350Z    Compiling gix-hashtable v0.15.1
2026-10-03T20:48:52.5659266Z    Compiling yoke v0.8.2
2026-10-03T20:48:52.7692109Z    Compiling jobserver v0.1.34
2026-10-03T20:48:52.8817952Z    Compiling zerovec-derive v0.11.3
2026-10-03T20:48:53.1876936Z    Compiling find-msvc-tools v0.1.9
2026-10-03T20:48:54.6123635Z    Compiling gix-date v0.15.4
2026-10-03T20:48:54.7701862Z    Compiling shlex v1.3.0
2026-10-03T20:48:55.0510781Z    Compiling cc v1.2.62
2026-10-03T20:48:57.7941542Z    Compiling gix-actor v0.41.1
2026-10-03T20:48:58.6070228Z    Compiling gix-object v0.61.0
2026-10-03T20:49:00.1681489Z    Compiling zerovec v0.11.6
2026-10-03T20:49:01.2210142Z    Compiling displaydoc v0.2.5
2026-10-03T20:49:01.5838200Z    Compiling memmap2 v0.9.10
2026-10-03T20:49:02.0282542Z    Compiling getrandom v0.4.2
2026-10-03T20:49:02.3202179Z    Compiling serde v1.0.228
2026-10-03T20:49:02.3837266Z    Compiling cmake v0.1.58
2026-10-03T20:49:02.8598705Z    Compiling serde_derive v1.0.228
2026-10-03T20:49:03.0378464Z    Compiling futures-core v0.3.32
2026-10-03T20:49:03.2312632Z    Compiling dunce v1.0.5
2026-10-03T20:49:03.4216350Z    Compiling fs_extra v1.3.0
2026-10-03T20:49:03.7974693Z    Compiling aws-lc-sys v0.40.0
2026-10-03T20:49:04.7161969Z    Compiling mio v1.2.0
2026-10-03T20:49:05.3593060Z    Compiling socket2 v0.6.3
2026-10-03T20:49:07.0939260Z    Compiling tokio v1.52.3
2026-10-03T20:49:09.6140926Z    Compiling tempfile v3.27.0
2026-10-03T20:49:11.1946830Z    Compiling tinystr v0.8.3
2026-10-03T20:49:11.4956291Z    Compiling gix-fs v0.21.2
2026-10-03T20:49:12.6707299Z    Compiling gix-chunk v0.7.2
2026-10-03T20:49:13.1237160Z    Compiling futures-sink v0.3.32
2026-10-03T20:49:13.2409321Z    Compiling percent-encoding v2.3.2
2026-10-03T20:49:13.6066735Z    Compiling writeable v0.6.3
2026-10-03T20:49:13.9980869Z    Compiling litemap v0.8.2
2026-10-03T20:49:14.1585085Z    Compiling zeroize v1.8.2
2026-10-03T20:49:14.3223895Z    Compiling icu_locale_core v2.1.1
2026-10-03T20:49:14.4042069Z    Compiling gix-tempfile v23.0.0
2026-10-03T20:49:16.0112279Z    Compiling zerotrie v0.2.4
2026-10-03T20:49:16.7919500Z    Compiling potential_utf v0.1.5
2026-10-03T20:49:17.0333388Z    Compiling gix-quote v0.7.2
2026-10-03T20:49:17.6471260Z    Compiling tracing-core v0.1.36
2026-10-03T20:49:19.4392978Z    Compiling aws-lc-rs v1.16.3
2026-10-03T20:49:19.5653491Z    Compiling nonempty v0.12.0
2026-10-03T20:49:19.8260369Z    Compiling icu_normalizer_data v2.1.1
2026-10-03T20:49:19.8755101Z    Compiling icu_properties_data v2.1.2
2026-10-03T20:49:20.1270356Z    Compiling icu_collections v2.1.1
2026-10-03T20:49:20.1742050Z    Compiling icu_provider v2.1.1
2026-10-03T20:49:20.8136553Z    Compiling http v1.4.0
2026-10-03T20:49:21.3685276Z    Compiling tracing-attributes v0.1.31
2026-10-03T20:49:23.5523626Z    Compiling slab v0.4.12
2026-10-03T20:49:23.8147748Z    Compiling fnv v1.0.7
2026-10-03T20:49:23.9444059Z    Compiling tracing v0.1.44
2026-10-03T20:49:24.8071980Z    Compiling gix-commitgraph v0.37.1
2026-10-03T20:49:24.8431230Z    Compiling gix-glob v0.26.1
2026-10-03T20:49:25.2105618Z    Compiling indexmap v2.14.0
2026-10-03T20:49:26.4058920Z    Compiling simd-adler32 v0.3.9
2026-10-03T20:49:26.6449040Z    Compiling adler2 v2.0.1
2026-10-03T20:49:26.8363908Z    Compiling miniz_oxide v0.8.9
2026-10-03T20:49:26.8466939Z    Compiling gix-revwalk v0.32.0
2026-10-03T20:49:27.3511618Z    Compiling icu_normalizer v2.1.1
2026-10-03T20:49:28.7383396Z    Compiling icu_properties v2.1.2
2026-10-03T20:49:29.9886735Z    Compiling http-body v1.0.1
2026-10-03T20:49:30.0912373Z    Compiling gix-lock v23.0.0
2026-10-03T20:49:30.1865220Z    Compiling rustls-pki-types v1.14.1
2026-10-03T20:49:31.3827844Z    Compiling tokio-util v0.7.18
2026-10-03T20:49:31.9337070Z    Compiling httparse v1.10.1
2026-10-03T20:49:32.1158264Z    Compiling rustls v0.23.40
2026-10-03T20:49:32.3706788Z    Compiling futures-task v0.3.32
2026-10-03T20:49:32.4186229Z    Compiling futures-io v0.3.32
2026-10-03T20:49:32.5986731Z    Compiling untrusted v0.9.0
2026-10-03T20:49:32.7038807Z    Compiling futures-util v0.3.32
2026-10-03T20:49:32.7639583Z    Compiling idna_adapter v1.2.1
2026-10-03T20:49:32.9226210Z    Compiling atomic-waker v1.1.2
2026-10-03T20:49:33.0647116Z    Compiling unicode-bom v2.0.3
2026-10-03T20:49:33.3328232Z    Compiling utf8_iter v1.0.4
2026-10-03T20:49:33.5583184Z    Compiling try-lock v0.2.5
2026-10-03T20:49:33.5632866Z    Compiling subtle v2.6.1
2026-10-03T20:49:33.6788955Z    Compiling log v0.4.29
2026-10-03T20:49:33.7644042Z    Compiling libc v0.2.186
2026-10-03T20:49:34.0907023Z    Compiling tower-service v0.3.3
2026-10-03T20:49:34.1826668Z    Compiling want v0.3.1
2026-10-03T20:49:34.4003370Z    Compiling idna v1.1.0
2026-10-03T20:49:34.4147568Z    Compiling h2 v0.4.14
2026-10-03T20:49:38.5864586Z    Compiling flate2 v1.1.9
2026-10-03T20:49:39.4731655Z    Compiling form_urlencoded v1.2.2
2026-10-03T20:49:39.5580137Z    Compiling futures-channel v0.3.32
2026-10-03T20:49:39.8873498Z    Compiling gix-config-value v0.18.1
2026-10-03T20:49:39.9239461Z    Compiling compression-core v0.4.32
2026-10-03T20:49:40.1234391Z    Compiling shell-words v1.1.1
2026-10-03T20:49:40.5247198Z    Compiling static_assertions v1.1.0
2026-10-03T20:49:40.6246700Z    Compiling kstring v2.0.2
2026-10-03T20:49:40.9345877Z    Compiling gix-command v0.9.1
2026-10-03T20:49:41.4714788Z    Compiling compression-codecs v0.4.38
2026-10-03T20:49:42.0520738Z    Compiling hyper v1.9.0
2026-10-03T20:49:42.2766681Z    Compiling url v2.5.8
2026-10-03T20:49:47.9877230Z    Compiling sync_wrapper v1.0.2
2026-10-03T20:49:48.1018427Z    Compiling gix-sec v0.14.1
2026-10-03T20:49:48.1625123Z    Compiling encoding_rs v0.8.35
2026-10-03T20:49:49.1239472Z    Compiling ipnet v2.12.0
2026-10-03T20:49:50.0223262Z    Compiling tower-layer v0.3.3
2026-10-03T20:49:50.2607383Z    Compiling base64 v0.22.1
2026-10-03T20:49:51.1938956Z    Compiling hyper-util v0.1.20
2026-10-03T20:49:51.8593574Z    Compiling tower v0.5.3
2026-10-03T20:49:52.6882984Z    Compiling async-compression v0.4.42
2026-10-03T20:49:53.4567595Z    Compiling gix-attributes v0.33.1
2026-10-03T20:49:56.6840023Z    Compiling http-body-util v0.1.3
2026-10-03T20:49:57.1169181Z    Compiling semver v1.0.28
2026-10-03T20:49:58.3661149Z    Compiling rustversion v1.0.22
2026-10-03T20:49:58.8098901Z    Compiling zmij v1.0.21
2026-10-03T20:49:59.0187077Z    Compiling tower-http v0.6.10
2026-10-03T20:49:59.1910475Z    Compiling gix-ref v0.64.0
2026-10-03T20:49:59.1928252Z    Compiling gix-url v0.36.1
2026-10-03T20:50:00.5517547Z    Compiling gix-packetline v0.21.4
2026-10-03T20:50:01.1664604Z    Compiling winapi v0.3.9
2026-10-03T20:50:01.7918118Z    Compiling winnow v1.0.2
2026-10-03T20:50:01.9850060Z    Compiling mime v0.3.17
2026-10-03T20:50:02.5039251Z    Compiling serde_json v1.0.149
2026-10-03T20:50:02.8159383Z    Compiling toml_parser v1.1.2+spec-1.1.0
2026-10-03T20:50:04.4462011Z    Compiling gix-prompt v0.15.1
2026-10-03T20:50:04.7979082Z    Compiling gix-revision v0.46.0
2026-10-03T20:50:05.8491998Z    Compiling gix-traverse v0.58.0
2026-10-03T20:50:07.7385464Z    Compiling serde_spanned v1.1.1
2026-10-03T20:50:07.8773657Z    Compiling gix-bitmap v0.3.2
2026-10-03T20:50:08.4822143Z    Compiling hashbrown v0.16.1
2026-10-03T20:50:09.6296446Z    Compiling crossbeam-epoch v0.9.18
2026-10-03T20:50:09.6503030Z    Compiling filetime v0.2.28
2026-10-03T20:50:09.8692925Z    Compiling toml_writer v1.1.1+spec-1.1.0
2026-10-03T20:50:10.2007377Z    Compiling rayon-core v1.13.0
2026-10-03T20:50:10.3629248Z    Compiling once_cell_polyfill v1.70.2
2026-10-03T20:50:10.4671580Z    Compiling autocfg v1.5.0
2026-10-03T20:50:10.4742680Z    Compiling arrayvec v0.7.6
2026-10-03T20:50:10.6241926Z    Compiling utf8parse v0.2.2
2026-10-03T20:50:10.7367048Z    Compiling anstyle v1.0.14
2026-10-03T20:50:10.8223161Z    Compiling uluru v3.1.0
2026-10-03T20:50:10.9513200Z    Compiling anstyle-parse v1.0.0
2026-10-03T20:50:11.0434325Z    Compiling fs-err v3.3.0
2026-10-03T20:50:11.1604409Z    Compiling anstyle-wincon v3.0.11
2026-10-03T20:50:11.3682001Z    Compiling crossbeam-deque v0.8.6
2026-10-03T20:50:11.5281715Z    Compiling gix-index v0.52.0
2026-10-03T20:50:11.6956021Z    Compiling clru v0.6.3
2026-10-03T20:50:11.9402733Z    Compiling gix-refspec v0.42.0
2026-10-03T20:50:12.1030029Z    Compiling gix-credentials v0.38.1
2026-10-03T20:50:14.6850149Z    Compiling arc-swap v1.9.1
2026-10-03T20:50:18.4966923Z    Compiling gix-ignore v0.21.1
2026-10-03T20:50:19.3102212Z    Compiling toml_datetime v0.7.5+spec-1.1.0
2026-10-03T20:50:20.1263423Z    Compiling anstyle-query v1.1.5
2026-10-03T20:50:20.3700253Z    Compiling foldhash v0.1.5
2026-10-03T20:50:20.7261207Z    Compiling owo-colors v4.3.0
2026-10-03T20:50:20.7829827Z    Compiling eyre v0.6.12
2026-10-03T20:50:21.1006364Z    Compiling is_terminal_polyfill v1.70.2
2026-10-03T20:50:21.1601465Z    Compiling camino v1.2.2
2026-10-03T20:50:21.2034863Z    Compiling colorchoice v1.0.5
2026-10-03T20:50:21.3622788Z    Compiling winnow v0.7.15
2026-10-03T20:50:21.6314499Z    Compiling anstream v1.0.0
2026-10-03T20:50:23.3271811Z    Compiling hashbrown v0.15.5
2026-10-03T20:50:23.4839083Z    Compiling gix-worktree v0.53.0
2026-10-03T20:50:24.4090140Z    Compiling toml v0.9.12+spec-1.1.0
2026-10-03T20:50:24.7652166Z    Compiling io-close v0.3.7
2026-10-03T20:50:25.0028115Z    Compiling gix-pack v0.71.0
2026-10-03T20:50:29.4023972Z    Compiling gix-filter v0.31.0
2026-10-03T20:50:33.8902019Z    Compiling gix-config v0.57.0
2026-10-03T20:50:34.5046838Z    Compiling gix-pathspec v0.18.1
2026-10-03T20:50:38.1091343Z    Compiling gix-shallow v0.12.1
2026-10-03T20:50:40.9134907Z    Compiling gix-negotiate v0.32.0
2026-10-03T20:50:41.1437527Z    Compiling wasmparser v0.207.0
2026-10-03T20:50:45.3593296Z    Compiling regex v1.12.3
2026-10-03T20:50:48.5237082Z    Compiling maybe-async v0.2.10
2026-10-03T20:50:49.6422743Z    Compiling indenter v0.3.4
2026-10-03T20:50:50.1784298Z    Compiling fixedbitset v0.5.7
2026-10-03T20:50:50.8351208Z    Compiling topological-sort v0.2.2
2026-10-03T20:50:51.0463995Z    Compiling binfarce v0.2.1
2026-10-03T20:50:51.0840325Z    Compiling heck v0.5.0
2026-10-03T20:50:51.4134945Z    Compiling clap_lex v1.1.0
2026-10-03T20:50:51.9519545Z    Compiling lazy_static v1.5.0
2026-10-03T20:50:52.0909741Z    Compiling rustc-demangle v0.1.27
2026-10-03T20:50:54.3237708Z    Compiling either v1.15.0
2026-10-03T20:50:54.5973885Z    Compiling strsim v0.11.1
2026-10-03T20:50:55.3778981Z    Compiling powerfmt v0.2.0
2026-10-03T20:50:55.7357793Z    Compiling deranged v0.5.8
2026-10-03T20:50:55.7881664Z    Compiling gix-discover v0.52.0
2026-10-03T20:50:58.0151460Z    Compiling clap_builder v4.6.0
2026-10-03T20:50:58.6343313Z    Compiling rayon v1.12.0
2026-10-03T20:51:01.1634292Z    Compiling backtrace v0.3.76
2026-10-03T20:51:02.5290727Z    Compiling sharded-slab v0.1.7
2026-10-03T20:51:02.9358833Z    Compiling auditable-extract v0.3.5
2026-10-03T20:51:03.2888132Z    Compiling clap_derive v4.6.1
2026-10-03T20:51:03.4068966Z    Compiling auditable-serde v0.9.0
2026-10-03T20:51:06.4532771Z    Compiling petgraph v0.8.3
2026-10-03T20:51:07.3530642Z    Compiling gix-submodule v0.31.0
2026-10-03T20:51:11.1688028Z    Compiling gix-worktree-state v0.31.0
2026-10-03T20:51:12.4534465Z    Compiling gix-odb v0.81.0
2026-10-03T20:51:14.9691563Z    Compiling tracing-log v0.2.0
2026-10-03T20:51:15.5776119Z    Compiling smol_str v0.3.2
2026-10-03T20:51:16.0669398Z    Compiling gix-diff v0.64.0
2026-10-03T20:51:16.5677695Z    Compiling toml_datetime v1.1.1+spec-1.1.0
2026-10-03T20:51:17.2756099Z    Compiling matchers v0.2.0
2026-10-03T20:51:17.4370710Z    Compiling toml-span v0.7.1
2026-10-03T20:51:22.9267476Z    Compiling thread_local v1.1.9
2026-10-03T20:51:23.4218499Z    Compiling nu-ansi-term v0.50.3
2026-10-03T20:51:24.4232487Z    Compiling num-conv v0.2.1
2026-10-03T20:51:24.6378584Z    Compiling rustc-stable-hash v0.1.2
2026-10-03T20:51:24.9324353Z    Compiling time-core v0.1.8
2026-10-03T20:51:25.0241817Z    Compiling twox-hash v2.1.2
2026-10-03T20:51:25.1164666Z    Compiling ident_case v1.0.1
2026-10-03T20:51:25.2074913Z    Compiling object v0.39.1
2026-10-03T20:51:25.2374010Z    Compiling abscissa_derive v0.9.0
2026-10-03T20:51:25.4724283Z    Compiling time v0.3.47
2026-10-03T20:51:25.5903364Z    Compiling tracing-subscriber v0.3.23
2026-10-03T20:51:25.9198528Z    Compiling toml v1.1.2+spec-1.1.0
2026-10-03T20:51:32.4342033Z    Compiling color-eyre v0.6.5
2026-10-03T20:51:35.1786377Z    Compiling cargo-lock v11.0.1
2026-10-03T20:51:37.3715317Z    Compiling clap v4.6.1
2026-10-03T20:51:37.6787980Z    Compiling auditable-info v0.10.0
2026-10-03T20:51:38.8460162Z    Compiling quitters v0.1.0
2026-10-03T20:51:39.8348263Z    Compiling secrecy v0.10.3
2026-10-03T20:51:40.0305619Z    Compiling cvss v2.2.0
2026-10-03T20:51:40.3673995Z    Compiling platforms v3.10.0
2026-10-03T20:51:41.3296649Z    Compiling wasmparser v0.247.0
2026-10-03T20:51:44.5007262Z    Compiling termcolor v1.4.1
2026-10-03T20:51:45.5707985Z    Compiling home v0.5.12
2026-10-03T20:51:45.8386257Z    Compiling wait-timeout v0.2.1
2026-10-03T20:51:45.9972724Z    Compiling canonical-path v2.0.2
2026-10-03T20:51:46.3682888Z    Compiling abscissa_core v0.9.0
2026-10-03T20:51:55.2640847Z    Compiling display-error-chain v0.2.2
2026-10-03T20:52:15.7187924Z    Compiling rustls-webpki v0.103.13
2026-10-03T20:52:21.4266811Z    Compiling tokio-rustls v0.26.4
2026-10-03T20:52:21.4267533Z    Compiling rustls-platform-verifier v0.7.0
2026-10-03T20:52:21.8385933Z    Compiling hyper-rustls v0.27.9
2026-10-03T20:52:22.3550160Z    Compiling reqwest v0.13.3
2026-10-03T20:52:26.1971163Z    Compiling gix-transport v0.57.1
2026-10-03T20:52:29.9588513Z    Compiling gix-protocol v0.62.0
2026-10-03T20:52:37.9766087Z    Compiling gix v0.84.0
2026-10-03T20:52:39.7342575Z    Compiling tame-index v0.26.3
2026-10-03T20:52:56.0398006Z    Compiling rustsec v0.33.0
2026-10-03T20:53:01.0309801Z    Compiling cargo-audit v0.22.2
2026-10-03T20:53:49.6216040Z     Finished `release` profile [optimized] target(s) in 5m 58s
2026-10-03T20:53:49.6604697Z   Installing C:\Users\runneradmin\.cargo\bin\cargo-audit.exe
2026-10-03T20:53:49.6612200Z    Installed package `cargo-audit v0.22.2` (executable `cargo-audit.exe`)
2026-10-03T20:53:50.8074905Z     Updating crates.io index
2026-10-03T20:53:51.8476066Z  Downloading crates ...
2026-10-03T20:53:52.8932938Z   Downloaded cargo-deny v0.20.2
2026-10-03T20:53:53.0832890Z   Installing cargo-deny v0.20.2
2026-10-03T20:53:53.0834395Z warning: default toolchain implicitly overridden with `1.98.0-x86_64-pc-windows-msvc` by rustup toolchain file
2026-10-03T20:53:53.0835330Z   |
2026-10-03T20:53:53.0836332Z   = help: use `cargo +stable install` if you meant to use the stable toolchain
2026-10-03T20:53:53.0837936Z   = note: rustup selects the toolchain based on the parent environment and not the environment of the package being installed
2026-10-03T20:53:53.0883094Z     Updating crates.io index
2026-10-03T20:53:53.3083364Z     Updating crates.io index
2026-10-03T20:53:53.3675607Z  Downloading crates ...
2026-10-03T20:53:53.4225338Z   Downloaded anyhow v1.0.103
2026-10-03T20:53:53.4665301Z   Downloaded bitvec v1.0.1
2026-10-03T20:53:53.6434367Z   Downloaded codespan v0.13.1
2026-10-03T20:53:53.6543300Z   Downloaded crossbeam-epoch v0.9.20
2026-10-03T20:53:53.6790048Z   Downloaded codespan-reporting v0.13.1
2026-10-03T20:53:53.7716947Z   Downloaded crossbeam v0.8.4
2026-10-03T20:53:53.7826312Z   Downloaded crossbeam-queue v0.3.12
2026-10-03T20:53:53.7940438Z   Downloaded cfg-expr v0.20.7
2026-10-03T20:53:53.8228444Z   Downloaded either v1.16.0
2026-10-03T20:53:53.9927766Z   Downloaded globset v0.4.18
2026-10-03T20:53:54.0051957Z   Downloaded icu_locale_core v2.2.0
2026-10-03T20:53:54.0779621Z   Downloaded fern v0.7.1
2026-10-03T20:53:54.1100643Z   Downloaded funty v2.0.0
2026-10-03T20:53:54.1171461Z   Downloaded goblin v0.10.5
2026-10-03T20:53:54.1716681Z   Downloaded icu_normalizer v2.2.0
2026-10-03T20:53:54.2054305Z   Downloaded icu_properties v2.2.0
2026-10-03T20:53:54.2260321Z   Downloaded icu_collections v2.2.0
2026-10-03T20:53:54.2961000Z   Downloaded icu_normalizer_data v2.2.0
2026-10-03T20:53:54.3125530Z   Downloaded icu_provider v2.2.0
2026-10-03T20:53:54.3570173Z   Downloaded krates v0.21.2
2026-10-03T20:53:54.3760673Z   Downloaded memmap2 v0.9.11
2026-10-03T20:53:54.3903078Z   Downloaded pkg-config v0.3.33
2026-10-03T20:53:54.4046329Z   Downloaded idna_adapter v1.2.2
2026-10-03T20:53:54.4136270Z   Downloaded plain v0.2.3
2026-10-03T20:53:54.4239727Z   Downloaded icu_properties_data v2.2.0
2026-10-03T20:53:54.5407905Z   Downloaded radium v0.7.0
2026-10-03T20:53:54.5507611Z   Downloaded jiff v0.2.24
2026-10-03T20:53:54.6598270Z   Downloaded petgraph v0.8.1
2026-10-03T20:53:54.7838413Z   Downloaded scroll v0.13.0
2026-10-03T20:53:54.7988001Z   Downloaded scroll_derive v0.13.1
2026-10-03T20:53:54.8081948Z   Downloaded sha2 v0.10.9
2026-10-03T20:53:54.8405315Z   Downloaded strum v0.28.0
2026-10-03T20:53:54.8487635Z   Downloaded serde_json v1.0.150
2026-10-03T20:53:54.9255762Z   Downloaded strum_macros v0.28.0
2026-10-03T20:53:54.9608402Z   Downloaded tap v1.0.1
2026-10-03T20:53:54.9697031Z   Downloaded target-lexicon v0.13.3
2026-10-03T20:53:54.9895931Z   Downloaded unicode-width v0.2.2
2026-10-03T20:53:55.0076421Z   Downloaded zerofrom v0.1.8
2026-10-03T20:53:55.0161977Z   Downloaded wyz v0.5.1
2026-10-03T20:53:55.0268090Z   Downloaded spdx v0.13.4
2026-10-03T20:53:55.9518205Z   Downloaded zstd v0.13.3
2026-10-03T20:53:55.9815537Z   Downloaded zstd-safe v7.2.4
2026-10-03T20:53:55.9963065Z   Downloaded zstd-sys v2.0.16+zstd.1.5.7
2026-10-03T20:53:56.3685065Z    Compiling proc-macro2 v1.0.106
2026-10-03T20:53:56.3685840Z    Compiling unicode-ident v1.0.24
2026-10-03T20:53:56.3687840Z    Compiling quote v1.0.45
2026-10-03T20:53:56.3689029Z    Compiling windows-link v0.2.1
2026-10-03T20:53:56.4733175Z    Compiling windows-sys v0.61.2
2026-10-03T20:53:56.4916963Z    Compiling getrandom v0.3.4
2026-10-03T20:53:56.9524820Z    Compiling stable_deref_trait v1.2.1
2026-10-03T20:53:56.9826597Z    Compiling cfg-if v1.0.4
2026-10-03T20:53:57.0324942Z    Compiling serde_core v1.0.228
2026-10-03T20:53:57.2485293Z    Compiling jobserver v0.1.34
2026-10-03T20:53:57.4857840Z    Compiling find-msvc-tools v0.1.9
2026-10-03T20:53:57.6817486Z    Compiling shlex v1.3.0
2026-10-03T20:53:58.1980625Z    Compiling syn v2.0.117
2026-10-03T20:53:58.3373230Z    Compiling smallvec v1.15.1
2026-10-03T20:53:58.6516821Z    Compiling cc v1.2.62
2026-10-03T20:53:58.8886441Z    Compiling crossbeam-utils v0.8.21
2026-10-03T20:53:59.3192385Z    Compiling memchr v2.8.0
2026-10-03T20:54:01.2928112Z    Compiling version_check v0.9.5
2026-10-03T20:54:01.6966075Z    Compiling synstructure v0.13.2
2026-10-03T20:54:01.9408905Z    Compiling serde v1.0.228
2026-10-03T20:54:02.4112491Z    Compiling generic-array v0.14.7
2026-10-03T20:54:02.4698345Z    Compiling winapi-util v0.1.11
2026-10-03T20:54:02.6805302Z    Compiling pkg-config v0.3.33
2026-10-03T20:54:02.8105170Z    Compiling crossbeam-epoch v0.9.20
2026-10-03T20:54:03.0341867Z    Compiling litemap v0.8.2
2026-10-03T20:54:03.1204714Z    Compiling writeable v0.6.3
2026-10-03T20:54:03.3973120Z    Compiling icu_properties_data v2.2.0
2026-10-03T20:54:03.4201416Z    Compiling icu_normalizer_data v2.2.0
2026-10-03T20:54:03.4891961Z    Compiling zerofrom-derive v0.1.7
2026-10-03T20:54:03.5334011Z    Compiling yoke-derive v0.8.2
2026-10-03T20:54:03.7109683Z    Compiling zerovec-derive v0.11.3
2026-10-03T20:54:03.7790410Z    Compiling displaydoc v0.2.5
2026-10-03T20:54:04.8100865Z    Compiling serde_derive v1.0.228
2026-10-03T20:54:04.8297377Z    Compiling zerofrom v0.1.8
2026-10-03T20:54:04.9221610Z    Compiling zstd-sys v2.0.16+zstd.1.5.7
2026-10-03T20:54:04.9924159Z    Compiling yoke v0.8.2
2026-10-03T20:54:05.2750998Z    Compiling zerotrie v0.2.4
2026-10-03T20:54:05.4535503Z    Compiling typenum v1.20.0
2026-10-03T20:54:05.5719567Z    Compiling zerovec v0.11.6
2026-10-03T20:54:05.8960898Z    Compiling utf8_iter v1.0.4
2026-10-03T20:54:06.5990210Z    Compiling tinystr v0.8.3
2026-10-03T20:54:06.7090463Z    Compiling potential_utf v0.1.5
2026-10-03T20:54:06.8595049Z    Compiling icu_locale_core v2.2.0
2026-10-03T20:54:06.9230233Z    Compiling icu_collections v2.2.0
2026-10-03T20:54:08.9228479Z    Compiling icu_provider v2.2.0
2026-10-03T20:54:10.3625617Z    Compiling zmij v1.0.21
2026-10-03T20:54:10.6368009Z    Compiling crossbeam-deque v0.8.6
2026-10-03T20:54:10.9121998Z    Compiling termcolor v1.4.1
2026-10-03T20:54:10.9557234Z    Compiling aho-corasick v1.1.4
2026-10-03T20:54:11.6286942Z    Compiling target-lexicon v0.13.3
2026-10-03T20:54:12.2626923Z    Compiling utf8parse v0.2.2
2026-10-03T20:54:12.9200141Z    Compiling anstyle v1.0.14
2026-10-03T20:54:13.1942757Z    Compiling unicode-width v0.2.2
2026-10-03T20:54:13.3699949Z    Compiling equivalent v1.0.2
2026-10-03T20:54:13.4460343Z    Compiling itoa v1.0.18
2026-10-03T20:54:13.5356311Z    Compiling serde_json v1.0.150
2026-10-03T20:54:13.7189622Z    Compiling zstd-safe v7.2.4
2026-10-03T20:54:13.7653161Z    Compiling regex-syntax v0.8.10
2026-10-03T20:54:13.9574377Z    Compiling rayon-core v1.13.0
2026-10-03T20:54:14.1939965Z    Compiling camino v1.2.2
2026-10-03T20:54:14.6088879Z    Compiling once_cell_polyfill v1.70.2
2026-10-03T20:54:14.7144180Z    Compiling anstyle-wincon v3.0.11
2026-10-03T20:54:15.2645446Z    Compiling codespan-reporting v0.13.1
2026-10-03T20:54:17.3680886Z    Compiling regex-automata v0.4.14
2026-10-03T20:54:19.2243538Z    Compiling anstyle-parse v1.0.0
2026-10-03T20:54:19.9809882Z    Compiling icu_normalizer v2.2.0
2026-10-03T20:54:22.3980562Z    Compiling icu_properties v2.2.0
2026-10-03T20:54:25.0152667Z    Compiling crypto-common v0.1.7
2026-10-03T20:54:25.0247433Z    Compiling block-buffer v0.10.4
2026-10-03T20:54:25.1446900Z    Compiling anstyle-query v1.1.5
2026-10-03T20:54:25.1617750Z    Compiling parking_lot_core v0.9.12
2026-10-03T20:54:25.3216070Z    Compiling tinyvec_macros v0.1.1
2026-10-03T20:54:25.3868155Z    Compiling allocator-api2 v0.2.21
2026-10-03T20:54:25.4167721Z    Compiling is_terminal_polyfill v1.70.2
2026-10-03T20:54:25.5095777Z    Compiling foldhash v0.1.5
2026-10-03T20:54:25.8428776Z    Compiling thiserror v2.0.18
2026-10-03T20:54:26.0472465Z    Compiling hashbrown v0.17.1
2026-10-03T20:54:26.3035030Z    Compiling colorchoice v1.0.5
2026-10-03T20:54:26.6634042Z    Compiling log v0.4.29
2026-10-03T20:54:27.1024400Z    Compiling radium v0.7.0
2026-10-03T20:54:27.3386059Z    Compiling indexmap v2.14.0
2026-10-03T20:54:27.4466323Z    Compiling anstream v1.0.0
2026-10-03T20:54:28.3061700Z    Compiling hashbrown v0.15.5
2026-10-03T20:54:28.6616499Z    Compiling tinyvec v1.11.0
2026-10-03T20:54:29.6667046Z    Compiling digest v0.10.7
2026-10-03T20:54:29.9672600Z    Compiling idna_adapter v1.2.2
2026-10-03T20:54:32.6253693Z    Compiling thiserror-impl v2.0.18
2026-10-03T20:54:33.5060965Z    Compiling scroll_derive v0.13.1
2026-10-03T20:54:33.6220991Z    Compiling semver v1.0.28
2026-10-03T20:54:34.5639345Z    Compiling ring v0.17.14
2026-10-03T20:54:34.8885087Z    Compiling heck v0.5.0
2026-10-03T20:54:34.9045200Z    Compiling percent-encoding v2.3.2
2026-10-03T20:54:35.3472428Z    Compiling fixedbitset v0.5.7
2026-10-03T20:54:35.3867203Z    Compiling strsim v0.11.1
2026-10-03T20:54:35.4420066Z    Compiling cpufeatures v0.2.17
2026-10-03T20:54:35.5089798Z    Compiling scopeguard v1.2.0
2026-10-03T20:54:35.6046921Z    Compiling either v1.16.0
2026-10-03T20:54:36.0412495Z    Compiling anyhow v1.0.103
2026-10-03T20:54:36.1241226Z    Compiling tap v1.0.1
2026-10-03T20:54:36.2309311Z    Compiling clap_lex v1.1.0
2026-10-03T20:54:36.4178397Z    Compiling bytes v1.11.1
2026-10-03T20:54:36.6122049Z    Compiling clap_builder v4.6.0
2026-10-03T20:54:36.8953046Z    Compiling wyz v0.5.1
2026-10-03T20:54:37.3120293Z    Compiling rayon v1.12.0
2026-10-03T20:54:37.8689791Z    Compiling http v1.4.0
2026-10-03T20:54:39.9425943Z    Compiling zstd v0.13.3
2026-10-03T20:54:40.4783213Z    Compiling petgraph v0.8.1
2026-10-03T20:54:40.5223370Z    Compiling lock_api v0.4.14
2026-10-03T20:54:40.8776743Z    Compiling sha2 v0.10.9
2026-10-03T20:54:43.0460213Z    Compiling strum_macros v0.28.0
2026-10-03T20:54:43.7850089Z    Compiling form_urlencoded v1.2.2
2026-10-03T20:54:44.2228676Z    Compiling scroll v0.13.0
2026-10-03T20:54:44.5591045Z    Compiling cfg-expr v0.20.7
2026-10-03T20:54:45.9431780Z    Compiling idna v1.1.0
2026-10-03T20:54:46.4961753Z    Compiling unicode-normalization v0.1.25
2026-10-03T20:54:47.3555940Z    Compiling regex v1.12.3
2026-10-03T20:54:47.3736424Z    Compiling toml-span v0.7.1
2026-10-03T20:54:48.6779890Z    Compiling smol_str v0.3.2
2026-10-03T20:54:48.8338307Z    Compiling getrandom v0.2.17
2026-10-03T20:54:48.9877331Z    Compiling same-file v1.0.6
2026-10-03T20:54:49.0608739Z    Compiling crossbeam-channel v0.5.15
2026-10-03T20:54:49.1934494Z    Compiling crossbeam-queue v0.3.12
2026-10-03T20:54:49.3985444Z    Compiling bstr v1.12.1
2026-10-03T20:54:50.0181977Z    Compiling funty v2.0.0
2026-10-03T20:54:50.4132985Z    Compiling twox-hash v2.1.2
2026-10-03T20:54:50.6360684Z    Compiling untrusted v0.9.0
2026-10-03T20:54:50.6533675Z    Compiling rustc-stable-hash v0.1.2
2026-10-03T20:54:50.7725615Z    Compiling plain v0.2.3
2026-10-03T20:54:50.8822211Z    Compiling tame-index v0.26.3
2026-10-03T20:54:50.9197041Z    Compiling goblin v0.10.5
2026-10-03T20:54:51.5328562Z    Compiling bitvec v1.0.1
2026-10-03T20:54:55.7173353Z    Compiling globset v0.4.18
2026-10-03T20:54:57.0647122Z    Compiling crossbeam v0.8.4
2026-10-03T20:54:57.1455583Z    Compiling walkdir v2.5.0
2026-10-03T20:54:58.0357337Z    Compiling spdx v0.13.4
2026-10-03T20:54:58.9993608Z    Compiling parking_lot v0.12.5
2026-10-03T20:54:59.1975180Z    Compiling strum v0.28.0
2026-10-03T20:54:59.3301678Z    Compiling url v2.5.8
2026-10-03T20:55:00.2128950Z    Compiling krates v0.21.2
2026-10-03T20:55:02.2548120Z    Compiling clap v4.6.1
2026-10-03T20:55:02.4380517Z    Compiling fern v0.7.1
2026-10-03T20:55:03.1640243Z    Compiling codespan v0.13.1
2026-10-03T20:55:03.7111843Z    Compiling nu-ansi-term v0.50.3
2026-10-03T20:55:04.1085075Z    Compiling jiff v0.2.24
2026-10-03T20:55:04.3417039Z    Compiling memmap2 v0.9.11
2026-10-03T20:55:08.1884419Z    Compiling cargo-deny v0.20.2
2026-10-03T20:57:10.5380057Z     Finished `release` profile [optimized] target(s) in 3m 19s
2026-10-03T20:57:10.5532114Z   Installing C:\Users\runneradmin\.cargo\bin\cargo-deny.exe
2026-10-03T20:57:10.5539626Z    Installed package `cargo-deny v0.20.2` (executable `cargo-deny.exe`)
2026-10-03T20:57:11.0676872Z ##[group]Run set -euo pipefail
2026-10-03T20:57:11.0677729Z [36;1mset -euo pipefail[0m
2026-10-03T20:57:11.0678381Z [36;1mxdg_fixture="$RUNNER_TEMP/xdg-oracle-windows.json"[0m
2026-10-03T20:57:11.0679235Z [36;1mdoctor_fixture="$RUNNER_TEMP/guard-doctor-oracle-windows.json"[0m
2026-10-03T20:57:11.0680280Z [36;1minstructions_fixture="$RUNNER_TEMP/instructions-oracle-windows.json"[0m
2026-10-03T20:57:11.0681222Z [36;1mcli_fixture="$RUNNER_TEMP/cli-tree-oracle-windows.json"[0m
2026-10-03T20:57:11.0682156Z [36;1mactivity_cli_fixture="$RUNNER_TEMP/activity-cli-oracle-windows.json"[0m
2026-10-03T20:57:11.0683197Z [36;1mprofile_remove_fixture="$RUNNER_TEMP/profile-remove-oracle-windows.json"[0m
2026-10-03T20:57:11.0684218Z [36;1mskills_fixture="$RUNNER_TEMP/skills-oracle-windows.json"[0m
2026-10-03T20:57:11.0685188Z [36;1mskills_install_fixture="$RUNNER_TEMP/skills-install-oracle-windows.json"[0m
2026-10-03T20:57:11.0686280Z [36;1mcli_go_binary="$PWD/target/go/symbrain-go.exe"[0m
2026-10-03T20:57:11.0687230Z [36;1m./scripts/run-go-oracle.sh HEAD run ./scripts/xdg-oracle -output "$xdg_fixture"[0m
2026-10-03T20:57:11.0688497Z [36;1m./scripts/run-go-oracle.sh HEAD run ./guard/scripts/guard-doctor-oracle -output "$doctor_fixture"[0m
2026-10-03T20:57:11.0689510Z [36;1m./scripts/run-go-oracle.sh HEAD run ./scripts/instructions-oracle -output "$instructions_fixture"[0m
2026-10-03T20:57:11.0690115Z [36;1mmkdir -p "$(dirname "$cli_go_binary")"[0m
2026-10-03T20:57:11.0690704Z [36;1m./scripts/run-go-oracle.sh HEAD build -ldflags "-X main.version=dev" -o "$cli_go_binary" ./cmd/symbrain[0m
2026-10-03T20:57:11.0691374Z [36;1mgo_toolchain="$(awk '$1 == "go" { print "go" $2; exit }' go.mod)"[0m
2026-10-03T20:57:11.0692073Z [36;1mGOTOOLCHAIN="$go_toolchain" CGO_ENABLED=0 go run ./scripts/cli-oracle -go-binary "$cli_go_binary" -output "$cli_fixture"[0m
2026-10-03T20:57:11.0693034Z [36;1mGOTOOLCHAIN="$go_toolchain" CGO_ENABLED=0 go run ./scripts/activity-cli-oracle -go-binary "$cli_go_binary" -output "$activity_cli_fixture"[0m
2026-10-03T20:57:11.0694017Z [36;1m./scripts/run-go-oracle.sh HEAD run ./scripts/profile-remove-oracle -output "$profile_remove_fixture"[0m
2026-10-03T20:57:11.0694732Z [36;1m./scripts/run-go-oracle.sh HEAD run ./scripts/skills-oracle -output "$skills_fixture"[0m
2026-10-03T20:57:11.0695447Z [36;1m./scripts/run-go-oracle.sh HEAD run ./scripts/skills-install-oracle -output "$skills_install_fixture"[0m
2026-10-03T20:57:11.0696105Z [36;1mscan_fixture="$RUNNER_TEMP/guard-scan-oracle-windows.json"[0m
2026-10-03T20:57:11.0697081Z [36;1mSYMBRAIN_GUARD_SCAN_ORACLE_FIXTURE="$scan_fixture" ./guard/scripts/guard-scan-oracle/run.sh write[0m
2026-10-03T20:57:11.0697720Z [36;1mecho "SYMBRAIN_XDG_ORACLE_FIXTURE=$xdg_fixture" >> "$GITHUB_ENV"[0m
2026-10-03T20:57:11.0698351Z [36;1mecho "SYMBRAIN_GUARD_DOCTOR_ORACLE_FIXTURE=$doctor_fixture" >> "$GITHUB_ENV"[0m
2026-10-03T20:57:11.0699382Z [36;1mecho "SYMBRAIN_INSTRUCTIONS_ORACLE_FIXTURE=$instructions_fixture" >> "$GITHUB_ENV"[0m
2026-10-03T20:57:11.0699990Z [36;1mecho "SYMBRAIN_CLI_TREE_ORACLE_FIXTURE=$cli_fixture" >> "$GITHUB_ENV"[0m
2026-10-03T20:57:11.0700574Z [36;1mecho "SYMBRAIN_ACTIVITY_CLI_ORACLE_FIXTURE=$activity_cli_fixture" >> "$GITHUB_ENV"[0m
2026-10-03T20:57:11.0701278Z [36;1mecho "SYMBRAIN_PROFILE_REMOVE_ORACLE_FIXTURE=$profile_remove_fixture" >> "$GITHUB_ENV"[0m
2026-10-03T20:57:11.0701897Z [36;1mecho "SYMBRAIN_SKILLS_ORACLE_FIXTURE=$skills_fixture" >> "$GITHUB_ENV"[0m
2026-10-03T20:57:11.0702534Z [36;1mecho "SYMBRAIN_SKILLS_INSTALL_ORACLE_FIXTURE=$skills_install_fixture" >> "$GITHUB_ENV"[0m
2026-10-03T20:57:11.0703144Z [36;1mecho "SYMBRAIN_GUARD_SCAN_ORACLE_FIXTURE=$scan_fixture" >> "$GITHUB_ENV"[0m
2026-10-03T20:57:11.0720875Z shell: C:\Program Files\Git\bin\bash.EXE --noprofile --norc -e -o pipefail {0}
2026-10-03T20:57:11.0721351Z env:
2026-10-03T20:57:11.0721600Z   GOTOOLCHAIN: local
2026-10-03T20:57:11.0721861Z ##[endgroup]
2026-10-03T20:57:15.8756436Z Wrote D:\a\_temp/xdg-oracle-windows.json (256 cases)
2026-10-03T20:57:20.4473204Z Wrote D:\a\_temp/guard-doctor-oracle-windows.json (9 cases)
2026-10-03T20:57:25.0668152Z Wrote D:\a\_temp/instructions-oracle-windows.json (32 cases)
2026-10-03T20:57:54.5789891Z Wrote D:\a\_temp/cli-tree-oracle-windows.json (88 cases)
2026-10-03T20:57:58.3195228Z Wrote D:\a\_temp/activity-cli-oracle-windows.json
2026-10-03T20:58:05.7609890Z Wrote D:\a\_temp/profile-remove-oracle-windows.json (19 cases)
2026-10-03T20:58:08.6993827Z Wrote D:\a\_temp/skills-oracle-windows.json
2026-10-03T20:58:11.9181530Z Wrote D:\a\_temp/skills-install-oracle-windows.json (11 cases)
2026-10-03T20:58:40.7386192Z Wrote D:\a\_temp\guard-scan-oracle-windows.json (8 cases)
2026-10-03T20:58:40.7816266Z ##[group]Run make rust-check
2026-10-03T20:58:40.7816676Z [36;1mmake rust-check[0m
2026-10-03T20:58:40.7834408Z shell: C:\Program Files\Git\bin\bash.EXE --noprofile --norc -e -o pipefail {0}
2026-10-03T20:58:40.7834811Z env:
2026-10-03T20:58:40.7835003Z   GOTOOLCHAIN: local
2026-10-03T20:58:40.7835320Z   SYMBRAIN_XDG_ORACLE_FIXTURE: D:\a\_temp/xdg-oracle-windows.json
2026-10-03T20:58:40.7835827Z   SYMBRAIN_GUARD_DOCTOR_ORACLE_FIXTURE: D:\a\_temp/guard-doctor-oracle-windows.json
2026-10-03T20:58:40.7836379Z   SYMBRAIN_INSTRUCTIONS_ORACLE_FIXTURE: D:\a\_temp/instructions-oracle-windows.json
2026-10-03T20:58:40.7836909Z   SYMBRAIN_CLI_TREE_ORACLE_FIXTURE: D:\a\_temp/cli-tree-oracle-windows.json
2026-10-03T20:58:40.7837443Z   SYMBRAIN_ACTIVITY_CLI_ORACLE_FIXTURE: D:\a\_temp/activity-cli-oracle-windows.json
2026-10-03T20:58:40.7838019Z   SYMBRAIN_PROFILE_REMOVE_ORACLE_FIXTURE: D:\a\_temp/profile-remove-oracle-windows.json
2026-10-03T20:58:40.7838591Z   SYMBRAIN_SKILLS_ORACLE_FIXTURE: D:\a\_temp/skills-oracle-windows.json
2026-10-03T20:58:40.7839104Z   SYMBRAIN_SKILLS_INSTALL_ORACLE_FIXTURE: D:\a\_temp/skills-install-oracle-windows.json
2026-10-03T20:58:40.7839653Z   SYMBRAIN_GUARD_SCAN_ORACLE_FIXTURE: D:\a\_temp/guard-scan-oracle-windows.json
2026-10-03T20:58:40.7840049Z ##[endgroup]
2026-10-03T20:58:41.4059810Z ./scripts/run-go-oracle.sh "HEAD" run scripts/generate-go-printable-table.go -check
2026-10-03T20:58:43.5594744Z ./scripts/run-go-oracle.sh "HEAD" run ./scripts/usage-oracle -check
2026-10-03T20:58:46.2519715Z PASS: usage oracle deterministic check passed (10 providers, 10 cases)
2026-10-03T20:58:46.6318165Z SYMAIRA_EXTERNAL_BASE="" bash D:/a/symaira-brain/symaira-brain/scripts/run-external-env.sh env GOTOOLCHAIN=go1.26.7 go run ./scripts/usage-request-oracle/opencode -check
2026-10-03T20:58:48.1776609Z ./scripts/run-go-oracle.sh "HEAD" test -count=1 ./internal/gateway -run '^TestUsageDiscoveryIsDeferredAndRepeatedPerCall$'
2026-10-03T20:59:01.7310819Z ok  	github.com/danieljustus/symaira-brain/internal/gateway	0.499s [no tests to run]
2026-10-03T20:59:02.2577912Z ./scripts/run-go-oracle.sh "HEAD" build -ldflags "-X main.version=dev" -o "D:/a/symaira-brain/symaira-brain/target/go/symbrain-go" ./cmd/symbrain
2026-10-03T20:59:08.7699681Z SYMAIRA_EXTERNAL_BASE="" bash D:/a/symaira-brain/symaira-brain/scripts/run-external-env.sh env GOTOOLCHAIN=go1.26.7 CGO_ENABLED=0 go run ./scripts/activity-cli-oracle -go-binary "D:/a/symaira-brain/symaira-brain/target/go/symbrain-go" -check
2026-10-03T20:59:09.8122075Z PASS: bounded activity CLI Go oracle is current
2026-10-03T20:59:09.8222751Z ./scripts/run-go-oracle.sh "HEAD" run ./scripts/policy-oracle -check
2026-10-03T20:59:11.8973120Z PASS: policy oracle deterministic check passed (0 drift on 50 profile cases, 30 policy cases)
2026-10-03T20:59:12.2512675Z ./scripts/run-go-oracle.sh "HEAD" run ./scripts/xdg-oracle -check
2026-10-03T20:59:16.8271316Z PASS: xdg oracle deterministic check passed (0 drift on 256 cases)
2026-10-03T20:59:17.1920082Z ./scripts/run-go-oracle.sh "HEAD" run ./guard/scripts/guard-oracle -check
2026-10-03T20:59:19.3065010Z PASS: guard oracle deterministic check passed (0 drift on 164 cases)
2026-10-03T20:59:19.7256090Z ./scripts/run-go-oracle.sh "HEAD" run ./guard/scripts/guard-doctor-oracle -check
2026-10-03T20:59:21.7739244Z PASS: guard doctor oracle deterministic check passed (0 drift on 9 cases)
2026-10-03T20:59:22.1468349Z ./guard/scripts/guard-scan-oracle/run.sh check
2026-10-03T20:59:25.5978708Z PASS: guard scan oracle byte check passed (8 cases; POSIX TTY case excluded)
2026-10-03T20:59:25.6089320Z ./guard/scripts/guard-scan-oracle/run.sh test
2026-10-03T20:59:26.1402940Z .....
2026-10-03T20:59:26.1403520Z ----------------------------------------------------------------------
2026-10-03T20:59:26.1404165Z Ran 5 tests in 0.216s
2026-10-03T20:59:26.1404379Z 
2026-10-03T20:59:26.1404501Z OK
2026-10-03T20:59:26.1548515Z ./scripts/run-go-oracle.sh "HEAD" run ./scripts/catalog-oracle -check
2026-10-03T20:59:28.2441187Z PASS: catalog oracle deterministic check passed (0 drift on 3 cases)
2026-10-03T20:59:28.6183841Z ./scripts/run-go-oracle.sh "HEAD" run ./scripts/audit-oracle -check
2026-10-03T20:59:30.5945046Z PASS: audit oracle deterministic check passed
2026-10-03T20:59:30.9675949Z ./scripts/run-go-oracle.sh "HEAD" run ./scripts/patterns-activity-oracle -check
2026-10-03T20:59:33.8117057Z PASS: patterns/activity oracle deterministic check passed
2026-10-03T20:59:34.1862784Z ./scripts/run-go-oracle.sh "HEAD" run ./scripts/mcp-oracle -check
2026-10-03T20:59:35.9114849Z PASS: MCP oracle deterministic check passed (20 cases)
2026-10-03T20:59:36.3374780Z ./scripts/run-go-oracle.sh "HEAD" run ./scripts/gateway-oracle -check
2026-10-03T20:59:41.9693254Z PASS: gateway oracle deterministic check passed (8 cases)
2026-10-03T20:59:42.3548639Z ./scripts/run-go-oracle.sh "HEAD" run ./scripts/broker-oracle -check
2026-10-03T20:59:45.3892933Z PASS: broker oracle deterministic check passed
2026-10-03T20:59:45.8004946Z ./scripts/run-go-oracle.sh "HEAD" test ./internal/managed -run TestRustManagedOracleFixture -count=1
2026-10-03T20:59:48.4132620Z ok  	github.com/danieljustus/symaira-brain/internal/managed	0.030s
2026-10-03T20:59:48.8243543Z ./scripts/run-go-oracle.sh "HEAD" run ./scripts/skills-oracle -check
2026-10-03T20:59:51.3458542Z PASS: skills oracle deterministic check passed
2026-10-03T20:59:51.7468175Z ./scripts/run-go-oracle.sh "HEAD" run ./scripts/instructions-oracle -check
2026-10-03T20:59:53.9141449Z PASS: instructions oracle deterministic check passed (32 cases)
2026-10-03T20:59:54.3590948Z ./scripts/run-go-oracle.sh "HEAD" run ./scripts/adapters-oracle -check
2026-10-03T20:59:56.6430436Z PASS: adapters oracle deterministic check passed (25 cases)
2026-10-03T20:59:57.0130667Z ./scripts/run-go-oracle.sh "HEAD" run ./scripts/install-oracle -check
2026-10-03T21:00:04.7723167Z PASS: install oracle deterministic check passed (21 cases)
2026-10-03T21:00:05.1432220Z ./scripts/run-go-oracle.sh "HEAD" run ./scripts/profile-remove-oracle -check
2026-10-03T21:00:12.8209204Z PASS: profile remove oracle deterministic check passed (19 cases)
2026-10-03T21:00:13.1882486Z ./scripts/run-go-oracle.sh "HEAD" run ./scripts/db-memory-oracle -check
2026-10-03T21:00:15.8029745Z PASS: db-memory oracle deterministic check passed (29 tables, 4 negative cases, 2 ordering cases)
2026-10-03T21:00:16.2325097Z ./scripts/run-go-oracle.sh "HEAD" build -ldflags "-X main.version=dev" -o "D:/a/symaira-brain/symaira-brain/target/go/symbrain-go" ./cmd/symbrain
2026-10-03T21:00:22.7661481Z SYMAIRA_EXTERNAL_BASE="" bash D:/a/symaira-brain/symaira-brain/scripts/run-external-env.sh env GOTOOLCHAIN=go1.26.7 CGO_ENABLED=0 go run ./scripts/cli-oracle -go-binary "D:/a/symaira-brain/symaira-brain/target/go/symbrain-go" -check
2026-10-03T21:00:27.2061377Z PASS: cli oracle deterministic check passed (88 cases)
2026-10-03T21:00:27.2187702Z SYMAIRA_EXTERNAL_BASE="" bash D:/a/symaira-brain/symaira-brain/scripts/run-external-env.sh cargo fmt --all --check
2026-10-03T21:00:29.2271510Z SYMAIRA_EXTERNAL_BASE="" bash D:/a/symaira-brain/symaira-brain/scripts/run-external-env.sh cargo check --workspace --all-targets --all-features --locked
2026-10-03T21:00:29.4126099Z     Updating crates.io index
2026-10-03T21:00:29.4166526Z     Updating git repository `https://github.com/danieljustus/symaira-corekit`
2026-10-03T21:00:33.0180974Z  Downloading crates ...
2026-10-03T21:00:33.0460701Z   Downloaded cfg_aliases v0.2.2
2026-10-03T21:00:33.0570512Z   Downloaded futures-core v0.3.34
2026-10-03T21:00:33.0704921Z   Downloaded ambient-authority v0.0.2
2026-10-03T21:00:33.0892455Z   Downloaded autocfg v1.5.1
2026-10-03T21:00:33.1078251Z   Downloaded cap-fs-ext v4.0.3
2026-10-03T21:00:33.1275205Z   Downloaded http-body-util v0.1.5
2026-10-03T21:00:33.1507425Z   Downloaded io-lifetimes v3.0.1
2026-10-03T21:00:33.2229412Z   Downloaded toml_writer v1.1.2+spec-1.1.0
2026-10-03T21:00:33.2346551Z   Downloaded aho-corasick v1.1.5
2026-10-03T21:00:33.2782783Z   Downloaded chacha20 v0.10.2
2026-10-03T21:00:33.3003759Z   Downloaded filetime v0.2.29
2026-10-03T21:00:33.3188382Z   Downloaded find-msvc-tools v0.1.12
2026-10-03T21:00:33.3355261Z   Downloaded futures-macro v0.3.34
2026-10-03T21:00:33.3458717Z   Downloaded http-body v1.1.0
2026-10-03T21:00:33.3563897Z   Downloaded hyper-rustls v0.27.10
2026-10-03T21:00:33.3716673Z   Downloaded reqwest v0.13.4
2026-10-03T21:00:33.4252339Z   Downloaded serde_core v1.0.229
2026-10-03T21:00:33.4539840Z   Downloaded serde_yaml_ng v0.10.0
2026-10-03T21:00:33.4968251Z   Downloaded tokio-macros v2.7.2
2026-10-03T21:00:33.5078957Z   Downloaded aws-lc-rs v1.18.1
2026-10-03T21:00:33.6289453Z   Downloaded base64 v0.23.1
2026-10-03T21:00:33.6628218Z   Downloaded bitflags v2.13.1
2026-10-03T21:00:33.7141391Z   Downloaded bytes v1.12.1
2026-10-03T21:00:33.7527436Z   Downloaded cap-std v4.0.3
2026-10-03T21:00:33.7841932Z   Downloaded chrono v0.4.45
2026-10-03T21:00:33.8381911Z   Downloaded fallible-streaming-iterator v0.1.9
2026-10-03T21:00:33.8472442Z   Downloaded fastrand v2.5.0
2026-10-03T21:00:33.8597374Z   Downloaded fs-set-times v0.20.3
2026-10-03T21:00:33.8736368Z   Downloaded fs2 v0.4.3
2026-10-03T21:00:33.8842554Z   Downloaded errno v0.3.14
2026-10-03T21:00:33.8990564Z   Downloaded fallible-iterator v0.3.0
2026-10-03T21:00:33.9106494Z   Downloaded flate2 v1.1.10
2026-10-03T21:00:33.9674570Z   Downloaded futures-channel v0.3.34
2026-10-03T21:00:33.9866797Z   Downloaded getrandom v0.3.3
2026-10-03T21:00:34.0235774Z   Downloaded hmac v0.12.1
2026-10-03T21:00:34.0468893Z   Downloaded icu_locale_core v2.3.0
2026-10-03T21:00:34.1237413Z   Downloaded io-lifetimes v2.0.4
2026-10-03T21:00:34.1407628Z   Downloaded tinyvec v1.13.3
2026-10-03T21:00:34.1770764Z   Downloaded toml_parser v1.1.3+spec-1.1.0
2026-10-03T21:00:34.2013270Z   Downloaded hostname v0.4.2
2026-10-03T21:00:34.2174658Z   Downloaded cap-primitives v4.0.3
2026-10-03T21:00:34.3596056Z   Downloaded hyper v1.11.1
2026-10-03T21:00:34.4232240Z   Downloaded io-extras v0.19.0
2026-10-03T21:00:34.4450321Z   Downloaded typed-path v0.12.3
2026-10-03T21:00:34.5126709Z   Downloaded cpufeatures v0.3.1
2026-10-03T21:00:34.5257730Z   Downloaded futures-task v0.3.34
2026-10-03T21:00:34.9570363Z   Downloaded icu_normalizer_data v2.3.0
2026-10-03T21:00:34.9805168Z   Downloaded pkg-config v0.3.34
2026-10-03T21:00:34.9943927Z   Downloaded simd-adler32 v0.3.10
2026-10-03T21:00:35.0159720Z   Downloaded tokio-rustls v0.26.6
2026-10-03T21:00:35.0299346Z   Downloaded utf8-zero v0.8.1
2026-10-03T21:00:35.0435293Z   Downloaded windows-targets v0.52.6
2026-10-03T21:00:35.0519750Z   Downloaded windows-registry v0.6.1
2026-10-03T21:00:35.0687371Z   Downloaded futures-sink v0.3.34
2026-10-03T21:00:35.0773721Z   Downloaded socket2 v0.6.5
2026-10-03T21:00:35.0896909Z   Downloaded quote v1.0.47
2026-10-03T21:00:35.1183574Z   Downloaded futures-util v0.3.34
2026-10-03T21:00:35.2787762Z   Downloaded windows-strings v0.5.1
2026-10-03T21:00:35.2972439Z   Downloaded zerofrom-derive v0.1.8
2026-10-03T21:00:35.3068157Z   Downloaded windows-result v0.4.1
2026-10-03T21:00:35.3233961Z   Downloaded writeable v0.6.4
2026-10-03T21:00:35.3435661Z   Downloaded signal-hook-registry v1.4.8
2026-10-03T21:00:35.3591380Z   Downloaded winx v0.36.4
2026-10-03T21:00:35.3738393Z   Downloaded yoke-derive v0.8.4
2026-10-03T21:00:35.3901666Z   Downloaded zmij v1.0.23
2026-10-03T21:00:35.4074025Z   Downloaded yoke v0.8.3
2026-10-03T21:00:35.4256965Z   Downloaded zerovec-derive v0.11.6
2026-10-03T21:00:35.4459335Z   Downloaded unsafe-libyaml v0.2.11
2026-10-03T21:00:35.4788108Z   Downloaded ureq-proto v0.6.2
2026-10-03T21:00:35.5270246Z   Downloaded toml_edit v0.25.13+spec-1.1.0
2026-10-03T21:00:35.5720317Z   Downloaded typenum v1.20.1
2026-10-03T21:00:35.5970297Z   Downloaded zeroize v1.9.0
2026-10-03T21:00:35.6108085Z   Downloaded zerotrie v0.2.5
2026-10-03T21:00:35.6472344Z   Downloaded rand_pcg v0.10.2
2026-10-03T21:00:35.6640777Z   Downloaded tokio-util v0.7.19
2026-10-03T21:00:35.7485875Z   Downloaded tower-http v0.6.11
2026-10-03T21:00:35.8503771Z   Downloaded zerovec v0.11.8
2026-10-03T21:00:35.9136330Z   Downloaded zip v8.6.0
2026-10-03T21:00:35.9641616Z   Downloaded displaydoc v0.2.7
2026-10-03T21:00:36.4081122Z   Downloaded maybe-owned v0.3.4
2026-10-03T21:00:36.4207191Z   Downloaded rustc-hash v2.1.3
2026-10-03T21:00:36.4332310Z   Downloaded ureq v3.4.1
2026-10-03T21:00:36.4865143Z   Downloaded webpki-roots v1.0.9
2026-10-03T21:00:36.5019381Z   Downloaded lru-slab v0.1.3
2026-10-03T21:00:36.5113326Z   Downloaded potential_utf v0.1.6
2026-10-03T21:00:36.5219549Z   Downloaded crc32fast v1.5.1
2026-10-03T21:00:36.5387440Z   Downloaded zlib-rs v0.6.7
2026-10-03T21:00:36.5963542Z   Downloaded winnow v1.0.4
2026-10-03T21:00:36.6898102Z   Downloaded vcpkg v0.2.15
2026-10-03T21:00:37.3230369Z   Downloaded getrandom v0.4.3
2026-10-03T21:00:37.5709768Z   Downloaded shlex v2.0.1
2026-10-03T21:00:37.5838377Z   Downloaded rand_core v0.10.1
2026-10-03T21:00:37.6029358Z   Downloaded smallvec v1.16.0
2026-10-03T21:00:37.6145286Z   Downloaded thiserror v2.0.20
2026-10-03T21:00:37.7048035Z   Downloaded jobserver v0.1.35
2026-10-03T21:00:37.7236968Z   Downloaded litemap v0.8.3
2026-10-03T21:00:37.7474155Z   Downloaded quinn-udp v0.5.16
2026-10-03T21:00:37.7617771Z   Downloaded rustls-pki-types v1.15.1
2026-10-03T21:00:37.7907203Z   Downloaded signal-hook v0.3.18
2026-10-03T21:00:37.8213260Z   Downloaded synstructure v0.14.0
2026-10-03T21:00:37.8302724Z   Downloaded tinystr v0.8.4
2026-10-03T21:00:37.8498043Z   Downloaded hashlink v0.12.1
2026-10-03T21:00:37.8712686Z   Downloaded icu_provider v2.3.1
2026-10-03T21:00:37.8999722Z   Downloaded ipnet v2.12.2
2026-10-03T21:00:37.9170414Z   Downloaded log v0.4.34
2026-10-03T21:00:37.9362424Z   Downloaded num-traits v0.2.19
2026-10-03T21:00:37.9622107Z   Downloaded proc-macro2 v1.0.107
2026-10-03T21:00:37.9936769Z   Downloaded rustls-platform-verifier v0.7.1
2026-10-03T21:00:38.0344817Z   Downloaded ryu v1.0.23
2026-10-03T21:00:38.0663861Z   Downloaded serde_derive v1.0.229
2026-10-03T21:00:38.1024757Z   Downloaded thiserror-impl v2.0.20
2026-10-03T21:00:38.1217231Z   Downloaded miniz_oxide v0.9.1
2026-10-03T21:00:38.1396407Z   Downloaded tar v0.4.46
2026-10-03T21:00:38.1646114Z   Downloaded icu_collections v2.3.0
2026-10-03T21:00:38.2356990Z   Downloaded memchr v2.8.3
2026-10-03T21:00:38.2862661Z   Downloaded quinn v0.11.12
2026-10-03T21:00:38.3154185Z   Downloaded rustls-webpki v0.103.15
2026-10-03T21:00:38.3421872Z   Downloaded serde v1.0.229
2026-10-03T21:00:38.3720439Z   Downloaded cc v1.4.5
2026-10-03T21:00:38.4023738Z   Downloaded http v1.5.0
2026-10-03T21:00:38.4337340Z   Downloaded icu_properties v2.3.0
2026-10-03T21:00:38.4608631Z   Downloaded icu_properties_data v2.3.0
2026-10-03T21:00:38.5853476Z   Downloaded indexmap v2.14.2
2026-10-03T21:00:38.6215890Z   Downloaded rand v0.10.3
2026-10-03T21:00:38.6602121Z   Downloaded mio v1.2.3
2026-10-03T21:00:39.0573827Z   Downloaded hyper-util v0.1.21
2026-10-03T21:00:39.1055435Z   Downloaded rusqlite v0.40.2
2026-10-03T21:00:39.1710698Z   Downloaded serde_json v1.0.151
2026-10-03T21:00:39.2486951Z   Downloaded regex v1.13.1
2026-10-03T21:00:39.2985945Z   Downloaded hkdf v0.12.4
2026-10-03T21:00:39.3166693Z   Downloaded quinn-proto v0.11.19
2026-10-03T21:00:39.3707472Z   Downloaded syn v3.0.5
2026-10-03T21:00:39.4582763Z   Downloaded regex-syntax v0.8.11
2026-10-03T21:00:39.4985682Z   Downloaded rustls v0.23.45
2026-10-03T21:00:39.6093187Z   Downloaded rustix v1.1.4
2026-10-03T21:00:39.8637959Z   Downloaded windows_x86_64_msvc v0.52.6
2026-10-03T21:00:39.8854571Z   Downloaded tokio v1.53.1
2026-10-03T21:00:40.7635106Z   Downloaded icu_normalizer v2.3.0
2026-10-03T21:00:40.8079202Z   Downloaded regex-automata v0.4.18
2026-10-03T21:00:40.9083829Z   Downloaded libc v0.2.189
2026-10-03T21:00:41.2726484Z   Downloaded windows-sys v0.52.0
2026-10-03T21:00:42.0430029Z   Downloaded libsqlite3-sys v0.38.2
2026-10-03T21:00:42.1349627Z   Downloaded aws-lc-sys v0.45.0
2026-10-03T21:00:45.2984513Z    Compiling proc-macro2 v1.0.107
2026-10-03T21:00:45.2985238Z    Compiling quote v1.0.47
2026-10-03T21:00:45.2986098Z    Compiling unicode-ident v1.0.24
2026-10-03T21:00:45.2986801Z     Checking windows-link v0.2.1
2026-10-03T21:00:45.3555611Z     Checking windows-sys v0.61.2
2026-10-03T21:00:45.4209057Z     Checking cfg-if v1.0.4
2026-10-03T21:00:45.4714058Z     Checking itoa v1.0.18
2026-10-03T21:00:45.6670622Z    Compiling serde_core v1.0.229
2026-10-03T21:00:45.6724964Z     Checking memchr v2.8.3
2026-10-03T21:00:46.3261780Z    Compiling serde v1.0.229
2026-10-03T21:00:47.0974050Z    Compiling syn v3.0.5
2026-10-03T21:00:47.1626967Z    Compiling zmij v1.0.23
2026-10-03T21:00:47.5164035Z     Checking once_cell v1.21.4
2026-10-03T21:00:47.8392813Z    Compiling serde_json v1.0.151
2026-10-03T21:00:48.6837319Z    Compiling getrandom v0.4.3
2026-10-03T21:00:49.1239432Z     Checking fastrand v2.5.0
2026-10-03T21:00:49.3804107Z    Compiling autocfg v1.5.1
2026-10-03T21:00:50.0893722Z    Compiling num-traits v0.2.19
2026-10-03T21:00:50.3472705Z     Checking foldhash v0.2.0
2026-10-03T21:00:50.4966141Z     Checking hashbrown v0.17.1
2026-10-03T21:00:50.7419479Z     Checking tempfile v3.27.0
2026-10-03T21:00:51.1013004Z     Checking equivalent v1.0.2
2026-10-03T21:00:51.1654598Z     Checking subtle v2.6.1
2026-10-03T21:00:51.3126287Z     Checking winnow v1.0.4
2026-10-03T21:00:51.3366574Z     Checking indexmap v2.14.2
2026-10-03T21:00:52.1924010Z     Checking toml_datetime v1.1.1+spec-1.1.0
2026-10-03T21:00:52.3157065Z     Checking toml_writer v1.1.2+spec-1.1.0
2026-10-03T21:00:52.3832157Z    Compiling version_check v0.9.5
2026-10-03T21:00:52.5538208Z     Checking typenum v1.20.1
2026-10-03T21:00:52.8438475Z    Compiling generic-array v0.14.7
2026-10-03T21:00:52.9266111Z     Checking toml_parser v1.1.3+spec-1.1.0
2026-10-03T21:00:53.1426860Z     Checking cpufeatures v0.2.17
2026-10-03T21:00:53.1994995Z     Checking bitflags v2.13.1
2026-10-03T21:00:53.4074154Z    Compiling windows_x86_64_msvc v0.52.6
2026-10-03T21:00:53.4716357Z     Checking toml_edit v0.25.13+spec-1.1.0
2026-10-03T21:00:53.7772329Z     Checking windows-targets v0.52.6
2026-10-03T21:00:53.8255402Z     Checking windows-sys v0.52.0
2026-10-03T21:00:54.2994775Z     Checking ipnet v2.12.2
2026-10-03T21:00:54.6093855Z    Compiling io-lifetimes v3.0.1
2026-10-03T21:00:54.6167852Z     Checking crypto-common v0.1.7
2026-10-03T21:00:54.7358497Z     Checking block-buffer v0.10.4
2026-10-03T21:00:54.8695625Z     Checking digest v0.10.7
2026-10-03T21:00:54.9828162Z    Compiling io-lifetimes v2.0.4
2026-10-03T21:00:55.1243108Z     Checking sha2 v0.10.9
2026-10-03T21:00:55.3661637Z    Compiling libc v0.2.189
2026-10-03T21:00:55.5630420Z    Compiling io-extras v0.19.0
2026-10-03T21:00:56.2849263Z    Compiling cap-primitives v4.0.3
2026-10-03T21:00:56.3197901Z     Checking ambient-authority v0.0.2
2026-10-03T21:00:56.3827047Z    Compiling cap-std v4.0.3
2026-10-03T21:00:56.7379314Z     Checking maybe-owned v0.3.4
2026-10-03T21:00:56.7670373Z    Compiling serde_derive v1.0.229
2026-10-03T21:00:56.9895905Z    Compiling cap-fs-ext v4.0.3
2026-10-03T21:00:57.4503498Z    Compiling find-msvc-tools v0.1.12
2026-10-03T21:00:57.6952859Z    Compiling jobserver v0.1.35
2026-10-03T21:00:58.1564308Z    Compiling shlex v2.0.1
2026-10-03T21:00:58.4068867Z    Compiling cc v1.4.5
2026-10-03T21:00:59.0107024Z     Checking unsafe-libyaml v0.2.11
2026-10-03T21:01:00.0244499Z     Checking fs-set-times v0.20.3
2026-10-03T21:01:00.1244273Z     Checking winx v0.36.4
2026-10-03T21:01:00.1658134Z     Checking ryu v1.0.23
2026-10-03T21:01:00.3321908Z     Checking bytes v1.12.1
2026-10-03T21:01:01.0795816Z    Compiling cmake v0.1.58
2026-10-03T21:01:01.4550676Z    Compiling dunce v1.0.5
2026-10-03T21:01:01.6443749Z    Compiling winapi v0.3.9
2026-10-03T21:01:01.7020974Z    Compiling fs_extra v1.3.0
2026-10-03T21:01:01.7429460Z    Compiling ring v0.17.14
2026-10-03T21:01:02.0986820Z    Compiling aws-lc-sys v0.45.0
2026-10-03T21:01:02.5276070Z    Compiling aws-lc-rs v1.18.1
2026-10-03T21:01:02.9352033Z     Checking zeroize v1.9.0
2026-10-03T21:01:03.2672861Z     Checking chrono v0.4.45
2026-10-03T21:01:04.2860086Z     Checking serde_yaml_ng v0.10.0
2026-10-03T21:01:04.5352282Z     Checking symbrain-core v0.12.1 (D:\a\symaira-brain\symaira-brain\rust\symbrain-core)
2026-10-03T21:01:05.0057395Z     Checking symbrain-harness v0.12.1 (D:\a\symaira-brain\symaira-brain\rust\symbrain-harness)
2026-10-03T21:01:05.6463437Z     Checking fs2 v0.4.3
2026-10-03T21:01:05.7449217Z     Checking http v1.5.0
2026-10-03T21:01:05.8791928Z    Compiling synstructure v0.14.0
2026-10-03T21:01:06.6291146Z     Checking symbrain-skills v0.12.1 (D:\a\symaira-brain\symaira-brain\rust\symbrain-skills)
2026-10-03T21:01:06.8347514Z     Checking rustls-pki-types v1.15.1
2026-10-03T21:01:06.8545924Z     Checking getrandom v0.2.17
2026-10-03T21:01:06.9629852Z    Compiling httparse v1.10.1
2026-10-03T21:01:07.2546939Z     Checking untrusted v0.9.0
2026-10-03T21:01:07.4136558Z    Compiling zerofrom-derive v0.1.8
2026-10-03T21:01:09.1459745Z     Checking percent-encoding v2.3.2
2026-10-03T21:01:09.2902525Z     Checking log v0.4.34
2026-10-03T21:01:09.4620834Z    Compiling rustls v0.23.45
2026-10-03T21:01:09.6778768Z    Compiling yoke-derive v0.8.4
2026-10-03T21:01:09.7313357Z     Checking zerofrom v0.1.8
2026-10-03T21:01:09.7959624Z     Checking stable_deref_trait v1.2.1
2026-10-03T21:01:09.8541469Z     Checking symbrain-policy v0.12.1 (D:\a\symaira-brain\symaira-brain\rust\symbrain-policy)
2026-10-03T21:01:09.8592802Z    Compiling getrandom v0.3.3
2026-10-03T21:01:10.2700275Z     Checking base64 v0.23.1
2026-10-03T21:01:10.7029065Z     Checking base64 v0.22.1
2026-10-03T21:01:10.7974667Z    Compiling zerovec-derive v0.11.6
2026-10-03T21:01:11.1902970Z    Compiling displaydoc v0.2.7
2026-10-03T21:01:11.6239910Z     Checking yoke v0.8.3
2026-10-03T21:01:11.8813999Z     Checking pin-project-lite v0.2.17
2026-10-03T21:01:11.9596471Z     Checking futures-core v0.3.34
2026-10-03T21:01:12.0834091Z     Checking ureq-proto v0.6.2
2026-10-03T21:01:12.3201228Z     Checking webpki-roots v1.0.9
2026-10-03T21:01:12.4353704Z     Checking smallvec v1.16.0
2026-10-03T21:01:12.5339130Z     Checking utf8-zero v0.8.1
2026-10-03T21:01:12.6584647Z    Compiling tokio-macros v2.7.2
2026-10-03T21:01:12.6754832Z     Checking mio v1.2.3
2026-10-03T21:01:12.7462460Z     Checking zerovec v0.11.8
2026-10-03T21:01:13.2096725Z     Checking socket2 v0.6.5
2026-10-03T21:01:13.5919406Z     Checking tinystr v0.8.4
2026-10-03T21:01:13.5979151Z     Checking writeable v0.6.4
2026-10-03T21:01:13.6790558Z     Checking litemap v0.8.3
2026-10-03T21:01:13.8126985Z     Checking tokio v1.53.1
2026-10-03T21:01:13.8676572Z     Checking potential_utf v0.1.6
2026-10-03T21:01:13.9281659Z     Checking icu_locale_core v2.3.0
2026-10-03T21:01:14.0180606Z     Checking zerotrie v0.2.5
2026-10-03T21:01:14.3408435Z     Checking errno v0.3.14
2026-10-03T21:01:14.4933313Z    Compiling icu_properties_data v2.3.0
2026-10-03T21:01:14.7195796Z    Compiling icu_normalizer_data v2.3.0
2026-10-03T21:01:14.9563830Z     Checking utf8_iter v1.0.4
2026-10-03T21:01:15.0902736Z     Checking icu_collections v2.3.0
2026-10-03T21:01:15.1116801Z     Checking icu_provider v2.3.1
2026-10-03T21:01:15.6059798Z    Compiling futures-macro v0.3.34
2026-10-03T21:01:15.6421227Z     Checking slab v0.4.12
2026-10-03T21:01:15.8388102Z     Checking futures-task v0.3.34
2026-10-03T21:01:15.9617805Z    Compiling rustix v1.1.4
2026-10-03T21:01:16.8849697Z     Checking futures-util v0.3.34
2026-10-03T21:01:16.8853040Z     Checking http-body v1.1.0
2026-10-03T21:01:17.0173492Z     Checking hmac v0.12.1
2026-10-03T21:01:17.1757587Z     Checking hkdf v0.12.4
2026-10-03T21:01:17.3119138Z     Checking icu_normalizer v2.3.0
2026-10-03T21:01:17.7616674Z     Checking icu_properties v2.3.0
2026-10-03T21:01:18.7553705Z     Checking aho-corasick v1.1.5
2026-10-03T21:01:19.3483009Z     Checking regex-syntax v0.8.11
2026-10-03T21:01:19.4090854Z     Checking try-lock v0.2.5
2026-10-03T21:01:19.4952918Z     Checking tower-service v0.3.3
2026-10-03T21:01:19.5669291Z     Checking want v0.3.1
2026-10-03T21:01:19.6791304Z     Checking idna_adapter v1.2.2
2026-10-03T21:01:19.7725282Z     Checking futures-channel v0.3.34
2026-10-03T21:01:19.9723815Z     Checking tracing-core v0.1.36
2026-10-03T21:01:20.0336633Z     Checking windows-strings v0.5.1
2026-10-03T21:01:20.2567395Z     Checking windows-result v0.4.1
2026-10-03T21:01:20.4456068Z     Checking atomic-waker v1.1.2
2026-10-03T21:01:20.4470204Z     Checking tracing v0.1.44
2026-10-03T21:01:20.5302768Z     Checking hyper v1.11.1
2026-10-03T21:01:20.6900021Z     Checking windows-registry v0.6.1
2026-10-03T21:01:20.8973797Z     Checking idna v1.1.0
2026-10-03T21:01:21.2404840Z     Checking symbrain-guard-core v0.12.1 (D:\a\symaira-brain\symaira-brain\rust\symbrain-guard-core)
2026-10-03T21:01:21.5078038Z     Checking sync_wrapper v1.0.2
2026-10-03T21:01:21.6360607Z     Checking form_urlencoded v1.2.2
2026-10-03T21:01:21.7275126Z     Checking regex-automata v0.4.18
2026-10-03T21:01:21.7598154Z     Checking symbrain-audit v0.12.1 (D:\a\symaira-brain\symaira-brain\rust\symbrain-audit)
2026-10-03T21:01:22.5068656Z     Checking symbrain-mcp v0.12.1 (D:\a\symaira-brain\symaira-brain\rust\symbrain-mcp)
2026-10-03T21:01:22.9668448Z    Compiling vcpkg v0.2.15
2026-10-03T21:01:23.2296499Z    Compiling thiserror v2.0.20
2026-10-03T21:01:23.8072615Z     Checking tower-layer v0.3.3
2026-10-03T21:01:23.9999371Z    Compiling pkg-config v0.3.34
2026-10-03T21:01:24.2144955Z     Checking tower v0.5.3
2026-10-03T21:01:24.4212381Z     Checking regex v1.13.1
2026-10-03T21:01:24.8462158Z    Compiling libsqlite3-sys v0.38.2
2026-10-03T21:01:24.9121228Z     Checking url v2.5.8
2026-10-03T21:01:24.9599972Z     Checking hyper-util v0.1.21
2026-10-03T21:01:25.3098053Z    Compiling thiserror-impl v2.0.20
2026-10-03T21:01:25.5448592Z     Checking tower-http v0.6.11
2026-10-03T21:01:26.4868625Z     Checking http-body-util v0.1.5
2026-10-03T21:01:26.7678361Z     Checking futures-sink v0.3.34
2026-10-03T21:01:26.8632260Z    Compiling crc32fast v1.5.1
2026-10-03T21:01:27.1782526Z     Checking tokio-util v0.7.19
2026-10-03T21:01:27.4354986Z     Checking symaira-core-secretref v0.0.0 (https://github.com/danieljustus/symaira-corekit?rev=04d1411adb57aa602b992509121011aa7666ff1a#04d1411a)
2026-10-03T21:01:27.7104437Z     Checking symbrain-activity v0.12.1 (D:\a\symaira-brain\symaira-brain\rust\symbrain-activity)
2026-10-03T21:01:27.7241820Z     Checking hashlink v0.12.1
2026-10-03T21:01:28.1173279Z     Checking hostname v0.4.2
2026-10-03T21:01:28.1213806Z     Checking adler2 v2.0.1
2026-10-03T21:01:28.2108024Z     Checking symaira-core-exit v0.0.0 (https://github.com/danieljustus/symaira-corekit?rev=04d1411adb57aa602b992509121011aa7666ff1a#04d1411a)
2026-10-03T21:01:28.2284595Z     Checking fallible-iterator v0.3.0
2026-10-03T21:01:28.3304915Z     Checking simd-adler32 v0.3.10
2026-10-03T21:01:28.5196429Z     Checking fallible-streaming-iterator v0.1.9
2026-10-03T21:01:28.6539734Z     Checking miniz_oxide v0.9.1
2026-10-03T21:01:28.8665241Z     Checking symbrain-broker v0.12.1 (D:\a\symaira-brain\symaira-brain\rust\symbrain-broker)
2026-10-03T21:01:29.2523417Z     Checking flate2 v1.1.10
2026-10-03T21:01:29.4421277Z     Checking symbrain-patterns v0.12.1 (D:\a\symaira-brain\symaira-brain\rust\symbrain-patterns)
2026-10-03T21:01:29.6599965Z     Checking symbrain-instructions v0.12.1 (D:\a\symaira-brain\symaira-brain\rust\symbrain-instructions)
2026-10-03T21:01:29.8284076Z     Checking filetime v0.2.29
2026-10-03T21:01:29.8797868Z     Checking typed-path v0.12.3
2026-10-03T21:01:29.9482265Z    Compiling symguard-cli v0.12.1 (D:\a\symaira-brain\symaira-brain\rust\symguard-cli)
2026-10-03T21:01:30.5592262Z     Checking rusqlite v0.40.2
2026-10-03T21:01:31.1088355Z     Checking tar v0.4.46
2026-10-03T21:01:31.1278556Z     Checking zip v8.6.0
2026-10-03T21:01:31.6171321Z     Checking symbrain-catalog v0.12.1 (D:\a\symaira-brain\symaira-brain\rust\symbrain-catalog)
2026-10-03T21:01:31.9119336Z     Checking symbrain-adapter v0.12.1 (D:\a\symaira-brain\symaira-brain\rust\symbrain-adapter)
2026-10-03T21:01:32.1303945Z    Compiling signal-hook v0.3.18
2026-10-03T21:01:32.2339137Z     Checking signal-hook-registry v1.4.8
2026-10-03T21:01:32.3549849Z    Compiling symbrain-cli v0.12.1 (D:\a\symaira-brain\symaira-brain\rust\symbrain-cli)
2026-10-03T21:02:20.6663813Z     Checking rustls-webpki v0.103.15
2026-10-03T21:02:23.9577853Z     Checking ureq v3.4.1
2026-10-03T21:02:23.9579881Z     Checking tokio-rustls v0.26.6
2026-10-03T21:02:23.9582228Z     Checking rustls-platform-verifier v0.7.1
2026-10-03T21:02:24.2217312Z     Checking hyper-rustls v0.27.10
2026-10-03T21:02:24.3828028Z     Checking reqwest v0.13.4
2026-10-03T21:02:24.7278382Z     Checking symbrain-usage v0.12.1 (D:\a\symaira-brain\symaira-brain\rust\symbrain-usage)
2026-10-03T21:02:24.7280632Z     Checking symbrain-managed v0.12.1 (D:\a\symaira-brain\symaira-brain\rust\symbrain-managed)
2026-10-03T21:02:25.3650060Z     Checking symaira-core-llm v0.0.0 (https://github.com/danieljustus/symaira-corekit?rev=04d1411adb57aa602b992509121011aa7666ff1a#04d1411a)
2026-10-03T21:02:26.7831017Z     Checking symbrain-memory v0.12.1 (D:\a\symaira-brain\symaira-brain\rust\symbrain-memory)
2026-10-03T21:02:27.9386434Z     Checking symbrain-gateway v0.12.1 (D:\a\symaira-brain\symaira-brain\rust\symbrain-gateway)
2026-10-03T21:02:32.4231849Z     Finished `dev` profile [unoptimized + debuginfo] target(s) in 2m 03s
2026-10-03T21:02:32.5345916Z SYMAIRA_EXTERNAL_BASE="" bash D:/a/symaira-brain/symaira-brain/scripts/run-external-env.sh cargo clippy --workspace --all-targets --all-features --locked -- -D warnings
2026-10-03T21:02:33.8162530Z     Checking symbrain-core v0.12.1 (D:\a\symaira-brain\symaira-brain\rust\symbrain-core)
2026-10-03T21:02:33.8174775Z     Checking symbrain-harness v0.12.1 (D:\a\symaira-brain\symaira-brain\rust\symbrain-harness)
2026-10-03T21:02:33.8307448Z     Checking symbrain-mcp v0.12.1 (D:\a\symaira-brain\symaira-brain\rust\symbrain-mcp)
2026-10-03T21:02:33.8343683Z     Checking symbrain-usage v0.12.1 (D:\a\symaira-brain\symaira-brain\rust\symbrain-usage)
2026-10-03T21:02:34.3333306Z     Checking symbrain-broker v0.12.1 (D:\a\symaira-brain\symaira-brain\rust\symbrain-broker)
2026-10-03T21:02:34.4908681Z     Checking symbrain-policy v0.12.1 (D:\a\symaira-brain\symaira-brain\rust\symbrain-policy)
2026-10-03T21:02:34.9724643Z     Checking symbrain-skills v0.12.1 (D:\a\symaira-brain\symaira-brain\rust\symbrain-skills)
2026-10-03T21:02:34.9838980Z     Checking symbrain-guard-core v0.12.1 (D:\a\symaira-brain\symaira-brain\rust\symbrain-guard-core)
2026-10-03T21:02:35.5934540Z     Checking symbrain-audit v0.12.1 (D:\a\symaira-brain\symaira-brain\rust\symbrain-audit)
2026-10-03T21:02:35.7467058Z     Checking symbrain-activity v0.12.1 (D:\a\symaira-brain\symaira-brain\rust\symbrain-activity)
2026-10-03T21:02:36.2255962Z     Checking symbrain-instructions v0.12.1 (D:\a\symaira-brain\symaira-brain\rust\symbrain-instructions)
2026-10-03T21:02:36.4791994Z     Checking symbrain-patterns v0.12.1 (D:\a\symaira-brain\symaira-brain\rust\symbrain-patterns)
2026-10-03T21:02:36.6003488Z    Compiling symguard-cli v0.12.1 (D:\a\symaira-brain\symaira-brain\rust\symguard-cli)
2026-10-03T21:02:36.9418646Z     Checking symbrain-memory v0.12.1 (D:\a\symaira-brain\symaira-brain\rust\symbrain-memory)
2026-10-03T21:02:37.5285072Z     Checking symbrain-catalog v0.12.1 (D:\a\symaira-brain\symaira-brain\rust\symbrain-catalog)
2026-10-03T21:02:37.8880608Z     Checking symbrain-managed v0.12.1 (D:\a\symaira-brain\symaira-brain\rust\symbrain-managed)
2026-10-03T21:02:38.6364220Z     Checking symbrain-adapter v0.12.1 (D:\a\symaira-brain\symaira-brain\rust\symbrain-adapter)
2026-10-03T21:02:38.6366689Z    Compiling symbrain-cli v0.12.1 (D:\a\symaira-brain\symaira-brain\rust\symbrain-cli)
2026-10-03T21:02:38.6751213Z     Checking symbrain-gateway v0.12.1 (D:\a\symaira-brain\symaira-brain\rust\symbrain-gateway)
2026-10-03T21:02:53.3455162Z     Finished `dev` profile [unoptimized + debuginfo] target(s) in 20.08s
2026-10-03T21:02:53.4654808Z SYMAIRA_EXTERNAL_BASE="" bash D:/a/symaira-brain/symaira-brain/scripts/run-external-env.sh cargo test --workspace --all-features --locked
2026-10-03T21:02:54.0832805Z    Compiling cfg-if v1.0.4
2026-10-03T21:02:54.0835690Z    Compiling windows-link v0.2.1
2026-10-03T21:02:54.0837856Z    Compiling itoa v1.0.18
2026-10-03T21:02:54.0844459Z    Compiling serde_core v1.0.229
2026-10-03T21:02:54.1395354Z    Compiling windows-sys v0.61.2
2026-10-03T21:02:54.1597276Z    Compiling memchr v2.8.3
2026-10-03T21:02:54.3619498Z    Compiling once_cell v1.21.4
2026-10-03T21:02:54.6495415Z    Compiling zmij v1.0.23
2026-10-03T21:02:55.1393369Z    Compiling getrandom v0.4.3
2026-10-03T21:02:55.4240120Z    Compiling fastrand v2.5.0
2026-10-03T21:02:55.6755408Z    Compiling foldhash v0.2.0
2026-10-03T21:02:55.8212714Z    Compiling num-traits v0.2.19
2026-10-03T21:02:55.9632021Z    Compiling hashbrown v0.17.1
2026-10-03T21:02:56.9979119Z    Compiling equivalent v1.0.2
2026-10-03T21:02:57.1121910Z    Compiling subtle v2.6.1
2026-10-03T21:02:57.2063139Z    Compiling indexmap v2.14.2
2026-10-03T21:02:57.3172295Z    Compiling winnow v1.0.4
2026-10-03T21:02:58.4204936Z    Compiling serde v1.0.229
2026-10-03T21:02:58.4702188Z    Compiling serde_json v1.0.151
2026-10-03T21:02:59.4905620Z    Compiling chrono v0.4.45
2026-10-03T21:02:59.6814962Z    Compiling toml_parser v1.1.3+spec-1.1.0
2026-10-03T21:03:01.2574296Z    Compiling tempfile v3.27.0
2026-10-03T21:03:01.5949800Z    Compiling toml_writer v1.1.2+spec-1.1.0
2026-10-03T21:03:01.7223337Z    Compiling toml_datetime v1.1.1+spec-1.1.0
2026-10-03T21:03:01.8938854Z    Compiling typenum v1.20.1
2026-10-03T21:03:02.1707697Z    Compiling toml_edit v0.25.13+spec-1.1.0
2026-10-03T21:03:02.1824919Z    Compiling cpufeatures v0.2.17
2026-10-03T21:03:02.2422986Z    Compiling bitflags v2.13.1
2026-10-03T21:03:02.2694634Z    Compiling windows_x86_64_msvc v0.52.6
2026-10-03T21:03:02.3264638Z    Compiling windows-targets v0.52.6
2026-10-03T21:03:02.3876400Z    Compiling windows-sys v0.52.0
2026-10-03T21:03:02.6378707Z    Compiling ipnet v2.12.2
2026-10-03T21:03:03.1925626Z    Compiling generic-array v0.14.7
2026-10-03T21:03:03.7375279Z    Compiling libc v0.2.189
2026-10-03T21:03:03.9022953Z    Compiling io-lifetimes v3.0.1
2026-10-03T21:03:04.0334831Z    Compiling io-lifetimes v2.0.4
2026-10-03T21:03:04.1417581Z    Compiling crypto-common v0.1.7
2026-10-03T21:03:04.1687378Z    Compiling block-buffer v0.10.4
2026-10-03T21:03:04.2750405Z    Compiling maybe-owned v0.3.4
2026-10-03T21:03:04.3358942Z    Compiling digest v0.10.7
2026-10-03T21:03:04.5144205Z    Compiling ambient-authority v0.0.2
2026-10-03T21:03:04.5901991Z    Compiling symbrain-core v0.12.1 (D:\a\symaira-brain\symaira-brain\rust\symbrain-core)
2026-10-03T21:03:04.6381193Z    Compiling sha2 v0.10.9
2026-10-03T21:03:05.5857993Z    Compiling jobserver v0.1.35
2026-10-03T21:03:05.6214488Z    Compiling unsafe-libyaml v0.2.11
2026-10-03T21:03:06.1362508Z    Compiling cc v1.4.5
2026-10-03T21:03:07.3605670Z    Compiling ryu v1.0.23
2026-10-03T21:03:07.4923049Z    Compiling bytes v1.12.1
2026-10-03T21:03:07.6377614Z    Compiling serde_yaml_ng v0.10.0
2026-10-03T21:03:08.8889939Z    Compiling io-extras v0.19.0
2026-10-03T21:03:09.2948148Z    Compiling winx v0.36.4
2026-10-03T21:03:09.3329644Z    Compiling fs-set-times v0.20.3
2026-10-03T21:03:09.5021562Z    Compiling cmake v0.1.58
2026-10-03T21:03:09.5689333Z    Compiling ring v0.17.14
2026-10-03T21:03:10.1301333Z    Compiling cap-primitives v4.0.3
2026-10-03T21:03:10.2929115Z    Compiling aws-lc-sys v0.45.0
2026-10-03T21:03:10.3170896Z    Compiling zeroize v1.9.0
2026-10-03T21:03:11.3489465Z    Compiling cap-std v4.0.3
2026-10-03T21:03:11.6843272Z    Compiling cap-fs-ext v4.0.3
2026-10-03T21:03:11.7233737Z    Compiling winapi v0.3.9
2026-10-03T21:03:11.8387190Z    Compiling symbrain-harness v0.12.1 (D:\a\symaira-brain\symaira-brain\rust\symbrain-harness)
2026-10-03T21:03:13.7862877Z    Compiling http v1.5.0
2026-10-03T21:03:14.0851863Z    Compiling fs2 v0.4.3
2026-10-03T21:03:14.3502571Z    Compiling rustls-pki-types v1.15.1
2026-10-03T21:03:15.2683737Z    Compiling getrandom v0.2.17
2026-10-03T21:03:15.4327161Z    Compiling untrusted v0.9.0
2026-10-03T21:03:15.5589632Z    Compiling log v0.4.34
2026-10-03T21:03:15.8273946Z    Compiling percent-encoding v2.3.2
2026-10-03T21:03:15.8724979Z    Compiling httparse v1.10.1
2026-10-03T21:03:16.1198062Z    Compiling symbrain-skills v0.12.1 (D:\a\symaira-brain\symaira-brain\rust\symbrain-skills)
2026-10-03T21:03:16.3701113Z    Compiling symbrain-policy v0.12.1 (D:\a\symaira-brain\symaira-brain\rust\symbrain-policy)
2026-10-03T21:03:20.0873386Z    Compiling base64 v0.22.1
2026-10-03T21:03:20.1588614Z    Compiling base64 v0.23.1
2026-10-03T21:03:20.7144086Z    Compiling zerofrom v0.1.8
2026-10-03T21:03:20.9320140Z    Compiling stable_deref_trait v1.2.1
2026-10-03T21:03:21.0028616Z    Compiling yoke v0.8.3
2026-10-03T21:03:21.0511523Z    Compiling getrandom v0.3.3
2026-10-03T21:03:21.2257167Z    Compiling ureq-proto v0.6.2
2026-10-03T21:03:21.2720780Z    Compiling zerovec v0.11.8
2026-10-03T21:03:22.2384836Z    Compiling webpki-roots v1.0.9
2026-10-03T21:03:22.3953794Z    Compiling utf8-zero v0.8.1
2026-10-03T21:03:22.6106400Z    Compiling pin-project-lite v0.2.17
2026-10-03T21:03:22.6777198Z    Compiling futures-core v0.3.34
2026-10-03T21:03:22.8861471Z    Compiling smallvec v1.16.0
2026-10-03T21:03:22.9861348Z    Compiling tinystr v0.8.4
2026-10-03T21:03:23.1609390Z    Compiling socket2 v0.6.5
2026-10-03T21:03:23.2430544Z    Compiling mio v1.2.3
2026-10-03T21:03:24.0805836Z    Compiling errno v0.3.14
2026-10-03T21:03:24.3534240Z    Compiling litemap v0.8.3
2026-10-03T21:03:24.6160983Z    Compiling writeable v0.6.4
2026-10-03T21:03:24.8986103Z    Compiling icu_locale_core v2.3.0
2026-10-03T21:03:25.0214706Z    Compiling tokio v1.53.1
2026-10-03T21:03:27.3347313Z    Compiling zerotrie v0.2.5
2026-10-03T21:03:27.8845444Z    Compiling potential_utf v0.1.6
2026-10-03T21:03:28.0942596Z    Compiling utf8_iter v1.0.4
2026-10-03T21:03:28.3066820Z    Compiling icu_collections v2.3.0
2026-10-03T21:03:29.3617357Z    Compiling icu_provider v2.3.1
2026-10-03T21:03:30.0099822Z    Compiling futures-task v0.3.34
2026-10-03T21:03:30.2376826Z    Compiling slab v0.4.12
2026-10-03T21:03:30.4468284Z    Compiling futures-util v0.3.34
2026-10-03T21:03:31.7334436Z    Compiling icu_normalizer_data v2.3.0
2026-10-03T21:03:31.8050839Z    Compiling icu_properties_data v2.3.0
2026-10-03T21:03:31.9849455Z    Compiling rustix v1.1.4
2026-10-03T21:03:32.3172616Z    Compiling http-body v1.1.0
2026-10-03T21:03:32.4965690Z    Compiling hmac v0.12.1
2026-10-03T21:03:32.6523313Z    Compiling aho-corasick v1.1.5
2026-10-03T21:03:33.8541194Z    Compiling regex-syntax v0.8.11
2026-10-03T21:03:34.4372900Z    Compiling hkdf v0.12.4
2026-10-03T21:03:34.5870940Z    Compiling icu_properties v2.3.0
2026-10-03T21:03:37.4107253Z    Compiling regex-automata v0.4.18
2026-10-03T21:03:37.9226172Z    Compiling icu_normalizer v2.3.0
2026-10-03T21:03:39.1696902Z    Compiling try-lock v0.2.5
2026-10-03T21:03:39.3099970Z    Compiling tower-service v0.3.3
2026-10-03T21:03:39.3973096Z    Compiling want v0.3.1
2026-10-03T21:03:39.5961300Z    Compiling idna_adapter v1.2.2
2026-10-03T21:03:39.7205955Z    Compiling futures-channel v0.3.34
2026-10-03T21:03:40.0268556Z    Compiling symbrain-audit v0.12.1 (D:\a\symaira-brain\symaira-brain\rust\symbrain-audit)
2026-10-03T21:03:40.2608325Z    Compiling symbrain-mcp v0.12.1 (D:\a\symaira-brain\symaira-brain\rust\symbrain-mcp)
2026-10-03T21:03:41.7665423Z    Compiling regex v1.13.1
2026-10-03T21:03:42.6491451Z    Compiling tracing-core v0.1.36
2026-10-03T21:03:43.9101591Z    Compiling windows-strings v0.5.1
2026-10-03T21:03:44.0817835Z    Compiling windows-result v0.4.1
2026-10-03T21:03:44.4645908Z    Compiling atomic-waker v1.1.2
2026-10-03T21:03:44.5066840Z    Compiling windows-registry v0.6.1
2026-10-03T21:03:44.6017975Z    Compiling hyper v1.11.1
2026-10-03T21:03:45.0182314Z    Compiling tracing v0.1.44
2026-10-03T21:03:45.4432155Z    Compiling idna v1.1.0
2026-10-03T21:03:46.2932875Z    Compiling symbrain-guard-core v0.12.1 (D:\a\symaira-brain\symaira-brain\rust\symbrain-guard-core)
2026-10-03T21:03:47.2838546Z    Compiling sync_wrapper v1.0.2
2026-10-03T21:03:47.3567165Z    Compiling form_urlencoded v1.2.2
2026-10-03T21:03:47.3822772Z    Compiling tower-layer v0.3.3
2026-10-03T21:03:47.5998522Z    Compiling libsqlite3-sys v0.38.2
2026-10-03T21:03:47.6434586Z    Compiling tower v0.5.3
2026-10-03T21:03:48.0971633Z    Compiling url v2.5.8
2026-10-03T21:03:48.5425294Z    Compiling hyper-util v0.1.21
2026-10-03T21:03:49.8634554Z    Compiling thiserror v2.0.20
2026-10-03T21:03:50.0217630Z    Compiling tower-http v0.6.11
2026-10-03T21:03:51.8287909Z    Compiling http-body-util v0.1.5
2026-10-03T21:03:52.2779767Z    Compiling symbrain-activity v0.12.1 (D:\a\symaira-brain\symaira-brain\rust\symbrain-activity)
2026-10-03T21:03:53.5085715Z    Compiling futures-sink v0.3.34
2026-10-03T21:03:53.6346908Z    Compiling tokio-util v0.7.19
2026-10-03T21:03:54.0678505Z    Compiling symaira-core-secretref v0.0.0 (https://github.com/danieljustus/symaira-corekit?rev=04d1411adb57aa602b992509121011aa7666ff1a#04d1411a)
2026-10-03T21:03:54.8166435Z    Compiling hashlink v0.12.1
2026-10-03T21:03:55.1614381Z    Compiling hostname v0.4.2
2026-10-03T21:03:55.2106649Z    Compiling symaira-core-exit v0.0.0 (https://github.com/danieljustus/symaira-corekit?rev=04d1411adb57aa602b992509121011aa7666ff1a#04d1411a)
2026-10-03T21:03:55.3458345Z    Compiling fallible-iterator v0.3.0
2026-10-03T21:03:55.3661729Z    Compiling fallible-streaming-iterator v0.1.9
2026-10-03T21:03:55.4968329Z    Compiling symbrain-broker v0.12.1 (D:\a\symaira-brain\symaira-brain\rust\symbrain-broker)
2026-10-03T21:03:55.5487069Z    Compiling symbrain-patterns v0.12.1 (D:\a\symaira-brain\symaira-brain\rust\symbrain-patterns)
2026-10-03T21:03:55.8662942Z    Compiling rusqlite v0.40.2
2026-10-03T21:03:57.8659517Z    Compiling adler2 v2.0.1
2026-10-03T21:03:58.0820272Z    Compiling simd-adler32 v0.3.10
2026-10-03T21:03:58.3846263Z    Compiling miniz_oxide v0.9.1
2026-10-03T21:03:58.8026722Z    Compiling crc32fast v1.5.1
2026-10-03T21:03:59.1320020Z    Compiling symbrain-instructions v0.12.1 (D:\a\symaira-brain\symaira-brain\rust\symbrain-instructions)
2026-10-03T21:03:59.7673459Z    Compiling flate2 v1.1.10
2026-10-03T21:03:59.9141490Z    Compiling symbrain-catalog v0.12.1 (D:\a\symaira-brain\symaira-brain\rust\symbrain-catalog)
2026-10-03T21:04:00.0522303Z    Compiling filetime v0.2.29
2026-10-03T21:04:00.2691518Z    Compiling typed-path v0.12.3
2026-10-03T21:04:00.5319962Z    Compiling tar v0.4.46
2026-10-03T21:04:01.2418689Z    Compiling symguard-cli v0.12.1 (D:\a\symaira-brain\symaira-brain\rust\symguard-cli)
2026-10-03T21:04:02.9110184Z    Compiling zip v8.6.0
2026-10-03T21:04:03.2312983Z    Compiling symbrain-adapter v0.12.1 (D:\a\symaira-brain\symaira-brain\rust\symbrain-adapter)
2026-10-03T21:04:04.0761765Z    Compiling signal-hook-registry v1.4.8
2026-10-03T21:04:04.6075233Z    Compiling signal-hook v0.3.18
2026-10-03T21:05:22.7367512Z    Compiling aws-lc-rs v1.18.1
2026-10-03T21:05:22.7487710Z    Compiling rustls v0.23.45
2026-10-03T21:05:24.4871187Z    Compiling rustls-webpki v0.103.15
2026-10-03T21:05:29.2335692Z    Compiling ureq v3.4.1
2026-10-03T21:05:29.2336457Z    Compiling tokio-rustls v0.26.6
2026-10-03T21:05:29.2338294Z    Compiling rustls-platform-verifier v0.7.1
2026-10-03T21:05:29.6547558Z    Compiling hyper-rustls v0.27.10
2026-10-03T21:05:30.1897547Z    Compiling reqwest v0.13.4
2026-10-03T21:05:32.6248428Z    Compiling symaira-core-llm v0.0.0 (https://github.com/danieljustus/symaira-corekit?rev=04d1411adb57aa602b992509121011aa7666ff1a#04d1411a)
2026-10-03T21:05:35.0289975Z    Compiling symbrain-usage v0.12.1 (D:\a\symaira-brain\symaira-brain\rust\symbrain-usage)
2026-10-03T21:05:37.8254245Z    Compiling symbrain-memory v0.12.1 (D:\a\symaira-brain\symaira-brain\rust\symbrain-memory)
2026-10-03T21:05:37.9194930Z    Compiling symbrain-managed v0.12.1 (D:\a\symaira-brain\symaira-brain\rust\symbrain-managed)
2026-10-03T21:05:40.4284313Z    Compiling symbrain-gateway v0.12.1 (D:\a\symaira-brain\symaira-brain\rust\symbrain-gateway)
2026-10-03T21:05:42.8726470Z    Compiling symbrain-cli v0.12.1 (D:\a\symaira-brain\symaira-brain\rust\symbrain-cli)
2026-10-03T21:06:32.2064115Z     Finished `test` profile [unoptimized + debuginfo] target(s) in 3m 38s
2026-10-03T21:06:32.3018253Z      Running unittests src\lib.rs (target\debug\deps\symbrain_activity-1763817db3904468.exe)
2026-10-03T21:06:32.3340111Z 
2026-10-03T21:06:32.3359606Z running 4 tests
2026-10-03T21:06:32.3362973Z test tests::validates_every_bound ... ok
2026-10-03T21:06:32.3363596Z test tests::unicode_fencing_and_token_count_match_go_runes ... ok
2026-10-03T21:06:32.3366722Z test tests::stable_id_and_unique_sort_are_deterministic ... ok
2026-10-03T21:06:32.3369375Z test tests::profile_access_requires_explicit_activity_tool ... ok
2026-10-03T21:06:32.3370204Z 
2026-10-03T21:06:32.3371503Z test result: ok. 4 passed; 0 failed; 0 ignored; 0 measured; 0 filtered out; finished in 0.00s
2026-10-03T21:06:32.3372011Z 
2026-10-03T21:06:32.3393707Z      Running tests\oracle_differential_tests.rs (target\debug\deps\oracle_differential_tests-3da5e73d39beefc4.exe)
2026-10-03T21:06:32.3579610Z 
2026-10-03T21:06:32.3580424Z running 4 tests
2026-10-03T21:06:32.3610322Z test activity_error_type_remains_stable ... ok
2026-10-03T21:06:32.3655484Z test activity_validation_messages_match_go ... ok
2026-10-03T21:06:32.3656349Z test activity_order_and_token_budget_match_go_store_search ... ok
2026-10-03T21:06:32.3681516Z test pattern_names_promotion_and_store_bytes_match_go ... ok
2026-10-03T21:06:32.3682039Z 
2026-10-03T21:06:32.3682551Z test result: ok. 4 passed; 0 failed; 0 ignored; 0 measured; 0 filtered out; finished in 0.01s
2026-10-03T21:06:32.3683583Z 
2026-10-03T21:06:32.3705763Z      Running unittests src\lib.rs (target\debug\deps\symbrain_adapter-e2d3ac55625265b1.exe)
2026-10-03T21:06:32.3964486Z 
2026-10-03T21:06:32.3965093Z running 0 tests
2026-10-03T21:06:32.3965368Z 
2026-10-03T21:06:32.3967226Z test result: ok. 0 passed; 0 failed; 0 ignored; 0 measured; 0 filtered out; finished in 0.00s
2026-10-03T21:06:32.3967868Z 
2026-10-03T21:06:32.3993935Z      Running tests\adapter_tests.rs (target\debug\deps\adapter_tests-85b819e5df011410.exe)
2026-10-03T21:06:32.4239820Z 
2026-10-03T21:06:32.4240537Z running 7 tests
2026-10-03T21:06:32.4295984Z test registry_derives_exactly_four_targets_and_five_skips ... ok
2026-10-03T21:06:32.4300110Z test oracle_render_cases_match_go_byte_for_byte ... ok
2026-10-03T21:06:32.4311368Z test target_path_validation_rejects_absolute_and_traversal_forms ... ok
2026-10-03T21:06:32.4314240Z test unknown_harness_is_not_silently_skipped ... ok
2026-10-03T21:06:32.4316039Z test rendering_is_idempotent_and_preserves_user_prefix_and_suffix ... ok
2026-10-03T21:06:32.4499025Z test oracle_is_pinned_to_current_go_sources_and_generator ... ok
2026-10-03T21:06:32.4530613Z test atomic_write_preserves_mode_and_rejects_symlink_parents ... ok
2026-10-03T21:06:32.4530954Z 
2026-10-03T21:06:32.4535546Z test result: ok. 7 passed; 0 failed; 0 ignored; 0 measured; 0 filtered out; finished in 0.03s
2026-10-03T21:06:32.4536070Z 
2026-10-03T21:06:32.4555928Z      Running tests\confinement_tests.rs (target\debug\deps\confinement_tests-d495e57230ca7c1f.exe)
2026-10-03T21:06:32.4730068Z 
2026-10-03T21:06:32.4748393Z running 0 tests
2026-10-03T21:06:32.4748806Z 
2026-10-03T21:06:32.4751069Z test result: ok. 0 passed; 0 failed; 0 ignored; 0 measured; 0 filtered out; finished in 0.00s
2026-10-03T21:06:32.4752686Z 
2026-10-03T21:06:32.4891215Z      Running unittests src\lib.rs (target\debug\deps\symbrain_audit-c0b1f0d7bba8a301.exe)
2026-10-03T21:06:32.5006287Z 
2026-10-03T21:06:32.5007002Z running 29 tests
2026-10-03T21:06:32.5015339Z test raw::raw_windows::tests::reserved_windows_device_names_match_exact_list ... ok
2026-10-03T21:06:32.5021273Z test raw::raw_windows::tests::split_target_normalizes_bare_target_to_current_directory ... ok
2026-10-03T21:06:32.5023282Z test logger::tests::disabled_logger_has_no_side_effects ... ok
2026-10-03T21:06:32.5047254Z test logger::tests::fixed_entry_matches_go_field_order_and_redaction ... ok
2026-10-03T21:06:32.5057004Z test raw::raw_windows::tests::open_parent_protects_against_rename_and_appends_exact_bytes ... ok
2026-10-03T21:06:32.5065697Z test raw::tests::appends_exact_bytes_without_rewriting_fields ... ok
2026-10-03T21:06:32.5067833Z test raw::tests::rejects_line_breaks_and_unsafe_paths ... ok
2026-10-03T21:06:32.5080327Z test redact::tests::arbitrary_precision_internal_number_key_remains_a_user_object_key ... ok
2026-10-03T21:06:32.5092272Z test redact::tests::malformed_and_non_object_arguments_are_ignored ... ok
2026-10-03T21:06:32.5094923Z test redact::tests::negative_zero_survives_feature_unified_json_parsing_without_touching_strings ... ok
2026-10-03T21:06:32.5111704Z test redact::tests::non_verbose_logs_sorted_keys_only ... ok
2026-10-03T21:06:32.5113747Z test redact::tests::overflowing_nested_numbers_match_go_json_decode_failure ... ok
2026-10-03T21:06:32.5137465Z test redact::tests::vault_never_logs_arguments ... ok
2026-10-03T21:06:32.5193741Z test redact::tests::raw_value_recursion_keeps_the_json_depth_bound ... ok
2026-10-03T21:06:32.5211040Z test redact::tests::verbose_numbers_match_go_float64_formatting ... ok
2026-10-03T21:06:32.5214712Z test redact::tests::verbose_recursively_redacts_sensitive_values ... ok
2026-10-03T21:06:32.5263458Z 
2026-10-03T21:06:32.5267168Z running 1 test
2026-10-03T21:06:32.5283432Z test raw::tests::bare_relative_path_uses_process_working_directory ... ok
2026-10-03T21:06:32.5300386Z 
2026-10-03T21:06:32.5302103Z test result: ok. 1 passed; 0 failed; 0 ignored; 0 measured; 28 filtered out; finished in 0.00s
2026-10-03T21:06:32.5313779Z 
2026-10-03T21:06:32.5317827Z test sink::tests::corruption_in_current_segment_fails_closed ... ok
2026-10-03T21:06:32.5419566Z test sink::tests::current_torn_tail_is_removed_before_recovery ... ok
2026-10-03T21:06:32.5427751Z test sink::tests::corruption_in_rotated_segment_fails_closed ... ok
2026-10-03T21:06:32.5441283Z test sink::tests::hash_matches_known_go_vector ... ok
2026-10-03T21:06:32.5471794Z test raw::tests::bare_relative_path_uses_process_working_directory ... ok
2026-10-03T21:06:32.5499692Z test sink::tests::rotation_metadata_failure_degrades_sink ... ok
2026-10-03T21:06:32.5593821Z test sink::tests::sink_recovers_and_extends_chain ... ok
2026-10-03T21:06:32.5617912Z test sink::tests::single_rotation_from_genesis_reopens ... ok
2026-10-03T21:06:32.5645118Z test tail::tests::missing_path_error_matches_go_wording ... ok
2026-10-03T21:06:32.5761753Z test tail::tests::limit_returns_most_recent_in_chronological_order ... ok
2026-10-03T21:06:32.5854944Z test sink::tests::multiple_rotations_reopen_and_continue_chain ... ok
2026-10-03T21:06:32.5958055Z test raw::tests::concurrent_appends_are_complete_jsonl_records ... ok
2026-10-03T21:06:32.6075940Z test tail::tests::reverse_reader_preserves_chunk_boundaries_and_latest_session ... ok
2026-10-03T21:06:32.6076803Z 
2026-10-03T21:06:32.6077989Z test result: ok. 29 passed; 0 failed; 0 ignored; 0 measured; 0 filtered out; finished in 0.11s
2026-10-03T21:06:32.6078860Z 
2026-10-03T21:06:32.6102468Z      Running tests\oracle_differential_tests.rs (target\debug\deps\oracle_differential_tests-b6e3bbd0ee2c3e41.exe)
2026-10-03T21:06:32.6281574Z 
2026-10-03T21:06:32.6282007Z running 4 tests
2026-10-03T21:06:32.6420328Z test fixed_entry_json_and_chain_hashes_match_go ... ok
2026-10-03T21:06:32.6700252Z test bounded_tail_and_latest_degradations_match_go ... ok
2026-10-03T21:06:32.6705834Z test production_chained_tail_entries_decode_envelopes_like_go ... ok
2026-10-03T21:06:32.6786399Z test logger_redaction_matches_go_oracle ... ok
2026-10-03T21:06:32.6786906Z 
2026-10-03T21:06:32.6787249Z test result: ok. 4 passed; 0 failed; 0 ignored; 0 measured; 0 filtered out; finished in 0.05s
2026-10-03T21:06:32.6787638Z 
2026-10-03T21:06:32.6810523Z      Running tests\raw_windows_tests.rs (target\debug\deps\raw_windows_tests-ce7291949afbe766.exe)
2026-10-03T21:06:32.6997443Z 
2026-10-03T21:06:32.6998254Z running 8 tests
2026-10-03T21:06:32.7043700Z test raw_jsonl_appender_rejects_line_break_variants ... ok
2026-10-03T21:06:32.7047784Z test raw_jsonl_appender_rejects_parent_traversal ... ok
2026-10-03T21:06:32.7065027Z test windows_rejects_ads_device_namespaces_superscripts_and_trailing_aliases ... ok
2026-10-03T21:06:32.7144230Z test windows_appends_to_nested_absolute_path ... ok
2026-10-03T21:06:32.7206333Z test windows_validates_all_components_before_creating_directories ... ok
2026-10-03T21:06:32.7286692Z test windows_rejects_file_and_directory_symlinks ... ok
2026-10-03T21:06:32.7381356Z Junction created for D:\a\_temp\.tmpXblH2E\junction_link <<===>> D:\a\_temp\.tmpXblH2E\real_target
2026-10-03T21:06:32.7485069Z test windows_rejects_directory_junctions ... ok
2026-10-03T21:06:32.8168174Z test windows_concurrent_appends_preserve_exact_records ... ok
2026-10-03T21:06:32.8168760Z 
2026-10-03T21:06:32.8196738Z      Running unittests src\lib.rs (target\debug\deps\symbrain_broker-8657106b0627924f.exe)
2026-10-03T21:06:32.8197564Z test result: ok. 8 passed; 0 failed; 0 ignored; 0 measured; 0 filtered out; finished in 0.12s
2026-10-03T21:06:32.8197927Z 
2026-10-03T21:06:32.8382512Z 
2026-10-03T21:06:32.8383830Z running 8 tests
2026-10-03T21:06:32.8395757Z test client::tests::bounded_reader_handles_newline_and_crlf ... ok
2026-10-03T21:06:32.8396997Z test client::tests::bounded_reader_delivers_unterminated_line_then_eof ... ok
2026-10-03T21:06:32.8425609Z test client::tests::discover_uses_actual_path_selection ... ok
2026-10-03T21:06:32.8428075Z test server::tests::config_defaults_match_go ... ok
2026-10-03T21:06:32.8444097Z test server::tests::state_strings_are_stable ... ok
2026-10-03T21:06:32.8445183Z test client::tests::discover_rejects_directory_and_accepts_unix_executable ... ok
2026-10-03T21:06:32.8485486Z test client::tests::bounded_reader_rejects_before_growing_past_cap ... ok
2026-10-03T21:06:32.8608376Z test client::tests::missing_binary_error_uses_go_platform_path_placeholder ... ok
2026-10-03T21:06:32.8609050Z 
2026-10-03T21:06:32.8609526Z test result: ok. 8 passed; 0 failed; 0 ignored; 0 measured; 0 filtered out; finished in 0.02s
2026-10-03T21:06:32.8610484Z 
2026-10-03T21:06:32.8628885Z      Running unittests src\bin\fakemcp.rs (target\debug\deps\symbrain_fakemcp-b90ee50d74e56ff2.exe)
2026-10-03T21:06:32.8788185Z 
2026-10-03T21:06:32.8789053Z running 0 tests
2026-10-03T21:06:32.8789921Z 
2026-10-03T21:06:32.8791141Z test result: ok. 0 passed; 0 failed; 0 ignored; 0 measured; 0 filtered out; finished in 0.00s
2026-10-03T21:06:32.8791815Z 
2026-10-03T21:06:32.8812266Z      Running tests\broker_tests.rs (target\debug\deps\broker_tests-8fee069560de7980.exe)
2026-10-03T21:06:32.8997024Z 
2026-10-03T21:06:32.8997790Z running 8 tests
2026-10-03T21:06:32.9590946Z test captures_child_stderr_without_stdout_pollution ... ok
2026-10-03T21:06:32.9591992Z test concurrent_lazy_start_spawns_exactly_one_child ... ok
2026-10-03T21:06:32.9695686Z test protocol_mismatch_is_terminal_degradation ... ok
2026-10-03T21:06:32.9786530Z test initialize_list_tools_and_call_roundtrip ... ok
2026-10-03T21:06:32.9907351Z test crash_then_restart_with_backoff ... ok
2026-10-03T21:06:33.0051035Z test published_compatible_protocol_versions_initialize ... ok
2026-10-03T21:06:33.4729879Z test in_flight_child_call_observes_connection_cancellation ... ok
2026-10-03T21:06:33.4984091Z test slow_call_times_out_and_shutdown_reaps_child ... ok
2026-10-03T21:06:33.4985038Z 
2026-10-03T21:06:33.4987288Z test result: ok. 8 passed; 0 failed; 0 ignored; 0 measured; 0 filtered out; finished in 0.60s
2026-10-03T21:06:33.4987937Z 
2026-10-03T21:06:33.5014348Z      Running unittests src\lib.rs (target\debug\deps\symbrain_catalog-23fdeda8b6ab68a2.exe)
2026-10-03T21:06:33.5130099Z 
2026-10-03T21:06:33.5130809Z running 5 tests
2026-10-03T21:06:33.5138486Z test tests::foreign_exposure_metadata_is_carried ... ok
2026-10-03T21:06:33.5140397Z test tests::collision_preserves_first_owner_and_exact_message ... ok
2026-10-03T21:06:33.5141475Z test tests::input_schema_bytes_survive_catalog_construction ... ok
2026-10-03T21:06:33.5142152Z test tests::exposed_lookup_and_names_are_stable ... ok
2026-10-03T21:06:33.5143310Z test tests::namespace_matches_go_edge_cases ... ok
2026-10-03T21:06:33.5143839Z 
2026-10-03T21:06:33.5144365Z test result: ok. 5 passed; 0 failed; 0 ignored; 0 measured; 0 filtered out; finished in 0.00s
2026-10-03T21:06:33.5145077Z 
2026-10-03T21:06:33.5163688Z      Running tests\oracle_differential_tests.rs (target\debug\deps\oracle_differential_tests-458c4e8d0236f562.exe)
2026-10-03T21:06:33.5333824Z 
2026-10-03T21:06:33.5334459Z running 1 test
2026-10-03T21:06:33.5380544Z test catalog_matches_go_oracle ... ok
2026-10-03T21:06:33.5380915Z 
2026-10-03T21:06:33.5383012Z test result: ok. 1 passed; 0 failed; 0 ignored; 0 measured; 0 filtered out; finished in 0.01s
2026-10-03T21:06:33.5383562Z 
2026-10-03T21:06:33.5404978Z      Running unittests src\lib.rs (target\debug\deps\symbrain_cli-0b00ae6b8f902415.exe)
2026-10-03T21:06:33.5552135Z 
2026-10-03T21:06:33.5552768Z running 91 tests
2026-10-03T21:06:33.5563654Z test audit_cli::tests::parses_tail_flags_and_ignores_positionals_after_first ... ok
2026-10-03T21:06:33.5568845Z test config_cli::tests::no_subcommand_matches_go_usage ... ok
2026-10-03T21:06:33.5570414Z test activity_cli::tests::invalid_get_and_status_budgets_match_usage_before_opening_database ... ok
2026-10-03T21:06:33.5573443Z test audit_cli::tests::formats_human_entry_like_go ... ok
2026-10-03T21:06:33.5575089Z test config_cli::tests::unknown_subcommand_matches_go_error ... ok
2026-10-03T21:06:33.5577224Z test doctor_cli::doctor_process::executable_name_tests::windows_lookup_follows_pathext_order_and_ignores_extensionless_files ... ok
2026-10-03T21:06:33.5579842Z test doctor_cli::tests::help_lists_the_go_owned_force_release_flag ... ok
2026-10-03T21:06:33.5580890Z test doctor_cli::tests::doctor_argument_parser_accepts_go_flag_forms ... ok
2026-10-03T21:06:33.5584425Z test doctor_cli::tests::only_enabled_lifecycle_flags_require_go ... ok
2026-10-03T21:06:33.5585524Z test doctor_cli::tests::secret_reference_classification_is_compatible_with_go ... ok
2026-10-03T21:06:33.5588331Z test doctor_cli::tests::json_harness_entries_match_go_basename_and_profile_rules ... ok
2026-10-03T21:06:33.5593110Z test health_probe::tests::latency_keeps_sub_millisecond_measurement_as_a_fraction ... ok
2026-10-03T21:06:33.5603171Z test doctor_cli::tests::toml_harness_entries_preserve_sorted_server_names ... ok
2026-10-03T21:06:33.5610705Z test health_probe::tests::sse_reply_parser_accepts_jsonrpc_data_and_ignores_other_events ... ok
2026-10-03T21:06:33.5612687Z test health_probe::tests::stdio_argument_credential_guards_are_conservative ... ok
2026-10-03T21:06:33.5621384Z test activity_cli::tests::db_override_is_used_by_each_activity_read_command ... ok
2026-10-03T21:06:33.5716987Z test health_probe::tests::streamable_http_rejects_malformed_and_error_replies_without_leaking_body ... ok
2026-10-03T21:06:33.5723634Z test health_probe::tests::unsupported_transports_and_credentials_never_get_probe_metadata ... ok
2026-10-03T21:06:33.5725899Z test init_cli::tests::help_flag_outputs_usage ... ok
2026-10-03T21:06:33.5729097Z test init_cli::tests::malformed_flag_preserves_go_diagnostic ... ok
2026-10-03T21:06:33.5748071Z test health_probe::tests::streamable_http_accepts_bounded_sse_rpc_replies ... ok
2026-10-03T21:06:33.5780800Z test health_probe::tests::streamable_http_negotiates_protocol_and_pings_with_session ... ok
2026-10-03T21:06:33.5781882Z test init_cli::tests::mkdir_collision_reports_first_failing_ancestor ... ok
2026-10-03T21:06:33.5782710Z test init_cli::tests::unknown_flag_fails_with_usage ... ok
2026-10-03T21:06:33.5783440Z test install_cli::tests::parser_accepts_all_install_flags ... ok
2026-10-03T21:06:33.5784231Z test install_cli::tests::foreign_symbrain_entry_is_not_removed ... ok
2026-10-03T21:06:33.5785092Z test install_cli::tests::superseded_names_are_exact_basenames ... ok
2026-10-03T21:06:33.5785916Z test mcp_cli::tests::inline_flags_accept_both_dash_forms ... ok
2026-10-03T21:06:33.5786571Z test mcp_cli::tests::configured_module_path_reads_server_override ... ok
2026-10-03T21:06:33.5787397Z test memory_cli::tests::hand_written_usage_shapes_stay_native ... ok
2026-10-03T21:06:33.5788326Z test memory_cli::tests::json_output_escapes_what_the_shipped_encoder_escapes ... ok
2026-10-03T21:06:33.5789449Z test mcp_cli::tests::url_only_foreign_server_matches_go_warning_and_is_skipped ... ok
2026-10-03T21:06:33.5790459Z test memory_cli::tests::memory_sync_with_arguments_stays_on_go ... ok
2026-10-03T21:06:33.5794288Z test memory_cli::tests::query_log_rejects_positionals_and_unknown_flags ... ok
2026-10-03T21:06:33.8274207Z test health_probe::tests::http_deadline_and_redirect_refusal_are_measured_and_redacted ... ok
2026-10-03T21:06:34.8959841Z test memory_cli::tests::query_log_json_matches_go_fixture ... ok
2026-10-03T21:06:34.8978879Z test memory_cli::tests::search_flags_consume_their_values ... ok
2026-10-03T21:06:34.8984719Z test memory_cli::tests::search_keeps_go_for_shapes_the_native_path_does_not_own ... ok
2026-10-03T21:06:34.8989542Z test memory_cli::tests::search_prints_the_shipped_usage_for_help ... ok
2026-10-03T21:06:34.8992778Z test memory_cli::tests::search_refuses_a_missing_query_with_the_shipped_message ... ok
2026-10-03T21:06:34.9011166Z test passthrough::tests::config_binary_path_is_read_from_nested_table ... ok
2026-10-03T21:06:34.9026751Z test passthrough::tests::empty_config_binary_path_is_not_an_override ... ok
2026-10-03T21:06:34.9040911Z test passthrough::tests::managed_binary_requires_regular_executable_file ... ok
2026-10-03T21:06:34.9066405Z test memory_cli::tests::query_log_table_and_actor_filter_match_go_shape ... ok
2026-10-03T21:06:34.9067601Z test passthrough::tests::path_lookup_finds_binary_in_ordered_path_entry ... ok
2026-10-03T21:06:34.9071484Z test setup_cli::config::tests::go_parse_bool_spellings_and_empty_env_contract ... ok
2026-10-03T21:06:34.9072322Z test passthrough::tests::windows_path_extensions_match_go_defaults ... ok
2026-10-03T21:06:34.9080693Z test setup_cli::config::tests::optional_browse_selection_matches_go_default_and_explicit_values ... ok
2026-10-03T21:06:34.9085909Z test setup_cli::flags::tests::help_lists_the_go_owned_module_lifecycle_flags ... ok
2026-10-03T21:06:34.9091231Z test setup_cli::config::tests::toml_false_does_not_clear_prior_true_like_configkit ... ok
2026-10-03T21:06:34.9092334Z test setup_cli::flags::tests::parse_flags_and_stop_at_first_positional_match_go_flagset ... ok
2026-10-03T21:06:34.9095911Z test setup_cli::flags::tests::unknown_flag_has_go_usage_shape ... ok
2026-10-03T21:06:34.9101019Z test skills_cli::tests::list_fallback_uses_cached_typed_inventory_issues ... ok
2026-10-03T21:06:34.9107115Z test skills_cli::tests::sync_project_dir_matches_absolute_working_directory ... ok
2026-10-03T21:06:34.9112641Z test skills_cli::tests::explicit_target_status_is_native_only_for_absent_user_roots ... ok
2026-10-03T21:06:34.9115561Z test sync_cli::tests::help_flag_prints_bare_usage_not_unknown_flag_rejection ... ok
2026-10-03T21:06:34.9116623Z test sync_cli::tests::unknown_flag_matches_go_flag_package_rejection ... ok
2026-10-03T21:06:34.9121969Z test tests::config_get_extra_arg_rejected ... ok
2026-10-03T21:06:34.9123110Z test tests::config_get_executes_in_process ... ok
2026-10-03T21:06:34.9128237Z test tests::config_get_normalizes_extra_flag ... ok
2026-10-03T21:06:34.9129969Z test tests::config_path_normalizes_unexpected_flags ... ok
2026-10-03T21:06:34.9132883Z test tests::config_path_prints_path ... ok
2026-10-03T21:06:34.9133840Z test tests::config_path_rejects_extra_argument ... ok
2026-10-03T21:06:34.9138236Z test tests::config_set_executes_in_process ... ok
2026-10-03T21:06:34.9139052Z test tests::config_terminator_before_get ... ok
2026-10-03T21:06:34.9142263Z test tests::config_terminator_before_set ... ok
2026-10-03T21:06:34.9143671Z test tests::fallback_executor_receives_unmigrated_commands_only ... ok
2026-10-03T21:06:34.9147816Z test tests::help_matches_frozen_usage ... ok
2026-10-03T21:06:34.9148780Z test tests::json_help_exits_usage_with_unknown_command ... ok
2026-10-03T21:06:34.9152952Z test tests::missing_command_prints_help_and_exits_usage ... ok
2026-10-03T21:06:34.9153926Z test tests::module_lifecycle_flags_are_forwarded_to_the_go_fallback ... ok
2026-10-03T21:06:34.9157697Z test tests::run_in_process_returns_none_for_unmigrated_commands ... ok
2026-10-03T21:06:34.9158461Z test tests::unknown_command_quotes_properly ... ok
2026-10-03T21:06:34.9163002Z test tests::version_bare_hyphen_treated_as_positional ... ok
2026-10-03T21:06:34.9167672Z test tests::unrelated_native_doctor_and_setup_invocations_do_not_fallback ... ok
2026-10-03T21:06:34.9169260Z test tests::version_help_flags_print_usage_only ... ok
2026-10-03T21:06:34.9173179Z test tests::version_json_keeps_schema ... ok
2026-10-03T21:06:34.9174051Z test tests::version_json_order_variants ... ok
2026-10-03T21:06:34.9177495Z test tests::version_rejects_unknown_flag ... ok
2026-10-03T21:06:34.9181133Z test tests::version_rejects_unknown_flag_with_value ... ok
2026-10-03T21:06:34.9182661Z test memory_cli::tests::query_log_normalizes_schema_default_timestamp ... ok
2026-10-03T21:06:34.9190857Z test tests::version_terminator_alone_succeeds ... ok
2026-10-03T21:06:34.9191669Z test tests::version_terminator_with_extra_arg_rejected ... ok
2026-10-03T21:06:34.9192563Z test tests::version_terminator_with_flag_arg_rejected_as_positional ... ok
2026-10-03T21:06:34.9195672Z test tests::version_terminator_with_json_succeeds ... ok
2026-10-03T21:06:34.9196773Z test tests::version_unexpected_argument ... ok
2026-10-03T21:06:34.9197545Z test tests::version_version_exits_usage_with_unexpected_argument ... ok
2026-10-03T21:06:34.9198541Z test usage_cli::tests::help_is_native_without_resolving_credentials ... ok
2026-10-03T21:06:34.9199459Z test usage_cli::tests::table_matches_go_shape ... ok
2026-10-03T21:06:34.9246563Z test memory_cli::tests::query_log_table_sanitizes_multiline_query_text ... ok
2026-10-03T21:06:34.9339970Z test usage_cli::fetch_output_tests::usage_fetch_620_cli_json_and_table_match_go_bytes ... ok
2026-10-03T21:06:34.9340660Z 
2026-10-03T21:06:34.9341182Z test result: ok. 91 passed; 0 failed; 0 ignored; 0 measured; 0 filtered out; finished in 1.38s
2026-10-03T21:06:34.9341858Z 
2026-10-03T21:06:34.9376839Z      Running unittests src\main.rs (target\debug\deps\symbrain-2338c21eee03f477.exe)
2026-10-03T21:06:34.9483048Z 
2026-10-03T21:06:34.9483940Z running 0 tests
2026-10-03T21:06:34.9484315Z 
2026-10-03T21:06:34.9484939Z test result: ok. 0 passed; 0 failed; 0 ignored; 0 measured; 0 filtered out; finished in 0.00s
2026-10-03T21:06:34.9485604Z 
2026-10-03T21:06:34.9503957Z      Running tests\activity_cli_oracle_tests.rs (target\debug\deps\activity_cli_oracle_tests-2a341784114c1e59.exe)
2026-10-03T21:06:34.9617588Z 
2026-10-03T21:06:34.9618191Z running 1 test
2026-10-03T21:06:35.2756215Z test bounded_activity_reads_match_the_pinned_go_commands ... ok
2026-10-03T21:06:35.2756637Z 
2026-10-03T21:06:35.2756975Z test result: ok. 1 passed; 0 failed; 0 ignored; 0 measured; 0 filtered out; finished in 0.31s
2026-10-03T21:06:35.2757444Z 
2026-10-03T21:06:35.2778158Z      Running tests\activity_validation_tests.rs (target\debug\deps\activity_validation_tests-49d5487d3910d8d4.exe)
2026-10-03T21:06:35.2894005Z 
2026-10-03T21:06:35.2894616Z running 1 test
2026-10-03T21:06:39.5460504Z test activity_validation_matches_complete_go_process_fixture_without_fallback ... ok
2026-10-03T21:06:39.5461302Z 
2026-10-03T21:06:39.5461808Z test result: ok. 1 passed; 0 failed; 0 ignored; 0 measured; 0 filtered out; finished in 4.26s
2026-10-03T21:06:39.5462543Z 
2026-10-03T21:06:39.5480542Z      Running tests\cli_tree_tests.rs (target\debug\deps\cli_tree_tests-52be3e0550a07753.exe)
2026-10-03T21:06:39.5598075Z 
2026-10-03T21:06:39.5598791Z running 4 tests
2026-10-03T21:06:39.5626365Z test tests::fixture_loads_and_has_correct_count ... ok
2026-10-03T21:06:39.5649487Z test tests::path_separator_normalization_is_confined_to_oracle_roots ... ok
2026-10-03T21:06:39.5668460Z test tests::temp_root_normalization_accepts_windows_short_path_aliases ... ok
2026-10-03T21:06:43.0869194Z test cli_tree_fixture_matches_native_binary ... ok
2026-10-03T21:06:43.0869934Z 
2026-10-03T21:06:43.0870244Z test result: ok. 4 passed; 0 failed; 0 ignored; 0 measured; 0 filtered out; finished in 3.53s
2026-10-03T21:06:43.0870645Z 
2026-10-03T21:06:43.0896264Z      Running tests\doctor_modules.rs (target\debug\deps\doctor_modules-e45a4433244f72f6.exe)
2026-10-03T21:06:43.1005875Z 
2026-10-03T21:06:43.1006847Z running 0 tests
2026-10-03T21:06:43.1007214Z 
2026-10-03T21:06:43.1007861Z test result: ok. 0 passed; 0 failed; 0 ignored; 0 measured; 0 filtered out; finished in 0.00s
2026-10-03T21:06:43.1008578Z 
2026-10-03T21:06:43.1026143Z      Running tests\doctor_native.rs (target\debug\deps\doctor_native-404816108bb094ea.exe)
2026-10-03T21:06:43.1134658Z 
2026-10-03T21:06:43.1135323Z running 0 tests
2026-10-03T21:06:43.1135954Z 
2026-10-03T21:06:43.1136701Z test result: ok. 0 passed; 0 failed; 0 ignored; 0 measured; 0 filtered out; finished in 0.00s
2026-10-03T21:06:43.1137402Z 
2026-10-03T21:06:43.1154780Z      Running tests\guard_decide_adapter.rs (target\debug\deps\guard_decide_adapter-9f7a3d7a3d3a6de4.exe)
2026-10-03T21:06:43.1265336Z 
2026-10-03T21:06:43.1265852Z running 4 tests
2026-10-03T21:06:43.1329609Z test production_route_oversize_input_is_fail_closed ... ok
2026-10-03T21:06:43.1333910Z test production_route_reader_failure_is_one_audited_deny ... ok
2026-10-03T21:06:43.1334818Z test production_route_bounds_input_audits_and_writes_one_response ... ok
2026-10-03T21:06:43.1348869Z test production_route_audit_failure_denies_and_output_failure_returns_one ... ok
2026-10-03T21:06:43.1349541Z 
2026-10-03T21:06:43.1349882Z test result: ok. 4 passed; 0 failed; 0 ignored; 0 measured; 0 filtered out; finished in 0.01s
2026-10-03T21:06:43.1350249Z 
2026-10-03T21:06:43.1370959Z      Running tests\guard_decide_raw_bytes.rs (target\debug\deps\guard_decide_raw_bytes-89ec71144ca9aba0.exe)
2026-10-03T21:06:43.1480365Z 
2026-10-03T21:06:43.1480835Z running 1 test
2026-10-03T21:06:43.1819336Z test production_binary_matches_frozen_raw_byte_responses_and_audits ... ok
2026-10-03T21:06:43.1819762Z 
2026-10-03T21:06:43.1820121Z test result: ok. 1 passed; 0 failed; 0 ignored; 0 measured; 0 filtered out; finished in 0.03s
2026-10-03T21:06:43.1820583Z 
2026-10-03T21:06:43.1841080Z      Running tests\guard_doctor_oracle_tests.rs (target\debug\deps\guard_doctor_oracle_tests-e36dbba65c42e6d8.exe)
2026-10-03T21:06:43.1956303Z 
2026-10-03T21:06:43.1956925Z running 1 test
2026-10-03T21:06:43.3903147Z test every_oracle_case_matches_native_go_bytes ... ok
2026-10-03T21:06:43.3903513Z 
2026-10-03T21:06:43.3903820Z test result: ok. 1 passed; 0 failed; 0 ignored; 0 measured; 0 filtered out; finished in 0.19s
2026-10-03T21:06:43.3904221Z 
2026-10-03T21:06:43.3931799Z      Running tests\guard_grants_native.rs (target\debug\deps\guard_grants_native-ab96c64e64237469.exe)
2026-10-03T21:06:43.4040466Z 
2026-10-03T21:06:43.4041021Z running 9 tests
2026-10-03T21:06:43.4070635Z test native_grants_keeps_go_malformed_diagnostic_for_oracle_case ... ok
2026-10-03T21:06:43.4081009Z test native_grants_accepts_go_null_defaults_but_rejects_empty_timestamps ... ok
2026-10-03T21:06:43.4086555Z test native_grants_formats_list_time_and_preserves_persisted_time_shape ... ok
2026-10-03T21:06:43.4088034Z test native_grants_does_not_rewrite_ephemeral_revoke ... ok
2026-10-03T21:06:43.4096820Z test native_grants_module_compiles_and_handles_empty_store ... ok
2026-10-03T21:06:43.4101605Z test native_grants_keeps_legacy_entries_revivable ... ok
2026-10-03T21:06:43.4103246Z test native_grants_opens_store_before_empty_id_usage ... ok
2026-10-03T21:06:43.4113716Z test native_grants_matches_order_and_revoke_shape ... ok
2026-10-03T21:06:43.4114866Z test native_grants_persist_uses_go_html_escaping ... ok
2026-10-03T21:06:43.4115349Z 
2026-10-03T21:06:43.4115695Z test result: ok. 9 passed; 0 failed; 0 ignored; 0 measured; 0 filtered out; finished in 0.01s
2026-10-03T21:06:43.4116059Z 
2026-10-03T21:06:43.4139073Z      Running tests\guard_oracle_grants.rs (target\debug\deps\guard_oracle_grants-c2db669206a08b3e.exe)
2026-10-03T21:06:43.4248737Z 
2026-10-03T21:06:43.4249263Z running 1 test
2026-10-03T21:06:43.4389463Z test grants_cli_matches_go_oracle_bytes ... ok
2026-10-03T21:06:43.4389909Z 
2026-10-03T21:06:43.4390277Z test result: ok. 1 passed; 0 failed; 0 ignored; 0 measured; 0 filtered out; finished in 0.01s
2026-10-03T21:06:43.4390709Z 
2026-10-03T21:06:43.4411773Z      Running tests\harness_health_tests.rs (target\debug\deps\harness_health_tests-ec6b8c6b243ba1c9.exe)
2026-10-03T21:06:43.4520590Z 
2026-10-03T21:06:43.4521130Z running 0 tests
2026-10-03T21:06:43.4521459Z 
2026-10-03T21:06:43.4521890Z test result: ok. 0 passed; 0 failed; 0 ignored; 0 measured; 0 filtered out; finished in 0.00s
2026-10-03T21:06:43.4522333Z 
2026-10-03T21:06:43.4539956Z      Running tests\harness_list_tests.rs (target\debug\deps\harness_list_tests-75f8396c26b93958.exe)
2026-10-03T21:06:43.4649808Z 
2026-10-03T21:06:43.4650373Z running 8 tests
2026-10-03T21:06:43.4853709Z test json_is_compact_and_preserves_inventory_schema ... ok
2026-10-03T21:06:43.4930867Z test invalid_and_extra_arguments_keep_go_exit_and_diagnostics ... ok
2026-10-03T21:06:43.5033116Z test malformed_config_health_is_native_without_go_fallback ... ok
2026-10-03T21:06:43.5054648Z test missing_command_health_reports_redacted_error_without_go_fallback ... ok
2026-10-03T21:06:43.5077526Z test malformed_json_inventory_is_native_without_go_fallback ... ok
2026-10-03T21:06:43.5205317Z test table_matches_go_layout_for_populated_and_missing_configs ... ok
2026-10-03T21:06:43.5225600Z test table_reports_parsed_global_and_project_configs ... ok
2026-10-03T21:06:43.5257483Z test successful_health_probe_is_native_without_go_fallback ... ok
2026-10-03T21:06:43.5258003Z 
2026-10-03T21:06:43.5258336Z test result: ok. 8 passed; 0 failed; 0 ignored; 0 measured; 0 filtered out; finished in 0.06s
2026-10-03T21:06:43.5258711Z 
2026-10-03T21:06:43.5277196Z      Running tests\init_cli_tests.rs (target\debug\deps\init_cli_tests-3de0bfe5456ef446.exe)
2026-10-03T21:06:43.5382795Z 
2026-10-03T21:06:43.5383437Z running 7 tests
2026-10-03T21:06:43.5531945Z test missing_home_fails_with_expected_error ... ok
2026-10-03T21:06:43.5667028Z test fresh_init_creates_files_and_dirs_with_proper_modes ... ok
2026-10-03T21:06:43.5695422Z test custom_xdg_environment_variables_honored ... ok
2026-10-03T21:06:43.5786257Z test init_help_and_unknown_flags_via_subprocess ... ok
2026-10-03T21:06:43.6146624Z test native_success_with_nonexistent_symbrain_go_binary ... ok
2026-10-03T21:06:43.6266748Z test rerun_skips_existing_files_and_preserves_user_edits ... ok
2026-10-03T21:06:43.6472337Z test positionals_and_terminators_are_accepted ... ok
2026-10-03T21:06:43.6472970Z 
2026-10-03T21:06:43.6473573Z test result: ok. 7 passed; 0 failed; 0 ignored; 0 measured; 0 filtered out; finished in 0.11s
2026-10-03T21:06:43.6474299Z 
2026-10-03T21:06:43.6494364Z      Running tests\install_oracle_tests.rs (target\debug\deps\install_oracle_tests-14eef8a1fa303402.exe)
2026-10-03T21:06:43.6617216Z 
2026-10-03T21:06:43.6618072Z running 2 tests
2026-10-03T21:06:43.6822253Z test install_oracle_comparison_rejects_intentional_mutation ... ok
2026-10-03T21:06:43.9658731Z test install_oracle_fixture_is_consumed_by_the_native_rust_cli ... ok
2026-10-03T21:06:43.9659151Z 
2026-10-03T21:06:43.9659493Z test result: ok. 2 passed; 0 failed; 0 ignored; 0 measured; 0 filtered out; finished in 0.30s
2026-10-03T21:06:43.9659885Z 
2026-10-03T21:06:43.9680757Z      Running tests\mcp_cli_tests.rs (target\debug\deps\mcp_cli_tests-d20a4a51025c65a2.exe)
2026-10-03T21:06:43.9792465Z 
2026-10-03T21:06:43.9792982Z running 18 tests
2026-10-03T21:06:44.0121513Z test claude_oauth_file_routes_usage_to_native_parser_without_keychain_or_provider_request ... ok
2026-10-03T21:06:44.0501119Z test codex_default_file_env_and_home_override_routes_are_native ... ok
2026-10-03T21:06:44.0661732Z test differing_home_and_userprofile_keep_the_whole_usage_report_on_go ... ok
2026-10-03T21:06:44.0811172Z test direct_claude_oauth_routes_usage_to_native_parser_without_provider_request ... ok
2026-10-03T21:06:44.1109474Z test enabled_skills_server_exposes_native_tools_without_go_fallback ... ok
2026-10-03T21:06:44.1882984Z test kimi_and_nous_supported_home_overrides_route_natively_only_for_proven_files ... ok
2026-10-03T21:06:44.2116021Z test deprecated_serve_alias_is_native_and_warns_only_on_stderr ... ok
2026-10-03T21:06:44.2350726Z test command_factory_hermetically_isolates_environment_from_outer_xdg_and_provider_keys ... ok
2026-10-03T21:06:44.2433024Z test copilot_single_default_file_routes_natively_and_unproven_shapes_keep_go ... ok
2026-10-03T21:06:44.2635233Z test mcp_profile_errors_and_unknown_flags_do_not_fallback ... ok
2026-10-03T21:06:44.3290605Z test kimi_default_file_routes_follow_the_source_bound_candidate_contract ... ok
2026-10-03T21:06:44.3699348Z test mcp_profile_flag_loads_xdg_profile_directory ... ok
2026-10-03T21:06:44.3820553Z test mcp_subprocess_runs_native_initialize_list_call_and_silent_notification ... ok
2026-10-03T21:06:44.3956815Z test supported_provider_combination_routes_before_any_live_request ... ok
2026-10-03T21:06:44.3994048Z test native_mcp_audit_creates_redacted_jsonl_without_stdout_pollution ... ok
2026-10-03T21:06:44.4218435Z test noncanonical_or_ambiguous_claude_files_remain_on_go ... ok
2026-10-03T21:06:44.4228200Z test usage_subprocess_lists_and_calls_native_tool_without_go_fallback ... ok
2026-10-03T21:06:44.6672726Z test nous_auth_file_presence_keeps_unproven_shapes_on_go ... ok
2026-10-03T21:06:44.6673073Z 
2026-10-03T21:06:44.6673378Z test result: ok. 18 passed; 0 failed; 0 ignored; 0 measured; 0 filtered out; finished in 0.69s
2026-10-03T21:06:44.6673788Z 
2026-10-03T21:06:44.6693188Z      Running tests\profile_cli_tests.rs (target\debug\deps\profile_cli_tests-7ab0af415b8449dd.exe)
2026-10-03T21:06:44.6802096Z 
2026-10-03T21:06:44.6803369Z running 12 tests
2026-10-03T21:06:44.7010058Z test add_uses_restricted_template_by_default_and_secure_modes ... ok
2026-10-03T21:06:44.7081634Z test remove_aborts_on_oversized_confirmation_input ... ok
2026-10-03T21:06:44.7162160Z test list_json_has_canonical_core_order_and_partial_errors ... ok
2026-10-03T21:06:44.7190498Z test add_personal_flag_after_name_and_show_json_are_native ... ok
2026-10-03T21:06:44.7230528Z test remove_deletes_file_symlink_without_following ... ok
2026-10-03T21:06:44.7266533Z test remove_oracle_fixture_records_source_provenance ... ok
2026-10-03T21:06:44.7301379Z test remove_fails_closed_for_symlink_harness_config ... ok
2026-10-03T21:06:44.7371665Z test remove_is_native_and_force_deletes_profile ... ok
2026-10-03T21:06:44.7564259Z test remove_rejects_symlinked_profiles_root_without_touching_target ... ok
2026-10-03T21:06:44.7623197Z test remove_keeps_relative_project_display_and_rejects_symlink_project_root ... ok
2026-10-03T21:06:44.7707873Z test remove_refuses_global_and_project_bindings_without_side_effects ... ok
2026-10-03T21:06:44.7804230Z test remove_prompt_matches_go_for_yes_no_and_eof ... ok
2026-10-03T21:06:44.7804800Z 
2026-10-03T21:06:44.7805627Z test result: ok. 12 passed; 0 failed; 0 ignored; 0 measured; 0 filtered out; finished in 0.10s
2026-10-03T21:06:44.7806637Z 
2026-10-03T21:06:44.7825684Z      Running tests\setup_fix_native.rs (target\debug\deps\setup_fix_native-99f89c0bf89cb24d.exe)
2026-10-03T21:06:44.7939968Z 
2026-10-03T21:06:44.7940320Z running 0 tests
2026-10-03T21:06:44.7940571Z 
2026-10-03T21:06:44.7941139Z test result: ok. 0 passed; 0 failed; 0 ignored; 0 measured; 0 filtered out; finished in 0.00s
2026-10-03T21:06:44.7941502Z 
2026-10-03T21:06:44.7958360Z      Running tests\setup_repair_native.rs (target\debug\deps\setup_repair_native-cb27567b795d18ac.exe)
2026-10-03T21:06:44.8068517Z 
2026-10-03T21:06:44.8068811Z running 1 test
2026-10-03T21:06:45.1948692Z test source_installs_are_preserved_without_a_go_binary_or_release_host ... ok
2026-10-03T21:06:45.1949162Z 
2026-10-03T21:06:45.1949455Z test result: ok. 1 passed; 0 failed; 0 ignored; 0 measured; 0 filtered out; finished in 0.39s
2026-10-03T21:06:45.1949809Z 
2026-10-03T21:06:45.1968698Z      Running tests\skills_doctor_native.rs (target\debug\deps\skills_doctor_native-55ab60ab3b3895cd.exe)
2026-10-03T21:06:45.2079978Z 
2026-10-03T21:06:45.2081050Z running 0 tests
2026-10-03T21:06:45.2081388Z 
2026-10-03T21:06:45.2081900Z test result: ok. 0 passed; 0 failed; 0 ignored; 0 measured; 0 filtered out; finished in 0.00s
2026-10-03T21:06:45.2082509Z 
2026-10-03T21:06:45.2100371Z      Running tests\skills_list_native.rs (target\debug\deps\skills_list_native-50da78ab96d71085.exe)
2026-10-03T21:06:45.2210952Z 
2026-10-03T21:06:45.2211442Z running 9 tests
2026-10-03T21:06:45.2373560Z test empty_library_table_matches_go_bytes ... ok
2026-10-03T21:06:45.2396025Z test empty_library_json_matches_go_bytes ... ok
2026-10-03T21:06:45.2505299Z test category_variants_collapse_to_one_spelling ... ok
2026-10-03T21:06:45.2529744Z test empty_library_with_extra_flag_keeps_go_fallback ... ok
2026-10-03T21:06:45.2600829Z test classified_input_rejection_never_uses_go_even_with_an_override ... ok
2026-10-03T21:06:45.2611965Z test marker_install_and_access_time_fill_the_record ... ok
2026-10-03T21:06:45.2695923Z test populated_library_is_reported_natively ... ok
2026-10-03T21:06:45.2707226Z test sync_dry_run_json_matches_go_bytes ... ok
2026-10-03T21:06:45.3268516Z test unloadable_library_entry_keeps_go_fallback ... ok
2026-10-03T21:06:45.3268889Z 
2026-10-03T21:06:45.3269175Z test result: ok. 9 passed; 0 failed; 0 ignored; 0 measured; 0 filtered out; finished in 0.11s
2026-10-03T21:06:45.3269539Z 
2026-10-03T21:06:45.3289425Z      Running tests\skills_log_native.rs (target\debug\deps\skills_log_native-2743ed28d15c69f8.exe)
2026-10-03T21:06:45.3399617Z 
2026-10-03T21:06:45.3400500Z running 0 tests
2026-10-03T21:06:45.3400817Z 
2026-10-03T21:06:45.3401881Z test result: ok. 0 passed; 0 failed; 0 ignored; 0 measured; 0 filtered out; finished in 0.00s
2026-10-03T21:06:45.3402370Z 
2026-10-03T21:06:45.3420555Z      Running tests\skills_status_opencode_tests.rs (target\debug\deps\skills_status_opencode_tests-06847f320bc8ab47.exe)
2026-10-03T21:06:45.3532798Z 
2026-10-03T21:06:45.3533259Z running 16 tests
2026-10-03T21:06:45.3733770Z test default_user_status_empty_table_matches_go_bytes ... ok
2026-10-03T21:06:45.3739899Z test configured_status_keeps_go_fallback ... ok
2026-10-03T21:06:45.3741426Z test default_user_status_empty_json_matches_go_bytes ... ok
2026-10-03T21:06:45.3770971Z test default_status_with_dynamic_target_state_keeps_go_fallback ... ok
2026-10-03T21:06:45.3931573Z test legacy_go_config_wins_when_new_skills_config_dir_exists ... ok
2026-10-03T21:06:45.3991209Z test opencode_project_status_ignores_the_user_root ... ok
2026-10-03T21:06:45.4013913Z test opencode_project_status_matches_go_bytes ... ok
2026-10-03T21:06:45.4097779Z test opencode_project_status_no_scope_flag_defaults_to_user ... ok
2026-10-03T21:06:45.4157688Z test opencode_user_status_empty_json_matches_go_bytes ... ok
2026-10-03T21:06:45.4177869Z test opencode_user_status_empty_table_matches_go_bytes ... ok
2026-10-03T21:06:45.4318198Z test opencode_user_status_json_escapes_html_like_go ... ok
2026-10-03T21:06:45.4377574Z test opencode_user_status_managed_marker_row_matches_go_bytes ... ok
2026-10-03T21:06:45.4515374Z test empty_explicit_user_roots_are_native ... ok
2026-10-03T21:06:45.4525786Z test opencode_user_status_populated_table_matches_go_bytes ... ok
2026-10-03T21:06:45.4531139Z test symskills_config_override_keeps_go_fallback ... ok
2026-10-03T21:06:45.4789265Z test opencode_user_status_marker_states_keep_go_fallback ... ok
2026-10-03T21:06:45.4789939Z 
2026-10-03T21:06:45.4790526Z test result: ok. 16 passed; 0 failed; 0 ignored; 0 measured; 0 filtered out; finished in 0.13s
2026-10-03T21:06:45.4791311Z 
2026-10-03T21:06:45.4811835Z      Running tests\skills_sync_legacy_roots.rs (target\debug\deps\skills_sync_legacy_roots-9ce126e4c8ac8082.exe)
2026-10-03T21:06:45.4922658Z 
2026-10-03T21:06:45.4923197Z running 1 test
2026-10-03T21:06:45.5128097Z test native_sync_plan_uses_the_platform_home_when_home_variables_disagree ... ok
2026-10-03T21:06:45.5128610Z 
2026-10-03T21:06:45.5129008Z test result: ok. 1 passed; 0 failed; 0 ignored; 0 measured; 0 filtered out; finished in 0.02s
2026-10-03T21:06:45.5129444Z 
2026-10-03T21:06:45.5148832Z      Running tests\skills_targets_native.rs (target\debug\deps\skills_targets_native-db00b9bd11c8c492.exe)
2026-10-03T21:06:45.5257984Z 
2026-10-03T21:06:45.5258474Z running 6 tests
2026-10-03T21:06:45.5501135Z test target_binary_is_reported_as_evidence_natively ... ok
2026-10-03T21:06:45.5524403Z test config_file_targets_variant_keeps_go_fallback_before_output ... ok
2026-10-03T21:06:45.5542532Z test managed_and_unmanaged_skill_roots_are_classified_natively ... ok
2026-10-03T21:06:45.5662082Z test user_targets_json_is_compact_and_has_go_schema ... ok
2026-10-03T21:06:45.5681815Z test user_targets_table_matches_go_bytes_for_empty_sandbox ... ok
2026-10-03T21:06:45.5806286Z test scope_flag_is_native_but_config_stays_on_go ... ok
2026-10-03T21:06:45.5806709Z 
2026-10-03T21:06:45.5807029Z test result: ok. 6 passed; 0 failed; 0 ignored; 0 measured; 0 filtered out; finished in 0.05s
2026-10-03T21:06:45.5807403Z 
2026-10-03T21:06:45.5825377Z      Running tests\sync_native.rs (target\debug\deps\sync_native-742c780a027cc5d7.exe)
2026-10-03T21:06:45.5933702Z 
2026-10-03T21:06:45.5934290Z running 4 tests
2026-10-03T21:06:45.6111345Z test skill_target_harness_syncs_natively_without_a_go_binary ... ok
2026-10-03T21:06:45.6154566Z test project_override_syncs_natively_without_a_go_binary ... ok
2026-10-03T21:06:45.6184137Z test instruction_only_target_is_native_and_matches_sync_schema ... ok
2026-10-03T21:06:45.6249210Z test instruction_target_error_fails_sync_after_reporting_all_statuses ... ok
2026-10-03T21:06:45.6249712Z 
2026-10-03T21:06:45.6249998Z test result: ok. 4 passed; 0 failed; 0 ignored; 0 measured; 0 filtered out; finished in 0.03s
2026-10-03T21:06:45.6250402Z 
2026-10-03T21:06:45.6269363Z      Running tests\vault_admin_native.rs (target\debug\deps\vault_admin_native-735ac8f30cd4a8d2.exe)
2026-10-03T21:06:45.6406068Z 
2026-10-03T21:06:45.6406618Z running 2 tests
2026-10-03T21:06:45.6414325Z test vault_validation_stays_native_with_a_fallback_executor ... ok
2026-10-03T21:06:50.0832895Z test vault_administration_matches_real_go_process_contracts ... ok
2026-10-03T21:06:50.0833230Z 
2026-10-03T21:06:50.0833503Z test result: ok. 2 passed; 0 failed; 0 ignored; 0 measured; 0 filtered out; finished in 4.44s
2026-10-03T21:06:50.0833867Z 
2026-10-03T21:06:50.0857279Z      Running unittests src\lib.rs (target\debug\deps\symbrain_core-48302ed38ba7f897.exe)
2026-10-03T21:06:50.0966880Z 
2026-10-03T21:06:50.0967327Z running 99 tests
2026-10-03T21:06:50.0974454Z test config::atomic::tests::rename_with_retry_exhausts_ten_attempts ... ok
2026-10-03T21:06:50.0977529Z test config::atomic::tests::rename_with_retry_handles_windows_sharing_violation ... ok
2026-10-03T21:06:50.0979984Z test config::atomic::tests::rename_with_retry_recovers_after_transient_failures ... ok
2026-10-03T21:06:50.0982688Z test config::atomic::tests::rename_with_retry_succeeds_immediately ... ok
2026-10-03T21:06:50.0985595Z test config::atomic::tests::windows_errors_match_go_path_error_text ... ok
2026-10-03T21:06:50.0989743Z test config::atomic::tests::atomic_write_handles_relative_path_without_parent ... ok
2026-10-03T21:06:50.1000999Z test config::format::tests::format_go_datetime_matches_burnt_sushi_berlin_variants ... ok
2026-10-03T21:06:50.1006554Z test config::atomic::tests::atomic_write_creates_and_replaces_file ... ok
2026-10-03T21:06:50.1009965Z test config::format::tests::format_go_datetime_matches_burnt_sushi_utc_variants ... ok
2026-10-03T21:06:50.1011576Z test config::get::tests::get_extra_arguments_rejected ... ok
2026-10-03T21:06:50.1021040Z test config::get::tests::get_key_from_missing_file_exits_usage_with_not_set_message ... ok
2026-10-03T21:06:50.1026167Z test config::get::tests::get_key_malformed_toml_exits_generic_with_parse_error ... ok
2026-10-03T21:06:50.1034103Z test config::get::tests::get_key_missing_in_file_exits_usage ... ok
2026-10-03T21:06:50.1035084Z test config::get::tests::get_missing_file_prints_note_to_stdout_and_exits_zero ... ok
2026-10-03T21:06:50.1047808Z test config::get::tests::get_whole_file_preserves_comments_and_exact_bytes ... ok
2026-10-03T21:06:50.1049355Z test config::get::tests::get_whole_file_succeeds_even_if_toml_malformed ... ok
2026-10-03T21:06:50.1053113Z test config::lossless::tests::distinct_encoding_for_pua_and_raw_byte ... ok
2026-10-03T21:06:50.1056534Z test config::lossless::tests::roundtrip_all_single_bytes ... ok
2026-10-03T21:06:50.1060406Z test config::lossless::tests::roundtrip_arbitrary_invalid_bytes ... ok
2026-10-03T21:06:50.1061650Z test config::lossless::tests::roundtrip_literal_pua_and_sentinels ... ok
2026-10-03T21:06:50.1062589Z test config::lossless::tests::roundtrip_mixing_literal_pua_and_raw_bytes ... ok
2026-10-03T21:06:50.1065834Z test config::lossless::tests::roundtrip_valid_ascii_and_unicode ... ok
2026-10-03T21:06:50.1073547Z test config::get::tests::get_key_formats_primitives_lists_and_tables_identically_to_go ... ok
2026-10-03T21:06:50.1232874Z test config::format::tests::get_key_formats_floats_including_neg_zero_infinities_nan_and_scientific_boundaries ... ok
2026-10-03T21:06:50.1253611Z test config::set::fixtures_tests::deeply_nested_mixed_inline_tables ... ok
2026-10-03T21:06:50.1257074Z test config::set::fixtures_tests::datetime_preservation_subseconds_and_tz ... ok
2026-10-03T21:06:50.1273640Z test config::set::fixtures_tests::float_encoding_conventions_in_existing_tables ... ok
2026-10-03T21:06:50.1312895Z test config::set::fixtures_tests::preserve_arrays_datetime_quoted_keys_and_arrays_of_tables ... ok
2026-10-03T21:06:50.1321035Z test config::set::flag_alias_tests::set_accepts_go_single_dash_safeguard_flags ... ok
2026-10-03T21:06:50.1322585Z test config::set::fixtures_tests::recursively_flatten_nested_inline_tables ... ok
2026-10-03T21:06:50.1328768Z test config::set::fixtures_tests::mutate_and_flatten_existing_inline_tables ... ok
2026-10-03T21:06:50.1346765Z test config::set::tests::set_preview_is_non_mutating_and_does_not_reveal_value ... ok
2026-10-03T21:06:50.1347790Z test config::set::tests::set_handles_relative_path_without_parent ... ok
2026-10-03T21:06:50.1351262Z test config::set::tests::set_creates_nested_tables_and_matches_burnt_sushi_ordering ... ok
2026-10-03T21:06:50.1362887Z test config::set::tests::set_requires_exactly_two_arguments_and_nonempty_key ... ok
2026-10-03T21:06:50.1363978Z test config::set::tests::set_rejects_intermediate_scalar_without_writing ... ok
2026-10-03T21:06:50.1366355Z test exit::tests::exit_code_constants_match_symaira_specification ... ok
2026-10-03T21:06:50.1370970Z test output::tests::extract_accepts_all_flag_variants ... ok
2026-10-03T21:06:50.1375963Z test output::tests::extract_accepts_duplicate_identical_flags ... ok
2026-10-03T21:06:50.1379605Z test output::tests::extract_accepts_flag_after_double_dash ... ok
2026-10-03T21:06:50.1384237Z test output::tests::extract_accepts_global_flags_anywhere ... ok
2026-10-03T21:06:50.1387851Z test output::tests::extract_defaults_to_table_without_flags ... ok
2026-10-03T21:06:50.1391907Z test output::tests::extract_rejects_conflicting_formats ... ok
2026-10-03T21:06:50.1394575Z test output::tests::missing_output_value_error_normalizes_to_double_dash ... ok
2026-10-03T21:06:50.1398487Z test output::tests::parse_accepts_empty_and_table_formats ... ok
2026-10-03T21:06:50.1402961Z test output::tests::parse_accepts_json_formats ... ok
2026-10-03T21:06:50.1407306Z test output::tests::parse_rejects_unknown_formats ... ok
2026-10-03T21:06:50.1408147Z test config::set::tests::set_rewrites_comments_and_preserves_existing_values ... ok
2026-10-03T21:06:50.1411748Z test output::tests::render_json_escapes_html_like_go ... ok
2026-10-03T21:06:50.1413731Z test output::tests::render_helper_formats_json_and_table ... ok
2026-10-03T21:06:50.1416534Z test output::tests::render_json_preserves_values_and_appends_newline ... ok
2026-10-03T21:06:50.1418848Z test output::tests::render_table_uses_table_function ... ok
2026-10-03T21:06:50.1421262Z test output::tests::resolve_defaults_to_table_and_recognizes_json ... ok
2026-10-03T21:06:50.1423975Z test paths::tests::resolve_location_defaults_to_current_namespace ... ok
2026-10-03T21:06:50.1426740Z test paths::tests::live_component_paths_resolve_when_home_is_present ... ok
2026-10-03T21:06:50.1428345Z test paths::tests::resolve_location_falls_back_to_legacy_when_only_legacy_exists ... ok
2026-10-03T21:06:50.1430094Z test paths::tests::resolve_location_honors_absolute_xdg_env ... ok
2026-10-03T21:06:50.1431576Z test paths::tests::resolve_location_ignores_relative_xdg_env ... ok
2026-10-03T21:06:50.1433185Z test paths::tests::resolve_location_memory_data_dir ... ok
2026-10-03T21:06:50.1434489Z test paths::tests::resolve_location_prefers_current_when_both_exist ... ok
2026-10-03T21:06:50.1435963Z test paths::tests::resolve_location_returns_none_when_no_base_or_home ... ok
2026-10-03T21:06:50.1437574Z test paths::tests::resolve_location_skills_cache_dir ... ok
2026-10-03T21:06:50.1439686Z test paths::tests::resolve_location_skills_cache_legacy_fallback ... ok
2026-10-03T21:06:50.1441732Z test paths::tests::resolve_location_skills_config_dir ... ok
2026-10-03T21:06:50.1443564Z test paths::tests::resolve_location_skills_config_legacy_fallback ... ok
2026-10-03T21:06:50.1445000Z test paths::tests::resolve_location_skills_data_dir ... ok
2026-10-03T21:06:50.1447009Z test version::tests::current_platform_non_empty ... ok
2026-10-03T21:06:50.1447732Z test version::tests::platform_mapping_arch ... ok
2026-10-03T21:06:50.1449884Z test version::tests::platform_mapping_os ... ok
2026-10-03T21:06:50.1452178Z test version::tests::platform_pair_formatting ... ok
2026-10-03T21:06:50.1454477Z test version::tests::version_info_json_roundtrip ... ok
2026-10-03T21:06:50.1455961Z test version::tests::version_info_json_serialization_matches_schema ... ok
2026-10-03T21:06:50.1458029Z test version::tests::version_info_sets_correct_fields ... ok
2026-10-03T21:06:50.1458941Z test version::tests::version_info_with_schema ... ok
2026-10-03T21:06:50.1461071Z test xdg::tests::audit_dir_sits_under_data_dir ... ok
2026-10-03T21:06:50.1462611Z test xdg::tests::cache_dir_accepts_relative_xdg_cache_home ... ok
2026-10-03T21:06:50.1464306Z test xdg::tests::cache_dir_honors_env_and_falls_back_to_home ... ok
2026-10-03T21:06:50.1466743Z test xdg::tests::config_dir_is_parent_of_config_path ... ok
2026-10-03T21:06:50.1468421Z test xdg::tests::config_path_falls_back_to_default_when_both_missing ... ok
2026-10-03T21:06:50.1470263Z test xdg::tests::config_path_falls_back_to_home_when_xdg_empty ... ok
2026-10-03T21:06:50.1471864Z test xdg::tests::config_path_falls_back_to_home_when_xdg_unset ... ok
2026-10-03T21:06:50.1473212Z test xdg::tests::config_path_honors_absolute_xdg_config_home ... ok
2026-10-03T21:06:50.1475032Z test xdg::tests::config_path_ignores_relative_xdg_config_home ... ok
2026-10-03T21:06:50.1477913Z test xdg::tests::data_dir_accepts_relative_xdg_data_home ... ok
2026-10-03T21:06:50.1479025Z test xdg::tests::data_dir_honors_env_and_falls_back_to_home ... ok
2026-10-03T21:06:50.1479811Z test xdg::tests::home_dir_empty_returns_none ... ok
2026-10-03T21:06:50.1481591Z test xdg::tests::home_dir_unix_ignores_userprofile_and_homedrive ... ok
2026-10-03T21:06:50.1483109Z test xdg::tests::home_dir_unix_uses_home_only ... ok
2026-10-03T21:06:50.1484545Z test xdg::tests::home_dir_windows_falls_back_to_homedrive_and_homepath ... ok
2026-10-03T21:06:50.1485365Z test xdg::tests::home_dir_windows_ignores_home ... ok
2026-10-03T21:06:50.1488188Z test xdg::tests::home_dir_windows_partial_homedrive_or_homepath_returns_none ... ok
2026-10-03T21:06:50.1489789Z test xdg::tests::home_dir_windows_uses_userprofile_first ... ok
2026-10-03T21:06:50.1490770Z test xdg::tests::live_config_path_always_resolves ... ok
2026-10-03T21:06:50.1492850Z test xdg::tests::live_env_resolves_when_home_is_present ... ok
2026-10-03T21:06:50.1494547Z test xdg::tests::managed_bin_dir_sits_under_home ... ok
2026-10-03T21:06:50.1497083Z test xdg::tests::patterns_dir_sits_under_data_dir_as_recipes ... ok
2026-10-03T21:06:50.1497779Z test xdg::tests::profiles_dir_sits_under_config_dir ... ok
2026-10-03T21:06:50.1744389Z test config::set::tests::set_infers_go_bool_and_int64_spellings_then_string ... ok
2026-10-03T21:06:50.2490515Z test config::set::tests::set_writes_backup_and_preserves_original_when_backup_fails ... ok
2026-10-03T21:06:50.2491230Z 
2026-10-03T21:06:50.2492057Z test result: ok. 99 passed; 0 failed; 0 ignored; 0 measured; 0 filtered out; finished in 0.15s
2026-10-03T21:06:50.2492549Z 
2026-10-03T21:06:50.2515011Z      Running tests\xdg_paths_tests.rs (target\debug\deps\xdg_paths_tests-4981137da80bc42e.exe)
2026-10-03T21:06:50.2626714Z 
2026-10-03T21:06:50.2627263Z running 1 test
2026-10-03T21:06:50.2777663Z test xdg_paths_match_go_oracle ... ok
2026-10-03T21:06:50.2778287Z 
2026-10-03T21:06:50.2778642Z test result: ok. 1 passed; 0 failed; 0 ignored; 0 measured; 0 filtered out; finished in 0.02s
2026-10-03T21:06:50.2779000Z 
2026-10-03T21:06:50.2800217Z      Running unittests src\lib.rs (target\debug\deps\symbrain_gateway-d5d1861ea1e19ecb.exe)
2026-10-03T21:06:50.2912998Z 
2026-10-03T21:06:50.2913697Z running 3 tests
2026-10-03T21:06:50.2921942Z test audit::tests::usage_audit_status_distinguishes_success_partial_and_cancelled ... ok
2026-10-03T21:06:50.2922708Z test response::tests::success_response_never_swallows_serialization_errors ... ok
2026-10-03T21:06:50.3285451Z test embedded::skills::skills_status::tests::target_status_matches_harness_inventory_semantics ... ok
2026-10-03T21:06:50.3286777Z 
2026-10-03T21:06:50.3287331Z test result: ok. 3 passed; 0 failed; 0 ignored; 0 measured; 0 filtered out; finished in 0.04s
2026-10-03T21:06:50.3288074Z 
2026-10-03T21:06:50.3308848Z      Running tests\gateway_tests.rs (target\debug\deps\gateway_tests-eed2a575fef0a0d1.exe)
2026-10-03T21:06:50.3447407Z 
2026-10-03T21:06:50.3448052Z running 9 tests
2026-10-03T21:06:50.3477879Z test identity_injection_covers_missing_unmapped_and_disabled_calls ... ok
2026-10-03T21:06:50.3484595Z test optional_modules_default_disabled_without_public_registration ... ok
2026-10-03T21:06:50.3488529Z test memory_identity_injection_is_caller_wins ... ok
2026-10-03T21:06:50.3493550Z test optional_modules_enabled_without_allowlist_remain_private ... ok
2026-10-03T21:06:50.3498763Z test routing_joins_all_content_and_classifies_broker_failures ... ok
2026-10-03T21:06:50.3502667Z test optional_modules_public_handlers_bound_tools_and_deny_unknown_calls ... ok
2026-10-03T21:06:50.3507799Z test writer_loop_preserves_framed_gateway_responses ... ok
2026-10-03T21:06:50.3567840Z test fixture_is_the_complete_gateway_black_box_contract ... ok
2026-10-03T21:06:59.1144789Z test in_flight_tools_call_cancellation_matches_go_oracle ... ok
2026-10-03T21:06:59.1145311Z 
2026-10-03T21:06:59.1145696Z test result: ok. 9 passed; 0 failed; 0 ignored; 0 measured; 0 filtered out; finished in 8.77s
2026-10-03T21:06:59.1146425Z 
2026-10-03T21:06:59.1169031Z      Running tests\usage_tests.rs (target\debug\deps\usage_tests-7c6cc70a9205d93d.exe)
2026-10-03T21:06:59.1296210Z 
2026-10-03T21:06:59.1296444Z running 3 tests
2026-10-03T21:06:59.1339989Z test usage_tools_deny_hides_native_tool_and_returns_method_not_found ... ok
2026-10-03T21:06:59.1446110Z test usage_is_one_policy_filtered_native_tool_and_dispatches_without_identity ... ok
2026-10-03T21:07:29.1529557Z test usage_handler_deadline_cancels_active_provider_and_skips_later_batches ... ok
2026-10-03T21:07:29.1530016Z 
2026-10-03T21:07:29.1530346Z test result: ok. 3 passed; 0 failed; 0 ignored; 0 measured; 0 filtered out; finished in 30.02s
2026-10-03T21:07:29.1530772Z 
2026-10-03T21:07:29.1557130Z      Running unittests src\lib.rs (target\debug\deps\symbrain_guard_core-2da3ce0ba45d7ace.exe)
2026-10-03T21:07:29.1748116Z 
2026-10-03T21:07:29.1748951Z running 18 tests
2026-10-03T21:07:29.1781214Z test external_decision::tests::quote_go_char_preserves_frozen_latin1_printability ... ok
2026-10-03T21:07:29.1782575Z test go_json::tests::formats_utc_seconds_from_fractional_offset_time ... ok
2026-10-03T21:07:29.1784408Z test go_json::tests::matches_go_html_and_line_separator_escaping ... ok
2026-10-03T21:07:29.1785570Z test go_json::tests::matches_go_marshal_indent_layout_and_escaping ... ok
2026-10-03T21:07:29.1789163Z test key_storage::tests::default_data_path_prefers_xdg_then_home_then_temp ... ok
2026-10-03T21:07:29.1790649Z test key_storage::tests::generate_key_has_required_size ... ok
2026-10-03T21:07:29.1801144Z test sequence::tests::canonicalizes_object_key_order ... ok
2026-10-03T21:07:29.1806310Z test sequence::tests::disabled_detector_does_not_record ... ok
2026-10-03T21:07:29.1807643Z test key_storage::tests::short_existing_key_fails_closed ... ok
2026-10-03T21:07:29.1810157Z test key_storage::tests::regular_file_parent_fails_closed ... ok
2026-10-03T21:07:29.1811258Z test key_storage::tests::load_or_create_is_stable_and_owner_only ... ok
2026-10-03T21:07:29.1812991Z test sequence::tests::ledger_summarizes_successes_failures_and_last_error_sorted ... ok
2026-10-03T21:07:29.1814750Z test sequence::tests::fuzzy_search_and_find_tools_deduplicate_queries ... ok
2026-10-03T21:07:29.1816263Z test sequence::tests::exact_repetition_blocks_at_default_threshold ... ok
2026-10-03T21:07:29.1818008Z test sequence::tests::non_positive_window_size_uses_default ... ok
2026-10-03T21:07:29.1819289Z test sequence::tests::only_attempt_states_count_and_denies_are_recoverable ... ok
2026-10-03T21:07:29.1821397Z test sequence::tests::threshold_and_tool_are_part_of_exact_contract ... ok
2026-10-03T21:07:29.1821981Z test sequence::tests::window_eviction_forgets_least_recent_signature ... ok
2026-10-03T21:07:29.1822299Z 
2026-10-03T21:07:29.1822917Z test result: ok. 18 passed; 0 failed; 0 ignored; 0 measured; 0 filtered out; finished in 0.01s
2026-10-03T21:07:29.1823292Z 
2026-10-03T21:07:29.1841680Z      Running tests\capability_oracle_tests.rs (target\debug\deps\capability_oracle_tests-02b8efa8125182fa.exe)
2026-10-03T21:07:29.2049466Z 
2026-10-03T21:07:29.2050184Z running 5 tests
2026-10-03T21:07:29.2202338Z test capability_scope_intersection_matches_pinned_go ... ok
2026-10-03T21:07:29.2233147Z test capability_oracle_provenance_and_case_ids_are_complete ... ok
2026-10-03T21:07:29.2246305Z test capability_signing_matches_pinned_go_bytes ... ok
2026-10-03T21:07:29.2260919Z test capability_wire_matches_pinned_go_bytes ... ok
2026-10-03T21:07:29.2272227Z test capability_verification_matches_pinned_go ... ok
2026-10-03T21:07:29.2272619Z 
2026-10-03T21:07:29.2274954Z test result: ok. 5 passed; 0 failed; 0 ignored; 0 measured; 0 filtered out; finished in 0.02s
2026-10-03T21:07:29.2275331Z 
2026-10-03T21:07:29.2298667Z      Running tests\external_decision.rs (target\debug\deps\external_decision-7fe9310a0980e625.exe)
2026-10-03T21:07:29.2481887Z 
2026-10-03T21:07:29.2482500Z running 6 tests
2026-10-03T21:07:29.2548759Z test deadline_equality_is_expired_with_injected_time ... ok
2026-10-03T21:07:29.2551863Z test audit_failure_flips_allow_to_deny_but_keeps_existing_deny ... ok
2026-10-03T21:07:29.2553420Z test audit_record_preserves_received_fields_and_injected_timestamp ... ok
2026-10-03T21:07:29.2556457Z test trailing_json_diagnostics_match_go_byte_scanner ... ok
2026-10-03T21:07:29.2615264Z test pinned_go_fixture_matches_direct_response_bytes ... ok
2026-10-03T21:07:29.2640262Z test fixture_provenance_mutations_are_rejected_by_the_same_validator ... ok
2026-10-03T21:07:29.2640809Z 
2026-10-03T21:07:29.2643505Z test result: ok. 6 passed; 0 failed; 0 ignored; 0 measured; 0 filtered out; finished in 0.02s
2026-10-03T21:07:29.2643885Z 
2026-10-03T21:07:29.2665961Z      Running tests\external_decision_review.rs (target\debug\deps\external_decision_review-e4e2f2e76743ae8b.exe)
2026-10-03T21:07:29.2854806Z 
2026-10-03T21:07:29.2855890Z running 2 tests
2026-10-03T21:07:29.4008224Z test mutated_review_capture_fails_the_actual_validator ... ok
2026-10-03T21:07:29.4012991Z test reviewed_counterexamples_match_go_response_and_audit ... ok
2026-10-03T21:07:29.4013717Z 
2026-10-03T21:07:29.4015904Z test result: ok. 2 passed; 0 failed; 0 ignored; 0 measured; 0 filtered out; finished in 0.12s
2026-10-03T21:07:29.4016282Z 
2026-10-03T21:07:29.4036850Z      Running tests\external_decision_serialization.rs (target\debug\deps\external_decision_serialization-2b16b519952da7f9.exe)
2026-10-03T21:07:29.4245664Z 
2026-10-03T21:07:29.4246168Z running 3 tests
2026-10-03T21:07:29.4276349Z test audit_serialization_omits_optional_empty_fields_like_go ... ok
2026-10-03T21:07:29.4277328Z test go_timestamp_is_utc_seconds_precision_for_audit_records ... ok
2026-10-03T21:07:29.4277970Z test matches_pinned_go_generated_audit_and_response_fixture ... ok
2026-10-03T21:07:29.4278332Z 
2026-10-03T21:07:29.4281180Z test result: ok. 3 passed; 0 failed; 0 ignored; 0 measured; 0 filtered out; finished in 0.00s
2026-10-03T21:07:29.4281625Z 
2026-10-03T21:07:29.4300056Z      Running tests\external_repair.rs (target\debug\deps\external_repair-62ecc206ece4d983.exe)
2026-10-03T21:07:29.4489005Z 
2026-10-03T21:07:29.4490157Z running 2 tests
2026-10-03T21:07:29.4557022Z test deadline_nanosecond_boundary_is_not_rounded ... ok
2026-10-03T21:07:29.4793077Z test replay_f01_f05_production_go_observations ... ok
2026-10-03T21:07:29.4793521Z 
2026-10-03T21:07:29.4794204Z test result: ok. 2 passed; 0 failed; 0 ignored; 0 measured; 0 filtered out; finished in 0.03s
2026-10-03T21:07:29.4794655Z 
2026-10-03T21:07:29.4816468Z      Running tests\oracle_tests.rs (target\debug\deps\oracle_tests-7eacc35d2a9c08a3.exe)
2026-10-03T21:07:29.5001751Z 
2026-10-03T21:07:29.5001989Z running 5 tests
2026-10-03T21:07:29.5063636Z test fail_closed_control_has_no_reason_bytes ... ok
2026-10-03T21:07:29.5070538Z test policy_match_criteria_is_conjunctive ... ok
2026-10-03T21:07:29.5078530Z test static_scope_kernel_rejects_missing_capability ... ok
2026-10-03T21:07:29.5082326Z test catalog_json_validation_preserves_unknown_decision_error ... ok
2026-10-03T21:07:29.5186663Z test guard_core_matches_go_oracle_bytes ... ok
2026-10-03T21:07:29.5186995Z 
2026-10-03T21:07:29.5187570Z test result: ok. 5 passed; 0 failed; 0 ignored; 0 measured; 0 filtered out; finished in 0.02s
2026-10-03T21:07:29.5187936Z 
2026-10-03T21:07:29.5210360Z      Running unittests src\lib.rs (target\debug\deps\symbrain_harness-7b22e9145b1da9ea.exe)
2026-10-03T21:07:29.5320086Z 
2026-10-03T21:07:29.5320458Z running 1 test
2026-10-03T21:07:29.5323709Z test inventory_read::tests::clean_path_preserves_leading_parent_components ... ok
2026-10-03T21:07:29.5324331Z 
2026-10-03T21:07:29.5324819Z test result: ok. 1 passed; 0 failed; 0 ignored; 0 measured; 0 filtered out; finished in 0.00s
2026-10-03T21:07:29.5325163Z 
2026-10-03T21:07:29.5341648Z      Running tests\harness_tests.rs (target\debug\deps\harness_tests-d6deb9b53472b2c2.exe)
2026-10-03T21:07:29.5449429Z 
2026-10-03T21:07:29.5449776Z running 15 tests
2026-10-03T21:07:29.5460684Z test entry_semantics_match_go_and_are_cross_platform ... ok
2026-10-03T21:07:29.5465859Z test failed_remove_is_rollback_safe ... ok
2026-10-03T21:07:29.5481364Z test go_toml_goldens_are_byte_exact_and_reversible ... ok
2026-10-03T21:07:29.5486444Z test injected_paths_use_target_os_not_host_goos ... ok
2026-10-03T21:07:29.5492062Z test go_json_goldens_are_byte_exact_and_reversible ... ok
2026-10-03T21:07:29.5497985Z test json_preserves_duplicate_key_order_and_numeric_lexemes ... ok
2026-10-03T21:07:29.5501688Z test backup_clock_and_mode_are_deterministic_on_unix ... ok
2026-10-03T21:07:29.5504582Z test parser_rejects_malformed_and_wrong_top_level_documents ... ok
2026-10-03T21:07:29.5510157Z test parsers_reject_excessive_depth_and_redact_malformed_toml_values ... ok
2026-10-03T21:07:29.5514784Z test registry_is_exactly_the_nine_entry_go_registry ... ok
2026-10-03T21:07:29.5523832Z test backups_with_same_timestamp_keep_both_snapshots ... ok
2026-10-03T21:07:29.5524674Z test inventory_models_are_read_only_and_redact_environment_values ... ok
2026-10-03T21:07:29.5527009Z test unsupported_adapters_are_not_mcp_documents ... ok
2026-10-03T21:07:29.5534544Z test unified_diff_matches_go_small_and_oversized_contracts ... ok
2026-10-03T21:07:29.6116271Z test parsers_reject_excessive_input_shapes ... ok
2026-10-03T21:07:29.6117005Z 
2026-10-03T21:07:29.6117430Z test result: ok. 15 passed; 0 failed; 0 ignored; 0 measured; 0 filtered out; finished in 0.07s
2026-10-03T21:07:29.6117990Z 
2026-10-03T21:07:29.6141544Z      Running tests\path_safety.rs (target\debug\deps\path_safety-bb154d928946f3b8.exe)
2026-10-03T21:07:29.6280718Z 
2026-10-03T21:07:29.6281265Z running 2 tests
2026-10-03T21:07:29.6291149Z test inventory_display_preserves_leading_parent_sibling_path ... ok
2026-10-03T21:07:29.6319097Z test profile_binding_scan_preserves_leading_parent_sibling_path ... ok
2026-10-03T21:07:29.6319693Z 
2026-10-03T21:07:29.6320183Z test result: ok. 2 passed; 0 failed; 0 ignored; 0 measured; 0 filtered out; finished in 0.00s
2026-10-03T21:07:29.6320783Z 
2026-10-03T21:07:29.6341063Z      Running unittests src\lib.rs (target\debug\deps\symbrain_instructions-32613a58b549380c.exe)
2026-10-03T21:07:29.6448401Z 
2026-10-03T21:07:29.6448986Z running 0 tests
2026-10-03T21:07:29.6449275Z 
2026-10-03T21:07:29.6450001Z test result: ok. 0 passed; 0 failed; 0 ignored; 0 measured; 0 filtered out; finished in 0.00s
2026-10-03T21:07:29.6450627Z 
2026-10-03T21:07:29.6467715Z      Running tests\confinement_tests.rs (target\debug\deps\confinement_tests-ad1ba9d185c3e644.exe)
2026-10-03T21:07:29.6628149Z 
2026-10-03T21:07:29.6628606Z running 1 test
2026-10-03T21:07:29.6646848Z test trusted_root_api_rejects_absolute_target_components ... ok
2026-10-03T21:07:29.6647179Z 
2026-10-03T21:07:29.6649246Z test result: ok. 1 passed; 0 failed; 0 ignored; 0 measured; 0 filtered out; finished in 0.00s
2026-10-03T21:07:29.6649725Z 
2026-10-03T21:07:29.6667871Z      Running tests\instruction_tests.rs (target\debug\deps\instruction_tests-9a8238c612306e8c.exe)
2026-10-03T21:07:29.6850755Z 
2026-10-03T21:07:29.6851361Z running 16 tests
2026-10-03T21:07:29.6887181Z test malformed_and_multiple_boundaries_use_only_the_first_block ... ok
2026-10-03T21:07:29.6889434Z test missing_source_files_are_empty_and_other_io_errors_are_returned ... ok
2026-10-03T21:07:29.6900509Z test oracle_provenance_is_present_and_pinned ... ok
2026-10-03T21:07:29.6905506Z test oracle_render_cases_match_go ... ok
2026-10-03T21:07:29.6908571Z test prefix_code_escape_is_injective_and_preserves_ordinary_bytes ... ok
2026-10-03T21:07:29.6909884Z test preserves_non_utf8_bytes_like_go_strings ... ok
2026-10-03T21:07:29.6920551Z test renders_the_pinned_five_goldens ... ok
2026-10-03T21:07:29.6924991Z test preserves_unmanaged_prefix_and_suffix_across_property_inputs ... ok
2026-10-03T21:07:29.6925961Z test reserved_markers_in_content_are_escaped_and_idempotent ... ok
2026-10-03T21:07:29.6947696Z test second_render_is_byte_identical_for_deterministic_inputs ... ok
2026-10-03T21:07:29.6955135Z test source_paths_follow_xdg_and_project_layout ... ok
2026-10-03T21:07:29.6960783Z test source_concatenates_without_inventing_a_separator ... ok
2026-10-03T21:07:29.6989885Z test oracle_source_cases_match_go ... ok
2026-10-03T21:07:29.6990793Z test source_rejects_directories_and_oversized_files ... ok
2026-10-03T21:07:29.7040251Z test oracle_source_verdict_cases_match_go ... ok
2026-10-03T21:07:29.7054470Z test source_rejects_oversized_merged_content ... ok
2026-10-03T21:07:29.7054891Z 
2026-10-03T21:07:29.7057479Z test result: ok. 16 passed; 0 failed; 0 ignored; 0 measured; 0 filtered out; finished in 0.02s
2026-10-03T21:07:29.7057837Z 
2026-10-03T21:07:29.7078727Z      Running unittests src\lib.rs (target\debug\deps\symbrain_managed-8c6a33329426348f.exe)
2026-10-03T21:07:29.7187468Z 
2026-10-03T21:07:29.7187744Z running 4 tests
2026-10-03T21:07:29.7206301Z test manifest::tests::active_cores_defaults_to_mandatory_only ... ok
2026-10-03T21:07:29.7206902Z test manifest::tests::active_cores_honors_explicit_false_and_true ... ok
2026-10-03T21:07:29.7218577Z test provenance::tests::release_provenance_matches_go_sidecar_contract ... ok
2026-10-03T21:07:29.7223192Z test version_probe::tests::extensionless_pe_is_not_executed_without_a_pathext_candidate ... ok
2026-10-03T21:07:29.7224266Z 
2026-10-03T21:07:29.7224771Z test result: ok. 4 passed; 0 failed; 0 ignored; 0 measured; 0 filtered out; finished in 0.00s
2026-10-03T21:07:29.7225399Z 
2026-10-03T21:07:29.7242723Z      Running tests\install_tests.rs (target\debug\deps\install_tests-9488ee739859965f.exe)
2026-10-03T21:07:29.7366441Z 
2026-10-03T21:07:29.7366721Z running 7 tests
2026-10-03T21:07:29.7579350Z test checksum_failure_leaves_existing_binary_untouched ... ok
2026-10-03T21:07:29.7602206Z test installer_downloads_fallback_asset_verifies_and_installs ... ok
2026-10-03T21:07:29.7738650Z test installer_prefers_versioned_asset_with_manifest_pin ... ok
2026-10-03T21:07:29.7878775Z test pinned_primary_mismatch_does_not_downgrade_to_alternate ... ok
2026-10-03T21:07:29.8047304Z test installer_retries_alternate_after_http10_closes_missing_asset_response ... ok
2026-10-03T21:07:29.9678478Z test installed_version_probes_native_windows_executable ... ok
2026-10-03T21:07:32.9450122Z test installed_version_timeout_kills_native_windows_executable ... ok
2026-10-03T21:07:32.9451202Z 
2026-10-03T21:07:32.9451755Z test result: ok. 7 passed; 0 failed; 0 ignored; 0 measured; 0 filtered out; finished in 3.21s
2026-10-03T21:07:32.9452491Z 
2026-10-03T21:07:32.9474599Z      Running tests\oracle_differential_tests.rs (target\debug\deps\oracle_differential_tests-4c53f461bdc88e86.exe)
2026-10-03T21:07:32.9590814Z 
2026-10-03T21:07:32.9591371Z running 5 tests
2026-10-03T21:07:32.9612599Z test embedded_manifest_and_core_naming_match_go ... ok
2026-10-03T21:07:32.9616060Z test release_url_is_tag_pinned ... ok
2026-10-03T21:07:32.9625817Z test checksum_contract_matches_go ... ok
2026-10-03T21:07:32.9636972Z test atomic_install_replaces_bytes_and_sets_executable_mode ... ok
2026-10-03T21:07:32.9673178Z test archive_selection_and_security_errors_match_go ... ok
2026-10-03T21:07:32.9673641Z 
2026-10-03T21:07:32.9673982Z test result: ok. 5 passed; 0 failed; 0 ignored; 0 measured; 0 filtered out; finished in 0.01s
2026-10-03T21:07:32.9674340Z 
2026-10-03T21:07:32.9697729Z      Running tests\version_probe_windows.rs (target\debug\deps\version_probe_windows-0d4a2da94831ee02.exe)
2026-10-03T21:07:32.9808998Z 
2026-10-03T21:07:32.9809368Z running 1 test
2026-10-03T21:07:33.1952090Z test managed_version_checks_original_name_before_windows_extension_lookup ... ok
2026-10-03T21:07:33.1952490Z 
2026-10-03T21:07:33.1952780Z test result: ok. 1 passed; 0 failed; 0 ignored; 0 measured; 0 filtered out; finished in 0.21s
2026-10-03T21:07:33.1953136Z 
2026-10-03T21:07:33.1969824Z      Running unittests src\lib.rs (target\debug\deps\symbrain_mcp-680b34aedd221904.exe)
2026-10-03T21:07:33.2077494Z 
2026-10-03T21:07:33.2078296Z running 5 tests
2026-10-03T21:07:33.2086784Z test frame::tests::response_mode_is_symmetric ... ok
2026-10-03T21:07:33.2087775Z test frame::tests::preserves_null_id_as_a_request ... ok
2026-10-03T21:07:33.2088647Z test model::tests::request_distinguishes_absent_null_and_numeric_ids ... ok
2026-10-03T21:07:33.2089476Z test frame::tests::reads_line_and_framed_requests ... ok
2026-10-03T21:07:33.2090209Z test model::tests::response_omits_opposite_branch_and_keeps_null_id ... ok
2026-10-03T21:07:33.2090534Z 
2026-10-03T21:07:33.2090809Z test result: ok. 5 passed; 0 failed; 0 ignored; 0 measured; 0 filtered out; finished in 0.00s
2026-10-03T21:07:33.2091493Z 
2026-10-03T21:07:33.2109197Z      Running tests\gateway_protocol_tests.rs (target\debug\deps\gateway_protocol_tests-a2e74f1cd137d6e2.exe)
2026-10-03T21:07:33.2284388Z 
2026-10-03T21:07:33.2284867Z running 16 tests
2026-10-03T21:07:33.2328860Z test every_write_mode_flushes_buffered_writer ... ok
2026-10-03T21:07:33.2337124Z test excessive_framed_headers_are_rejected_by_total_bytes_and_line_count ... ok
2026-10-03T21:07:33.2339928Z test cancellation_context_reaches_in_flight_tool_dispatch ... ok
2026-10-03T21:07:33.2345002Z test concurrent_failures_preserve_dispatch_and_response_types ... ok
2026-10-03T21:07:33.2346571Z test invalid_jsonrpc_envelopes_receive_invalid_request_errors ... ok
2026-10-03T21:07:33.2349012Z test loop_dispatches_requests_and_keeps_transport_mode_symmetric ... ok
2026-10-03T21:07:33.2355460Z test loop_dispatches_tools_list_and_call ... ok
2026-10-03T21:07:33.2357566Z test malformed_framed_body_gets_framed_parse_error ... ok
2026-10-03T21:07:33.2359304Z test malformed_line_gets_parse_error_and_loop_continues ... ok
2026-10-03T21:07:33.2363152Z test notifications_are_silent_but_null_id_is_a_request ... ok
2026-10-03T21:07:33.2364378Z test partial_framed_body_is_a_fatal_frame_error ... ok
2026-10-03T21:07:33.2365067Z test protocol_fixture_covers_required_loop_cases ... ok
2026-10-03T21:07:33.2366147Z test dispatcher_panics_become_internal_errors_in_sync_and_concurrent_modes ... ok
2026-10-03T21:07:33.2368500Z test response_serialization_failure_is_returned ... ok
2026-10-03T21:07:33.2371021Z test writer_failure_is_returned ... ok
2026-10-03T21:07:33.2583452Z test tool_calls_dispatch_concurrently_and_join_before_eof ... ok
2026-10-03T21:07:33.2584023Z 
2026-10-03T21:07:33.2584459Z test result: ok. 16 passed; 0 failed; 0 ignored; 0 measured; 0 filtered out; finished in 0.03s
2026-10-03T21:07:33.2585102Z 
2026-10-03T21:07:33.2608443Z      Running tests\oracle_differential_tests.rs (target\debug\deps\oracle_differential_tests-b48664e3c2082c18.exe)
2026-10-03T21:07:33.2855313Z 
2026-10-03T21:07:33.2855757Z running 2 tests
2026-10-03T21:07:33.2906548Z test params_preserve_raw_json_bytes ... ok
2026-10-03T21:07:33.3263553Z test framing_and_response_bytes_match_go_oracle ... ok
2026-10-03T21:07:33.3264598Z 
2026-10-03T21:07:33.3266527Z test result: ok. 2 passed; 0 failed; 0 ignored; 0 measured; 0 filtered out; finished in 0.04s
2026-10-03T21:07:33.3266931Z 
2026-10-03T21:07:33.3294877Z      Running unittests src\lib.rs (target\debug\deps\symbrain_memory-a8328897826d3149.exe)
2026-10-03T21:07:33.3428223Z 
2026-10-03T21:07:33.3428705Z running 25 tests
2026-10-03T21:07:35.2695862Z test db_oracle_tests::constraint_cases_are_rejected_like_go ... ok
2026-10-03T21:07:35.2862466Z test db_oracle_tests::memories_columns_match_the_go_schema ... ok
2026-10-03T21:07:35.3014576Z test db_oracle_tests::indexes_match_the_go_schema ... ok
2026-10-03T21:07:35.3174908Z test db_oracle_tests::lock_pragmas_match_the_go_facts ... ok
2026-10-03T21:07:35.3179874Z test embedding::tests::hash_fallback_is_normalized_and_deterministic ... ok
2026-10-03T21:07:35.3254932Z test embedding::tests::shared_llm_client_keeps_ollama_openai_request_contract ... ok
2026-10-03T21:07:35.3314728Z test embedding::tests::shared_llm_client_rejects_extra_embedding_items_like_go_llmkit ... ok
2026-10-03T21:07:35.3388475Z test embedding::tests::shared_llm_client_rejects_wrong_dimension_and_http_errors ... ok
2026-10-03T21:07:36.3456905Z test db_oracle_tests::ordering_cases_match_the_go_facts ... ok
2026-10-03T21:07:36.3461664Z test embedding::tests::stop_words_and_punctuation_do_not_change_the_direction ... ok
2026-10-03T21:07:36.3466371Z test gorand::tests::the_normal_stream_matches_go ... ok
2026-10-03T21:07:36.3531176Z test gorand::tests::the_projection_rows_match_go ... ok
2026-10-03T21:07:36.3535474Z test gotime::tests::parses_every_known_rendering ... ok
2026-10-03T21:07:36.3539361Z test gotime::tests::renders_the_shipped_form ... ok
2026-10-03T21:07:36.3543932Z test lsh::tests::a_dimension_mismatch_is_rejected_instead_of_truncated ... ok
2026-10-03T21:07:36.3547431Z test lsh::tests::neighbors_cover_every_bucket_within_two_flips ... ok
2026-10-03T21:07:36.3552484Z test lsh::tests::the_hash_is_deterministic_and_covers_the_bucket_range ... ok
2026-10-03T21:07:36.3558758Z test lsh::tests::the_hash_matches_the_shipped_store ... ok
2026-10-03T21:07:36.3561555Z test retrieval::tests::cosine_is_one_for_identical_directions ... ok
2026-10-03T21:07:36.3564264Z test retrieval::tests::placeholders_match_the_shipped_clause ... ok
2026-10-03T21:07:36.3566580Z test retrieval::tests::the_score_weights_the_three_default_terms ... ok
2026-10-03T21:07:36.3622059Z test db_oracle_tests::tables_match_the_go_schema ... ok
2026-10-03T21:07:36.3625197Z test db_oracle_tests::triggers_and_views_match_the_go_schema ... ok
2026-10-03T21:07:36.3739435Z test store::tests::sync_oplog_tracks_memory_lifecycle_and_excludes_marked_rows ... ok
2026-10-03T21:07:37.6430781Z test embedding::tests::shared_llm_client_times_out_to_hash_fallback ... ok
2026-10-03T21:07:37.6431234Z 
2026-10-03T21:07:37.6431585Z test result: ok. 25 passed; 0 failed; 0 ignored; 0 measured; 0 filtered out; finished in 4.30s
2026-10-03T21:07:37.6432036Z 
2026-10-03T21:07:37.6463109Z      Running tests\store_contract_tests.rs (target\debug\deps\store_contract_tests-cabf67bfe2e7f95a.exe)
2026-10-03T21:07:37.6580463Z 
2026-10-03T21:07:37.6580847Z running 7 tests
2026-10-03T21:07:39.3032458Z test written_row_uses_shipped_columns ... ok
2026-10-03T21:07:39.3509638Z test a_native_row_reaches_the_shipped_fts_index ... ok
2026-10-03T21:07:39.3664614Z test shipped_timestamp_rendering_is_readable ... ok
2026-10-03T21:07:40.2224775Z test missing_shipped_columns_are_added_to_an_existing_database ... ok
2026-10-03T21:07:40.6348131Z test written_row_uses_shipped_embedding ... ok
2026-10-03T21:07:40.6505951Z test written_row_uses_shipped_identifiers ... ok
2026-10-03T21:07:40.6542270Z test written_row_uses_shipped_timestamps ... ok
2026-10-03T21:07:40.6542799Z 
2026-10-03T21:07:40.6543379Z test result: ok. 7 passed; 0 failed; 0 ignored; 0 measured; 0 filtered out; finished in 3.00s
2026-10-03T21:07:40.6544107Z 
2026-10-03T21:07:40.6572248Z      Running unittests src\lib.rs (target\debug\deps\symbrain_patterns-38a54425cd12f8dd.exe)
2026-10-03T21:07:40.6686431Z 
2026-10-03T21:07:40.6686918Z running 3 tests
2026-10-03T21:07:40.6696067Z test tests::single_steps_and_wrong_order_do_not_promote ... ok
2026-10-03T21:07:40.6696996Z test tests::promotion_preserves_order_threshold_and_provenance ... ok
2026-10-03T21:07:42.8834639Z test store::tests::roundtrip_skips_malformed_and_prunes ... ok
2026-10-03T21:07:42.8834961Z 
2026-10-03T21:07:42.8835226Z test result: ok. 3 passed; 0 failed; 0 ignored; 0 measured; 0 filtered out; finished in 2.21s
2026-10-03T21:07:42.8835976Z 
2026-10-03T21:07:42.8857887Z      Running unittests src\lib.rs (target\debug\deps\symbrain_policy-42ab42c4cf09dfec.exe)
2026-10-03T21:07:42.8966370Z 
2026-10-03T21:07:42.8966804Z running 5 tests
2026-10-03T21:07:42.8973005Z test policy::identity::tests::identity_parameter_matrix ... ok
2026-10-03T21:07:42.8974348Z test error::tests::missing_path_error_matches_go_wording ... ok
2026-10-03T21:07:42.8975789Z test profile::validate::tests::validate_name_matrix ... ok
2026-10-03T21:07:42.8987258Z test profile::create::tests::non_unix_mode_helpers_are_noops ... ok
2026-10-03T21:07:42.9500074Z test profile::create::tests::concurrent_creators_never_clobber_each_other ... ok
2026-10-03T21:07:42.9500828Z 
2026-10-03T21:07:42.9501359Z test result: ok. 5 passed; 0 failed; 0 ignored; 0 measured; 0 filtered out; finished in 0.05s
2026-10-03T21:07:42.9502092Z 
2026-10-03T21:07:42.9523195Z      Running tests\activity_tests.rs (target\debug\deps\activity_tests-4d0eb1e378dcda28.exe)
2026-10-03T21:07:42.9637262Z 
2026-10-03T21:07:42.9637806Z running 1 test
2026-10-03T21:07:42.9642645Z test test_memory_activity_reads_default_deny_and_explicit_allow ... ok
2026-10-03T21:07:42.9643087Z 
2026-10-03T21:07:42.9643393Z test result: ok. 1 passed; 0 failed; 0 ignored; 0 measured; 0 filtered out; finished in 0.00s
2026-10-03T21:07:42.9643787Z 
2026-10-03T21:07:42.9662856Z      Running tests\fixtures_tests.rs (target\debug\deps\fixtures_tests-326ae0d702a1fbd1.exe)
2026-10-03T21:07:42.9783709Z 
2026-10-03T21:07:42.9784425Z running 4 tests
2026-10-03T21:07:42.9814108Z test test_prod_foreign_read_only_fixture_contract ... ok
2026-10-03T21:07:42.9814880Z test test_prod_restricted_fixture_contract ... ok
2026-10-03T21:07:42.9815696Z test test_prod_personal_fixture_contract ... ok
2026-10-03T21:07:42.9816284Z test test_parameterized_negative_cases ... ok
2026-10-03T21:07:42.9816501Z 
2026-10-03T21:07:42.9816778Z test result: ok. 4 passed; 0 failed; 0 ignored; 0 measured; 0 filtered out; finished in 0.00s
2026-10-03T21:07:42.9817138Z 
2026-10-03T21:07:42.9840058Z      Running tests\foreign_tests.rs (target\debug\deps\foreign_tests-9e644b9b3b72fa1f.exe)
2026-10-03T21:07:42.9957163Z 
2026-10-03T21:07:42.9957626Z running 14 tests
2026-10-03T21:07:42.9966409Z test test_evaluate_foreign_disabled_hides_everything ... ok
2026-10-03T21:07:42.9968007Z test test_evaluate_foreign_default_access_is_write ... ok
2026-10-03T21:07:42.9969432Z test test_evaluate_foreign_access_write_exposes_everything ... ok
2026-10-03T21:07:42.9970366Z test test_evaluate_foreign_access_read_exposes_only_reading_tools ... ok
2026-10-03T21:07:42.9972116Z test test_evaluate_foreign_empty_catalog_disabled ... ok
2026-10-03T21:07:42.9973421Z test test_evaluate_foreign_empty_catalog_read ... ok
2026-10-03T21:07:42.9974068Z test test_evaluate_foreign_empty_catalog_write ... ok
2026-10-03T21:07:42.9975517Z test test_evaluate_foreign_invalid_access_errors ... ok
2026-10-03T21:07:42.9976484Z test test_evaluate_foreign_tools_allow_narrows ... ok
2026-10-03T21:07:42.9978627Z test test_evaluate_foreign_tools_deny_wins_over_access_and_allow ... ok
2026-10-03T21:07:42.9981174Z test test_evaluate_foreign_tools_read_overrides_write_hint ... ok
2026-10-03T21:07:42.9982012Z test test_evaluate_foreign_tools_write_overrides_read_hint ... ok
2026-10-03T21:07:42.9982795Z test test_evaluate_foreign_unannotated_tool_defaults_to_write ... ok
2026-10-03T21:07:42.9983480Z test test_foreign_tool_with_full_annotations ... ok
2026-10-03T21:07:42.9983881Z 
2026-10-03T21:07:42.9984641Z test result: ok. 14 passed; 0 failed; 0 ignored; 0 measured; 0 filtered out; finished in 0.00s
2026-10-03T21:07:42.9985243Z 
2026-10-03T21:07:43.0004988Z      Running tests\oracle_differential_tests.rs (target\debug\deps\oracle_differential_tests-76ad0e0cc7f606c1.exe)
2026-10-03T21:07:43.0121604Z 
2026-10-03T21:07:43.0122138Z running 2 tests
2026-10-03T21:07:43.0154741Z test test_oracle_backed_policy_cases ... ok
2026-10-03T21:07:43.0187525Z test test_oracle_backed_profile_cases ... ok
2026-10-03T21:07:43.0188001Z 
2026-10-03T21:07:43.0188550Z test result: ok. 2 passed; 0 failed; 0 ignored; 0 measured; 0 filtered out; finished in 0.01s
2026-10-03T21:07:43.0189316Z 
2026-10-03T21:07:43.0212415Z      Running tests\policy_tests.rs (target\debug\deps\policy_tests-9933e665f485f54a.exe)
2026-10-03T21:07:43.0326245Z 
2026-10-03T21:07:43.0326687Z running 14 tests
2026-10-03T21:07:43.0337110Z test test_evaluate_deny_wins_over_allow ... ok
2026-10-03T21:07:43.0338170Z test test_evaluate_skills_matrix ... ok
2026-10-03T21:07:43.0340314Z test test_evaluate_preset_vault_and_memory ... ok
2026-10-03T21:07:43.0341261Z test test_evaluate_memory_modes ... ok
2026-10-03T21:07:43.0341922Z test test_evaluate_tools_allow_overrides_preset ... ok
2026-10-03T21:07:43.0342908Z test test_evaluate_tools_deny_removes_from_preset ... ok
2026-10-03T21:07:43.0345897Z test test_evaluate_usage_matrix ... ok
2026-10-03T21:07:43.0346718Z test test_evaluate_unknown_upstream_tool_never_exposed_under_preset ... ok
2026-10-03T21:07:43.0348893Z test test_identity_parameter_mapping ... ok
2026-10-03T21:07:43.0349758Z test test_evaluate_vault_modes ... ok
2026-10-03T21:07:43.0352428Z test test_optional_modules_enabled_without_allowlist_default_deny ... ok
2026-10-03T21:07:43.0353834Z test test_optional_modules_allowlist_cannot_widen_hard_maximum ... ok
2026-10-03T21:07:43.0354535Z test test_preset_tools_lookup ... ok
2026-10-03T21:07:43.0354930Z test test_report_verdict_lookup ... ok
2026-10-03T21:07:43.0355123Z 
2026-10-03T21:07:43.0355395Z test result: ok. 14 passed; 0 failed; 0 ignored; 0 measured; 0 filtered out; finished in 0.00s
2026-10-03T21:07:43.0355751Z 
2026-10-03T21:07:43.0374897Z      Running tests\profile_fs_tests.rs (target\debug\deps\profile_fs_tests-1e99aa53e96888a5.exe)
2026-10-03T21:07:43.0489667Z 
2026-10-03T21:07:43.0490160Z running 8 tests
2026-10-03T21:07:43.0519631Z test exists_reports_truthful_state ... ok
2026-10-03T21:07:43.0525166Z test load_all_reports_per_file_errors_without_failing_overall ... ok
2026-10-03T21:07:43.0527155Z test list_names_sorted_and_ignores_non_toml ... ok
2026-10-03T21:07:43.0536602Z test load_file_errors_matrix ... ok
2026-10-03T21:07:43.0537146Z test load_missing_file_errors ... ok
2026-10-03T21:07:43.0537699Z test load_path_traversal_name_rejected ... ok
2026-10-03T21:07:43.0540680Z test load_file_valid_room_local_profile ... ok
2026-10-03T21:07:43.0552698Z test load_valid_file_from_dir ... ok
2026-10-03T21:07:43.0553027Z 
2026-10-03T21:07:43.0553499Z test result: ok. 8 passed; 0 failed; 0 ignored; 0 measured; 0 filtered out; finished in 0.01s
2026-10-03T21:07:43.0554127Z 
2026-10-03T21:07:43.0580258Z      Running tests\profile_tests.rs (target\debug\deps\profile_tests-dfd4110c1c85f365.exe)
2026-10-03T21:07:43.0711639Z 
2026-10-03T21:07:43.0712720Z running 14 tests
2026-10-03T21:07:43.0735187Z test parse_defaults_when_servers_and_audit_omitted ... ok
2026-10-03T21:07:43.0735991Z test parse_foreign_server_mode_ignored_with_warning ... ok
2026-10-03T21:07:43.0736655Z test parse_foreign_server_with_command_and_args ... ok
2026-10-03T21:07:43.0737298Z test parse_core_alias_cannot_be_foreign ... ok
2026-10-03T21:07:43.0742855Z test parse_foreign_server_with_url ... ok
2026-10-03T21:07:43.0745502Z test parse_foreign_server_without_transport_errors ... ok
2026-10-03T21:07:43.0746204Z test parse_nested_inline_and_dotted_combinations ... ok
2026-10-03T21:07:43.0747386Z test parse_inline_tables_under_servers_profile_audit ... ok
2026-10-03T21:07:43.0753087Z test parse_server_enabled_without_mode_gets_least_privilege_default ... ok
2026-10-03T21:07:43.0753943Z test parse_tools_allow_and_deny_both_parse ... ok
2026-10-03T21:07:43.0754620Z test parse_unknown_top_level_key_warns_not_fails ... ok
2026-10-03T21:07:43.0756663Z test parse_valid_full_profile ... ok
2026-10-03T21:07:43.0760603Z test parse_valid_restricted_profile ... ok
2026-10-03T21:07:43.0761344Z test unknown_keys_reports_only_leaf_and_explicit_tables_never_intermediate ... ok
2026-10-03T21:07:43.0761919Z 
2026-10-03T21:07:43.0762367Z test result: ok. 14 passed; 0 failed; 0 ignored; 0 measured; 0 filtered out; finished in 0.01s
2026-10-03T21:07:43.0762955Z 
2026-10-03T21:07:43.0786863Z      Running tests\profile_validation_tests.rs (target\debug\deps\profile_validation_tests-9185a4927abd7a05.exe)
2026-10-03T21:07:43.0920599Z 
2026-10-03T21:07:43.0921834Z running 11 tests
2026-10-03T21:07:43.0947334Z test parse_invalid_memory_mode_errors ... ok
2026-10-03T21:07:43.0951241Z test parse_core_alias_access_and_tools_ignored_with_warning ... ok
2026-10-03T21:07:43.0954363Z test parse_foreign_server_access_validation ... ok
2026-10-03T21:07:43.0956198Z test audit_verbose_is_omitted_when_default_and_serialized_when_enabled ... ok
2026-10-03T21:07:43.0957219Z test parse_invalid_vault_mode_errors ... ok
2026-10-03T21:07:43.0958061Z test parse_malformed_toml_errors ... ok
2026-10-03T21:07:43.0958590Z test parse_name_mismatch_errors ... ok
2026-10-03T21:07:43.0959227Z test parse_skills_mode_is_ignored_with_warning ... ok
2026-10-03T21:07:43.0961604Z test parse_usage_tools_allow_deny ... ok
2026-10-03T21:07:43.0962368Z test validate_name_cases ... ok
2026-10-03T21:07:43.0962834Z test parse_usage_server_options ... ok
2026-10-03T21:07:43.0963156Z 
2026-10-03T21:07:43.0964206Z test result: ok. 11 passed; 0 failed; 0 ignored; 0 measured; 0 filtered out; finished in 0.00s
2026-10-03T21:07:43.0964803Z 
2026-10-03T21:07:43.0987157Z      Running tests\typed_decode_tests.rs (target\debug\deps\typed_decode_tests-212055191dfc2984.exe)
2026-10-03T21:07:43.1112866Z 
2026-10-03T21:07:43.1113297Z running 24 tests
2026-10-03T21:07:43.1134743Z test test_wrong_audit_enabled_type ... ok
2026-10-03T21:07:43.1136981Z test test_wrong_args_non_string_element ... ok
2026-10-03T21:07:43.1137876Z test test_wrong_args_not_array ... ok
2026-10-03T21:07:43.1138399Z test test_wrong_access_string_mismatch ... ok
2026-10-03T21:07:43.1142080Z test test_wrong_audit_type ... ok
2026-10-03T21:07:43.1143315Z test test_wrong_profile_description_type ... ok
2026-10-03T21:07:43.1144789Z test test_wrong_command_string_mismatch ... ok
2026-10-03T21:07:43.1146667Z test test_wrong_profile_name_type ... ok
2026-10-03T21:07:43.1148850Z test test_wrong_profile_type ... ok
2026-10-03T21:07:43.1150078Z test test_wrong_server_enabled_boolean_mismatch ... ok
2026-10-03T21:07:43.1151205Z test test_wrong_server_entry_integer ... ok
2026-10-03T21:07:43.1154437Z test test_wrong_server_entry_array ... ok
2026-10-03T21:07:43.1155845Z test test_wrong_server_entry_string ... ok
2026-10-03T21:07:43.1156433Z test test_wrong_server_mode_string_mismatch ... ok
2026-10-03T21:07:43.1157323Z test test_wrong_servers_type ... ok
2026-10-03T21:07:43.1162353Z test test_wrong_tools_allow_not_array ... ok
2026-10-03T21:07:43.1162987Z test test_wrong_tools_allow_non_string_element ... ok
2026-10-03T21:07:43.1163604Z test test_wrong_tools_deny_non_string_element ... ok
2026-10-03T21:07:43.1164921Z test test_wrong_tools_deny_not_array ... ok
2026-10-03T21:07:43.1168916Z test test_wrong_tools_read_non_string_element ... ok
2026-10-03T21:07:43.1169740Z test test_wrong_tools_read_not_array ... ok
2026-10-03T21:07:43.1170377Z test test_wrong_tools_write_non_string_element ... ok
2026-10-03T21:07:43.1170995Z test test_wrong_tools_write_not_array ... ok
2026-10-03T21:07:43.1173191Z test test_wrong_url_string_mismatch ... ok
2026-10-03T21:07:43.1173531Z 
2026-10-03T21:07:43.1174036Z test result: ok. 24 passed; 0 failed; 0 ignored; 0 measured; 0 filtered out; finished in 0.01s
2026-10-03T21:07:43.1174652Z 
2026-10-03T21:07:43.1197929Z      Running unittests src\lib.rs (target\debug\deps\symbrain_skills-00a401fd663a826e.exe)
2026-10-03T21:07:43.1323273Z 
2026-10-03T21:07:43.1323895Z running 15 tests
2026-10-03T21:07:43.1331733Z test cap_root::tests::drive_and_unc_roots_preserve_their_volume ... ok
2026-10-03T21:07:43.1364024Z test install::lock::tests::read_locks_do_not_initialize_legacy_roots ... ok
2026-10-03T21:07:43.1372756Z test install::sync_lock::tests::existing_fresh_lock_reports_held ... ok
2026-10-03T21:07:43.1376259Z test load::path_spelling_tests::only_extended_drive_and_unc_volume_prefixes_have_ordinary_aliases ... ok
2026-10-03T21:07:43.1377413Z test install::sync_lock::tests::lock_record_and_path_match_go_contract ... ok
2026-10-03T21:07:43.1400748Z test install::transaction::tests::transaction_cleanup_unlinks_directory_symlink_without_touching_target ... ok
2026-10-03T21:07:43.1402038Z test load::tests::actual_read_budget_accepts_exact_total_then_rejects_one_over ... ok
2026-10-03T21:07:43.1406404Z test load::tests::enumeration_stops_before_collecting_over_limit ... ok
2026-10-03T21:07:43.1415405Z test load::tests::growth_at_exhausted_budget_does_not_read_a_probe_byte ... ok
2026-10-03T21:07:43.1421135Z test load::tests::a_second_bundle_cannot_reset_the_operation_budget ... ok
2026-10-03T21:07:43.1435262Z test load::tests::resource_growth_after_inventory_is_rejected ... ok
2026-10-03T21:07:43.1447531Z test load::tests::repeated_bundle_reads_and_clones_share_the_loading_budget ... ok
2026-10-03T21:07:43.1448714Z test load::tests::small_reads_do_not_reserve_the_full_public_limit ... ok
2026-10-03T21:07:43.1571952Z test load::tests::rejected_headers_still_consume_the_actual_read_budget ... ok
2026-10-03T21:07:43.1654670Z test install::lock::tests::timeout_releases_locks_acquired_earlier_in_the_set ... ok
2026-10-03T21:07:43.1655102Z 
2026-10-03T21:07:43.1656000Z test result: ok. 15 passed; 0 failed; 0 ignored; 0 measured; 0 filtered out; finished in 0.03s
2026-10-03T21:07:43.1656385Z 
2026-10-03T21:07:43.1680818Z      Running tests\all_target_scope_tests.rs (target\debug\deps\all_target_scope_tests-42d4146777c03768.exe)
2026-10-03T21:07:43.1795718Z 
2026-10-03T21:07:43.1796345Z running 2 tests
2026-10-03T21:07:43.5052456Z test all_registered_targets_support_project_scope_install_and_status ... ok
2026-10-03T21:07:45.1183132Z test lifecycle_matrix_covers_all_targets_scopes_modes ... ok
2026-10-03T21:07:45.1183644Z 
2026-10-03T21:07:45.1183909Z test result: ok. 2 passed; 0 failed; 0 ignored; 0 measured; 0 filtered out; finished in 1.94s
2026-10-03T21:07:45.1184273Z 
2026-10-03T21:07:45.1209208Z      Running tests\concurrent_installs.rs (target\debug\deps\concurrent_installs-673330105a9190b2.exe)
2026-10-03T21:07:45.1328049Z 
2026-10-03T21:07:45.1328603Z running 3 tests
2026-10-03T21:07:45.1334543Z test worker_process ... ok
2026-10-03T21:07:45.1347458Z test absent_uninstall_does_not_initialize_install_roots ... ok
2026-10-03T21:07:45.5287460Z test concurrent_process_installs_preserve_each_target_path_and_record ... ok
2026-10-03T21:07:45.5288052Z 
2026-10-03T21:07:45.5288345Z test result: ok. 3 passed; 0 failed; 0 ignored; 0 measured; 0 filtered out; finished in 0.40s
2026-10-03T21:07:45.5289055Z 
2026-10-03T21:07:45.5315249Z      Running tests\confined_symlink_render_tests.rs (target\debug\deps\confined_symlink_render_tests-1263a36c71986264.exe)
2026-10-03T21:07:45.5538744Z 
2026-10-03T21:07:45.5539472Z running 10 tests
2026-10-03T21:07:45.5786293Z test absolute_outside_directory_is_rejected_before_rendering ... ok
2026-10-03T21:07:45.5818004Z test cyclic_directory_links_hit_a_finite_resolution_bound ... ok
2026-10-03T21:07:45.5869557Z test parent_traversal_and_shared_text_prefixes_do_not_confer_root_authority ... ok
2026-10-03T21:07:45.6654677Z test a_trusted_root_alias_accepts_canonical_in_root_directory_targets ... ok
2026-10-03T21:07:45.6801191Z test replacing_a_resolved_directory_with_an_outside_link_is_rejected ... ok
2026-10-03T21:07:45.6867792Z test relative_link_chains_can_reach_an_absolute_in_root_directory ... ok
2026-10-03T21:07:45.7106132Z test renamed_source_root_keeps_hashing_and_copying_the_retained_directory ... ok
2026-10-03T21:07:45.7160511Z test relative_and_absolute_in_root_directory_links_materialize_regular_files ... ok
2026-10-03T21:07:45.7253696Z test replacing_an_in_root_link_with_an_outside_target_preserves_old_output ... ok
2026-10-03T21:07:45.7752726Z test trusted_root_alias_preserves_parent_directory_alias_spellings ... ok
2026-10-03T21:07:45.7753104Z 
2026-10-03T21:07:45.7753387Z test result: ok. 10 passed; 0 failed; 0 ignored; 0 measured; 0 filtered out; finished in 0.22s
2026-10-03T21:07:45.7753735Z 
2026-10-03T21:07:45.7778624Z      Running tests\event_tests.rs (target\debug\deps\event_tests-358f938c1a84bd73.exe)
2026-10-03T21:07:45.7950247Z 
2026-10-03T21:07:45.7950677Z running 6 tests
2026-10-03T21:07:45.7966297Z test event_child_writer ... ok
2026-10-03T21:07:45.8048032Z test read_events_matches_go_rotated_order_filters_and_corrupt_lines ... ok
2026-10-03T21:07:45.8067254Z test timestamp_and_tool_version_are_written_deterministically ... ok
2026-10-03T21:07:45.8090325Z 
2026-10-03T21:07:45.8090664Z running 1 test
2026-10-03T21:07:45.8440960Z test event_child_writer ... test install_and_uninstall_success_and_refusal_events_are_recorded ... ok
2026-10-03T21:07:45.8919240Z test exact_mib_boundary_stays_current_and_next_record_rotates ... ok
2026-10-03T21:07:46.3132981Z ok
2026-10-03T21:07:46.3133175Z 
2026-10-03T21:07:46.3135849Z test result: ok. 1 passed; 0 failed; 0 ignored; 0 measured; 5 filtered out; finished in 0.50s
2026-10-03T21:07:46.3136356Z 
2026-10-03T21:07:46.3222918Z 
2026-10-03T21:07:46.3223834Z running 1 test
2026-10-03T21:07:46.3246655Z test event_child_writer ... ok
2026-10-03T21:07:46.3247641Z 
2026-10-03T21:07:46.3249221Z test result: ok. 1 passed; 0 failed; 0 ignored; 0 measured; 5 filtered out; finished in 0.00s
2026-10-03T21:07:46.3267734Z 
2026-10-03T21:07:46.3272851Z 
2026-10-03T21:07:46.3277592Z running 1 test
2026-10-03T21:07:46.3291777Z test event_child_writer ... ok
2026-10-03T21:07:46.3295707Z 
2026-10-03T21:07:46.3304946Z test result: ok. 1 passed; 0 failed; 0 ignored; 0 measured; 5 filtered out; finished in 0.00s
2026-10-03T21:07:46.3313827Z 
2026-10-03T21:07:46.3318312Z 
2026-10-03T21:07:46.3332828Z running 1 test
2026-10-03T21:07:46.3334667Z test event_child_writer ... ok
2026-10-03T21:07:46.3354665Z 
2026-10-03T21:07:46.3362063Z test result: ok. 1 passed; 0 failed; 0 ignored; 0 measured; 5 filtered out; finished in 0.00s
2026-10-03T21:07:46.3370100Z 
2026-10-03T21:07:46.3387582Z 
2026-10-03T21:07:46.3390645Z running 1 test
2026-10-03T21:07:46.3395894Z test event_child_writer ... 
2026-10-03T21:07:46.3425483Z running 1 test
2026-10-03T21:07:46.3439602Z test event_child_writer ... ok
2026-10-03T21:07:46.3441653Z 
2026-10-03T21:07:46.3448805Z test result: ok. 1 passed; 0 failed; 0 ignored; 0 measured; 5 filtered out; finished in 0.00s
2026-10-03T21:07:46.3452008Z 
2026-10-03T21:07:46.3461992Z 
2026-10-03T21:07:46.3473638Z running 1 test
2026-10-03T21:07:46.3480398Z test event_child_writer ... ok
2026-10-03T21:07:46.3487996Z 
2026-10-03T21:07:46.3493641Z test result: ok. 1 passed; 0 failed; 0 ignored; 0 measured; 5 filtered out; finished in 0.00s
2026-10-03T21:07:46.3495524Z 
2026-10-03T21:07:46.3498831Z 
2026-10-03T21:07:46.3499208Z running 1 test
2026-10-03T21:07:46.3499817Z test event_child_writer ... ok
2026-10-03T21:07:46.3500346Z 
2026-10-03T21:07:46.3500989Z test result: ok. 1 passed; 0 failed; 0 ignored; 0 measured; 5 filtered out; finished in 0.00s
2026-10-03T21:07:46.3501836Z 
2026-10-03T21:07:46.3502005Z 
2026-10-03T21:07:46.3502564Z running 1 test
2026-10-03T21:07:46.3503748Z test event_child_writer ... 
2026-10-03T21:07:46.3504363Z running 1 test
2026-10-03T21:07:46.3504921Z test event_child_writer ... ok
2026-10-03T21:07:46.3505423Z 
2026-10-03T21:07:46.3508362Z test result: ok. 1 passed; 0 failed; 0 ignored; 0 measured; 5 filtered out; finished in 0.01s
2026-10-03T21:07:46.3511111Z 
2026-10-03T21:07:46.3511634Z ok
2026-10-03T21:07:46.3511860Z 
2026-10-03T21:07:46.3512322Z test result: ok. 1 passed; 0 failed; 0 ignored; 0 measured; 5 filtered out; finished in 0.00s
2026-10-03T21:07:46.3512920Z 
2026-10-03T21:07:46.3512927Z 
2026-10-03T21:07:46.3513083Z running 1 test
2026-10-03T21:07:46.3513457Z test event_child_writer ... ok
2026-10-03T21:07:46.3514048Z 
2026-10-03T21:07:46.3514751Z test result: ok. 1 passed; 0 failed; 0 ignored; 0 measured; 5 filtered out; finished in 0.00s
2026-10-03T21:07:46.3515547Z 
2026-10-03T21:07:46.3515555Z 
2026-10-03T21:07:46.3515930Z running 1 test
2026-10-03T21:07:46.3521524Z test event_child_writer ... ok
2026-10-03T21:07:46.3521943Z 
2026-10-03T21:07:46.3522542Z test result: ok. 1 passed; 0 failed; 0 ignored; 0 measured; 5 filtered out; finished in 0.00s
2026-10-03T21:07:46.3523290Z 
2026-10-03T21:07:46.3527088Z 
2026-10-03T21:07:46.3527553Z running 1 test
2026-10-03T21:07:46.3536949Z test event_child_writer ... ok
2026-10-03T21:07:46.3537284Z 
2026-10-03T21:07:46.3537750Z test result: ok. 1 passed; 0 failed; 0 ignored; 0 measured; 5 filtered out; finished in 0.00s
2026-10-03T21:07:46.3538362Z 
2026-10-03T21:07:46.3558115Z ok
2026-10-03T21:07:46.3558294Z 
2026-10-03T21:07:46.3558677Z test result: ok. 1 passed; 0 failed; 0 ignored; 0 measured; 5 filtered out; finished in 0.01s
2026-10-03T21:07:46.3559043Z 
2026-10-03T21:07:46.3590107Z test real_child_processes_contend_without_corrupting_jsonl ... ok
2026-10-03T21:07:46.3590596Z 
2026-10-03T21:07:46.3590889Z test result: ok. 6 passed; 0 failed; 0 ignored; 0 measured; 0 filtered out; finished in 0.57s
2026-10-03T21:07:46.3591231Z 
2026-10-03T21:07:46.3611272Z      Running tests\generated_artifact_tests.rs (target\debug\deps\generated_artifact_tests-3359da5d444d9479.exe)
2026-10-03T21:07:46.3724180Z 
2026-10-03T21:07:46.3724590Z running 1 test
2026-10-03T21:07:46.3782989Z test generated_cache_resources_are_reported_and_clean_skills_are_not ... ok
2026-10-03T21:07:46.3783431Z 
2026-10-03T21:07:46.3783713Z test result: ok. 1 passed; 0 failed; 0 ignored; 0 measured; 0 filtered out; finished in 0.01s
2026-10-03T21:07:46.3784080Z 
2026-10-03T21:07:46.3805296Z      Running tests\input_bounds.rs (target\debug\deps\input_bounds-1c87692f1db879dd.exe)
2026-10-03T21:07:46.3981423Z 
2026-10-03T21:07:46.3981870Z running 7 tests
2026-10-03T21:07:46.4199513Z test oversized_control_files_rejected_before_parse ... ok
2026-10-03T21:07:46.4236430Z test aggregate_resource_bytes_exact_boundary_and_one_over ... ok
2026-10-03T21:07:46.4394873Z test library_rejections_and_normal_order_are_stable ... ok
2026-10-03T21:07:46.5552819Z test frontmatter_lf_and_crlf_exact_boundary_and_one_over ... ok
2026-10-03T21:07:46.9158360Z test resource_depth_exact_boundary_and_one_over ... ok
2026-10-03T21:07:47.5597175Z test resource_entries_exact_boundary_and_one_over ... ok
2026-10-03T21:07:53.3545680Z test runner_shares_input_budget_across_library_bundles ... ok
2026-10-03T21:07:53.3546185Z 
2026-10-03T21:07:53.3546484Z test result: ok. 7 passed; 0 failed; 0 ignored; 0 measured; 0 filtered out; finished in 6.96s
2026-10-03T21:07:53.3547239Z 
2026-10-03T21:07:53.3571243Z      Running tests\install_oracle_tests.rs (target\debug\deps\install_oracle_tests-7e104bfb8ab09de3.exe)
2026-10-03T21:07:53.3756347Z 
2026-10-03T21:07:53.3756934Z running 1 test
2026-10-03T21:07:53.7781697Z test go_install_status_fixture_matches_rust_statuses_and_artifacts ... ok
2026-10-03T21:07:53.7782189Z 
2026-10-03T21:07:53.7783878Z test result: ok. 1 passed; 0 failed; 0 ignored; 0 measured; 0 filtered out; finished in 0.40s
2026-10-03T21:07:53.7784351Z 
2026-10-03T21:07:53.7809422Z      Running tests\install_tests.rs (target\debug\deps\install_tests-42045fe82e19bd16.exe)
2026-10-03T21:07:53.7932603Z 
2026-10-03T21:07:53.7933079Z running 6 tests
2026-10-03T21:07:53.7948582Z test marker_round_trip_keeps_unknown_fields ... ok
2026-10-03T21:07:53.7976772Z test dry_run_does_not_create_destination_or_base ... ok
2026-10-03T21:07:53.8359762Z test install_copy_writes_marker_base_and_strips_executable_bits ... ok
2026-10-03T21:07:53.8967822Z test reinstall_preserves_unknown_marker_fields_and_refuses_new_schema ... ok
2026-10-03T21:07:53.9291247Z test drift_table_and_status_are_deterministic ... ok
2026-10-03T21:07:53.9478581Z test replacement_faults_leave_old_destination_untouched ... ok
2026-10-03T21:07:53.9478916Z 
2026-10-03T21:07:53.9479184Z test result: ok. 6 passed; 0 failed; 0 ignored; 0 measured; 0 filtered out; finished in 0.15s
2026-10-03T21:07:53.9479533Z 
2026-10-03T21:07:53.9505596Z      Running tests\model_security_tests.rs (target\debug\deps\model_security_tests-f5504101040301a2.exe)
2026-10-03T21:07:53.9688883Z 
2026-10-03T21:07:53.9689520Z running 5 tests
2026-10-03T21:07:53.9833838Z test relative_root_is_stored_as_an_absolute_logical_path ... ok
2026-10-03T21:07:53.9867991Z test missing_optional_overlay_trees_are_empty ... ok
2026-10-03T21:07:53.9883878Z test manifest_inline_tables_match_go_oracle ... ok
2026-10-03T21:07:53.9939230Z test manifest_root_types_are_errors ... ok
2026-10-03T21:07:54.0003648Z test resource_size_boundary_is_enforced_before_materialization ... ok
2026-10-03T21:07:54.0004207Z 
2026-10-03T21:07:54.0004647Z test result: ok. 5 passed; 0 failed; 0 ignored; 0 measured; 0 filtered out; finished in 0.03s
2026-10-03T21:07:54.0005504Z 
2026-10-03T21:07:54.0032615Z      Running tests\model_tests.rs (target\debug\deps\model_tests-aa9b3947a8dfaff9.exe)
2026-10-03T21:07:54.0223274Z 
2026-10-03T21:07:54.0223767Z running 8 tests
2026-10-03T21:07:54.0367558Z test malformed_frontmatter_is_rejected_with_a_specific_error ... ok
2026-10-03T21:07:54.0376923Z test validation_matches_name_limits_and_render_blocking_policy ... ok
2026-10-03T21:07:54.0378592Z test frontmatter_normalizes_crlf_and_string_lists ... ok
2026-10-03T21:07:54.0421719Z test validation_rejects_parent_traversal_overlay_reference ... ok
2026-10-03T21:07:54.0450569Z test source_fixture_loads_frontmatter_manifest_and_resources ... ok
2026-10-03T21:07:54.0541322Z test validation_reports_source_marker_line_and_known_target_warnings ... ok
2026-10-03T21:07:54.0558960Z test variant_fixture_loads_markdown_and_overrides ... ok
2026-10-03T21:07:54.0599987Z test loader_matches_go_oracle_fixture ... ok
2026-10-03T21:07:54.0600387Z 
2026-10-03T21:07:54.0600816Z test result: ok. 8 passed; 0 failed; 0 ignored; 0 measured; 0 filtered out; finished in 0.04s
2026-10-03T21:07:54.0601177Z 
2026-10-03T21:07:54.0625597Z      Running tests\project_identity_tests.rs (target\debug\deps\project_identity_tests-728fc5f08bf013cf.exe)
2026-10-03T21:07:54.0827978Z 
2026-10-03T21:07:54.0828527Z running 1 test
2026-10-03T21:07:54.2482169Z test same_skill_name_has_independent_project_base_status_and_uninstall ... ok
2026-10-03T21:07:54.2482850Z 
2026-10-03T21:07:54.2484974Z test result: ok. 1 passed; 0 failed; 0 ignored; 0 measured; 0 filtered out; finished in 0.17s
2026-10-03T21:07:54.2485409Z 
2026-10-03T21:07:54.2510597Z      Running tests\recovery_uninstall_smoke.rs (target\debug\deps\recovery_uninstall_smoke-ba1b71cdb5b473ef.exe)
2026-10-03T21:07:54.2635006Z 
2026-10-03T21:07:54.2635686Z running 3 tests
2026-10-03T21:07:54.2953168Z test uninstall_dry_run_has_no_side_effects ... ok
2026-10-03T21:07:54.3057185Z test uninstall_is_transactional_and_writes_tombstone ... ok
2026-10-03T21:07:54.3187595Z test project_uninstall_migrates_legacy_base_to_identity_tombstone ... ok
2026-10-03T21:07:54.3188009Z 
2026-10-03T21:07:54.3188289Z test result: ok. 3 passed; 0 failed; 0 ignored; 0 measured; 0 filtered out; finished in 0.06s
2026-10-03T21:07:54.3188638Z 
2026-10-03T21:07:54.3212319Z      Running tests\relative_root_tests.rs (target\debug\deps\relative_root_tests-c6b6a631f8b58579.exe)
2026-10-03T21:07:54.3327942Z 
2026-10-03T21:07:54.3328464Z running 1 test
2026-10-03T21:07:54.3360829Z test dot_root_keeps_go_absolute_path_and_validation_diagnostic ... ok
2026-10-03T21:07:54.3361265Z 
2026-10-03T21:07:54.3361557Z test result: ok. 1 passed; 0 failed; 0 ignored; 0 measured; 0 filtered out; finished in 0.00s
2026-10-03T21:07:54.3361923Z 
2026-10-03T21:07:54.3384922Z      Running tests\render_materialize_tests.rs (target\debug\deps\render_materialize_tests-2cc13e07a1c763eb.exe)
2026-10-03T21:07:54.3564032Z 
2026-10-03T21:07:54.3564537Z running 7 tests
2026-10-03T21:07:54.4125411Z test materialization_keeps_nested_marker_as_resource ... ok
2026-10-03T21:07:54.4572816Z test materialization_rebuilds_poisoned_output_manifest ... ok
2026-10-03T21:07:54.4802133Z test materialization_faults_preserve_old_tree ... ok
2026-10-03T21:07:54.5201786Z test all_source_targets_match_go_golden_trees ... ok
2026-10-03T21:07:54.5351705Z test all_variant_targets_match_go_golden_trees ... ok
2026-10-03T21:07:54.5650593Z test materialization_serializes_concurrent_same_destination ... ok
2026-10-03T21:07:55.9674301Z test materialization_rejects_oversized_preserved_metadata ... ok
2026-10-03T21:07:55.9675266Z 
2026-10-03T21:07:55.9675592Z test result: ok. 7 passed; 0 failed; 0 ignored; 0 measured; 0 filtered out; finished in 1.61s
2026-10-03T21:07:55.9675961Z 
2026-10-03T21:07:55.9700317Z      Running tests\render_tests.rs (target\debug\deps\render_tests-55df730bc8936569.exe)
2026-10-03T21:07:55.9876887Z 
2026-10-03T21:07:55.9877486Z running 12 tests
2026-10-03T21:07:56.0181791Z test capability_states_warn_unknown_and_force_unsupported ... ok
2026-10-03T21:07:56.0202261Z test forced_render_clears_compatibility_after_overlay ... ok
2026-10-03T21:07:56.0277953Z test missing_optional_render_overlays_are_empty ... ok
2026-10-03T21:07:56.0437985Z test materialize_merges_install_marker_metadata_with_deterministic_bytes ... ok
2026-10-03T21:07:56.0471444Z test materialization_failure_preserves_existing_tree ... ok
2026-10-03T21:07:56.0522504Z test opencode_source_matches_go_rendered_skill_bytes ... ok
2026-10-03T21:07:56.0525682Z test opencode_materialization_excludes_controls_and_preserves_support_bytes ... ok
2026-10-03T21:07:56.0529318Z test target_order_comes_from_canonical_harness_registry ... ok
2026-10-03T21:07:56.0598937Z test unknown_and_disabled_targets_are_rejected_before_rendering ... ok
2026-10-03T21:07:56.0614297Z test opencode_variant_resolves_markdown_but_not_non_markdown ... ok
2026-10-03T21:07:56.0631680Z test materialize_replaces_malformed_and_non_object_markers ... ok
2026-10-03T21:07:56.0667831Z test render_rejects_go_render_blocking_validation_cases ... ok
2026-10-03T21:07:56.0668301Z 
2026-10-03T21:07:56.0668595Z test result: ok. 12 passed; 0 failed; 0 ignored; 0 measured; 0 filtered out; finished in 0.08s
2026-10-03T21:07:56.0668945Z 
2026-10-03T21:07:56.0694223Z      Running tests\runner_env_tests.rs (target\debug\deps\runner_env_tests-a19ce105db60df20.exe)
2026-10-03T21:07:56.0864873Z 
2026-10-03T21:07:56.0865294Z running 6 tests
2026-10-03T21:07:56.0874073Z test child_resolves_defaults ... ignored, runs in a child process prepared by default_paths_match_the_go_oracle_for_every_resolution_branch
2026-10-03T21:07:56.0875812Z test child_runs_dry_run_with_legacy_binary ... ignored, runs in a child process prepared by a_legacy_symskills_binary_on_path_changes_nothing
2026-10-03T21:07:56.1081397Z test conflicting_home_variables_use_the_go_platform_home ... ok
2026-10-03T21:07:56.1232319Z test a_legacy_symskills_binary_on_path_changes_nothing ... ok
2026-10-03T21:07:56.1762478Z test default_paths_match_the_go_oracle_for_every_resolution_branch ... ok
2026-10-03T21:07:56.2339516Z test installed_symlinks_match_the_frozen_go_layout ... ok
2026-10-03T21:07:56.2339850Z 
2026-10-03T21:07:56.2340135Z test result: ok. 4 passed; 0 failed; 2 ignored; 0 measured; 0 filtered out; finished in 0.15s
2026-10-03T21:07:56.2340485Z 
2026-10-03T21:07:56.2366320Z      Running tests\runner_tests.rs (target\debug\deps\runner_tests-5a41ba6dc04f9700.exe)
2026-10-03T21:07:56.2523592Z 
2026-10-03T21:07:56.2524026Z running 6 tests
2026-10-03T21:07:56.2607297Z test fixture_records_every_go_scenario ... ok
2026-10-03T21:07:56.2658315Z test empty_library_is_not_an_error ... ok
2026-10-03T21:07:56.2661948Z test timeout_1ns_surfaces_deadline_exceeded ... ok
2026-10-03T21:07:56.2675182Z test unsupported_harness_yields_skipped_with_quoted_name ... ok
2026-10-03T21:07:56.2807931Z test broken_skill_names_the_target_in_the_install_path ... ok
2026-10-03T21:07:56.3886346Z test populated_library_processes_every_target_without_a_legacy_binary ... ok
2026-10-03T21:07:56.3886843Z 
2026-10-03T21:07:56.3889762Z test result: ok. 6 passed; 0 failed; 0 ignored; 0 measured; 0 filtered out; finished in 0.14s
2026-10-03T21:07:56.3890853Z 
2026-10-03T21:07:56.3925869Z      Running tests\status_parity_tests.rs (target\debug\deps\status_parity_tests-131b75b82f75d7e4.exe)
2026-10-03T21:07:56.4043265Z 
2026-10-03T21:07:56.4043887Z running 3 tests
2026-10-03T21:07:56.4721947Z test status_keeps_broken_managed_install_as_stale_row ... ok
2026-10-03T21:07:56.4735521Z test status_unmanaged_identity_preserves_marker_metadata ... ok
2026-10-03T21:07:56.5129320Z test status_sorts_rows_by_target_then_name_like_go ... ok
2026-10-03T21:07:56.5129607Z 
2026-10-03T21:07:56.5129906Z test result: ok. 3 passed; 0 failed; 0 ignored; 0 measured; 0 filtered out; finished in 0.11s
2026-10-03T21:07:56.5130251Z 
2026-10-03T21:07:56.5155028Z      Running tests\sync_policy_tests.rs (target\debug\deps\sync_policy_tests-20623c6d13cfcecc.exe)
2026-10-03T21:07:56.5323131Z 
2026-10-03T21:07:56.5323729Z running 8 tests
2026-10-03T21:07:56.6440081Z test sync_default_explicitly_skips_conflicts ... ok
2026-10-03T21:07:56.6441333Z test sync_harness_changed_uses_go_pull_diagnostic ... ok
2026-10-03T21:07:56.6890699Z test sync_empty_scope_with_project_dir_is_user_scope ... ok
2026-10-03T21:07:56.6895744Z test sync_result_json_has_no_allow_executable_field ... ok
2026-10-03T21:07:56.7191716Z test sync_empty_mode_preserves_symlink_marker ... ok
2026-10-03T21:07:56.7533731Z test sync_recovers_stale_pull_lock ... ok
2026-10-03T21:07:56.7550278Z test sync_skips_when_pull_lock_is_held ... ok
2026-10-03T21:07:56.7568383Z test sync_project_scope_uses_absolute_project_root ... ok
2026-10-03T21:07:56.7568700Z 
2026-10-03T21:07:56.7569277Z test result: ok. 8 passed; 0 failed; 0 ignored; 0 measured; 0 filtered out; finished in 0.23s
2026-10-03T21:07:56.7570284Z 
2026-10-03T21:07:56.7594706Z      Running tests\variant_tests.rs (target\debug\deps\variant_tests-028860413598b05a.exe)
2026-10-03T21:07:56.7702335Z 
2026-10-03T21:07:56.7702661Z running 8 tests
2026-10-03T21:07:56.7714716Z test apply_handles_blocks_scopes_and_terms ... ok
2026-10-03T21:07:56.7716110Z test apply_is_identity_without_markers_and_strips_markers_with_noop_regions ... ok
2026-10-03T21:07:56.7719416Z test malformed_markers_are_reported_and_unresolvable_terms_remain ... ok
2026-10-03T21:07:56.7720326Z test unscoped_mentions_ignore_scoped_and_fenced_text ... ok
2026-10-03T21:07:56.7722807Z test marker_grammar_matches_go_case_and_separator_rules ... ok
2026-10-03T21:07:56.7728176Z test diagnostic_messages_match_go_oracle ... ok
2026-10-03T21:07:56.7873316Z test variant_fixture_matches_each_target_resolution ... ok
2026-10-03T21:07:56.7874693Z test variant_outputs_match_go_target_goldens ... ok
2026-10-03T21:07:56.7875112Z 
2026-10-03T21:07:56.7875573Z test result: ok. 8 passed; 0 failed; 0 ignored; 0 measured; 0 filtered out; finished in 0.02s
2026-10-03T21:07:56.7876146Z 
2026-10-03T21:07:56.7899517Z      Running tests\windows_roots.rs (target\debug\deps\windows_roots-5b8ef5c4fc244786.exe)
2026-10-03T21:07:56.8073598Z 
2026-10-03T21:07:56.8074259Z running 2 tests
2026-10-03T21:07:56.9056266Z test drive_root_materializes_and_installs_real_skill ... ok
2026-10-03T21:07:56.9103773Z test junction_ancestors_are_refused_without_touching_outside ... ok
2026-10-03T21:07:56.9104104Z 
2026-10-03T21:07:56.9106297Z test result: ok. 2 passed; 0 failed; 0 ignored; 0 measured; 0 filtered out; finished in 0.10s
2026-10-03T21:07:56.9106663Z 
2026-10-03T21:07:56.9132322Z      Running unittests src\lib.rs (target\debug\deps\symbrain_usage-ea73dc6fea1ce882.exe)
2026-10-03T21:07:56.9265147Z 
2026-10-03T21:07:56.9266180Z running 63 tests
2026-10-03T21:07:56.9282150Z test providers::antigravity_tests::parses_every_go_antigravity_candidate_and_listening_port ... ok
2026-10-03T21:07:56.9285549Z test model::tests::report_timestamps_trim_fractional_zeroes_like_go_rfc3339nano ... ok
2026-10-03T21:07:56.9286743Z test providers::antigravity_tests::pid_above_go_lsof_limit_does_not_invoke_probe_or_send_http ... ok
2026-10-03T21:07:56.9534623Z test providers::opencode_discovery_tests::corpus_replays_case_for_case_against_the_shipped_recording ... ok
2026-10-03T21:07:56.9536023Z test providers::opencode_discovery_tests::provenance::provenance_checks_hashes_and_rejects_mutation ... ok
2026-10-03T21:07:56.9537909Z test providers::provider_config::tests::base64url_decoding_round_trips_a_json_payload ... ok
2026-10-03T21:07:56.9550516Z test providers::provider_config::tests::bounded_credential_file_read_rejects_oversized_files ... ok
2026-10-03T21:07:56.9553690Z test providers::provider_config::tests::claude_file_credential_can_be_combined_with_proven_sources ... ok
2026-10-03T21:07:56.9610343Z test providers::opencode_discovery_tests::replay_rejects_altered_recorded_result_and_request ... ok
2026-10-03T21:07:56.9623638Z test providers::provider_config::tests::claude_file_token_accepts_only_go_equivalent_deterministic_shapes ... ok
2026-10-03T21:07:56.9625923Z test providers::provider_config::tests::claude_keychain_blob_parser_matches_go_typed_decoder_cases ... ok
2026-10-03T21:07:56.9627212Z test providers::provider_config::tests::claude_oauth_source_preempts_keychain_fallback ... ok
2026-10-03T21:07:56.9639094Z test providers::provider_config::tests::claude_token_prefers_the_default_account ... ok
2026-10-03T21:07:56.9640544Z test providers::provider_config::tests::claude_token_falls_back_to_any_account_with_a_token ... ok
2026-10-03T21:07:56.9641846Z test providers::provider_config::tests::codex_file_credential_can_be_combined_with_proven_sources ... ok
2026-10-03T21:07:56.9643464Z test providers::provider_config::tests::codex_provider_reports_file_source_and_keeps_invalid_file_status ... ok
2026-10-03T21:07:56.9653526Z test providers::provider_config::tests::codex_token_ignores_a_logged_out_auth_file ... ok
2026-10-03T21:07:56.9658908Z test providers::provider_config::tests::codex_token_reads_both_shipped_shapes ... ok
2026-10-03T21:07:56.9668992Z test providers::provider_config::tests::copilot_token_prefers_the_github_host_entry ... ok
2026-10-03T21:07:56.9683019Z test providers::provider_config::tests::copilot_token_reads_hosts_json_after_apps_json ... ok
2026-10-03T21:07:56.9694395Z test providers::provider_config::tests::json_pointer_lookup_ignores_missing_and_empty_values ... ok
2026-10-03T21:07:56.9697082Z test providers::provider_config::tests::keychain_dump_lines_yield_service_names ... ok
2026-10-03T21:07:56.9722513Z test providers::provider_config::tests::kimi_device_id_native_gate_accepts_only_absent_or_readable_ascii_files ... ok
2026-10-03T21:07:56.9809341Z test providers::provider_config::tests::copilot_file_token_matches_go_for_native_shapes_and_rejects_unproven_files ... ok
2026-10-03T21:07:56.9811244Z test providers::provider_config::tests::kimi_file_candidate_matches_only_the_source_bound_native_shapes ... ok
2026-10-03T21:07:56.9823325Z test providers::provider_config::tests::kimi_store_reads_token_and_trims_the_device_id ... ok
2026-10-03T21:07:56.9827634Z test providers::provider_config::tests::nous_token_accepts_a_live_jwt ... ok
2026-10-03T21:07:56.9839342Z test providers::provider_config::tests::nous_token_ignores_providers_other_than_nous ... ok
2026-10-03T21:07:56.9852011Z test providers::provider_config::tests::nous_token_prefers_the_scoped_invoke_jwt ... ok
2026-10-03T21:07:56.9864355Z test providers::provider_config::tests::nous_token_skips_jwt_shaped_tokens_that_expired ... ok
2026-10-03T21:07:56.9875729Z test providers::provider_config::tests::routing_metadata_treats_indeterminate_and_symlink_paths_as_present ... ok
2026-10-03T21:07:56.9878706Z test providers::provider_config::tests::secret_references_and_unproven_sources_keep_go_fallback ... ok
2026-10-03T21:07:56.9881781Z test providers::provider_config::tests::supported_provider_credentials_can_be_combined_natively ... ok
2026-10-03T21:07:56.9886541Z test providers::provider_config::tests::supported_provider_overrides_are_narrow_and_go_equivalent ... ok
2026-10-03T21:07:56.9889447Z test providers::provider_requests::tests::invalid_provider_base_urls_fail_closed_to_defaults ... ok
2026-10-03T21:07:56.9912757Z test providers::provider_requests::tests::request_oracle::antigravity_local_probe_report_and_requests_match_production_go_oracle ... ok
2026-10-03T21:07:56.9942955Z test providers::provider_requests::tests::request_oracle::authenticated_claude_admin_report_matches_go_success_and_failure_oracles ... ok
2026-10-03T21:07:56.9964163Z test providers::provider_requests::tests::request_oracle::authenticated_claude_keychain_report_matches_go_production_builder ... ok
2026-10-03T21:07:56.9985102Z test providers::provider_requests::tests::request_oracle::authenticated_claude_oauth_file_report_matches_go_build_report_oracle ... ok
2026-10-03T21:07:57.0008224Z test providers::provider_requests::tests::request_oracle::authenticated_claude_oauth_report_matches_go_build_report_oracle ... ok
2026-10-03T21:07:57.0019482Z test providers::provider_config::tests::nous_file_candidate_matches_source_bound_plain_and_live_jwt_tokens ... ok
2026-10-03T21:07:57.0057962Z test providers::provider_requests::tests::request_oracle::authenticated_codex_report_matches_go_success_and_failure_oracles ... ok
2026-10-03T21:07:57.0075702Z test providers::provider_requests::tests::request_oracle::authenticated_codex_file_report_matches_go_success_and_failure_oracles ... ok
2026-10-03T21:07:57.0080209Z test providers::provider_requests::tests::request_oracle::authenticated_copilot_file_report_matches_go_success_and_failure_oracles ... ok
2026-10-03T21:07:57.0110812Z test providers::provider_requests::tests::request_oracle::authenticated_copilot_report_matches_go_success_and_failure_oracles ... ok
2026-10-03T21:07:57.0115405Z test providers::provider_requests::tests::request_oracle::authenticated_cursor_report_matches_go_success_and_failure_oracles ... ok
2026-10-03T21:07:57.0147697Z test providers::provider_requests::tests::request_oracle::authenticated_moonshot_report_matches_go_success_and_failure_oracles ... ok
2026-10-03T21:07:57.0149457Z test providers::provider_requests::tests::request_oracle::authenticated_kimi_report_matches_go_success_and_failure_oracles ... ok
2026-10-03T21:07:57.0186805Z test providers::provider_requests::tests::request_oracle::authenticated_nous_report_matches_go_success_and_failure_oracles ... ok
2026-10-03T21:07:57.0190341Z test providers::provider_requests::tests::request_oracle::authenticated_nous_live_jwt_file_matches_go_production_constructor ... ok
2026-10-03T21:07:57.0216127Z test providers::provider_requests::tests::request_oracle::authenticated_opencode_report_matches_go_success_oracle_and_workspace_walk ... ok
2026-10-03T21:07:57.0226970Z test providers::provider_requests::tests::request_oracle::authenticated_openrouter_report_matches_go_success_and_failure_oracles ... ok
2026-10-03T21:07:57.0241958Z test providers::provider_requests::tests::request_oracle::combined_native_providers_match_the_production_go_report_and_overrides ... ok
2026-10-03T21:07:57.0248231Z test providers::provider_requests::tests::request_oracle::kimi_cli_and_web_fallback_reports_match_production_go_chains ... ok
2026-10-03T21:07:57.0251868Z test providers::provider_requests::tests::request_oracle::nous_environment_credential_precedes_the_default_file ... ok
2026-10-03T21:07:57.0273755Z test providers::provider_requests::tests::request_oracle::provider_error_texts_match_the_shipped_oracle_recording ... ok
2026-10-03T21:07:57.0277886Z test providers::provider_requests::tests::trusted_urls_reject_private_and_ambiguous_authorities ... ok
2026-10-03T21:07:57.0284031Z test providers::usage_fetch_oracle_tests::copilot_enterprise_authority_keeps_transport_validation ... ok
2026-10-03T21:07:57.0293019Z test deadline_tests::provider_timeout_keeps_timeout_error_classification ... ok
2026-10-03T21:07:57.0298987Z test providers::provider_requests::tests::request_oracle::requests_match_the_shipped_oracle_recording ... ok
2026-10-03T21:07:57.0338930Z test deadline_tests::absolute_report_deadline_cancels_inflight_and_skips_later_batch ... ok
2026-10-03T21:07:57.0937687Z test providers::usage_fetch_oracle_tests::usage_fetch_620_reports_and_all_identity_headers_match_go ... ok
2026-10-03T21:07:57.2491036Z test transport::tests::ureq_caps_loopback_tls_stall_to_absolute_cancellation_deadline ... ok
2026-10-03T21:07:57.2492032Z 
2026-10-03T21:07:57.2492445Z test result: ok. 63 passed; 0 failed; 0 ignored; 0 measured; 0 filtered out; finished in 0.32s
2026-10-03T21:07:57.2493433Z 
2026-10-03T21:07:57.2529742Z      Running tests\secret_oracle_tests.rs (target\debug\deps\secret_oracle_tests-c694e2c8b7974d73.exe)
2026-10-03T21:07:57.2647404Z 
2026-10-03T21:07:57.2647937Z running 8 tests
2026-10-03T21:07:57.2671064Z test alias_and_canonical_resolve_identically ... ok
2026-10-03T21:07:57.2673502Z test fixture_pins_timeout_surface_count_and_ids ... ok
2026-10-03T21:07:57.2674329Z test failed_cases_pin_the_no_plaintext_leak_invariant ... ok
2026-10-03T21:07:57.2684085Z test scheme_acceptance_matches_go_classification ... ok
2026-10-03T21:07:57.5375119Z test non_utf8_secret_fails_closed_instead_of_silently_changing_bytes ... ok
2026-10-03T21:07:57.6605385Z test resolve_value_and_error_bytes_match_go ... ok
2026-10-03T21:07:59.6811757Z test shrunk_timeout_error_bytes_match_go ... ok
2026-10-03T21:07:59.6842664Z test resolve_or_env_precedence_matches_go ... ok
2026-10-03T21:07:59.6843111Z 
2026-10-03T21:07:59.6843391Z test result: ok. 8 passed; 0 failed; 0 ignored; 0 measured; 0 filtered out; finished in 2.42s
2026-10-03T21:07:59.6843772Z 
2026-10-03T21:07:59.6866952Z      Running tests\usage_tests.rs (target\debug\deps\usage_tests-b6ac782cbe7cac03.exe)
2026-10-03T21:07:59.6983191Z 
2026-10-03T21:07:59.6983677Z running 9 tests
2026-10-03T21:07:59.6994966Z test already_cancelled_report_does_not_start_provider_requests ... ok
2026-10-03T21:07:59.7000763Z test provider_graph_fixture_is_source_bound_to_go_contract ... ok
2026-10-03T21:07:59.7010319Z test provider_cases_bind_requests_responses_auth_and_errors ... ok
2026-10-03T21:07:59.7045381Z test fixture_report_covers_complete_provider_graph_in_contract_order ... ok
2026-10-03T21:07:59.7125978Z test provider_queries_are_bounded_and_timeout_all_pending_slots ... ok
2026-10-03T21:07:59.7132405Z test status_errors_keep_provider_specific_taxonomy_and_retry_detail ... ok
2026-10-03T21:07:59.7223208Z test report_join_does_not_return_while_finite_noncooperative_worker_is_active ... ok
2026-10-03T21:07:59.7276778Z test provider_cases_compare_complete_requests_headers_strategies_snapshots_and_errors ... ok
2026-10-03T21:07:59.8129061Z test reports_join_cooperative_workers_and_bound_batches_across_repeated_calls ... ok
2026-10-03T21:07:59.8130195Z 
2026-10-03T21:07:59.8130665Z test result: ok. 9 passed; 0 failed; 0 ignored; 0 measured; 0 filtered out; finished in 0.11s
2026-10-03T21:07:59.8131279Z 
2026-10-03T21:07:59.8157513Z      Running unittests src\lib.rs (target\debug\deps\symguard_cli-39b9146ee1b42a04.exe)
2026-10-03T21:07:59.8335533Z 
2026-10-03T21:07:59.8336036Z running 19 tests
2026-10-03T21:07:59.8430225Z test guard_doctor::tests::allowlist_is_deny_by_default_and_prefix_matched ... ok
2026-10-03T21:07:59.8432339Z test guard_doctor::tests::multiple_secret_keys_on_one_server_are_sorted ... ok
2026-10-03T21:07:59.8444303Z test guard_doctor::tests::secret_heuristic_matches_go ... ok
2026-10-03T21:07:59.8447930Z test guard_doctor::tests::unsupported_missing_equals_offenders_stay_gated ... ok
2026-10-03T21:07:59.8449460Z test guard_scan::tests::empty_format_value_resolves_to_default ... ok
2026-10-03T21:07:59.8452954Z test guard_doctor::tests::config_parses_the_healthy_fixture_and_gates_on_invalid_toml ... ok
2026-10-03T21:07:59.8456106Z test guard_scan::tests::missing_source_error_classification_matches_go_platform_behavior ... ok
2026-10-03T21:07:59.8459029Z test guard_scan::tests::jsonc_preserves_urls_and_removes_comments ... ok
2026-10-03T21:07:59.8460970Z test guard_scan::tests::json_typed_fields_fail_instead_of_being_dropped ... ok
2026-10-03T21:07:59.8463367Z test guard_scan::tests::source_paths_clean_parent_components ... ok
2026-10-03T21:07:59.8464597Z test guard_scan::tests::opencode_environment_is_merged_and_redacted ... ok
2026-10-03T21:07:59.8466055Z test guard_scan::tests::source_paths_clean_slash_form_windows_base ... ok
2026-10-03T21:07:59.8468886Z test tests::audit_path_prefers_xdg_then_home_then_temp ... ok
2026-10-03T21:07:59.8471235Z test guard_doctor::tests::audit_status_reports_all_three_states ... ok
2026-10-03T21:07:59.8473498Z test guard_version::tests::version_output_failures_are_nonzero_in_both_formats ... ok
2026-10-03T21:07:59.8474753Z test tests::top_level_guard_routes_match_go ... ok
2026-10-03T21:07:59.8475273Z test tests::unknown_verb_matches_go_dispatch ... ok
2026-10-03T21:07:59.8496673Z test guard_scan::tests::yaml_environment_is_not_merged ... ok
2026-10-03T21:07:59.8497370Z test tests::decide_preserves_go_trailing_json_diagnostic ... ok
2026-10-03T21:07:59.8497909Z 
2026-10-03T21:07:59.8499111Z test result: ok. 19 passed; 0 failed; 0 ignored; 0 measured; 0 filtered out; finished in 0.02s
2026-10-03T21:07:59.8499490Z 
2026-10-03T21:07:59.8522655Z      Running unittests src\main.rs (target\debug\deps\symguard-520c9de3a74bcba9.exe)
2026-10-03T21:07:59.8684351Z 
2026-10-03T21:07:59.8685059Z running 0 tests
2026-10-03T21:07:59.8685388Z 
2026-10-03T21:07:59.8692771Z test result: ok. 0 passed; 0 failed; 0 ignored; 0 measured; 0 filtered out; finished in 0.00s
2026-10-03T21:07:59.8693212Z 
2026-10-03T21:07:59.8715199Z      Running tests\standalone.rs (target\debug\deps\standalone-00c35a2c6d951844.exe)
2026-10-03T21:07:59.8878401Z 
2026-10-03T21:07:59.8878892Z running 3 tests
2026-10-03T21:07:59.9161138Z test unsupported_doctor_config_is_explicitly_fail_closed ... ok
2026-10-03T21:07:59.9230984Z test standalone_decide_keeps_private_guard_audit_state ... ok
2026-10-03T21:07:59.9379733Z test standalone_routes_and_handshake_do_not_require_brain_or_go ... ok
2026-10-03T21:07:59.9380245Z 
2026-10-03T21:07:59.9382096Z test result: ok. 3 passed; 0 failed; 0 ignored; 0 measured; 0 filtered out; finished in 0.05s
2026-10-03T21:07:59.9382470Z 
2026-10-03T21:07:59.9400195Z    Doc-tests symbrain_activity
2026-10-03T21:08:00.1112217Z 
2026-10-03T21:08:00.1112906Z running 0 tests
2026-10-03T21:08:00.1113303Z 
2026-10-03T21:08:00.1117904Z test result: ok. 0 passed; 0 failed; 0 ignored; 0 measured; 0 filtered out; finished in 0.00s
2026-10-03T21:08:00.1118925Z 
2026-10-03T21:08:00.1202245Z    Doc-tests symbrain_adapter
2026-10-03T21:08:00.2026968Z 
2026-10-03T21:08:00.2027532Z running 0 tests
2026-10-03T21:08:00.2027811Z 
2026-10-03T21:08:00.2028270Z test result: ok. 0 passed; 0 failed; 0 ignored; 0 measured; 0 filtered out; finished in 0.00s
2026-10-03T21:08:00.2029281Z 
2026-10-03T21:08:00.2114267Z    Doc-tests symbrain_audit
2026-10-03T21:08:00.3172033Z 
2026-10-03T21:08:00.3172736Z running 0 tests
2026-10-03T21:08:00.3173057Z 
2026-10-03T21:08:00.3173698Z test result: ok. 0 passed; 0 failed; 0 ignored; 0 measured; 0 filtered out; finished in 0.00s
2026-10-03T21:08:00.3174600Z 
2026-10-03T21:08:00.3256711Z    Doc-tests symbrain_broker
2026-10-03T21:08:00.4149507Z 
2026-10-03T21:08:00.4150048Z running 0 tests
2026-10-03T21:08:00.4150300Z 
2026-10-03T21:08:00.4151282Z test result: ok. 0 passed; 0 failed; 0 ignored; 0 measured; 0 filtered out; finished in 0.00s
2026-10-03T21:08:00.4151952Z 
2026-10-03T21:08:00.4231548Z    Doc-tests symbrain_catalog
2026-10-03T21:08:00.4857809Z 
2026-10-03T21:08:00.4858852Z running 0 tests
2026-10-03T21:08:00.4859246Z 
2026-10-03T21:08:00.4860784Z test result: ok. 0 passed; 0 failed; 0 ignored; 0 measured; 0 filtered out; finished in 0.00s
2026-10-03T21:08:00.4861274Z 
2026-10-03T21:08:00.4940645Z    Doc-tests symbrain_cli
2026-10-03T21:08:00.7921273Z 
2026-10-03T21:08:00.7921960Z running 0 tests
2026-10-03T21:08:00.7922270Z 
2026-10-03T21:08:00.7923192Z test result: ok. 0 passed; 0 failed; 0 ignored; 0 measured; 0 filtered out; finished in 0.00s
2026-10-03T21:08:00.7923761Z 
2026-10-03T21:08:00.8012936Z    Doc-tests symbrain_core
2026-10-03T21:08:00.8873630Z 
2026-10-03T21:08:00.8874340Z running 0 tests
2026-10-03T21:08:00.8874685Z 
2026-10-03T21:08:00.8875381Z test result: ok. 0 passed; 0 failed; 0 ignored; 0 measured; 0 filtered out; finished in 0.00s
2026-10-03T21:08:00.8876125Z 
2026-10-03T21:08:00.8988596Z    Doc-tests symbrain_gateway
2026-10-03T21:08:01.0376104Z 
2026-10-03T21:08:01.0376577Z running 0 tests
2026-10-03T21:08:01.0376849Z 
2026-10-03T21:08:01.0377482Z test result: ok. 0 passed; 0 failed; 0 ignored; 0 measured; 0 filtered out; finished in 0.00s
2026-10-03T21:08:01.0378026Z 
2026-10-03T21:08:01.0461451Z    Doc-tests symbrain_guard_core
2026-10-03T21:08:01.2846092Z 
2026-10-03T21:08:01.2846871Z running 0 tests
2026-10-03T21:08:01.2847153Z 
2026-10-03T21:08:01.2847613Z test result: ok. 0 passed; 0 failed; 0 ignored; 0 measured; 0 filtered out; finished in 0.00s
2026-10-03T21:08:01.2848208Z 
2026-10-03T21:08:01.2931518Z    Doc-tests symbrain_harness
2026-10-03T21:08:01.4149300Z 
2026-10-03T21:08:01.4150025Z running 0 tests
2026-10-03T21:08:01.4150294Z 
2026-10-03T21:08:01.4150840Z test result: ok. 0 passed; 0 failed; 0 ignored; 0 measured; 0 filtered out; finished in 0.00s
2026-10-03T21:08:01.4151446Z 
2026-10-03T21:08:01.4233805Z    Doc-tests symbrain_instructions
2026-10-03T21:08:01.4726357Z 
2026-10-03T21:08:01.4726934Z running 0 tests
2026-10-03T21:08:01.4727210Z 
2026-10-03T21:08:01.4727587Z test result: ok. 0 passed; 0 failed; 0 ignored; 0 measured; 0 filtered out; finished in 0.00s
2026-10-03T21:08:01.4728042Z 
2026-10-03T21:08:01.4806988Z    Doc-tests symbrain_managed
2026-10-03T21:08:01.5745767Z 
2026-10-03T21:08:01.5746332Z running 0 tests
2026-10-03T21:08:01.5746598Z 
2026-10-03T21:08:01.5747073Z test result: ok. 0 passed; 0 failed; 0 ignored; 0 measured; 0 filtered out; finished in 0.00s
2026-10-03T21:08:01.5747698Z 
2026-10-03T21:08:01.5830993Z    Doc-tests symbrain_mcp
2026-10-03T21:08:01.6553020Z 
2026-10-03T21:08:01.6553551Z running 0 tests
2026-10-03T21:08:01.6553868Z 
2026-10-03T21:08:01.6554323Z test result: ok. 0 passed; 0 failed; 0 ignored; 0 measured; 0 filtered out; finished in 0.00s
2026-10-03T21:08:01.6554836Z 
2026-10-03T21:08:01.6637718Z    Doc-tests symbrain_memory
2026-10-03T21:08:01.8287859Z 
2026-10-03T21:08:01.8288415Z running 0 tests
2026-10-03T21:08:01.8288674Z 
2026-10-03T21:08:01.8288989Z test result: ok. 0 passed; 0 failed; 0 ignored; 0 measured; 0 filtered out; finished in 0.00s
2026-10-03T21:08:01.8289382Z 
2026-10-03T21:08:01.8373750Z    Doc-tests symbrain_patterns
2026-10-03T21:08:01.9079939Z 
2026-10-03T21:08:01.9081804Z running 0 tests
2026-10-03T21:08:01.9082359Z 
2026-10-03T21:08:01.9082730Z test result: ok. 0 passed; 0 failed; 0 ignored; 0 measured; 0 filtered out; finished in 0.00s
2026-10-03T21:08:01.9083190Z 
2026-10-03T21:08:01.9160983Z    Doc-tests symbrain_policy
2026-10-03T21:08:02.0454179Z 
2026-10-03T21:08:02.0455080Z running 0 tests
2026-10-03T21:08:02.0455400Z 
2026-10-03T21:08:02.0455869Z test result: ok. 0 passed; 0 failed; 0 ignored; 0 measured; 0 filtered out; finished in 0.00s
2026-10-03T21:08:02.0456513Z 
2026-10-03T21:08:02.0539501Z    Doc-tests symbrain_skills
2026-10-03T21:08:02.3523764Z 
2026-10-03T21:08:02.3524247Z running 0 tests
2026-10-03T21:08:02.3524494Z 
2026-10-03T21:08:02.3524958Z test result: ok. 0 passed; 0 failed; 0 ignored; 0 measured; 0 filtered out; finished in 0.00s
2026-10-03T21:08:02.3525562Z 
2026-10-03T21:08:02.3612853Z    Doc-tests symbrain_usage
2026-10-03T21:08:02.5190475Z 
2026-10-03T21:08:02.5191324Z running 0 tests
2026-10-03T21:08:02.5191656Z 
2026-10-03T21:08:02.5192124Z test result: ok. 0 passed; 0 failed; 0 ignored; 0 measured; 0 filtered out; finished in 0.00s
2026-10-03T21:08:02.5192686Z 
2026-10-03T21:08:02.5315548Z    Doc-tests symguard_cli
2026-10-03T21:08:02.6495722Z 
2026-10-03T21:08:02.6512149Z running 0 tests
2026-10-03T21:08:02.6512523Z 
2026-10-03T21:08:02.6513038Z test result: ok. 0 passed; 0 failed; 0 ignored; 0 measured; 0 filtered out; finished in 0.00s
2026-10-03T21:08:02.6513510Z 
2026-10-03T21:08:02.6762046Z SYMAIRA_EXTERNAL_BASE="" bash D:/a/symaira-brain/symaira-brain/scripts/run-external-env.sh cargo test --workspace --doc --all-features --locked
2026-10-03T21:08:04.3026672Z     Finished `test` profile [unoptimized + debuginfo] target(s) in 1.50s
2026-10-03T21:08:04.3197394Z    Doc-tests symbrain_activity
2026-10-03T21:08:04.3956860Z 
2026-10-03T21:08:04.3957376Z running 0 tests
2026-10-03T21:08:04.3958086Z 
2026-10-03T21:08:04.3958559Z test result: ok. 0 passed; 0 failed; 0 ignored; 0 measured; 0 filtered out; finished in 0.00s
2026-10-03T21:08:04.3959167Z 
2026-10-03T21:08:04.4040787Z    Doc-tests symbrain_adapter
2026-10-03T21:08:04.4702972Z 
2026-10-03T21:08:04.4703599Z running 0 tests
2026-10-03T21:08:04.4703848Z 
2026-10-03T21:08:04.4704155Z test result: ok. 0 passed; 0 failed; 0 ignored; 0 measured; 0 filtered out; finished in 0.00s
2026-10-03T21:08:04.4704765Z 
2026-10-03T21:08:04.4783380Z    Doc-tests symbrain_audit
2026-10-03T21:08:04.5827396Z 
2026-10-03T21:08:04.5827911Z running 0 tests
2026-10-03T21:08:04.5828225Z 
2026-10-03T21:08:04.5828594Z test result: ok. 0 passed; 0 failed; 0 ignored; 0 measured; 0 filtered out; finished in 0.00s
2026-10-03T21:08:04.5829056Z 
2026-10-03T21:08:04.5912495Z    Doc-tests symbrain_broker
2026-10-03T21:08:04.6753013Z 
2026-10-03T21:08:04.6753640Z running 0 tests
2026-10-03T21:08:04.6753940Z 
2026-10-03T21:08:04.6754269Z test result: ok. 0 passed; 0 failed; 0 ignored; 0 measured; 0 filtered out; finished in 0.00s
2026-10-03T21:08:04.6754635Z 
2026-10-03T21:08:04.6832883Z    Doc-tests symbrain_catalog
2026-10-03T21:08:04.7496307Z 
2026-10-03T21:08:04.7496830Z running 0 tests
2026-10-03T21:08:04.7497092Z 
2026-10-03T21:08:04.7497398Z test result: ok. 0 passed; 0 failed; 0 ignored; 0 measured; 0 filtered out; finished in 0.00s
2026-10-03T21:08:04.7497763Z 
2026-10-03T21:08:04.7575671Z    Doc-tests symbrain_cli
2026-10-03T21:08:05.0459139Z 
2026-10-03T21:08:05.0459667Z running 0 tests
2026-10-03T21:08:05.0459911Z 
2026-10-03T21:08:05.0460803Z test result: ok. 0 passed; 0 failed; 0 ignored; 0 measured; 0 filtered out; finished in 0.00s
2026-10-03T21:08:05.0461463Z 
2026-10-03T21:08:05.0547646Z    Doc-tests symbrain_core
2026-10-03T21:08:05.1359857Z 
2026-10-03T21:08:05.1360477Z running 0 tests
2026-10-03T21:08:05.1360771Z 
2026-10-03T21:08:05.1361601Z test result: ok. 0 passed; 0 failed; 0 ignored; 0 measured; 0 filtered out; finished in 0.00s
2026-10-03T21:08:05.1362036Z 
2026-10-03T21:08:05.1444450Z    Doc-tests symbrain_gateway
2026-10-03T21:08:05.2866373Z 
2026-10-03T21:08:05.2866860Z running 0 tests
2026-10-03T21:08:05.2867124Z 
2026-10-03T21:08:05.2867571Z test result: ok. 0 passed; 0 failed; 0 ignored; 0 measured; 0 filtered out; finished in 0.00s
2026-10-03T21:08:05.2868142Z 
2026-10-03T21:08:05.2960770Z    Doc-tests symbrain_guard_core
2026-10-03T21:08:05.5312651Z 
2026-10-03T21:08:05.5313187Z running 0 tests
2026-10-03T21:08:05.5313458Z 
2026-10-03T21:08:05.5314632Z test result: ok. 0 passed; 0 failed; 0 ignored; 0 measured; 0 filtered out; finished in 0.00s
2026-10-03T21:08:05.5315331Z 
2026-10-03T21:08:05.5398620Z    Doc-tests symbrain_harness
2026-10-03T21:08:05.6604207Z 
2026-10-03T21:08:05.6604905Z running 0 tests
2026-10-03T21:08:05.6605396Z 
2026-10-03T21:08:05.6606908Z test result: ok. 0 passed; 0 failed; 0 ignored; 0 measured; 0 filtered out; finished in 0.00s
2026-10-03T21:08:05.6607743Z 
2026-10-03T21:08:05.6686445Z    Doc-tests symbrain_instructions
2026-10-03T21:08:05.7164061Z 
2026-10-03T21:08:05.7165034Z running 0 tests
2026-10-03T21:08:05.7165511Z 
2026-10-03T21:08:05.7166336Z test result: ok. 0 passed; 0 failed; 0 ignored; 0 measured; 0 filtered out; finished in 0.00s
2026-10-03T21:08:05.7166714Z 
2026-10-03T21:08:05.7243739Z    Doc-tests symbrain_managed
2026-10-03T21:08:05.8172106Z 
2026-10-03T21:08:05.8172953Z running 0 tests
2026-10-03T21:08:05.8173251Z 
2026-10-03T21:08:05.8173768Z test result: ok. 0 passed; 0 failed; 0 ignored; 0 measured; 0 filtered out; finished in 0.00s
2026-10-03T21:08:05.8174566Z 
2026-10-03T21:08:05.8270295Z    Doc-tests symbrain_mcp
2026-10-03T21:08:05.9003284Z 
2026-10-03T21:08:05.9004591Z running 0 tests
2026-10-03T21:08:05.9005085Z 
2026-10-03T21:08:05.9005471Z test result: ok. 0 passed; 0 failed; 0 ignored; 0 measured; 0 filtered out; finished in 0.00s
2026-10-03T21:08:05.9005935Z 
2026-10-03T21:08:05.9089197Z    Doc-tests symbrain_memory
2026-10-03T21:08:06.0710700Z 
2026-10-03T21:08:06.0711677Z running 0 tests
2026-10-03T21:08:06.0711993Z 
2026-10-03T21:08:06.0712499Z test result: ok. 0 passed; 0 failed; 0 ignored; 0 measured; 0 filtered out; finished in 0.00s
2026-10-03T21:08:06.0713104Z 
2026-10-03T21:08:06.0829383Z    Doc-tests symbrain_patterns
2026-10-03T21:08:06.1526278Z 
2026-10-03T21:08:06.1527821Z running 0 tests
2026-10-03T21:08:06.1528169Z 
2026-10-03T21:08:06.1529209Z test result: ok. 0 passed; 0 failed; 0 ignored; 0 measured; 0 filtered out; finished in 0.00s
2026-10-03T21:08:06.1529758Z 
2026-10-03T21:08:06.1610408Z    Doc-tests symbrain_policy
2026-10-03T21:08:06.2771959Z 
2026-10-03T21:08:06.2772798Z running 0 tests
2026-10-03T21:08:06.2773082Z 
2026-10-03T21:08:06.2773541Z test result: ok. 0 passed; 0 failed; 0 ignored; 0 measured; 0 filtered out; finished in 0.00s
2026-10-03T21:08:06.2774139Z 
2026-10-03T21:08:06.2853672Z    Doc-tests symbrain_skills
2026-10-03T21:08:06.5871478Z 
2026-10-03T21:08:06.5872124Z running 0 tests
2026-10-03T21:08:06.5872440Z 
2026-10-03T21:08:06.5872910Z test result: ok. 0 passed; 0 failed; 0 ignored; 0 measured; 0 filtered out; finished in 0.00s
2026-10-03T21:08:06.5873499Z 
2026-10-03T21:08:06.5956922Z    Doc-tests symbrain_usage
2026-10-03T21:08:06.7509589Z 
2026-10-03T21:08:06.7510315Z running 0 tests
2026-10-03T21:08:06.7510612Z 
2026-10-03T21:08:06.7511078Z test result: ok. 0 passed; 0 failed; 0 ignored; 0 measured; 0 filtered out; finished in 0.00s
2026-10-03T21:08:06.7511667Z 
2026-10-03T21:08:06.7630040Z    Doc-tests symguard_cli
2026-10-03T21:08:06.8742302Z 
2026-10-03T21:08:06.8743369Z running 0 tests
2026-10-03T21:08:06.8743706Z 
2026-10-03T21:08:06.8744204Z test result: ok. 0 passed; 0 failed; 0 ignored; 0 measured; 0 filtered out; finished in 0.00s
2026-10-03T21:08:06.8744794Z 
2026-10-03T21:08:06.8946654Z SYMAIRA_EXTERNAL_BASE="" bash D:/a/symaira-brain/symaira-brain/scripts/run-external-env.sh cargo audit
2026-10-03T21:08:07.0546543Z     Fetching advisory database from `https://github.com/RustSec/advisory-db.git`
2026-10-03T21:08:11.2705240Z       Loaded 1290 security advisories (from C:\Users\runneradmin\.cargo\advisory-db)
2026-10-03T21:08:11.2706971Z     Updating crates.io index
2026-10-03T21:08:11.3105802Z     Scanning Cargo.lock for vulnerabilities (274 crate dependencies)
2026-10-03T21:08:11.5207218Z SYMAIRA_EXTERNAL_BASE="" bash D:/a/symaira-brain/symaira-brain/scripts/run-external-env.sh cargo deny check
2026-10-03T21:08:20.9174791Z warning[duplicate]: found 2 duplicate entries for crate 'base64'
2026-10-03T21:08:20.9310011Z    ┌─ D:\a\symaira-brain\symaira-brain/Cargo.lock:9:1
2026-10-03T21:08:20.9311603Z    │  
2026-10-03T21:08:20.9312693Z  9 │ ╭ base64 0.22.1 registry+https://github.com/rust-lang/crates.io-index
2026-10-03T21:08:20.9313700Z 10 │ │ base64 0.23.1 registry+https://github.com/rust-lang/crates.io-index
2026-10-03T21:08:20.9314774Z    │ ╰───────────────────────────────────────────────────────────────────┘ lock entries
2026-10-03T21:08:20.9315395Z    │  
2026-10-03T21:08:20.9315733Z    ├ base64 v0.22.1
2026-10-03T21:08:20.9316179Z      ├── reqwest v0.13.4
2026-10-03T21:08:20.9316646Z      │   └── symaira-core-llm v0.0.0
2026-10-03T21:08:20.9317259Z      │       └── symbrain-memory v0.12.1
2026-10-03T21:08:20.9317878Z      │           ├── symbrain-cli v0.12.1
2026-10-03T21:08:20.9318462Z      │           └── symbrain-gateway v0.12.1
2026-10-03T21:08:20.9319048Z      │               └── symbrain-cli v0.12.1 (*)
2026-10-03T21:08:20.9319603Z      └── symbrain-guard-core v0.12.1
2026-10-03T21:08:20.9320168Z          ├── (dev) symbrain-cli v0.12.1 (*)
2026-10-03T21:08:20.9320718Z          └── symguard-cli v0.12.1
2026-10-03T21:08:20.9321305Z              └── symbrain-cli v0.12.1 (*)
2026-10-03T21:08:20.9321775Z    ├ base64 v0.23.1
2026-10-03T21:08:20.9322209Z      ├── hyper-util v0.1.21
2026-10-03T21:08:20.9322714Z      │   ├── hyper-rustls v0.27.10
2026-10-03T21:08:20.9323616Z      │   │   └── reqwest v0.13.4
2026-10-03T21:08:20.9324238Z      │   │       └── symaira-core-llm v0.0.0
2026-10-03T21:08:20.9324854Z      │   │           └── symbrain-memory v0.12.1
2026-10-03T21:08:20.9325491Z      │   │               ├── symbrain-cli v0.12.1
2026-10-03T21:08:20.9326151Z      │   │               └── symbrain-gateway v0.12.1
2026-10-03T21:08:20.9326839Z      │   │                   └── symbrain-cli v0.12.1 (*)
2026-10-03T21:08:20.9327424Z      │   └── reqwest v0.13.4 (*)
2026-10-03T21:08:20.9327878Z      ├── ureq v3.4.1
2026-10-03T21:08:20.9328351Z      │   ├── symaira-core-llm v0.0.0 (*)
2026-10-03T21:08:20.9328920Z      │   ├── symbrain-cli v0.12.1 (*)
2026-10-03T21:08:20.9329468Z      │   ├── symbrain-managed v0.12.1
2026-10-03T21:08:20.9330021Z      │   │   └── symbrain-cli v0.12.1 (*)
2026-10-03T21:08:20.9330589Z      │   └── symbrain-usage v0.12.1
2026-10-03T21:08:20.9331161Z      │       ├── symbrain-cli v0.12.1 (*)
2026-10-03T21:08:20.9331725Z      │       └── symbrain-gateway v0.12.1 (*)
2026-10-03T21:08:20.9332309Z      └── ureq-proto v0.6.2
2026-10-03T21:08:20.9332803Z          └── ureq v3.4.1 (*)
2026-10-03T21:08:20.9333068Z 
2026-10-03T21:08:20.9333420Z warning[duplicate]: found 2 duplicate entries for crate 'core-foundation'
2026-10-03T21:08:20.9334298Z    ┌─ D:\a\symaira-brain\symaira-brain/Cargo.lock:23:1
2026-10-03T21:08:20.9334808Z    │  
2026-10-03T21:08:20.9335481Z 23 │ ╭ core-foundation 0.9.4 registry+https://github.com/rust-lang/crates.io-index
2026-10-03T21:08:20.9336562Z 24 │ │ core-foundation 0.10.1 registry+https://github.com/rust-lang/crates.io-index
2026-10-03T21:08:20.9338078Z    │ ╰────────────────────────────────────────────────────────────────────────────┘ lock entries
2026-10-03T21:08:20.9338778Z    │  
2026-10-03T21:08:20.9339152Z    ├ core-foundation v0.9.4
2026-10-03T21:08:20.9339690Z      └── system-configuration v0.7.0
2026-10-03T21:08:20.9340256Z          └── hyper-util v0.1.21
2026-10-03T21:08:20.9340856Z              ├── hyper-rustls v0.27.10
2026-10-03T21:08:20.9341477Z              │   └── reqwest v0.13.4
2026-10-03T21:08:20.9342159Z              │       └── symaira-core-llm v0.0.0
2026-10-03T21:08:20.9343225Z              │           └── symbrain-memory v0.12.1
2026-10-03T21:08:20.9343989Z              │               ├── symbrain-cli v0.12.1
2026-10-03T21:08:20.9344763Z              │               └── symbrain-gateway v0.12.1
2026-10-03T21:08:20.9345601Z              │                   └── symbrain-cli v0.12.1 (*)
2026-10-03T21:08:20.9346256Z              └── reqwest v0.13.4 (*)
2026-10-03T21:08:20.9346757Z    ├ core-foundation v0.10.1
2026-10-03T21:08:20.9347297Z      ├── rustls-platform-verifier v0.7.1
2026-10-03T21:08:20.9347840Z      │   └── reqwest v0.13.4
2026-10-03T21:08:20.9348352Z      │       └── symaira-core-llm v0.0.0
2026-10-03T21:08:20.9348939Z      │           └── symbrain-memory v0.12.1
2026-10-03T21:08:20.9349516Z      │               ├── symbrain-cli v0.12.1
2026-10-03T21:08:20.9350160Z      │               └── symbrain-gateway v0.12.1
2026-10-03T21:08:20.9350815Z      │                   └── symbrain-cli v0.12.1 (*)
2026-10-03T21:08:20.9351418Z      └── security-framework v3.7.0
2026-10-03T21:08:20.9352013Z          ├── rustls-native-certs v0.8.4
2026-10-03T21:08:20.9352694Z          │   └── rustls-platform-verifier v0.7.1 (*)
2026-10-03T21:08:20.9353408Z          └── rustls-platform-verifier v0.7.1 (*)
2026-10-03T21:08:20.9353733Z 
2026-10-03T21:08:20.9354059Z warning[duplicate]: found 3 duplicate entries for crate 'getrandom'
2026-10-03T21:08:20.9354877Z    ┌─ D:\a\symaira-brain\symaira-brain/Cargo.lock:52:1
2026-10-03T21:08:20.9355387Z    │  
2026-10-03T21:08:20.9355986Z 52 │ ╭ getrandom 0.2.17 registry+https://github.com/rust-lang/crates.io-index
2026-10-03T21:08:20.9356975Z 53 │ │ getrandom 0.3.3 registry+https://github.com/rust-lang/crates.io-index
2026-10-03T21:08:20.9358272Z 54 │ │ getrandom 0.4.3 registry+https://github.com/rust-lang/crates.io-index
2026-10-03T21:08:20.9359533Z    │ ╰─────────────────────────────────────────────────────────────────────┘ lock entries
2026-10-03T21:08:20.9360152Z    │  
2026-10-03T21:08:20.9360510Z    ├ getrandom v0.2.17
2026-10-03T21:08:20.9360903Z      └── ring v0.17.14
2026-10-03T21:08:20.9361337Z          ├── rustls v0.23.45
2026-10-03T21:08:20.9361874Z          │   ├── hyper-rustls v0.27.10
2026-10-03T21:08:20.9362439Z          │   │   └── reqwest v0.13.4
2026-10-03T21:08:20.9363047Z          │   │       └── symaira-core-llm v0.0.0
2026-10-03T21:08:20.9363723Z          │   │           └── symbrain-memory v0.12.1
2026-10-03T21:08:20.9364415Z          │   │               ├── symbrain-cli v0.12.1
2026-10-03T21:08:20.9365178Z          │   │               └── symbrain-gateway v0.12.1
2026-10-03T21:08:20.9365963Z          │   │                   └── symbrain-cli v0.12.1 (*)
2026-10-03T21:08:20.9366599Z          │   ├── reqwest v0.13.4 (*)
2026-10-03T21:08:20.9367253Z          │   ├── rustls-platform-verifier v0.7.1
2026-10-03T21:08:20.9367951Z          │   │   └── reqwest v0.13.4 (*)
2026-10-03T21:08:20.9368558Z          │   ├── tokio-rustls v0.26.6
2026-10-03T21:08:20.9369172Z          │   │   ├── hyper-rustls v0.27.10 (*)
2026-10-03T21:08:20.9369902Z          │   │   └── reqwest v0.13.4 (*)
2026-10-03T21:08:20.9370459Z          │   └── ureq v3.4.1
2026-10-03T21:08:20.9371047Z          │       ├── symaira-core-llm v0.0.0 (*)
2026-10-03T21:08:20.9371711Z          │       ├── symbrain-cli v0.12.1 (*)
2026-10-03T21:08:20.9372346Z          │       ├── symbrain-managed v0.12.1
2026-10-03T21:08:20.9373014Z          │       │   └── symbrain-cli v0.12.1 (*)
2026-10-03T21:08:20.9373654Z          │       └── symbrain-usage v0.12.1
2026-10-03T21:08:20.9374314Z          │           ├── symbrain-cli v0.12.1 (*)
2026-10-03T21:08:20.9375014Z          │           └── symbrain-gateway v0.12.1 (*)
2026-10-03T21:08:20.9375639Z          └── rustls-webpki v0.103.15
2026-10-03T21:08:20.9376247Z              ├── rustls v0.23.45 (*)
2026-10-03T21:08:20.9376974Z              └── rustls-platform-verifier v0.7.1 (*)
2026-10-03T21:08:20.9377541Z    ├ getrandom v0.3.3
2026-10-03T21:08:20.9378350Z      ├── symbrain-guard-core v0.12.1
2026-10-03T21:08:20.9379213Z      │   ├── (dev) symbrain-cli v0.12.1
2026-10-03T21:08:20.9379765Z      │   └── symguard-cli v0.12.1
2026-10-03T21:08:20.9380318Z      │       └── symbrain-cli v0.12.1 (*)
2026-10-03T21:08:20.9380870Z      └── symbrain-memory v0.12.1
2026-10-03T21:08:20.9381453Z          ├── symbrain-cli v0.12.1 (*)
2026-10-03T21:08:20.9382048Z          └── symbrain-gateway v0.12.1
2026-10-03T21:08:20.9382697Z              └── symbrain-cli v0.12.1 (*)
2026-10-03T21:08:20.9383189Z    ├ getrandom v0.4.3
2026-10-03T21:08:20.9383618Z      ├── jobserver v0.1.35
2026-10-03T21:08:20.9384049Z      │   └── cc v1.4.5
2026-10-03T21:08:20.9384538Z      │       ├── (build) aws-lc-sys v0.45.0
2026-10-03T21:08:20.9385098Z      │       │   └── aws-lc-rs v1.18.1
2026-10-03T21:08:20.9385633Z      │       │       ├── rustls v0.23.45
2026-10-03T21:08:20.9386438Z      │       │       │   ├── hyper-rustls v0.27.10
2026-10-03T21:08:20.9387091Z      │       │       │   │   └── reqwest v0.13.4
2026-10-03T21:08:20.9387797Z      │       │       │   │       └── symaira-core-llm v0.0.0
2026-10-03T21:08:20.9388544Z      │       │       │   │           └── symbrain-memory v0.12.1
2026-10-03T21:08:20.9389278Z      │       │       │   │               ├── symbrain-cli v0.12.1
2026-10-03T21:08:20.9390032Z      │       │       │   │               └── symbrain-gateway v0.12.1
2026-10-03T21:08:20.9390822Z      │       │       │   │                   └── symbrain-cli v0.12.1 (*)
2026-10-03T21:08:20.9391488Z      │       │       │   ├── reqwest v0.13.4 (*)
2026-10-03T21:08:20.9392190Z      │       │       │   ├── rustls-platform-verifier v0.7.1
2026-10-03T21:08:20.9392867Z      │       │       │   │   └── reqwest v0.13.4 (*)
2026-10-03T21:08:20.9393508Z      │       │       │   ├── tokio-rustls v0.26.6
2026-10-03T21:08:20.9394233Z      │       │       │   │   ├── hyper-rustls v0.27.10 (*)
2026-10-03T21:08:20.9394887Z      │       │       │   │   └── reqwest v0.13.4 (*)
2026-10-03T21:08:20.9395489Z      │       │       │   └── ureq v3.4.1
2026-10-03T21:08:20.9396135Z      │       │       │       ├── symaira-core-llm v0.0.0 (*)
2026-10-03T21:08:20.9396824Z      │       │       │       ├── symbrain-cli v0.12.1 (*)
2026-10-03T21:08:20.9397503Z      │       │       │       ├── symbrain-managed v0.12.1
2026-10-03T21:08:20.9398485Z      │       │       │       │   └── symbrain-cli v0.12.1 (*)
2026-10-03T21:08:20.9399146Z      │       │       │       └── symbrain-usage v0.12.1
2026-10-03T21:08:20.9399842Z      │       │       │           ├── symbrain-cli v0.12.1 (*)
2026-10-03T21:08:20.9400712Z      │       │       │           └── symbrain-gateway v0.12.1 (*)
2026-10-03T21:08:20.9401455Z      │       │       └── rustls-webpki v0.103.15
2026-10-03T21:08:20.9402134Z      │       │           ├── rustls v0.23.45 (*)
2026-10-03T21:08:20.9402873Z      │       │           └── rustls-platform-verifier v0.7.1 (*)
2026-10-03T21:08:20.9403492Z      │       ├── cmake v0.1.58
2026-10-03T21:08:20.9404405Z      │       │   └── (build) aws-lc-sys v0.45.0 (*)
2026-10-03T21:08:20.9405086Z      │       ├── (build) iana-time-zone-haiku v0.1.2
2026-10-03T21:08:20.9405700Z      │       │   └── iana-time-zone v0.1.65
2026-10-03T21:08:20.9406263Z      │       │       └── chrono v0.4.45
2026-10-03T21:08:20.9406923Z      │       │           ├── symbrain-activity v0.12.1
2026-10-03T21:08:20.9407920Z      │       │           │   ├── symbrain-cli v0.12.1 (*)
2026-10-03T21:08:20.9408708Z      │       │           │   ├── symbrain-gateway v0.12.1 (*)
2026-10-03T21:08:20.9409451Z      │       │           │   └── symbrain-memory v0.12.1 (*)
2026-10-03T21:08:20.9410384Z      │       │           ├── symbrain-audit v0.12.1
2026-10-03T21:08:20.9411118Z      │       │           │   ├── symbrain-cli v0.12.1 (*)
2026-10-03T21:08:20.9411884Z      │       │           │   ├── symbrain-gateway v0.12.1 (*)
2026-10-03T21:08:20.9412586Z      │       │           │   └── symguard-cli v0.12.1
2026-10-03T21:08:20.9413321Z      │       │           │       └── symbrain-cli v0.12.1 (*)
2026-10-03T21:08:20.9414015Z      │       │           ├── symbrain-cli v0.12.1 (*)
2026-10-03T21:08:20.9414690Z      │       │           ├── symbrain-core v0.12.1
2026-10-03T21:08:20.9415418Z      │       │           │   ├── symbrain-audit v0.12.1 (*)
2026-10-03T21:08:20.9416132Z      │       │           │   ├── symbrain-cli v0.12.1 (*)
2026-10-03T21:08:20.9416860Z      │       │           │   ├── symbrain-gateway v0.12.1 (*)
2026-10-03T21:08:20.9417608Z      │       │           │   ├── symbrain-guard-core v0.12.1
2026-10-03T21:08:20.9418764Z      │       │           │   │   ├── (dev) symbrain-cli v0.12.1 (*)
2026-10-03T21:08:20.9419542Z      │       │           │   │   └── symguard-cli v0.12.1 (*)
2026-10-03T21:08:20.9420242Z      │       │           │   ├── symbrain-policy v0.12.1
2026-10-03T21:08:20.9421260Z      │       │           │   │   ├── symbrain-activity v0.12.1 (*)
2026-10-03T21:08:20.9422060Z      │       │           │   │   ├── symbrain-catalog v0.12.1
2026-10-03T21:08:20.9422854Z      │       │           │   │   │   └── symbrain-gateway v0.12.1 (*)
2026-10-03T21:08:20.9423605Z      │       │           │   │   ├── symbrain-cli v0.12.1 (*)
2026-10-03T21:08:20.9424372Z      │       │           │   │   └── symbrain-gateway v0.12.1 (*)
2026-10-03T21:08:20.9425082Z      │       │           │   └── symguard-cli v0.12.1 (*)
2026-10-03T21:08:20.9425767Z      │       │           ├── symbrain-gateway v0.12.1 (*)
2026-10-03T21:08:20.9426486Z      │       │           ├── symbrain-guard-core v0.12.1 (*)
2026-10-03T21:08:20.9427193Z      │       │           ├── symbrain-harness v0.12.1
2026-10-03T21:08:20.9427879Z      │       │           │   ├── symbrain-adapter v0.12.1
2026-10-03T21:08:20.9428598Z      │       │           │   │   └── symbrain-cli v0.12.1 (*)
2026-10-03T21:08:20.9429316Z      │       │           │   ├── symbrain-cli v0.12.1 (*)
2026-10-03T21:08:20.9430044Z      │       │           │   ├── symbrain-gateway v0.12.1 (*)
2026-10-03T21:08:20.9430774Z      │       │           │   └── symbrain-skills v0.12.1
2026-10-03T21:08:20.9431476Z      │       │           │       ├── symbrain-cli v0.12.1 (*)
2026-10-03T21:08:20.9432214Z      │       │           │       └── symbrain-gateway v0.12.1 (*)
2026-10-03T21:08:20.9432963Z      │       │           ├── symbrain-managed v0.12.1 (*)
2026-10-03T21:08:20.9433647Z      │       │           ├── symbrain-memory v0.12.1 (*)
2026-10-03T21:08:20.9434346Z      │       │           ├── symbrain-skills v0.12.1 (*)
2026-10-03T21:08:20.9435041Z      │       │           ├── symbrain-usage v0.12.1 (*)
2026-10-03T21:08:20.9435690Z      │       │           └── symguard-cli v0.12.1 (*)
2026-10-03T21:08:20.9436264Z      │       ├── (build) libsqlite3-sys v0.38.2
2026-10-03T21:08:20.9436731Z      │       │   └── rusqlite v0.40.2
2026-10-03T21:08:20.9437096Z      │       │       ├── symbrain-cli v0.12.1 (*)
2026-10-03T21:08:20.9437481Z      │       │       └── symbrain-memory v0.12.1 (*)
2026-10-03T21:08:20.9438165Z      │       ├── (build) ring v0.17.14
2026-10-03T21:08:20.9439014Z      │       │   ├── rustls v0.23.45 (*)
2026-10-03T21:08:20.9439673Z      │       │   └── rustls-webpki v0.103.15 (*)
2026-10-03T21:08:20.9440270Z      │       └── (build) sqlite-wasm-rs v0.5.5
2026-10-03T21:08:20.9440841Z      │           └── rusqlite v0.40.2 (*)
2026-10-03T21:08:20.9441312Z      └── tempfile v3.27.0
2026-10-03T21:08:20.9441872Z          ├── (dev) symbrain-activity v0.12.1 (*)
2026-10-03T21:08:20.9442528Z          ├── (dev) symbrain-adapter v0.12.1 (*)
2026-10-03T21:08:20.9443199Z          ├── (dev) symbrain-audit v0.12.1 (*)
2026-10-03T21:08:20.9443854Z          ├── (dev) symbrain-broker v0.12.1
2026-10-03T21:08:20.9444524Z          │   ├── symbrain-cli v0.12.1 (*)
2026-10-03T21:08:20.9445200Z          │   └── symbrain-gateway v0.12.1 (*)
2026-10-03T21:08:20.9446142Z          ├── (dev) symbrain-cli v0.12.1 (*)
2026-10-03T21:08:20.9446811Z          ├── symbrain-core v0.12.1 (*)
2026-10-03T21:08:20.9447484Z          ├── symbrain-harness v0.12.1 (*)
2026-10-03T21:08:20.9448194Z          ├── (dev) symbrain-instructions v0.12.1
2026-10-03T21:08:20.9448900Z          │   ├── symbrain-adapter v0.12.1 (*)
2026-10-03T21:08:20.9449581Z          │   └── symbrain-cli v0.12.1 (*)
2026-10-03T21:08:20.9450241Z          ├── symbrain-managed v0.12.1 (*)
2026-10-03T21:08:20.9450923Z          ├── (dev) symbrain-patterns v0.12.1
2026-10-03T21:08:20.9451659Z          │   ├── (dev) symbrain-activity v0.12.1 (*)
2026-10-03T21:08:20.9452359Z          │   ├── symbrain-cli v0.12.1 (*)
2026-10-03T21:08:20.9453029Z          │   └── symbrain-gateway v0.12.1 (*)
2026-10-03T21:08:20.9453703Z          ├── (dev) symbrain-policy v0.12.1 (*)
2026-10-03T21:08:20.9454405Z          ├── (dev) symbrain-skills v0.12.1 (*)
2026-10-03T21:08:20.9455086Z          ├── symbrain-usage v0.12.1 (*)
2026-10-03T21:08:20.9455761Z          └── (dev) symguard-cli v0.12.1 (*)
2026-10-03T21:08:20.9456074Z 
2026-10-03T21:08:20.9456432Z warning[duplicate]: found 2 duplicate entries for crate 'hashbrown'
2026-10-03T21:08:20.9457293Z    ┌─ D:\a\symaira-brain\symaira-brain/Cargo.lock:55:1
2026-10-03T21:08:20.9457855Z    │  
2026-10-03T21:08:20.9458814Z 55 │ ╭ hashbrown 0.16.1 registry+https://github.com/rust-lang/crates.io-index
2026-10-03T21:08:20.9459842Z 56 │ │ hashbrown 0.17.1 registry+https://github.com/rust-lang/crates.io-index
2026-10-03T21:08:20.9460921Z    │ ╰──────────────────────────────────────────────────────────────────────┘ lock entries
2026-10-03T21:08:20.9461558Z    │  
2026-10-03T21:08:20.9461945Z    ├ hashbrown v0.16.1
2026-10-03T21:08:20.9462384Z      └── rsqlite-vfs v0.1.1
2026-10-03T21:08:20.9462935Z          └── sqlite-wasm-rs v0.5.5
2026-10-03T21:08:20.9463537Z              └── rusqlite v0.40.2
2026-10-03T21:08:20.9464217Z                  ├── symbrain-cli v0.12.1
2026-10-03T21:08:20.9464985Z                  └── symbrain-memory v0.12.1
2026-10-03T21:08:20.9465812Z                      ├── symbrain-cli v0.12.1 (*)
2026-10-03T21:08:20.9466933Z                      └── symbrain-gateway v0.12.1
2026-10-03T21:08:20.9467840Z                          └── symbrain-cli v0.12.1 (*)
2026-10-03T21:08:20.9468401Z    ├ hashbrown v0.17.1
2026-10-03T21:08:20.9469142Z      ├── hashlink v0.12.1
2026-10-03T21:08:20.9469626Z      │   └── rusqlite v0.40.2
2026-10-03T21:08:20.9470183Z      │       ├── symbrain-cli v0.12.1
2026-10-03T21:08:20.9470718Z      │       └── symbrain-memory v0.12.1
2026-10-03T21:08:20.9471811Z      │           ├── symbrain-cli v0.12.1 (*)
2026-10-03T21:08:20.9473539Z      │           └── symbrain-gateway v0.12.1
2026-10-03T21:08:20.9474475Z      │               └── symbrain-cli v0.12.1 (*)
2026-10-03T21:08:20.9475089Z      └── indexmap v2.14.2
2026-10-03T21:08:20.9475665Z          ├── serde_yaml_ng v0.10.0
2026-10-03T21:08:20.9476330Z          │   ├── symbrain-skills v0.12.1
2026-10-03T21:08:20.9477026Z          │   │   ├── symbrain-cli v0.12.1 (*)
2026-10-03T21:08:20.9477754Z          │   │   └── symbrain-gateway v0.12.1 (*)
2026-10-03T21:08:20.9478452Z          │   └── symguard-cli v0.12.1
2026-10-03T21:08:20.9479112Z          │       └── symbrain-cli v0.12.1 (*)
2026-10-03T21:08:20.9479788Z          ├── toml_edit v0.25.13+spec-1.1.0
2026-10-03T21:08:20.9480448Z          │   ├── symbrain-cli v0.12.1 (*)
2026-10-03T21:08:20.9481083Z          │   ├── symbrain-core v0.12.1
2026-10-03T21:08:20.9481745Z          │   │   ├── symbrain-audit v0.12.1
2026-10-03T21:08:20.9482459Z          │   │   │   ├── symbrain-cli v0.12.1 (*)
2026-10-03T21:08:20.9483322Z          │   │   │   ├── symbrain-gateway v0.12.1 (*)
2026-10-03T21:08:20.9484051Z          │   │   │   └── symguard-cli v0.12.1 (*)
2026-10-03T21:08:20.9484721Z          │   │   ├── symbrain-cli v0.12.1 (*)
2026-10-03T21:08:20.9485412Z          │   │   ├── symbrain-gateway v0.12.1 (*)
2026-10-03T21:08:20.9486370Z          │   │   ├── symbrain-guard-core v0.12.1
2026-10-03T21:08:20.9487137Z          │   │   │   ├── (dev) symbrain-cli v0.12.1 (*)
2026-10-03T21:08:20.9487861Z          │   │   │   └── symguard-cli v0.12.1 (*)
2026-10-03T21:08:20.9488543Z          │   │   ├── symbrain-policy v0.12.1
2026-10-03T21:08:20.9489238Z          │   │   │   ├── symbrain-activity v0.12.1
2026-10-03T21:08:20.9489953Z          │   │   │   │   ├── symbrain-cli v0.12.1 (*)
2026-10-03T21:08:20.9490978Z          │   │   │   │   ├── symbrain-gateway v0.12.1 (*)
2026-10-03T21:08:20.9491799Z          │   │   │   │   └── symbrain-memory v0.12.1 (*)
2026-10-03T21:08:20.9492513Z          │   │   │   ├── symbrain-catalog v0.12.1
2026-10-03T21:08:20.9493255Z          │   │   │   │   └── symbrain-gateway v0.12.1 (*)
2026-10-03T21:08:20.9493955Z          │   │   │   ├── symbrain-cli v0.12.1 (*)
2026-10-03T21:08:20.9494659Z          │   │   │   └── symbrain-gateway v0.12.1 (*)
2026-10-03T21:08:20.9495357Z          │   │   └── symguard-cli v0.12.1 (*)
2026-10-03T21:08:20.9495991Z          │   ├── symbrain-harness v0.12.1
2026-10-03T21:08:20.9496640Z          │   │   ├── symbrain-adapter v0.12.1
2026-10-03T21:08:20.9497337Z          │   │   │   └── symbrain-cli v0.12.1 (*)
2026-10-03T21:08:20.9497988Z          │   │   ├── symbrain-cli v0.12.1 (*)
2026-10-03T21:08:20.9498629Z          │   │   ├── symbrain-gateway v0.12.1 (*)
2026-10-03T21:08:20.9499265Z          │   │   └── symbrain-skills v0.12.1 (*)
2026-10-03T21:08:20.9499938Z          │   ├── symbrain-policy v0.12.1 (*)
2026-10-03T21:08:20.9500583Z          │   ├── symbrain-skills v0.12.1 (*)
2026-10-03T21:08:20.9501205Z          │   └── symguard-cli v0.12.1 (*)
2026-10-03T21:08:20.9501738Z          └── zip v8.6.0
2026-10-03T21:08:20.9502285Z              └── symbrain-managed v0.12.1
2026-10-03T21:08:20.9503010Z                  └── symbrain-cli v0.12.1 (*)
2026-10-03T21:08:20.9503309Z 
2026-10-03T21:08:20.9503672Z warning[duplicate]: found 2 duplicate entries for crate 'io-lifetimes'
2026-10-03T21:08:20.9504534Z    ┌─ D:\a\symaira-brain\symaira-brain/Cargo.lock:81:1
2026-10-03T21:08:20.9505322Z    │  
2026-10-03T21:08:20.9505989Z 81 │ ╭ io-lifetimes 2.0.4 registry+https://github.com/rust-lang/crates.io-index
2026-10-03T21:08:20.9507024Z 82 │ │ io-lifetimes 3.0.1 registry+https://github.com/rust-lang/crates.io-index
2026-10-03T21:08:20.9508107Z    │ ╰────────────────────────────────────────────────────────────────────────┘ lock entries
2026-10-03T21:08:20.9508744Z    │  
2026-10-03T21:08:20.9509116Z    ├ io-lifetimes v2.0.4
2026-10-03T21:08:20.9509604Z      └── fs-set-times v0.20.3
2026-10-03T21:08:20.9510167Z          └── cap-primitives v4.0.3
2026-10-03T21:08:20.9510774Z              ├── cap-fs-ext v4.0.3
2026-10-03T21:08:20.9511792Z              │   ├── symbrain-adapter v0.12.1
2026-10-03T21:08:20.9512544Z              │   │   └── symbrain-cli v0.12.1
2026-10-03T21:08:20.9513254Z              │   ├── symbrain-audit v0.12.1
2026-10-03T21:08:20.9514206Z              │   │   ├── symbrain-cli v0.12.1 (*)
2026-10-03T21:08:20.9514990Z              │   │   ├── symbrain-gateway v0.12.1
2026-10-03T21:08:20.9515780Z              │   │   │   └── symbrain-cli v0.12.1 (*)
2026-10-03T21:08:20.9516512Z              │   │   └── symguard-cli v0.12.1
2026-10-03T21:08:20.9517230Z              │   │       └── symbrain-cli v0.12.1 (*)
2026-10-03T21:08:20.9517917Z              │   ├── symbrain-harness v0.12.1
2026-10-03T21:08:20.9518683Z              │   │   ├── symbrain-adapter v0.12.1 (*)
2026-10-03T21:08:20.9519417Z              │   │   ├── symbrain-cli v0.12.1 (*)
2026-10-03T21:08:20.9520177Z              │   │   ├── symbrain-gateway v0.12.1 (*)
2026-10-03T21:08:20.9520922Z              │   │   └── symbrain-skills v0.12.1
2026-10-03T21:08:20.9521655Z              │   │       ├── symbrain-cli v0.12.1 (*)
2026-10-03T21:08:20.9522735Z              │   │       └── symbrain-gateway v0.12.1 (*)
2026-10-03T21:08:20.9523815Z              │   ├── symbrain-instructions v0.12.1
2026-10-03T21:08:20.9524635Z              │   │   ├── symbrain-adapter v0.12.1 (*)
2026-10-03T21:08:20.9525382Z              │   │   └── symbrain-cli v0.12.1 (*)
2026-10-03T21:08:20.9526155Z              │   └── symbrain-skills v0.12.1 (*)
2026-10-03T21:08:20.9527428Z              └── cap-std v4.0.3
2026-10-03T21:08:20.9528168Z                  ├── cap-fs-ext v4.0.3 (*)
2026-10-03T21:08:20.9528951Z                  ├── symbrain-adapter v0.12.1 (*)
2026-10-03T21:08:20.9529650Z                  ├── symbrain-audit v0.12.1 (*)
2026-10-03T21:08:20.9530417Z                  ├── symbrain-harness v0.12.1 (*)
2026-10-03T21:08:20.9532752Z                  ├── symbrain-instructions v0.12.1 (*)
2026-10-03T21:08:20.9533649Z                  └── symbrain-skills v0.12.1 (*)
2026-10-03T21:08:20.9534238Z    ├ io-lifetimes v3.0.1
2026-10-03T21:08:20.9534999Z      ├── cap-fs-ext v4.0.3
2026-10-03T21:08:20.9535584Z      │   ├── symbrain-adapter v0.12.1
2026-10-03T21:08:20.9536187Z      │   │   └── symbrain-cli v0.12.1
2026-10-03T21:08:20.9536786Z      │   ├── symbrain-audit v0.12.1
2026-10-03T21:08:20.9537406Z      │   │   ├── symbrain-cli v0.12.1 (*)
2026-10-03T21:08:20.9538338Z      │   │   ├── symbrain-gateway v0.12.1
2026-10-03T21:08:20.9538956Z      │   │   │   └── symbrain-cli v0.12.1 (*)
2026-10-03T21:08:20.9539575Z      │   │   └── symguard-cli v0.12.1
2026-10-03T21:08:20.9540203Z      │   │       └── symbrain-cli v0.12.1 (*)
2026-10-03T21:08:20.9540839Z      │   ├── symbrain-harness v0.12.1
2026-10-03T21:08:20.9541891Z      │   │   ├── symbrain-adapter v0.12.1 (*)
2026-10-03T21:08:20.9543373Z      │   │   ├── symbrain-cli v0.12.1 (*)
2026-10-03T21:08:20.9544401Z      │   │   ├── symbrain-gateway v0.12.1 (*)
2026-10-03T21:08:20.9545341Z      │   │   └── symbrain-skills v0.12.1
2026-10-03T21:08:20.9545962Z      │   │       ├── symbrain-cli v0.12.1 (*)
2026-10-03T21:08:20.9546636Z      │   │       └── symbrain-gateway v0.12.1 (*)
2026-10-03T21:08:20.9547344Z      │   ├── symbrain-instructions v0.12.1
2026-10-03T21:08:20.9548675Z      │   │   ├── symbrain-adapter v0.12.1 (*)
2026-10-03T21:08:20.9549290Z      │   │   └── symbrain-cli v0.12.1 (*)
2026-10-03T21:08:20.9549886Z      │   └── symbrain-skills v0.12.1 (*)
2026-10-03T21:08:20.9550425Z      ├── cap-primitives v4.0.3
2026-10-03T21:08:20.9550954Z      │   ├── cap-fs-ext v4.0.3 (*)
2026-10-03T21:08:20.9551457Z      │   └── cap-std v4.0.3
2026-10-03T21:08:20.9551963Z      │       ├── cap-fs-ext v4.0.3 (*)
2026-10-03T21:08:20.9552544Z      │       ├── symbrain-adapter v0.12.1 (*)
2026-10-03T21:08:20.9553181Z      │       ├── symbrain-audit v0.12.1 (*)
2026-10-03T21:08:20.9553788Z      │       ├── symbrain-harness v0.12.1 (*)
2026-10-03T21:08:20.9554446Z      │       ├── symbrain-instructions v0.12.1 (*)
2026-10-03T21:08:20.9555426Z      │       └── symbrain-skills v0.12.1 (*)
2026-10-03T21:08:20.9555999Z      ├── cap-std v4.0.3 (*)
2026-10-03T21:08:20.9556475Z      └── io-extras v0.19.0
2026-10-03T21:08:20.9557292Z          ├── cap-primitives v4.0.3 (*)
2026-10-03T21:08:20.9557902Z          └── cap-std v4.0.3 (*)
2026-10-03T21:08:20.9558165Z 
2026-10-03T21:08:20.9558485Z warning[duplicate]: found 2 duplicate entries for crate 'r-efi'
2026-10-03T21:08:20.9559338Z     ┌─ D:\a\symaira-brain\symaira-brain/Cargo.lock:109:1
2026-10-03T21:08:20.9559883Z     │  
2026-10-03T21:08:20.9560879Z 109 │ ╭ r-efi 5.3.0 registry+https://github.com/rust-lang/crates.io-index
2026-10-03T21:08:20.9561828Z 110 │ │ r-efi 6.0.0 registry+https://github.com/rust-lang/crates.io-index
2026-10-03T21:08:20.9562853Z     │ ╰─────────────────────────────────────────────────────────────────┘ lock entries
2026-10-03T21:08:20.9563462Z     │  
2026-10-03T21:08:20.9563833Z     ├ r-efi v5.3.0
2026-10-03T21:08:20.9564253Z       └── getrandom v0.3.3
2026-10-03T21:08:20.9564847Z           ├── symbrain-guard-core v0.12.1
2026-10-03T21:08:20.9565490Z           │   ├── (dev) symbrain-cli v0.12.1
2026-10-03T21:08:20.9566112Z           │   └── symguard-cli v0.12.1
2026-10-03T21:08:20.9566748Z           │       └── symbrain-cli v0.12.1 (*)
2026-10-03T21:08:20.9567719Z           └── symbrain-memory v0.12.1
2026-10-03T21:08:20.9568654Z               ├── symbrain-cli v0.12.1 (*)
2026-10-03T21:08:20.9569332Z               └── symbrain-gateway v0.12.1
2026-10-03T21:08:20.9570059Z                   └── symbrain-cli v0.12.1 (*)
2026-10-03T21:08:20.9570544Z     ├ r-efi v6.0.0
2026-10-03T21:08:20.9570947Z       └── getrandom v0.4.3
2026-10-03T21:08:20.9571447Z           ├── jobserver v0.1.35
2026-10-03T21:08:20.9571930Z           │   └── cc v1.4.5
2026-10-03T21:08:20.9572521Z           │       ├── (build) aws-lc-sys v0.45.0
2026-10-03T21:08:20.9573161Z           │       │   └── aws-lc-rs v1.18.1
2026-10-03T21:08:20.9573777Z           │       │       ├── rustls v0.23.45
2026-10-03T21:08:20.9574463Z           │       │       │   ├── hyper-rustls v0.27.10
2026-10-03T21:08:20.9575720Z           │       │       │   │   └── reqwest v0.13.4
2026-10-03T21:08:20.9576562Z           │       │       │   │       └── symaira-core-llm v0.0.0
2026-10-03T21:08:20.9577427Z           │       │       │   │           └── symbrain-memory v0.12.1
2026-10-03T21:08:20.9578578Z           │       │       │   │               ├── symbrain-cli v0.12.1
2026-10-03T21:08:20.9579503Z           │       │       │   │               └── symbrain-gateway v0.12.1
2026-10-03T21:08:20.9580423Z           │       │       │   │                   └── symbrain-cli v0.12.1 (*)
2026-10-03T21:08:20.9581209Z           │       │       │   ├── reqwest v0.13.4 (*)
2026-10-03T21:08:20.9582063Z           │       │       │   ├── rustls-platform-verifier v0.7.1
2026-10-03T21:08:20.9582853Z           │       │       │   │   └── reqwest v0.13.4 (*)
2026-10-03T21:08:20.9583574Z           │       │       │   ├── tokio-rustls v0.26.6
2026-10-03T21:08:20.9586547Z           │       │       │   │   ├── hyper-rustls v0.27.10 (*)
2026-10-03T21:08:20.9587418Z           │       │       │   │   └── reqwest v0.13.4 (*)
2026-10-03T21:08:20.9588121Z           │       │       │   └── ureq v3.4.1
2026-10-03T21:08:20.9588909Z           │       │       │       ├── symaira-core-llm v0.0.0 (*)
2026-10-03T21:08:20.9589737Z           │       │       │       ├── symbrain-cli v0.12.1 (*)
2026-10-03T21:08:20.9590554Z           │       │       │       ├── symbrain-managed v0.12.1
2026-10-03T21:08:20.9591369Z           │       │       │       │   └── symbrain-cli v0.12.1 (*)
2026-10-03T21:08:20.9592145Z           │       │       │       └── symbrain-usage v0.12.1
2026-10-03T21:08:20.9592928Z           │       │       │           ├── symbrain-cli v0.12.1 (*)
2026-10-03T21:08:20.9596680Z           │       │       │           └── symbrain-gateway v0.12.1 (*)
2026-10-03T21:08:20.9606571Z           │       │       └── rustls-webpki v0.103.15
2026-10-03T21:08:20.9611793Z           │       │           ├── rustls v0.23.45 (*)
2026-10-03T21:08:20.9614155Z           │       │           └── rustls-platform-verifier v0.7.1 (*)
2026-10-03T21:08:20.9615540Z           │       ├── cmake v0.1.58
2026-10-03T21:08:20.9616303Z           │       │   └── (build) aws-lc-sys v0.45.0 (*)
2026-10-03T21:08:20.9617127Z           │       ├── (build) iana-time-zone-haiku v0.1.2
2026-10-03T21:08:20.9617953Z           │       │   └── iana-time-zone v0.1.65
2026-10-03T21:08:20.9624387Z           │       │       └── chrono v0.4.45
2026-10-03T21:08:20.9631900Z           │       │           ├── symbrain-activity v0.12.1
2026-10-03T21:08:20.9634921Z           │       │           │   ├── symbrain-cli v0.12.1 (*)
2026-10-03T21:08:20.9638282Z           │       │           │   ├── symbrain-gateway v0.12.1 (*)
2026-10-03T21:08:20.9644044Z           │       │           │   └── symbrain-memory v0.12.1 (*)
2026-10-03T21:08:20.9647657Z           │       │           ├── symbrain-audit v0.12.1
2026-10-03T21:08:20.9652626Z           │       │           │   ├── symbrain-cli v0.12.1 (*)
2026-10-03T21:08:20.9653561Z           │       │           │   ├── symbrain-gateway v0.12.1 (*)
2026-10-03T21:08:20.9654380Z           │       │           │   └── symguard-cli v0.12.1
2026-10-03T21:08:20.9655187Z           │       │           │       └── symbrain-cli v0.12.1 (*)
2026-10-03T21:08:20.9656321Z           │       │           ├── symbrain-cli v0.12.1 (*)
2026-10-03T21:08:20.9657347Z           │       │           ├── symbrain-core v0.12.1
2026-10-03T21:08:20.9658176Z           │       │           │   ├── symbrain-audit v0.12.1 (*)
2026-10-03T21:08:20.9659002Z           │       │           │   ├── symbrain-cli v0.12.1 (*)
2026-10-03T21:08:20.9659829Z           │       │           │   ├── symbrain-gateway v0.12.1 (*)
2026-10-03T21:08:20.9660669Z           │       │           │   ├── symbrain-guard-core v0.12.1
2026-10-03T21:08:20.9661536Z           │       │           │   │   ├── (dev) symbrain-cli v0.12.1 (*)
2026-10-03T21:08:20.9662367Z           │       │           │   │   └── symguard-cli v0.12.1 (*)
2026-10-03T21:08:20.9663184Z           │       │           │   ├── symbrain-policy v0.12.1
2026-10-03T21:08:20.9664040Z           │       │           │   │   ├── symbrain-activity v0.12.1 (*)
2026-10-03T21:08:20.9664914Z           │       │           │   │   ├── symbrain-catalog v0.12.1
2026-10-03T21:08:20.9665782Z           │       │           │   │   │   └── symbrain-gateway v0.12.1 (*)
2026-10-03T21:08:20.9666603Z           │       │           │   │   ├── symbrain-cli v0.12.1 (*)
2026-10-03T21:08:20.9667431Z           │       │           │   │   └── symbrain-gateway v0.12.1 (*)
2026-10-03T21:08:20.9668219Z           │       │           │   └── symguard-cli v0.12.1 (*)
2026-10-03T21:08:20.9668993Z           │       │           ├── symbrain-gateway v0.12.1 (*)
2026-10-03T21:08:20.9669802Z           │       │           ├── symbrain-guard-core v0.12.1 (*)
2026-10-03T21:08:20.9670601Z           │       │           ├── symbrain-harness v0.12.1
2026-10-03T21:08:20.9671695Z           │       │           │   ├── symbrain-adapter v0.12.1
2026-10-03T21:08:20.9673255Z           │       │           │   │   └── symbrain-cli v0.12.1 (*)
2026-10-03T21:08:20.9675518Z           │       │           │   ├── symbrain-cli v0.12.1 (*)
2026-10-03T21:08:20.9676807Z           │       │           │   ├── symbrain-gateway v0.12.1 (*)
2026-10-03T21:08:20.9677688Z           │       │           │   └── symbrain-skills v0.12.1
2026-10-03T21:08:20.9678580Z           │       │           │       ├── symbrain-cli v0.12.1 (*)
2026-10-03T21:08:20.9679416Z           │       │           │       └── symbrain-gateway v0.12.1 (*)
2026-10-03T21:08:20.9680935Z           │       │           ├── symbrain-managed v0.12.1 (*)
2026-10-03T21:08:20.9681871Z           │       │           ├── symbrain-memory v0.12.1 (*)
2026-10-03T21:08:20.9682714Z           │       │           ├── symbrain-skills v0.12.1 (*)
2026-10-03T21:08:20.9683522Z           │       │           ├── symbrain-usage v0.12.1 (*)
2026-10-03T21:08:20.9685259Z           │       │           └── symguard-cli v0.12.1 (*)
2026-10-03T21:08:20.9686083Z           │       ├── (build) libsqlite3-sys v0.38.2
2026-10-03T21:08:20.9686774Z           │       │   └── rusqlite v0.40.2
2026-10-03T21:08:20.9687578Z           │       │       ├── symbrain-cli v0.12.1 (*)
2026-10-03T21:08:20.9688357Z           │       │       └── symbrain-memory v0.12.1 (*)
2026-10-03T21:08:20.9689074Z           │       ├── (build) ring v0.17.14
2026-10-03T21:08:20.9689789Z           │       │   ├── rustls v0.23.45 (*)
2026-10-03T21:08:20.9690606Z           │       │   └── rustls-webpki v0.103.15 (*)
2026-10-03T21:08:20.9692383Z           │       └── (build) sqlite-wasm-rs v0.5.5
2026-10-03T21:08:20.9693136Z           │           └── rusqlite v0.40.2 (*)
2026-10-03T21:08:20.9693754Z           └── tempfile v3.27.0
2026-10-03T21:08:20.9694469Z               ├── (dev) symbrain-activity v0.12.1 (*)
2026-10-03T21:08:20.9695234Z               ├── (dev) symbrain-adapter v0.12.1 (*)
2026-10-03T21:08:20.9695955Z               ├── (dev) symbrain-audit v0.12.1 (*)
2026-10-03T21:08:20.9696689Z               ├── (dev) symbrain-broker v0.12.1
2026-10-03T21:08:20.9697407Z               │   ├── symbrain-cli v0.12.1 (*)
2026-10-03T21:08:20.9698488Z               │   └── symbrain-gateway v0.12.1 (*)
2026-10-03T21:08:20.9699220Z               ├── (dev) symbrain-cli v0.12.1 (*)
2026-10-03T21:08:20.9699925Z               ├── symbrain-core v0.12.1 (*)
2026-10-03T21:08:20.9700630Z               ├── symbrain-harness v0.12.1 (*)
2026-10-03T21:08:20.9701383Z               ├── (dev) symbrain-instructions v0.12.1
2026-10-03T21:08:20.9702131Z               │   ├── symbrain-adapter v0.12.1 (*)
2026-10-03T21:08:20.9702818Z               │   └── symbrain-cli v0.12.1 (*)
2026-10-03T21:08:20.9703485Z               ├── symbrain-managed v0.12.1 (*)
2026-10-03T21:08:20.9704185Z               ├── (dev) symbrain-patterns v0.12.1
2026-10-03T21:08:20.9704960Z               │   ├── (dev) symbrain-activity v0.12.1 (*)
2026-10-03T21:08:20.9705700Z               │   ├── symbrain-cli v0.12.1 (*)
2026-10-03T21:08:20.9706466Z               │   └── symbrain-gateway v0.12.1 (*)
2026-10-03T21:08:20.9707213Z               ├── (dev) symbrain-policy v0.12.1 (*)
2026-10-03T21:08:20.9707990Z               ├── (dev) symbrain-skills v0.12.1 (*)
2026-10-03T21:08:20.9708687Z               ├── symbrain-usage v0.12.1 (*)
2026-10-03T21:08:20.9709383Z               └── (dev) symguard-cli v0.12.1 (*)
2026-10-03T21:08:20.9709691Z 
2026-10-03T21:08:20.9709977Z warning[duplicate]: found 2 duplicate entries for crate 'syn'
2026-10-03T21:08:20.9710770Z     ┌─ D:\a\symaira-brain\symaira-brain/Cargo.lock:174:1
2026-10-03T21:08:20.9711291Z     │  
2026-10-03T21:08:20.9712186Z 174 │ ╭ syn 2.0.119 registry+https://github.com/rust-lang/crates.io-index
2026-10-03T21:08:20.9713083Z 175 │ │ syn 3.0.5 registry+https://github.com/rust-lang/crates.io-index
2026-10-03T21:08:20.9714069Z     │ ╰───────────────────────────────────────────────────────────────┘ lock entries
2026-10-03T21:08:20.9714635Z     │  
2026-10-03T21:08:20.9715204Z     ├ syn v2.0.119
2026-10-03T21:08:20.9715650Z       ├── jni-macros v0.22.4
2026-10-03T21:08:20.9716100Z       │   └── jni v0.22.4
2026-10-03T21:08:20.9716703Z       │       └── rustls-platform-verifier v0.7.1
2026-10-03T21:08:20.9717339Z       │           └── reqwest v0.13.4
2026-10-03T21:08:20.9718035Z       │               └── symaira-core-llm v0.0.0
2026-10-03T21:08:20.9718704Z       │                   └── symbrain-memory v0.12.1
2026-10-03T21:08:20.9719367Z       │                       ├── symbrain-cli v0.12.1
2026-10-03T21:08:20.9720071Z       │                       └── symbrain-gateway v0.12.1
2026-10-03T21:08:20.9720793Z       │                           └── symbrain-cli v0.12.1 (*)
2026-10-03T21:08:20.9721379Z       ├── jni-sys-macros v0.4.1
2026-10-03T21:08:20.9721845Z       │   └── jni-sys v0.4.1
2026-10-03T21:08:20.9722307Z       │       └── jni v0.22.4 (*)
2026-10-03T21:08:20.9722812Z       ├── windows-implement v0.60.2
2026-10-03T21:08:20.9723338Z       │   └── windows-core v0.62.2
2026-10-03T21:08:20.9723916Z       │       └── iana-time-zone v0.1.65
2026-10-03T21:08:20.9724471Z       │           └── chrono v0.4.45
2026-10-03T21:08:20.9725681Z       │               ├── symbrain-activity v0.12.1
2026-10-03T21:08:20.9726552Z       │               │   ├── symbrain-cli v0.12.1 (*)
2026-10-03T21:08:20.9727286Z       │               │   ├── symbrain-gateway v0.12.1 (*)
2026-10-03T21:08:20.9727994Z       │               │   └── symbrain-memory v0.12.1 (*)
2026-10-03T21:08:20.9728959Z       │               ├── symbrain-audit v0.12.1
2026-10-03T21:08:20.9730156Z       │               │   ├── symbrain-cli v0.12.1 (*)
2026-10-03T21:08:20.9730894Z       │               │   ├── symbrain-gateway v0.12.1 (*)
2026-10-03T21:08:20.9732036Z       │               │   └── symguard-cli v0.12.1
2026-10-03T21:08:20.9732772Z       │               │       └── symbrain-cli v0.12.1 (*)
2026-10-03T21:08:20.9733398Z       │               ├── symbrain-cli v0.12.1 (*)
2026-10-03T21:08:20.9734048Z       │               ├── symbrain-core v0.12.1
2026-10-03T21:08:20.9734735Z       │               │   ├── symbrain-audit v0.12.1 (*)
2026-10-03T21:08:20.9735452Z       │               │   ├── symbrain-cli v0.12.1 (*)
2026-10-03T21:08:20.9736158Z       │               │   ├── symbrain-gateway v0.12.1 (*)
2026-10-03T21:08:20.9736848Z       │               │   ├── symbrain-guard-core v0.12.1
2026-10-03T21:08:20.9737560Z       │               │   │   ├── (dev) symbrain-cli v0.12.1 (*)
2026-10-03T21:08:20.9738251Z       │               │   │   └── symguard-cli v0.12.1 (*)
2026-10-03T21:08:20.9738938Z       │               │   ├── symbrain-policy v0.12.1
2026-10-03T21:08:20.9739646Z       │               │   │   ├── symbrain-activity v0.12.1 (*)
2026-10-03T21:08:20.9740359Z       │               │   │   ├── symbrain-catalog v0.12.1
2026-10-03T21:08:20.9741091Z       │               │   │   │   └── symbrain-gateway v0.12.1 (*)
2026-10-03T21:08:20.9741802Z       │               │   │   ├── symbrain-cli v0.12.1 (*)
2026-10-03T21:08:20.9742769Z       │               │   │   └── symbrain-gateway v0.12.1 (*)
2026-10-03T21:08:20.9743484Z       │               │   └── symguard-cli v0.12.1 (*)
2026-10-03T21:08:20.9744151Z       │               ├── symbrain-gateway v0.12.1 (*)
2026-10-03T21:08:20.9744803Z       │               ├── symbrain-guard-core v0.12.1 (*)
2026-10-03T21:08:20.9745503Z       │               ├── symbrain-harness v0.12.1
2026-10-03T21:08:20.9746198Z       │               │   ├── symbrain-adapter v0.12.1
2026-10-03T21:08:20.9746970Z       │               │   │   └── symbrain-cli v0.12.1 (*)
2026-10-03T21:08:20.9747718Z       │               │   ├── symbrain-cli v0.12.1 (*)
2026-10-03T21:08:20.9748495Z       │               │   ├── symbrain-gateway v0.12.1 (*)
2026-10-03T21:08:20.9749264Z       │               │   └── symbrain-skills v0.12.1
2026-10-03T21:08:20.9749950Z       │               │       ├── symbrain-cli v0.12.1 (*)
2026-10-03T21:08:20.9750455Z       │               │       └── symbrain-gateway v0.12.1 (*)
2026-10-03T21:08:20.9769739Z       │               ├── symbrain-managed v0.12.1
2026-10-03T21:08:20.9770230Z       │               │   └── symbrain-cli v0.12.1 (*)
2026-10-03T21:08:20.9770684Z       │               ├── symbrain-memory v0.12.1 (*)
2026-10-03T21:08:20.9771092Z       │               ├── symbrain-skills v0.12.1 (*)
2026-10-03T21:08:20.9771499Z       │               ├── symbrain-usage v0.12.1
2026-10-03T21:08:20.9772268Z       │               │   ├── symbrain-cli v0.12.1 (*)
2026-10-03T21:08:20.9773068Z       │               │   └── symbrain-gateway v0.12.1 (*)
2026-10-03T21:08:20.9773595Z       │               └── symguard-cli v0.12.1 (*)
2026-10-03T21:08:20.9773970Z       └── windows-interface v0.59.3
2026-10-03T21:08:20.9774348Z           └── windows-core v0.62.2 (*)
2026-10-03T21:08:20.9774638Z     ├ syn v3.0.5
2026-10-03T21:08:20.9775099Z       ├── displaydoc v0.2.7
2026-10-03T21:08:20.9775689Z       │   ├── icu_collections v2.3.0
2026-10-03T21:08:20.9776352Z       │   │   ├── icu_normalizer v2.3.0
2026-10-03T21:08:20.9777050Z       │   │   │   └── idna_adapter v1.2.2
2026-10-03T21:08:20.9777736Z       │   │   │       └── idna v1.1.0
2026-10-03T21:08:20.9778081Z       │   │   │           └── url v2.5.8
2026-10-03T21:08:20.9778456Z       │   │   │               ├── reqwest v0.13.4
2026-10-03T21:08:20.9778879Z       │   │   │               │   └── symaira-core-llm v0.0.0
2026-10-03T21:08:20.9779346Z       │   │   │               │       └── symbrain-memory v0.12.1
2026-10-03T21:08:20.9779793Z       │   │   │               │           ├── symbrain-cli v0.12.1
2026-10-03T21:08:20.9780258Z       │   │   │               │           └── symbrain-gateway v0.12.1
2026-10-03T21:08:20.9780731Z       │   │   │               │               └── symbrain-cli v0.12.1 (*)
2026-10-03T21:08:20.9781166Z       │   │   │               └── tower-http v0.6.11
2026-10-03T21:08:20.9781642Z       │   │   │                   └── reqwest v0.13.4 (*)
2026-10-03T21:08:20.9782032Z       │   │   └── icu_properties v2.3.0
2026-10-03T21:08:20.9782395Z       │   │       └── idna_adapter v1.2.2 (*)
2026-10-03T21:08:20.9782754Z       │   ├── icu_locale_core v2.3.0
2026-10-03T21:08:20.9783094Z       │   │   ├── icu_properties v2.3.0 (*)
2026-10-03T21:08:20.9783449Z       │   │   └── icu_provider v2.3.1
2026-10-03T21:08:20.9783793Z       │   │       ├── icu_normalizer v2.3.0 (*)
2026-10-03T21:08:20.9784161Z       │   │       └── icu_properties v2.3.0 (*)
2026-10-03T21:08:20.9784510Z       │   ├── icu_properties v2.3.0 (*)
2026-10-03T21:08:20.9784843Z       │   ├── icu_provider v2.3.1 (*)
2026-10-03T21:08:20.9785147Z       │   ├── tinystr v0.8.4
2026-10-03T21:08:20.9785469Z       │   │   └── icu_locale_core v2.3.0 (*)
2026-10-03T21:08:20.9785794Z       │   └── zerotrie v0.2.5
2026-10-03T21:08:20.9786118Z       │       ├── icu_properties v2.3.0 (*)
2026-10-03T21:08:20.9786462Z       │       └── icu_provider v2.3.1 (*)
2026-10-03T21:08:20.9786786Z       ├── futures-macro v0.3.34
2026-10-03T21:08:20.9787240Z       │   └── futures-util v0.3.34
2026-10-03T21:08:20.9787577Z       │       ├── hyper-util v0.1.21
2026-10-03T21:08:20.9787931Z       │       │   ├── hyper-rustls v0.27.10
2026-10-03T21:08:20.9788279Z       │       │   │   └── reqwest v0.13.4 (*)
2026-10-03T21:08:20.9788616Z       │       │   └── reqwest v0.13.4 (*)
2026-10-03T21:08:20.9788944Z       │       ├── js-sys v0.3.105
2026-10-03T21:08:20.9789499Z       │       │   ├── iana-time-zone v0.1.65
2026-10-03T21:08:20.9790418Z       │       │   │   └── chrono v0.4.45
2026-10-03T21:08:20.9790894Z       │       │   │       ├── symbrain-activity v0.12.1
2026-10-03T21:08:20.9791333Z       │       │   │       │   ├── symbrain-cli v0.12.1 (*)
2026-10-03T21:08:20.9791764Z       │       │   │       │   ├── symbrain-gateway v0.12.1 (*)
2026-10-03T21:08:20.9792195Z       │       │   │       │   └── symbrain-memory v0.12.1 (*)
2026-10-03T21:08:20.9792604Z       │       │   │       ├── symbrain-audit v0.12.1
2026-10-03T21:08:20.9793029Z       │       │   │       │   ├── symbrain-cli v0.12.1 (*)
2026-10-03T21:08:20.9793446Z       │       │   │       │   ├── symbrain-gateway v0.12.1 (*)
2026-10-03T21:08:20.9793861Z       │       │   │       │   └── symguard-cli v0.12.1
2026-10-03T21:08:20.9794269Z       │       │   │       │       └── symbrain-cli v0.12.1 (*)
2026-10-03T21:08:20.9794665Z       │       │   │       ├── symbrain-cli v0.12.1 (*)
2026-10-03T21:08:20.9795039Z       │       │   │       ├── symbrain-core v0.12.1
2026-10-03T21:08:20.9795453Z       │       │   │       │   ├── symbrain-audit v0.12.1 (*)
2026-10-03T21:08:20.9795855Z       │       │   │       │   ├── symbrain-cli v0.12.1 (*)
2026-10-03T21:08:20.9796256Z       │       │   │       │   ├── symbrain-gateway v0.12.1 (*)
2026-10-03T21:08:20.9796679Z       │       │   │       │   ├── symbrain-guard-core v0.12.1
2026-10-03T21:08:20.9797111Z       │       │   │       │   │   ├── (dev) symbrain-cli v0.12.1 (*)
2026-10-03T21:08:20.9797546Z       │       │   │       │   │   └── symguard-cli v0.12.1 (*)
2026-10-03T21:08:20.9797951Z       │       │   │       │   ├── symbrain-policy v0.12.1
2026-10-03T21:08:20.9798566Z       │       │   │       │   │   ├── symbrain-activity v0.12.1 (*)
2026-10-03T21:08:20.9798993Z       │       │   │       │   │   ├── symbrain-catalog v0.12.1
2026-10-03T21:08:20.9799433Z       │       │   │       │   │   │   └── symbrain-gateway v0.12.1 (*)
2026-10-03T21:08:20.9799853Z       │       │   │       │   │   ├── symbrain-cli v0.12.1 (*)
2026-10-03T21:08:20.9800278Z       │       │   │       │   │   └── symbrain-gateway v0.12.1 (*)
2026-10-03T21:08:20.9800685Z       │       │   │       │   └── symguard-cli v0.12.1 (*)
2026-10-03T21:08:20.9801082Z       │       │   │       ├── symbrain-gateway v0.12.1 (*)
2026-10-03T21:08:20.9801487Z       │       │   │       ├── symbrain-guard-core v0.12.1 (*)
2026-10-03T21:08:20.9801884Z       │       │   │       ├── symbrain-harness v0.12.1
2026-10-03T21:08:20.9802397Z       │       │   │       │   ├── symbrain-adapter v0.12.1
2026-10-03T21:08:20.9802804Z       │       │   │       │   │   └── symbrain-cli v0.12.1 (*)
2026-10-03T21:08:20.9803209Z       │       │   │       │   ├── symbrain-cli v0.12.1 (*)
2026-10-03T21:08:20.9803612Z       │       │   │       │   ├── symbrain-gateway v0.12.1 (*)
2026-10-03T21:08:20.9804009Z       │       │   │       │   └── symbrain-skills v0.12.1
2026-10-03T21:08:20.9804409Z       │       │   │       │       ├── symbrain-cli v0.12.1 (*)
2026-10-03T21:08:20.9804827Z       │       │   │       │       └── symbrain-gateway v0.12.1 (*)
2026-10-03T21:08:20.9805230Z       │       │   │       ├── symbrain-managed v0.12.1
2026-10-03T21:08:20.9805620Z       │       │   │       │   └── symbrain-cli v0.12.1 (*)
2026-10-03T21:08:20.9806006Z       │       │   │       ├── symbrain-memory v0.12.1 (*)
2026-10-03T21:08:20.9806394Z       │       │   │       ├── symbrain-skills v0.12.1 (*)
2026-10-03T21:08:20.9806784Z       │       │   │       ├── symbrain-usage v0.12.1
2026-10-03T21:08:20.9807186Z       │       │   │       │   ├── symbrain-cli v0.12.1 (*)
2026-10-03T21:08:20.9807587Z       │       │   │       │   └── symbrain-gateway v0.12.1 (*)
2026-10-03T21:08:20.9807985Z       │       │   │       └── symguard-cli v0.12.1 (*)
2026-10-03T21:08:20.9808336Z       │       │   ├── reqwest v0.13.4 (*)
2026-10-03T21:08:20.9808676Z       │       │   ├── sqlite-wasm-rs v0.5.5
2026-10-03T21:08:20.9809015Z       │       │   │   └── rusqlite v0.40.2
2026-10-03T21:08:20.9809375Z       │       │   │       ├── symbrain-cli v0.12.1 (*)
2026-10-03T21:08:20.9810193Z       │       │   │       └── symbrain-memory v0.12.1 (*)
2026-10-03T21:08:20.9810654Z       │       │   ├── wasm-bindgen-futures v0.4.78
2026-10-03T21:08:20.9811029Z       │       │   │   └── reqwest v0.13.4 (*)
2026-10-03T21:08:20.9811366Z       │       │   └── web-sys v0.3.105
2026-10-03T21:08:20.9811706Z       │       │       └── reqwest v0.13.4 (*)
2026-10-03T21:08:20.9812034Z       │       ├── tokio-util v0.7.19
2026-10-03T21:08:20.9812396Z       │       │   └── symaira-core-llm v0.0.0 (*)
2026-10-03T21:08:20.9812729Z       │       ├── tower v0.5.3
2026-10-03T21:08:20.9814025Z       │       │   ├── reqwest v0.13.4 (*)
2026-10-03T21:08:20.9814375Z       │       │   └── tower-http v0.6.11 (*)
2026-10-03T21:08:20.9814934Z       │       └── tower-http v0.6.11 (*)
2026-10-03T21:08:20.9815542Z       ├── serde_derive v1.0.229
2026-10-03T21:08:20.9815921Z       │   └── serde v1.0.229
2026-10-03T21:08:20.9816224Z       │       ├── chrono v0.4.45 (*)
2026-10-03T21:08:20.9816541Z       │       ├── serde_yaml_ng v0.10.0
2026-10-03T21:08:20.9816897Z       │       │   ├── symbrain-skills v0.12.1 (*)
2026-10-03T21:08:20.9817265Z       │       │   └── symguard-cli v0.12.1 (*)
2026-10-03T21:08:20.9817619Z       │       ├── symaira-core-llm v0.0.0 (*)
2026-10-03T21:08:20.9817983Z       │       ├── symaira-core-secretref v0.0.0
2026-10-03T21:08:20.9818351Z       │       │   └── symaira-core-llm v0.0.0 (*)
2026-10-03T21:08:20.9818738Z       │       ├── symbrain-activity v0.12.1 (*)
2026-10-03T21:08:20.9819127Z       │       ├── (dev) symbrain-adapter v0.12.1 (*)
2026-10-03T21:08:20.9819557Z       │       ├── symbrain-audit v0.12.1 (*)
2026-10-03T21:08:20.9819904Z       │       ├── symbrain-broker v0.12.1
2026-10-03T21:08:20.9820260Z       │       │   ├── symbrain-cli v0.12.1 (*)
2026-10-03T21:08:20.9820623Z       │       │   └── symbrain-gateway v0.12.1 (*)
2026-10-03T21:08:20.9820988Z       │       ├── symbrain-catalog v0.12.1 (*)
2026-10-03T21:08:20.9821331Z       │       ├── symbrain-cli v0.12.1 (*)
2026-10-03T21:08:20.9821671Z       │       ├── symbrain-core v0.12.1 (*)
2026-10-03T21:08:20.9822021Z       │       ├── symbrain-gateway v0.12.1 (*)
2026-10-03T21:08:20.9822385Z       │       ├── symbrain-guard-core v0.12.1 (*)
2026-10-03T21:08:20.9822749Z       │       ├── symbrain-harness v0.12.1 (*)
2026-10-03T21:08:20.9823136Z       │       ├── (dev) symbrain-instructions v0.12.1
2026-10-03T21:08:20.9823729Z       │       │   ├── symbrain-adapter v0.12.1 (*)
2026-10-03T21:08:20.9824115Z       │       │   └── symbrain-cli v0.12.1 (*)
2026-10-03T21:08:20.9824712Z       │       ├── symbrain-managed v0.12.1 (*)
2026-10-03T21:08:20.9825308Z       │       ├── symbrain-mcp v0.12.1
2026-10-03T21:08:20.9825939Z       │       │   ├── symbrain-broker v0.12.1 (*)
2026-10-03T21:08:20.9826585Z       │       │   ├── symbrain-cli v0.12.1 (*)
2026-10-03T21:08:20.9827240Z       │       │   └── symbrain-gateway v0.12.1 (*)
2026-10-03T21:08:20.9827902Z       │       ├── symbrain-memory v0.12.1 (*)
2026-10-03T21:08:20.9828530Z       │       ├── symbrain-patterns v0.12.1
2026-10-03T21:08:20.9829225Z       │       │   ├── (dev) symbrain-activity v0.12.1 (*)
2026-10-03T21:08:20.9829906Z       │       │   ├── symbrain-cli v0.12.1 (*)
2026-10-03T21:08:20.9830996Z       │       │   └── symbrain-gateway v0.12.1 (*)
2026-10-03T21:08:20.9831662Z       │       ├── symbrain-policy v0.12.1 (*)
2026-10-03T21:08:20.9832329Z       │       ├── symbrain-skills v0.12.1 (*)
2026-10-03T21:08:20.9832961Z       │       ├── symbrain-usage v0.12.1 (*)
2026-10-03T21:08:20.9833574Z       │       └── symguard-cli v0.12.1 (*)
2026-10-03T21:08:20.9834166Z       ├── synstructure v0.14.0
2026-10-03T21:08:20.9834683Z       │   ├── yoke-derive v0.8.4
2026-10-03T21:08:20.9835211Z       │   │   └── yoke v0.8.3
2026-10-03T21:08:20.9835647Z       │   │       ├── icu_collections v2.3.0 (*)
2026-10-03T21:08:20.9836015Z       │   │       ├── icu_provider v2.3.1 (*)
2026-10-03T21:08:20.9836355Z       │   │       ├── zerotrie v0.2.5 (*)
2026-10-03T21:08:20.9836720Z       │   │       └── zerovec v0.11.8
2026-10-03T21:08:20.9837402Z       │   │           ├── icu_collections v2.3.0 (*)
2026-10-03T21:08:20.9838148Z       │   │           ├── icu_locale_core v2.3.0 (*)
2026-10-03T21:08:20.9838853Z       │   │           ├── icu_normalizer v2.3.0 (*)
2026-10-03T21:08:20.9839576Z       │   │           ├── icu_properties v2.3.0 (*)
2026-10-03T21:08:20.9840333Z       │   │           ├── icu_provider v2.3.1 (*)
2026-10-03T21:08:20.9840734Z       │   │           ├── potential_utf v0.1.6
2026-10-03T21:08:20.9841408Z       │   │           │   └── icu_collections v2.3.0 (*)
2026-10-03T21:08:20.9841782Z       │   │           └── tinystr v0.8.4 (*)
2026-10-03T21:08:20.9842264Z       │   └── zerofrom-derive v0.1.8
2026-10-03T21:08:20.9842903Z       │       └── zerofrom v0.1.8
2026-10-03T21:08:20.9843542Z       │           ├── icu_collections v2.3.0 (*)
2026-10-03T21:08:20.9844172Z       │           ├── icu_provider v2.3.1 (*)
2026-10-03T21:08:20.9844747Z       │           ├── yoke v0.8.3 (*)
2026-10-03T21:08:20.9845323Z       │           ├── zerotrie v0.2.5 (*)
2026-10-03T21:08:20.9845902Z       │           └── zerovec v0.11.8 (*)
2026-10-03T21:08:20.9846467Z       ├── thiserror-impl v2.0.20
2026-10-03T21:08:20.9846991Z       │   └── thiserror v2.0.20
2026-10-03T21:08:20.9847523Z       │       ├── jni v0.22.4
2026-10-03T21:08:20.9848453Z       │       │   └── rustls-platform-verifier v0.7.1
2026-10-03T21:08:20.9849153Z       │       │       └── reqwest v0.13.4 (*)
2026-10-03T21:08:20.9849748Z       │       ├── rsqlite-vfs v0.1.1
2026-10-03T21:08:20.9850765Z       │       │   └── sqlite-wasm-rs v0.5.5 (*)
2026-10-03T21:08:20.9851523Z       │       └── symaira-core-secretref v0.0.0 (*)
2026-10-03T21:08:20.9852152Z       ├── tokio-macros v2.7.2
2026-10-03T21:08:20.9852646Z       │   └── tokio v1.53.1
2026-10-03T21:08:20.9853136Z       │       ├── hyper v1.11.1
2026-10-03T21:08:20.9853702Z       │       │   ├── hyper-rustls v0.27.10 (*)
2026-10-03T21:08:20.9854320Z       │       │   ├── hyper-util v0.1.21 (*)
2026-10-03T21:08:20.9854904Z       │       │   └── reqwest v0.13.4 (*)
2026-10-03T21:08:20.9855479Z       │       ├── hyper-rustls v0.27.10 (*)
2026-10-03T21:08:20.9856059Z       │       ├── hyper-util v0.1.21 (*)
2026-10-03T21:08:20.9856624Z       │       ├── reqwest v0.13.4 (*)
2026-10-03T21:08:20.9857207Z       │       ├── symaira-core-llm v0.0.0 (*)
2026-10-03T21:08:20.9857825Z       │       ├── tokio-rustls v0.26.6
2026-10-03T21:08:20.9858414Z       │       │   ├── hyper-rustls v0.27.10 (*)
2026-10-03T21:08:20.9859101Z       │       │   └── reqwest v0.13.4 (*)
2026-10-03T21:08:20.9859758Z       │       ├── tokio-util v0.7.19 (*)
2026-10-03T21:08:20.9860361Z       │       └── tower v0.5.3 (*)
2026-10-03T21:08:20.9860972Z       ├── wasm-bindgen-macro-support v0.2.128
2026-10-03T21:08:20.9861612Z       │   └── wasm-bindgen-macro v0.2.128
2026-10-03T21:08:20.9862195Z       │       └── wasm-bindgen v0.2.128
2026-10-03T21:08:20.9862805Z       │           ├── iana-time-zone v0.1.65 (*)
2026-10-03T21:08:20.9863396Z       │           ├── js-sys v0.3.105 (*)
2026-10-03T21:08:20.9863955Z       │           ├── reqwest v0.13.4 (*)
2026-10-03T21:08:20.9864552Z       │           ├── sqlite-wasm-rs v0.5.5 (*)
2026-10-03T21:08:20.9865234Z       │           ├── wasm-bindgen-futures v0.4.78 (*)
2026-10-03T21:08:20.9865863Z       │           └── web-sys v0.3.105 (*)
2026-10-03T21:08:20.9866450Z       ├── yoke-derive v0.8.4 (*)
2026-10-03T21:08:20.9866988Z       ├── zerofrom-derive v0.1.8 (*)
2026-10-03T21:08:20.9867801Z       └── zerovec-derive v0.11.6
2026-10-03T21:08:20.9868356Z           └── zerovec v0.11.8 (*)
2026-10-03T21:08:20.9868620Z 
2026-10-03T21:08:20.9868913Z warning[duplicate]: found 2 duplicate entries for crate 'wasi'
2026-10-03T21:08:20.9869816Z     ┌─ D:\a\symaira-brain\symaira-brain/Cargo.lock:214:1
2026-10-03T21:08:20.9870386Z     │  
2026-10-03T21:08:20.9871587Z 214 │ ╭ wasi 0.11.1+wasi-snapshot-preview1 registry+https://github.com/rust-lang/crates.io-index
2026-10-03T21:08:20.9872836Z 215 │ │ wasi 0.14.7+wasi-0.2.4 registry+https://github.com/rust-lang/crates.io-index
2026-10-03T21:08:20.9874013Z     │ ╰────────────────────────────────────────────────────────────────────────────┘ lock entries
2026-10-03T21:08:20.9874728Z     │  
2026-10-03T21:08:20.9875192Z     ├ wasi v0.11.1+wasi-snapshot-preview1
2026-10-03T21:08:20.9875824Z       ├── getrandom v0.2.17
2026-10-03T21:08:20.9876325Z       │   └── ring v0.17.14
2026-10-03T21:08:20.9876824Z       │       ├── rustls v0.23.45
2026-10-03T21:08:20.9877419Z       │       │   ├── hyper-rustls v0.27.10
2026-10-03T21:08:20.9878023Z       │       │   │   └── reqwest v0.13.4
2026-10-03T21:08:20.9878697Z       │       │   │       └── symaira-core-llm v0.0.0
2026-10-03T21:08:20.9879455Z       │       │   │           └── symbrain-memory v0.12.1
2026-10-03T21:08:20.9880186Z       │       │   │               ├── symbrain-cli v0.12.1
2026-10-03T21:08:20.9880951Z       │       │   │               └── symbrain-gateway v0.12.1
2026-10-03T21:08:20.9881730Z       │       │   │                   └── symbrain-cli v0.12.1 (*)
2026-10-03T21:08:20.9882391Z       │       │   ├── reqwest v0.13.4 (*)
2026-10-03T21:08:20.9883069Z       │       │   ├── rustls-platform-verifier v0.7.1
2026-10-03T21:08:20.9883753Z       │       │   │   └── reqwest v0.13.4 (*)
2026-10-03T21:08:20.9884655Z       │       │   ├── tokio-rustls v0.26.6
2026-10-03T21:08:20.9885351Z       │       │   │   ├── hyper-rustls v0.27.10 (*)
2026-10-03T21:08:20.9886016Z       │       │   │   └── reqwest v0.13.4 (*)
2026-10-03T21:08:20.9886581Z       │       │   └── ureq v3.4.1
2026-10-03T21:08:20.9887188Z       │       │       ├── symaira-core-llm v0.0.0 (*)
2026-10-03T21:08:20.9887857Z       │       │       ├── symbrain-cli v0.12.1 (*)
2026-10-03T21:08:20.9888512Z       │       │       ├── symbrain-managed v0.12.1
2026-10-03T21:08:20.9889213Z       │       │       │   └── symbrain-cli v0.12.1 (*)
2026-10-03T21:08:20.9889863Z       │       │       └── symbrain-usage v0.12.1
2026-10-03T21:08:20.9890527Z       │       │           ├── symbrain-cli v0.12.1 (*)
2026-10-03T21:08:20.9891578Z       │       │           └── symbrain-gateway v0.12.1 (*)
2026-10-03T21:08:20.9892263Z       │       └── rustls-webpki v0.103.15
2026-10-03T21:08:20.9892900Z       │           ├── rustls v0.23.45 (*)
2026-10-03T21:08:20.9893620Z       │           └── rustls-platform-verifier v0.7.1 (*)
2026-10-03T21:08:20.9894201Z       └── mio v1.2.3
2026-10-03T21:08:20.9894663Z           └── tokio v1.53.1
2026-10-03T21:08:20.9895216Z               ├── hyper v1.11.1
2026-10-03T21:08:20.9895870Z               │   ├── hyper-rustls v0.27.10 (*)
2026-10-03T21:08:20.9896555Z               │   ├── hyper-util v0.1.21
2026-10-03T21:08:20.9897296Z               │   │   ├── hyper-rustls v0.27.10 (*)
2026-10-03T21:08:20.9898067Z               │   │   └── reqwest v0.13.4 (*)
2026-10-03T21:08:20.9898754Z               │   └── reqwest v0.13.4 (*)
2026-10-03T21:08:20.9899434Z               ├── hyper-rustls v0.27.10 (*)
2026-10-03T21:08:20.9900105Z               ├── hyper-util v0.1.21 (*)
2026-10-03T21:08:20.9900745Z               ├── reqwest v0.13.4 (*)
2026-10-03T21:08:20.9901428Z               ├── symaira-core-llm v0.0.0 (*)
2026-10-03T21:08:20.9902156Z               ├── tokio-rustls v0.26.6 (*)
2026-10-03T21:08:20.9902802Z               ├── tokio-util v0.7.19
2026-10-03T21:08:20.9903531Z               │   └── symaira-core-llm v0.0.0 (*)
2026-10-03T21:08:20.9904158Z               └── tower v0.5.3
2026-10-03T21:08:20.9905057Z                   ├── reqwest v0.13.4 (*)
2026-10-03T21:08:20.9905752Z                   └── tower-http v0.6.11
2026-10-03T21:08:20.9906493Z                       └── reqwest v0.13.4 (*)
2026-10-03T21:08:20.9907045Z     ├ wasi v0.14.7+wasi-0.2.4
2026-10-03T21:08:20.9907539Z       └── getrandom v0.3.3
2026-10-03T21:08:20.9908117Z           ├── symbrain-guard-core v0.12.1
2026-10-03T21:08:20.9908775Z           │   ├── (dev) symbrain-cli v0.12.1
2026-10-03T21:08:20.9909407Z           │   └── symguard-cli v0.12.1
2026-10-03T21:08:20.9910057Z           │       └── symbrain-cli v0.12.1 (*)
2026-10-03T21:08:20.9910693Z           └── symbrain-memory v0.12.1
2026-10-03T21:08:20.9911727Z               ├── symbrain-cli v0.12.1 (*)
2026-10-03T21:08:20.9912419Z               └── symbrain-gateway v0.12.1
2026-10-03T21:08:20.9913176Z                   └── symbrain-cli v0.12.1 (*)
2026-10-03T21:08:20.9913499Z 
2026-10-03T21:08:20.9913836Z warning[duplicate]: found 2 duplicate entries for crate 'windows-sys'
2026-10-03T21:08:20.9914744Z     ┌─ D:\a\symaira-brain\symaira-brain/Cargo.lock:236:1
2026-10-03T21:08:20.9915285Z     │  
2026-10-03T21:08:20.9915945Z 236 │ ╭ windows-sys 0.52.0 registry+https://github.com/rust-lang/crates.io-index
2026-10-03T21:08:20.9916990Z 237 │ │ windows-sys 0.61.2 registry+https://github.com/rust-lang/crates.io-index
2026-10-03T21:08:20.9918109Z     │ ╰────────────────────────────────────────────────────────────────────────┘ lock entries
2026-10-03T21:08:20.9918740Z     │  
2026-10-03T21:08:20.9919115Z     ├ windows-sys v0.52.0
2026-10-03T21:08:20.9919681Z       ├── fs-set-times v0.20.3
2026-10-03T21:08:20.9920207Z       │   └── cap-primitives v4.0.3
2026-10-03T21:08:20.9920741Z       │       ├── cap-fs-ext v4.0.3
2026-10-03T21:08:20.9921403Z       │       │   ├── symbrain-adapter v0.12.1
2026-10-03T21:08:20.9922340Z       │       │   │   └── symbrain-cli v0.12.1
2026-10-03T21:08:20.9923076Z       │       │   ├── symbrain-audit v0.12.1
2026-10-03T21:08:20.9923768Z       │       │   │   ├── symbrain-cli v0.12.1 (*)
2026-10-03T21:08:20.9924463Z       │       │   │   ├── symbrain-gateway v0.12.1
2026-10-03T21:08:20.9925158Z       │       │   │   │   └── symbrain-cli v0.12.1 (*)
2026-10-03T21:08:20.9925820Z       │       │   │   └── symguard-cli v0.12.1
2026-10-03T21:08:20.9926485Z       │       │   │       └── symbrain-cli v0.12.1 (*)
2026-10-03T21:08:20.9927131Z       │       │   ├── symbrain-harness v0.12.1
2026-10-03T21:08:20.9927828Z       │       │   │   ├── symbrain-adapter v0.12.1 (*)
2026-10-03T21:08:20.9928500Z       │       │   │   ├── symbrain-cli v0.12.1 (*)
2026-10-03T21:08:20.9929181Z       │       │   │   ├── symbrain-gateway v0.12.1 (*)
2026-10-03T21:08:20.9929859Z       │       │   │   └── symbrain-skills v0.12.1
2026-10-03T21:08:20.9930535Z       │       │   │       ├── symbrain-cli v0.12.1 (*)
2026-10-03T21:08:20.9931599Z       │       │   │       └── symbrain-gateway v0.12.1 (*)
2026-10-03T21:08:20.9932353Z       │       │   ├── symbrain-instructions v0.12.1
2026-10-03T21:08:20.9933314Z       │       │   │   ├── symbrain-adapter v0.12.1 (*)
2026-10-03T21:08:20.9933984Z       │       │   │   └── symbrain-cli v0.12.1 (*)
2026-10-03T21:08:20.9934651Z       │       │   └── symbrain-skills v0.12.1 (*)
2026-10-03T21:08:20.9935231Z       │       └── cap-std v4.0.3
2026-10-03T21:08:20.9935798Z       │           ├── cap-fs-ext v4.0.3 (*)
2026-10-03T21:08:20.9936429Z       │           ├── symbrain-adapter v0.12.1 (*)
2026-10-03T21:08:20.9937074Z       │           ├── symbrain-audit v0.12.1 (*)
2026-10-03T21:08:20.9937731Z       │           ├── symbrain-harness v0.12.1 (*)
2026-10-03T21:08:20.9938432Z       │           ├── symbrain-instructions v0.12.1 (*)
2026-10-03T21:08:20.9939100Z       │           └── symbrain-skills v0.12.1 (*)
2026-10-03T21:08:20.9939651Z       ├── io-extras v0.19.0
2026-10-03T21:08:20.9940189Z       │   ├── cap-primitives v4.0.3 (*)
2026-10-03T21:08:20.9940752Z       │   └── cap-std v4.0.3 (*)
2026-10-03T21:08:20.9941241Z       ├── ring v0.17.14
2026-10-03T21:08:20.9941684Z       │   ├── rustls v0.23.45
2026-10-03T21:08:20.9942204Z       │   │   ├── hyper-rustls v0.27.10
2026-10-03T21:08:20.9942811Z       │   │   │   └── reqwest v0.13.4
2026-10-03T21:08:20.9943433Z       │   │   │       └── symaira-core-llm v0.0.0
2026-10-03T21:08:20.9944168Z       │   │   │           └── symbrain-memory v0.12.1
2026-10-03T21:08:20.9944874Z       │   │   │               ├── symbrain-cli v0.12.1 (*)
2026-10-03T21:08:20.9945620Z       │   │   │               └── symbrain-gateway v0.12.1 (*)
2026-10-03T21:08:20.9946262Z       │   │   ├── reqwest v0.13.4 (*)
2026-10-03T21:08:20.9950588Z       │   │   ├── rustls-platform-verifier v0.7.1
2026-10-03T21:08:20.9951284Z       │   │   │   └── reqwest v0.13.4 (*)
2026-10-03T21:08:20.9951893Z       │   │   ├── tokio-rustls v0.26.6
2026-10-03T21:08:20.9954086Z       │   │   │   ├── hyper-rustls v0.27.10 (*)
2026-10-03T21:08:20.9954796Z       │   │   │   └── reqwest v0.13.4 (*)
2026-10-03T21:08:20.9955381Z       │   │   └── ureq v3.4.1
2026-10-03T21:08:20.9955972Z       │   │       ├── symaira-core-llm v0.0.0 (*)
2026-10-03T21:08:20.9956634Z       │   │       ├── symbrain-cli v0.12.1 (*)
2026-10-03T21:08:20.9957267Z       │   │       ├── symbrain-managed v0.12.1
2026-10-03T21:08:20.9957920Z       │   │       │   └── symbrain-cli v0.12.1 (*)
2026-10-03T21:08:20.9958574Z       │   │       └── symbrain-usage v0.12.1
2026-10-03T21:08:20.9959234Z       │   │           ├── symbrain-cli v0.12.1 (*)
2026-10-03T21:08:20.9959919Z       │   │           └── symbrain-gateway v0.12.1 (*)
2026-10-03T21:08:20.9960549Z       │   └── rustls-webpki v0.103.15
2026-10-03T21:08:20.9961105Z       │       ├── rustls v0.23.45 (*)
2026-10-03T21:08:20.9961759Z       │       └── rustls-platform-verifier v0.7.1 (*)
2026-10-03T21:08:20.9962461Z       ├── rustls-platform-verifier v0.7.1 (*)
2026-10-03T21:08:20.9963056Z       ├── winapi-util v0.1.11
2026-10-03T21:08:20.9963560Z       │   ├── same-file v1.0.6
2026-10-03T21:08:20.9964088Z       │   │   └── walkdir v2.5.0
2026-10-03T21:08:20.9964635Z       │   │       └── (build) jni v0.22.4
2026-10-03T21:08:20.9965325Z       │   │           └── rustls-platform-verifier v0.7.1 (*)
2026-10-03T21:08:20.9965950Z       │   └── walkdir v2.5.0 (*)
2026-10-03T21:08:20.9966425Z       └── winx v0.36.4
2026-10-03T21:08:20.9967321Z           └── cap-primitives v4.0.3 (*)
2026-10-03T21:08:20.9967862Z     ├ windows-sys v0.61.2
2026-10-03T21:08:20.9968321Z       ├── cap-fs-ext v4.0.3
2026-10-03T21:08:20.9968841Z       │   ├── symbrain-adapter v0.12.1
2026-10-03T21:08:20.9969398Z       │   │   └── symbrain-cli v0.12.1
2026-10-03T21:08:20.9969956Z       │   ├── symbrain-audit v0.12.1
2026-10-03T21:08:20.9970582Z       │   │   ├── symbrain-cli v0.12.1 (*)
2026-10-03T21:08:20.9971338Z       │   │   ├── symbrain-gateway v0.12.1
2026-10-03T21:08:20.9972110Z       │   │   │   └── symbrain-cli v0.12.1 (*)
2026-10-03T21:08:20.9972902Z       │   │   └── symguard-cli v0.12.1
2026-10-03T21:08:20.9973842Z       │   │       └── symbrain-cli v0.12.1 (*)
2026-10-03T21:08:20.9974459Z       │   ├── symbrain-harness v0.12.1
2026-10-03T21:08:20.9975081Z       │   │   ├── symbrain-adapter v0.12.1 (*)
2026-10-03T21:08:20.9975697Z       │   │   ├── symbrain-cli v0.12.1 (*)
2026-10-03T21:08:20.9976325Z       │   │   ├── symbrain-gateway v0.12.1 (*)
2026-10-03T21:08:20.9976939Z       │   │   └── symbrain-skills v0.12.1
2026-10-03T21:08:20.9977558Z       │   │       ├── symbrain-cli v0.12.1 (*)
2026-10-03T21:08:20.9978205Z       │   │       └── symbrain-gateway v0.12.1 (*)
2026-10-03T21:08:20.9978922Z       │   ├── symbrain-instructions v0.12.1
2026-10-03T21:08:20.9979620Z       │   │   ├── symbrain-adapter v0.12.1 (*)
2026-10-03T21:08:20.9980261Z       │   │   └── symbrain-cli v0.12.1 (*)
2026-10-03T21:08:20.9980882Z       │   └── symbrain-skills v0.12.1 (*)
2026-10-03T21:08:20.9981455Z       ├── cap-primitives v4.0.3
2026-10-03T21:08:20.9981987Z       │   ├── cap-fs-ext v4.0.3 (*)
2026-10-03T21:08:20.9982535Z       │   └── cap-std v4.0.3
2026-10-03T21:08:20.9983133Z       │       ├── cap-fs-ext v4.0.3 (*)
2026-10-03T21:08:20.9983754Z       │       ├── symbrain-adapter v0.12.1 (*)
2026-10-03T21:08:20.9984414Z       │       ├── symbrain-audit v0.12.1 (*)
2026-10-03T21:08:20.9985059Z       │       ├── symbrain-harness v0.12.1 (*)
2026-10-03T21:08:20.9985782Z       │       ├── symbrain-instructions v0.12.1 (*)
2026-10-03T21:08:20.9986463Z       │       └── symbrain-skills v0.12.1 (*)
2026-10-03T21:08:20.9987432Z       ├── errno v0.3.14
2026-10-03T21:08:20.9987934Z       │   ├── rustix v1.1.4
2026-10-03T21:08:20.9988549Z       │   │   ├── cap-primitives v4.0.3 (*)
2026-10-03T21:08:20.9989174Z       │   │   ├── cap-std v4.0.3 (*)
2026-10-03T21:08:20.9989779Z       │   │   ├── fs-set-times v0.20.3
2026-10-03T21:08:20.9990697Z       │   │   │   └── cap-primitives v4.0.3 (*)
2026-10-03T21:08:20.9991425Z       │   │   ├── rustix-linux-procfs v0.1.1
2026-10-03T21:08:20.9992108Z       │   │   │   └── cap-primitives v4.0.3 (*)
2026-10-03T21:08:20.9992774Z       │   │   ├── symaira-core-secretref v0.0.0
2026-10-03T21:08:20.9993435Z       │   │   │   └── symaira-core-llm v0.0.0
2026-10-03T21:08:20.9994088Z       │   │   │       └── symbrain-memory v0.12.1
2026-10-03T21:08:20.9994786Z       │   │   │           ├── symbrain-cli v0.12.1 (*)
2026-10-03T21:08:20.9995502Z       │   │   │           └── symbrain-gateway v0.12.1 (*)
2026-10-03T21:08:20.9996189Z       │   │   ├── symbrain-adapter v0.12.1 (*)
2026-10-03T21:08:20.9996882Z       │   │   ├── symbrain-harness v0.12.1 (*)
2026-10-03T21:08:20.9997565Z       │   │   ├── symbrain-instructions v0.12.1 (*)
2026-10-03T21:08:20.9998234Z       │   │   ├── symbrain-skills v0.12.1 (*)
2026-10-03T21:08:20.9998858Z       │   │   ├── symbrain-usage v0.12.1
2026-10-03T21:08:20.9999498Z       │   │   │   ├── symbrain-cli v0.12.1 (*)
2026-10-03T21:08:21.0000151Z       │   │   │   └── symbrain-gateway v0.12.1 (*)
2026-10-03T21:08:21.0000999Z       │   │   └── tempfile v3.27.0
2026-10-03T21:08:21.0001693Z       │   │       ├── (dev) symbrain-activity v0.12.1
2026-10-03T21:08:21.0002385Z       │   │       │   ├── symbrain-cli v0.12.1 (*)
2026-10-03T21:08:21.0003075Z       │   │       │   ├── symbrain-gateway v0.12.1 (*)
2026-10-03T21:08:21.0003769Z       │   │       │   └── symbrain-memory v0.12.1 (*)
2026-10-03T21:08:21.0004491Z       │   │       ├── (dev) symbrain-adapter v0.12.1 (*)
2026-10-03T21:08:21.0005196Z       │   │       ├── (dev) symbrain-audit v0.12.1 (*)
2026-10-03T21:08:21.0005888Z       │   │       ├── (dev) symbrain-broker v0.12.1
2026-10-03T21:08:21.0006553Z       │   │       │   ├── symbrain-cli v0.12.1 (*)
2026-10-03T21:08:21.0007591Z       │   │       │   └── symbrain-gateway v0.12.1 (*)
2026-10-03T21:08:21.0008303Z       │   │       ├── (dev) symbrain-cli v0.12.1 (*)
2026-10-03T21:08:21.0008949Z       │   │       ├── symbrain-core v0.12.1
2026-10-03T21:08:21.0009602Z       │   │       │   ├── symbrain-audit v0.12.1 (*)
2026-10-03T21:08:21.0010365Z       │   │       │   ├── symbrain-cli v0.12.1 (*)
2026-10-03T21:08:21.0011102Z       │   │       │   ├── symbrain-gateway v0.12.1 (*)
2026-10-03T21:08:21.0011817Z       │   │       │   ├── symbrain-guard-core v0.12.1
2026-10-03T21:08:21.0012594Z       │   │       │   │   ├── (dev) symbrain-cli v0.12.1 (*)
2026-10-03T21:08:21.0013257Z       │   │       │   │   └── symguard-cli v0.12.1 (*)
2026-10-03T21:08:21.0013935Z       │   │       │   ├── symbrain-policy v0.12.1
2026-10-03T21:08:21.0014719Z       │   │       │   │   ├── symbrain-activity v0.12.1 (*)
2026-10-03T21:08:21.0015442Z       │   │       │   │   ├── symbrain-catalog v0.12.1
2026-10-03T21:08:21.0016195Z       │   │       │   │   │   └── symbrain-gateway v0.12.1 (*)
2026-10-03T21:08:21.0016903Z       │   │       │   │   ├── symbrain-cli v0.12.1 (*)
2026-10-03T21:08:21.0017863Z       │   │       │   │   └── symbrain-gateway v0.12.1 (*)
2026-10-03T21:08:21.0018571Z       │   │       │   └── symguard-cli v0.12.1 (*)
2026-10-03T21:08:21.0019351Z       │   │       ├── symbrain-harness v0.12.1 (*)
2026-10-03T21:08:21.0020073Z       │   │       ├── (dev) symbrain-instructions v0.12.1 (*)
2026-10-03T21:08:21.0020771Z       │   │       ├── symbrain-managed v0.12.1
2026-10-03T21:08:21.0021430Z       │   │       │   └── symbrain-cli v0.12.1 (*)
2026-10-03T21:08:21.0022118Z       │   │       ├── (dev) symbrain-patterns v0.12.1
2026-10-03T21:08:21.0022854Z       │   │       │   ├── (dev) symbrain-activity v0.12.1 (*)
2026-10-03T21:08:21.0023545Z       │   │       │   ├── symbrain-cli v0.12.1 (*)
2026-10-03T21:08:21.0024223Z       │   │       │   └── symbrain-gateway v0.12.1 (*)
2026-10-03T21:08:21.0024934Z       │   │       ├── (dev) symbrain-policy v0.12.1 (*)
2026-10-03T21:08:21.0025638Z       │   │       ├── (dev) symbrain-skills v0.12.1 (*)
2026-10-03T21:08:21.0026329Z       │   │       ├── symbrain-usage v0.12.1 (*)
2026-10-03T21:08:21.0027000Z       │   │       └── (dev) symguard-cli v0.12.1 (*)
2026-10-03T21:08:21.0028010Z       │   └── signal-hook-registry v1.4.8
2026-10-03T21:08:21.0028632Z       │       └── signal-hook v0.3.18
2026-10-03T21:08:21.0029246Z       │           └── symbrain-cli v0.12.1 (*)
2026-10-03T21:08:21.0029774Z       ├── mio v1.2.3
2026-10-03T21:08:21.0030217Z       │   └── tokio v1.53.1
2026-10-03T21:08:21.0030702Z       │       ├── hyper v1.11.1
2026-10-03T21:08:21.0031250Z       │       │   ├── hyper-rustls v0.27.10
2026-10-03T21:08:21.0031838Z       │       │   │   └── reqwest v0.13.4
2026-10-03T21:08:21.0032504Z       │       │   │       └── symaira-core-llm v0.0.0 (*)
2026-10-03T21:08:21.0033129Z       │       │   ├── hyper-util v0.1.21
2026-10-03T21:08:21.0033758Z       │       │   │   ├── hyper-rustls v0.27.10 (*)
2026-10-03T21:08:21.0034397Z       │       │   │   └── reqwest v0.13.4 (*)
2026-10-03T21:08:21.0035013Z       │       │   └── reqwest v0.13.4 (*)
2026-10-03T21:08:21.0035599Z       │       ├── hyper-rustls v0.27.10 (*)
2026-10-03T21:08:21.0036428Z       │       ├── hyper-util v0.1.21 (*)
2026-10-03T21:08:21.0036996Z       │       ├── reqwest v0.13.4 (*)
2026-10-03T21:08:21.0037616Z       │       ├── symaira-core-llm v0.0.0 (*)
2026-10-03T21:08:21.0038218Z       │       ├── tokio-rustls v0.26.6
2026-10-03T21:08:21.0038820Z       │       │   ├── hyper-rustls v0.27.10 (*)
2026-10-03T21:08:21.0039427Z       │       │   └── reqwest v0.13.4 (*)
2026-10-03T21:08:21.0039993Z       │       ├── tokio-util v0.7.19
2026-10-03T21:08:21.0040602Z       │       │   └── symaira-core-llm v0.0.0 (*)
2026-10-03T21:08:21.0041175Z       │       └── tower v0.5.3
2026-10-03T21:08:21.0041672Z       │           ├── reqwest v0.13.4 (*)
2026-10-03T21:08:21.0042236Z       │           └── tower-http v0.6.11
2026-10-03T21:08:21.0042837Z       │               └── reqwest v0.13.4 (*)
2026-10-03T21:08:21.0043398Z       ├── rustix v1.1.4 (*)
2026-10-03T21:08:21.0043860Z       ├── schannel v0.1.29
2026-10-03T21:08:21.0044391Z       │   └── rustls-native-certs v0.8.4
2026-10-03T21:08:21.0045068Z       │       └── rustls-platform-verifier v0.7.1
2026-10-03T21:08:21.0045716Z       │           └── reqwest v0.13.4 (*)
2026-10-03T21:08:21.0046231Z       ├── socket2 v0.6.5
2026-10-03T21:08:21.0046726Z       │   ├── hyper-util v0.1.21 (*)
2026-10-03T21:08:21.0047256Z       │   └── tokio v1.53.1 (*)
2026-10-03T21:08:21.0048104Z       ├── symbrain-adapter v0.12.1 (*)
2026-10-03T21:08:21.0048725Z       ├── symbrain-instructions v0.12.1 (*)
2026-10-03T21:08:21.0049298Z       ├── tempfile v3.27.0 (*)
2026-10-03T21:08:21.0049781Z       └── tokio v1.53.1 (*)
2026-10-03T21:08:21.0050019Z 
2026-10-03T21:08:21.0950244Z advisories ok, bans ok, licenses ok, sources ok
2026-10-03T21:08:21.1515022Z ##[group]Run set -euo pipefail
2026-10-03T21:08:21.1515676Z [36;1mset -euo pipefail[0m
2026-10-03T21:08:21.1516241Z [36;1mCGO_ENABLED=0 go build -ldflags "-X main.version=dev" -o "$RUNNER_TEMP/symbrain-go.exe" ./cmd/symbrain[0m
2026-10-03T21:08:21.1517184Z [36;1mSYMBRAIN_VERSION=dev cargo build --workspace --locked[0m
2026-10-03T21:08:21.1517811Z [36;1m./guard/scripts/guard-scan-oracle/run.sh parity target/debug/symbrain.exe[0m
2026-10-03T21:08:21.1518740Z [36;1mpython3 scripts/rust-differential.py "$RUNNER_TEMP/symbrain-go.exe" target/debug/symbrain.exe[0m
2026-10-03T21:08:21.1539148Z shell: C:\Program Files\Git\bin\bash.EXE --noprofile --norc -e -o pipefail {0}
2026-10-03T21:08:21.1539559Z env:
2026-10-03T21:08:21.1539741Z   GOTOOLCHAIN: local
2026-10-03T21:08:21.1540056Z   SYMBRAIN_XDG_ORACLE_FIXTURE: D:\a\_temp/xdg-oracle-windows.json
2026-10-03T21:08:21.1540577Z   SYMBRAIN_GUARD_DOCTOR_ORACLE_FIXTURE: D:\a\_temp/guard-doctor-oracle-windows.json
2026-10-03T21:08:21.1541205Z   SYMBRAIN_INSTRUCTIONS_ORACLE_FIXTURE: D:\a\_temp/instructions-oracle-windows.json
2026-10-03T21:08:21.1541750Z   SYMBRAIN_CLI_TREE_ORACLE_FIXTURE: D:\a\_temp/cli-tree-oracle-windows.json
2026-10-03T21:08:21.1542294Z   SYMBRAIN_ACTIVITY_CLI_ORACLE_FIXTURE: D:\a\_temp/activity-cli-oracle-windows.json
2026-10-03T21:08:21.1543013Z   SYMBRAIN_PROFILE_REMOVE_ORACLE_FIXTURE: D:\a\_temp/profile-remove-oracle-windows.json
2026-10-03T21:08:21.1543865Z   SYMBRAIN_SKILLS_ORACLE_FIXTURE: D:\a\_temp/skills-oracle-windows.json
2026-10-03T21:08:21.1544772Z   SYMBRAIN_SKILLS_INSTALL_ORACLE_FIXTURE: D:\a\_temp/skills-install-oracle-windows.json
2026-10-03T21:08:21.1545753Z   SYMBRAIN_GUARD_SCAN_ORACLE_FIXTURE: D:\a\_temp/guard-scan-oracle-windows.json
2026-10-03T21:08:21.1546433Z ##[endgroup]
2026-10-03T21:08:32.6390947Z    Compiling symguard-cli v0.12.1 (D:\a\symaira-brain\symaira-brain\rust\symguard-cli)
2026-10-03T21:08:32.6419492Z    Compiling symbrain-broker v0.12.1 (D:\a\symaira-brain\symaira-brain\rust\symbrain-broker)
2026-10-03T21:08:32.6443984Z    Compiling symbrain-skills v0.12.1 (D:\a\symaira-brain\symaira-brain\rust\symbrain-skills)
2026-10-03T21:08:32.6452553Z    Compiling symbrain-cli v0.12.1 (D:\a\symaira-brain\symaira-brain\rust\symbrain-cli)
2026-10-03T21:08:34.1897534Z    Compiling symbrain-gateway v0.12.1 (D:\a\symaira-brain\symaira-brain\rust\symbrain-gateway)
2026-10-03T21:08:43.9593478Z     Finished `dev` profile [unoptimized + debuginfo] target(s) in 11.69s
2026-10-03T21:08:44.5750347Z PASS: native/Go guard scan parity passed (8 cases)
2026-10-03T21:08:58.1375040Z SKIP 40 platform-specific parity cases:
2026-10-03T21:08:58.1375670Z   config_get_raw_ff_key: raw-byte argv is not representable by Windows process APIs
2026-10-03T21:08:58.1376300Z   config_get_raw_latin1_key: raw-byte argv is not representable by Windows process APIs
2026-10-03T21:08:58.1376881Z   config_get_raw_nel_key: raw-byte argv is not representable by Windows process APIs
2026-10-03T21:08:58.1377657Z   config_get_raw_nbsp_key: raw-byte argv is not representable by Windows process APIs
2026-10-03T21:08:58.1378556Z   config_get_raw_zwsp_key: raw-byte argv is not representable by Windows process APIs
2026-10-03T21:08:58.1379217Z   config_get_raw_line_separator_key: raw-byte argv is not representable by Windows process APIs
2026-10-03T21:08:58.1380066Z   config_get_raw_bom_key: raw-byte argv is not representable by Windows process APIs
2026-10-03T21:08:58.1380710Z   config_get_raw_quote_backslash_control_key: raw-byte argv is not representable by Windows process APIs
2026-10-03T21:08:58.1381345Z   config_get_raw_extra_arg: raw-byte argv is not representable by Windows process APIs
2026-10-03T21:08:58.1381941Z   profile_remove_bound_project_symlink_refuses: POSIX-only filesystem/process behavior
2026-10-03T21:08:58.1382464Z   profile_remove_symlink: POSIX-only filesystem/process behavior
2026-10-03T21:08:58.1382965Z   profile_remove_symlink_profiles_root: POSIX-only filesystem/process behavior
2026-10-03T21:08:58.1386111Z   profile_remove_special_file: POSIX-only filesystem/process behavior
2026-10-03T21:08:58.1386760Z   doctor_successful_vault_handshake: POSIX-only filesystem/process behavior
2026-10-03T21:08:58.1387284Z   doctor_empty_vault_agent: POSIX-only filesystem/process behavior
2026-10-03T21:08:58.1387768Z   doctor_slow_vault_handshake: POSIX-only filesystem/process behavior
2026-10-03T21:08:58.1388250Z   vault_passthrough_argv_stdio: POSIX-only filesystem/process behavior
2026-10-03T21:08:58.1388705Z   vault_exit_status: POSIX-only filesystem/process behavior
2026-10-03T21:08:58.1389121Z   vault_signal_status: POSIX-only filesystem/process behavior
2026-10-03T21:08:58.1389552Z   vault_tty_inheritance: POSIX-only filesystem/process behavior
2026-10-03T21:08:58.1390010Z   vault_managed_precedes_path: POSIX-only filesystem/process behavior
2026-10-03T21:08:58.1390505Z   vault_configured_precedes_managed: POSIX-only filesystem/process behavior
2026-10-03T21:08:58.1391034Z   vault_env_override_precedes_config: POSIX-only filesystem/process behavior
2026-10-03T21:08:58.1391546Z   vault_configured_binary_missing: POSIX-only filesystem/process behavior
2026-10-03T21:08:58.1392041Z   vault_empty_config_uses_path: POSIX-only filesystem/process behavior
2026-10-03T21:08:58.1392486Z   vault_raw_env_missing: POSIX-only filesystem/process behavior
2026-10-03T21:08:58.1392984Z   config_set_raw_ff_key: raw-byte argv is not representable by Windows process APIs
2026-10-03T21:08:58.1393548Z   config_set_raw_latin1_key: raw-byte argv is not representable by Windows process APIs
2026-10-03T21:08:58.1394137Z   config_set_raw_dotted_key: raw-byte argv is not representable by Windows process APIs
2026-10-03T21:08:58.1394728Z   config_set_raw_type_conflict: raw-byte argv is not representable by Windows process APIs
2026-10-03T21:08:58.1395290Z   config_set_symlink: POSIX-only filesystem/process behavior
2026-10-03T21:08:58.1395718Z   config_set_readonly_dir: POSIX-only filesystem/process behavior
2026-10-03T21:08:58.1396224Z   skills_status_opencode_dangling_symlink: POSIX-only filesystem/process behavior
2026-10-03T21:08:58.1396783Z   skills_status_opencode_symlink_to_dir: POSIX-only filesystem/process behavior
2026-10-03T21:08:58.1397324Z   skills_status_opencode_symlink_to_file: POSIX-only filesystem/process behavior
2026-10-03T21:08:58.1398150Z   skills_status_opencode_symlink_to_marker_file: POSIX-only filesystem/process behavior
2026-10-03T21:08:58.1398964Z   skills_status_opencode_symlink_chain: POSIX-only filesystem/process behavior
2026-10-03T21:08:58.1399742Z   skills_status_opencode_project_symlink_to_file: POSIX-only filesystem/process behavior
2026-10-03T21:08:58.1400350Z   skills_status_opencode_project_symlink_chain: POSIX-only filesystem/process behavior
2026-10-03T21:08:58.1400960Z   skills_targets_symlink_entry_json: POSIX-only filesystem/process behavior
2026-10-03T21:08:58.1401360Z PASS guard_doctor_invalid_config_native
2026-10-03T21:08:58.1401645Z PASS guard_doctor_corrupt_anchor_native
2026-10-03T21:08:58.1401903Z PASS no_args
2026-10-03T21:08:58.1402078Z PASS help
2026-10-03T21:08:58.1402293Z PASS help_long
2026-10-03T21:08:58.1402472Z PASS help_short
2026-10-03T21:08:58.1402661Z PASS version_human
2026-10-03T21:08:58.1402864Z PASS version_terminator
2026-10-03T21:08:58.1403077Z PASS version_json
2026-10-03T21:08:58.1403274Z PASS version_terminator_json
2026-10-03T21:08:58.1403500Z PASS version_json_before
2026-10-03T21:08:58.1403727Z PASS version_output_equals
2026-10-03T21:08:58.1403959Z PASS version_missing_output_value
2026-10-03T21:08:58.1404209Z PASS version_output_single_missing
2026-10-03T21:08:58.1404460Z PASS version_conflicting_output
2026-10-03T21:08:58.1404702Z PASS version_unknown_flag
2026-10-03T21:08:58.1404920Z PASS version_flag_value_double
2026-10-03T21:08:58.1405153Z PASS version_flag_value_single
2026-10-03T21:08:58.1405374Z PASS version_bare_hyphen
2026-10-03T21:08:58.1405581Z PASS version_help_short
2026-10-03T21:08:58.1406417Z PASS version_help_single_dash
2026-10-03T21:08:58.1406701Z PASS version_help_double_dash
2026-10-03T21:08:58.1406946Z PASS version_unexpected_argument
2026-10-03T21:08:58.1407192Z PASS version_terminator_extra
2026-10-03T21:08:58.1407434Z PASS version_terminator_flag
2026-10-03T21:08:58.1407652Z PASS version_version
2026-10-03T21:08:58.1407858Z PASS version_json_version
2026-10-03T21:08:58.1408067Z PASS json_help
2026-10-03T21:08:58.1408250Z PASS config_path
2026-10-03T21:08:58.1408433Z PASS config_path_extra
2026-10-03T21:08:58.1408651Z PASS config_path_unexpected_double
2026-10-03T21:08:58.1408906Z PASS config_path_unexpected_single
2026-10-03T21:08:58.1409159Z PASS config_path_unexpected_terminator
2026-10-03T21:08:58.1409415Z PASS config_path_no_env
2026-10-03T21:08:58.1409633Z PASS config_path_relative_xdg
2026-10-03T21:08:58.1409866Z PASS unknown_command_quoted
2026-10-03T21:08:58.1410086Z PASS unknown_fallback
2026-10-03T21:08:58.1410296Z PASS config_get_no_file
2026-10-03T21:08:58.1410509Z PASS config_get_no_file_key
2026-10-03T21:08:58.1410785Z PASS config_get_unicode_key
2026-10-03T21:08:58.1411029Z PASS config_get_unicode_replacement_key
2026-10-03T21:08:58.1411315Z PASS config_get_unicode_emoji_key
2026-10-03T21:08:58.1411566Z PASS config_get_unicode_cjk_key
2026-10-03T21:08:58.1411814Z PASS config_get_unicode_nel_key
2026-10-03T21:08:58.1412058Z PASS config_get_unicode_nbsp_key
2026-10-03T21:08:58.1412306Z PASS config_get_unicode_zwsp_key
2026-10-03T21:08:58.1412563Z PASS config_get_unicode_line_separator_key
2026-10-03T21:08:58.1412834Z PASS config_get_unicode_bom_key
2026-10-03T21:08:58.1413070Z PASS config_get_whole_file
2026-10-03T21:08:58.1413301Z PASS config_get_whole_file_malformed
2026-10-03T21:08:58.1413556Z PASS config_get_terminator
2026-10-03T21:08:58.1413767Z PASS config_get_string
2026-10-03T21:08:58.1413971Z PASS config_get_bool_true
2026-10-03T21:08:58.1414184Z PASS config_get_bool_false
2026-10-03T21:08:58.1414395Z PASS config_get_int
2026-10-03T21:08:58.1414598Z PASS config_get_dotted_three
2026-10-03T21:08:58.1414816Z PASS config_get_table
2026-10-03T21:08:58.1415032Z PASS config_get_table_nested
2026-10-03T21:08:58.1415268Z PASS config_get_inline_table
2026-10-03T21:08:58.1415501Z PASS config_get_inline_table_leaf
2026-10-03T21:08:58.1415732Z PASS config_get_list
2026-10-03T21:08:58.1416127Z PASS config_get_empty_list
2026-10-03T21:08:58.1416356Z PASS config_get_empty_table
2026-10-03T21:08:58.1416575Z PASS config_get_missing_key
2026-10-03T21:08:58.1416798Z PASS config_get_malformed_key
2026-10-03T21:08:58.1417023Z PASS config_get_extra_arg
2026-10-03T21:08:58.1417241Z PASS config_get_extra_arg_flag
2026-10-03T21:08:58.1417476Z PASS config_get_key_flag
2026-10-03T21:08:58.1417690Z PASS config_get_home_variant
2026-10-03T21:08:58.1417915Z PASS config_get_unreadable_file
2026-10-03T21:08:58.1418157Z PASS config_get_unreadable_file_key
2026-10-03T21:08:58.1418513Z PASS config_get_float_pos_zero
2026-10-03T21:08:58.1418941Z PASS config_get_float_neg_zero
2026-10-03T21:08:58.1419184Z PASS config_get_float_pos_inf
2026-10-03T21:08:58.1419426Z PASS config_get_float_pos_inf_plus
2026-10-03T21:08:58.1419930Z PASS config_get_float_neg_inf
2026-10-03T21:08:58.1420159Z PASS config_get_float_nan
2026-10-03T21:08:58.1420376Z PASS config_get_float_pos_nan
2026-10-03T21:08:58.1420615Z PASS config_get_float_neg_nan
2026-10-03T21:08:58.1420857Z PASS config_get_float_large
2026-10-03T21:08:58.1421079Z PASS config_get_float_large2
2026-10-03T21:08:58.1421308Z PASS config_get_float_small
2026-10-03T21:08:58.1421534Z PASS config_get_float_small2
2026-10-03T21:08:58.1421756Z PASS config_get_float_large_neg
2026-10-03T21:08:58.1422002Z PASS config_get_float_large2_neg
2026-10-03T21:08:58.1422241Z PASS config_get_float_small_neg
2026-10-03T21:08:58.1422476Z PASS config_get_float_small2_neg
2026-10-03T21:08:58.1422709Z PASS config_get_float_sci1
2026-10-03T21:08:58.1422936Z PASS config_get_float_sci2
2026-10-03T21:08:58.1423300Z PASS config_get_float_pi
2026-10-03T21:08:58.1423555Z PASS config_get_float_boundary_below_large
2026-10-03T21:08:58.1423844Z PASS config_get_float_boundary_above_small
2026-10-03T21:08:58.1424134Z PASS config_get_float_boundary_below_small
2026-10-03T21:08:58.1424387Z PASS config_get_odt_z
2026-10-03T21:08:58.1424597Z PASS config_get_odt_z_lower
2026-10-03T21:08:58.1424828Z PASS config_get_odt_space_z
2026-10-03T21:08:58.1425062Z PASS config_get_odt_frac_micro_z
2026-10-03T21:08:58.1425304Z PASS config_get_odt_frac_milli_z
2026-10-03T21:08:58.1425536Z PASS config_get_odt_frac_nano_z
2026-10-03T21:08:58.1425780Z PASS config_get_odt_frac_trailing_z
2026-10-03T21:08:58.1426027Z PASS config_get_odt_frac_zero_z
2026-10-03T21:08:58.1426266Z PASS config_get_odt_no_sec_z
2026-10-03T21:08:58.1426497Z PASS config_get_odt_pos_offset
2026-10-03T21:08:58.1426727Z PASS config_get_odt_neg_offset
2026-10-03T21:08:58.1426956Z PASS config_get_odt_offset_zero
2026-10-03T21:08:58.1427200Z PASS config_get_odt_offset_neg_zero
2026-10-03T21:08:58.1427449Z PASS config_get_odt_space_offset
2026-10-03T21:08:58.1427694Z PASS config_get_odt_frac_micro_offset
2026-10-03T21:08:58.1427961Z PASS config_get_odt_frac_half_hour_offset
2026-10-03T21:08:58.1428248Z PASS config_get_odt_frac_trailing_offset
2026-10-03T21:08:58.1428517Z PASS config_get_odt_no_sec_offset
2026-10-03T21:08:58.1428753Z PASS config_get_ldt
2026-10-03T21:08:58.1428949Z PASS config_get_ldt_space
2026-10-03T21:08:58.1429170Z PASS config_get_ldt_lower
2026-10-03T21:08:58.1429384Z PASS config_get_ldt_frac_micro
2026-10-03T21:08:58.1429612Z PASS config_get_ldt_frac_milli
2026-10-03T21:08:58.1429845Z PASS config_get_ldt_frac_nano
2026-10-03T21:08:58.1430080Z PASS config_get_ldt_frac_trailing
2026-10-03T21:08:58.1430328Z PASS config_get_ldt_frac_zero
2026-10-03T21:08:58.1430554Z PASS config_get_ldt_no_sec
2026-10-03T21:08:58.1430767Z PASS config_get_ld
2026-10-03T21:08:58.1430962Z PASS config_get_ld_today
2026-10-03T21:08:58.1431183Z PASS config_get_ld_year_one
2026-10-03T21:08:58.1431398Z PASS config_get_lt
2026-10-03T21:08:58.1431596Z PASS config_get_lt_frac_micro
2026-10-03T21:08:58.1431829Z PASS config_get_lt_frac_milli
2026-10-03T21:08:58.1432066Z PASS config_get_lt_frac_nano
2026-10-03T21:08:58.1432290Z PASS config_get_lt_frac_trailing
2026-10-03T21:08:58.1432636Z PASS config_get_lt_frac_zero
2026-10-03T21:08:58.1432854Z PASS config_get_lt_no_sec
2026-10-03T21:08:58.1433063Z PASS profile_help
2026-10-03T21:08:58.1433256Z PASS profile_help_long
2026-10-03T21:08:58.1433461Z PASS profile_list_empty
2026-10-03T21:08:58.1433671Z PASS profile_list_empty_json
2026-10-03T21:08:58.1433894Z PASS profile_list_fixture_json
2026-10-03T21:08:58.1434135Z PASS profile_list_partial_error
2026-10-03T21:08:58.1434359Z PASS profile_list_extra
2026-10-03T21:08:58.1434566Z PASS profile_list_help_flag
2026-10-03T21:08:58.1434790Z PASS profile_list_help_short
2026-10-03T21:08:58.1435019Z PASS profile_show_missing
2026-10-03T21:08:58.1435232Z PASS profile_show_missing_json
2026-10-03T21:08:58.1435462Z PASS profile_show_help_flag
2026-10-03T21:08:58.1435686Z PASS profile_show_help_short
2026-10-03T21:08:58.1435917Z PASS profile_show_fixture_json
2026-10-03T21:08:58.1436305Z PASS profile_show_fixture_json_flag_before_name
2026-10-03T21:08:58.1436789Z PASS profile_show_fixture_human
2026-10-03T21:08:58.1437440Z PASS profile_add_default (stdout, stderr, exit code, fs manifest/modes)
2026-10-03T21:08:58.1438115Z PASS profile_add_personal_after_name (stdout, stderr, exit code, fs manifest/modes)
2026-10-03T21:08:58.1438660Z PASS profile_add_personal_before_name (stdout, stderr, exit code, fs manifest/modes)
2026-10-03T21:08:58.1439064Z PASS profile_add_invalid_name
2026-10-03T21:08:58.1439292Z PASS profile_add_invalid_from
2026-10-03T21:08:58.1439515Z PASS profile_add_exists
2026-10-03T21:08:58.1439723Z PASS profile_add_help_flag
2026-10-03T21:08:58.1439941Z PASS profile_add_help_short
2026-10-03T21:08:58.1440162Z PASS profile_add_unknown_flag
2026-10-03T21:08:58.1440536Z PASS profile_add_unknown_after_name
2026-10-03T21:08:58.1440871Z PASS profile_add_missing_from_value
2026-10-03T21:09:13.5701722Z PASS profile_add_from_equals (stdout, stderr, exit code, fs manifest/modes)
2026-10-03T21:09:13.5702834Z PASS profile_add_trailing_terminator (stdout, stderr, exit code, fs manifest/modes)
2026-10-03T21:09:13.5703833Z PASS profile_add_terminator_then_flag (stdout, stderr, exit code, fs manifest/modes)
2026-10-03T21:09:13.5704541Z PASS profile_remove_missing
2026-10-03T21:09:13.5705158Z PASS profile_remove_force (stdout, stderr, exit code, fs manifest/modes)
2026-10-03T21:09:13.5706308Z PASS profile_remove_prompt_yes (stdout, stderr, exit code, fs manifest/modes)
2026-10-03T21:09:13.5707001Z PASS profile_remove_prompt_no
2026-10-03T21:09:13.5707416Z PASS profile_remove_prompt_eof
2026-10-03T21:09:13.5707832Z PASS profile_remove_prompt_oversized
2026-10-03T21:09:13.5708552Z PASS profile_remove_bound_global_refuses (stdout, stderr, exit code, fs manifest/modes)
2026-10-03T21:09:13.5709586Z PASS profile_remove_bound_project_refuses (stdout, stderr, exit code, fs manifest/modes)
2026-10-03T21:09:13.5710667Z PASS profile_remove_bound_project_relative_refuses (stdout, stderr, exit code, fs manifest/modes)
2026-10-03T21:09:13.5711702Z PASS profile_remove_bound_force (stdout, stderr, exit code, fs manifest/modes)
2026-10-03T21:09:13.5712678Z PASS profile_remove_malformed_profile (stdout, stderr, exit code, fs manifest/modes)
2026-10-03T21:09:13.5713698Z PASS profile_remove_malformed_harness_config (stdout, stderr, exit code, fs manifest/modes)
2026-10-03T21:09:13.5714786Z PASS profile_remove_malformed_harness_refuses (stdout, stderr, exit code, fs manifest/modes)
2026-10-03T21:09:13.5715818Z PASS profile_remove_empty_directory (stdout, stderr, exit code, fs manifest/modes)
2026-10-03T21:09:13.5716774Z PASS profile_remove_force_before_name (stdout, stderr, exit code, fs manifest/modes)
2026-10-03T21:09:13.5717716Z PASS profile_remove_terminator (stdout, stderr, exit code, fs manifest/modes)
2026-10-03T21:09:13.5718401Z PASS audit_missing_subcommand
2026-10-03T21:09:13.5718819Z PASS audit_unknown_subcommand
2026-10-03T21:09:13.5719194Z PASS audit_help
2026-10-03T21:09:13.5719519Z PASS audit_tail_empty_json
2026-10-03T21:09:13.5719918Z PASS audit_tail_missing_profile_json
2026-10-03T21:09:13.5720658Z PASS audit_tail_fixture_json
2026-10-03T21:09:13.5721054Z PASS audit_tail_global_json
2026-10-03T21:09:13.5721442Z PASS audit_tail_fixture_human
2026-10-03T21:09:13.5721840Z PASS audit_tail_negative_limit
2026-10-03T21:09:13.5722225Z PASS audit_tail_help
2026-10-03T21:09:13.5722572Z PASS audit_tail_unknown_flag
2026-10-03T21:09:13.5722954Z PASS audit_tail_missing_n
2026-10-03T21:09:13.5723314Z PASS audit_tail_invalid_n
2026-10-03T21:09:13.5723674Z PASS doctor_empty_human
2026-10-03T21:09:13.5724024Z PASS doctor_empty_json
2026-10-03T21:09:13.5724365Z PASS doctor_global_json
2026-10-03T21:09:13.5724712Z PASS doctor_disabled_fix
2026-10-03T21:09:13.5725100Z PASS doctor_disabled_force_release
2026-10-03T21:09:13.5725527Z PASS doctor_unused_force_release
2026-10-03T21:09:13.5726223Z PASS doctor_unused_force_release_true
2026-10-03T21:09:13.5726671Z PASS doctor_disabled_fix_zero
2026-10-03T21:09:13.5727071Z PASS doctor_invalid_force_release
2026-10-03T21:09:13.5727501Z PASS doctor_disabled_vault_profile
2026-10-03T21:09:13.5727937Z PASS doctor_missing_vault_profile
2026-10-03T21:09:13.5728356Z PASS doctor_failing_vault_handshake
2026-10-03T21:09:13.5728755Z PASS doctor_help
2026-10-03T21:09:13.5729077Z PASS doctor_unknown_flag
2026-10-03T21:09:13.5729460Z PASS doctor_ignores_positionals
2026-10-03T21:09:13.5729936Z PASS doctor_vault_agent_value_consumes_force_release
2026-10-03T21:09:13.5730454Z PASS doctor_vault_agent_then_help
2026-10-03T21:09:13.5730883Z PASS doctor_vault_agent_equals_then_help
2026-10-03T21:09:13.5731354Z PASS doctor_vault_agent_missing_value
2026-10-03T21:09:13.5731791Z PASS doctor_failed_version_json
2026-10-03T21:09:13.5733230Z PASS vault_missing_binary
2026-10-03T21:09:13.5733649Z PASS setup_unknown_flag
2026-10-03T21:09:13.5734198Z PASS setup_lone_hyphen (stdout, stderr, exit code, fs manifest/modes)
2026-10-03T21:09:13.5734983Z PASS setup_install_json (stdout, stderr, exit code, fs manifest/modes)
2026-10-03T21:09:13.5735790Z PASS setup_install_human (stdout, stderr, exit code, fs manifest/modes)
2026-10-03T21:09:13.5736680Z PASS setup_install_cosign_fail_json (stdout, stderr, exit code, fs manifest/modes)
2026-10-03T21:09:13.5737622Z PASS setup_cosign_command_fail_json (stdout, stderr, exit code, fs manifest/modes)
2026-10-03T21:09:13.5738503Z PASS setup_fix_correct_json (stdout, stderr, exit code, fs manifest/modes)
2026-10-03T21:09:13.5739343Z PASS setup_fix_correct_human (stdout, stderr, exit code, fs manifest/modes)
2026-10-03T21:09:13.5740201Z PASS setup_fix_mismatched_json (stdout, stderr, exit code, fs manifest/modes)
2026-10-03T21:09:13.5741059Z PASS install_cursor_fresh (stdout, stderr, exit code, fs manifest/modes)
2026-10-03T21:09:13.5741874Z PASS install_claude_fresh (stdout, stderr, exit code, fs manifest/modes)
2026-10-03T21:09:13.5742740Z PASS install_claude_desktop_fresh (stdout, stderr, exit code, fs manifest/modes)
2026-10-03T21:09:13.5743637Z PASS install_opencode_fresh (stdout, stderr, exit code, fs manifest/modes)
2026-10-03T21:09:13.5744472Z PASS install_codex_fresh (stdout, stderr, exit code, fs manifest/modes)
2026-10-03T21:09:13.5745316Z PASS install_antigravity_fresh (stdout, stderr, exit code, fs manifest/modes)
2026-10-03T21:09:13.5746591Z PASS install_default_profile_env_override (stdout, stderr, exit code, fs manifest/modes)
2026-10-03T21:09:13.5747701Z PASS install_malformed_global_config (stdout, stderr, exit code, fs manifest/modes)
2026-10-03T21:09:13.5748645Z PASS install_cursor_equals_flags (stdout, stderr, exit code, fs manifest/modes)
2026-10-03T21:09:13.5749531Z PASS install_missing_profile (stdout, stderr, exit code, fs manifest/modes)
2026-10-03T21:09:13.5750395Z PASS install_default_profile (stdout, stderr, exit code, fs manifest/modes)
2026-10-03T21:09:13.5751363Z PASS install_malformed_refuses_before_backup (stdout, stderr, exit code, fs manifest/modes)
2026-10-03T21:09:13.5752430Z PASS install_superseded_basenames_keep_vault (stdout, stderr, exit code, fs manifest/modes)
2026-10-03T21:09:13.5753624Z PASS install_keep_superseded (stdout, stderr, exit code, fs manifest/modes)
2026-10-03T21:09:13.5754471Z PASS install_claude_project (stdout, stderr, exit code, fs manifest/modes)
2026-10-03T21:09:13.5755358Z PASS install_unsupported_project (stdout, stderr, exit code, fs manifest/modes)
2026-10-03T21:09:13.5756192Z PASS install_dry_run (stdout, stderr, exit code, fs manifest/modes)
2026-10-03T21:09:13.5757046Z PASS uninstall_foreign_symbrain_noop (stdout, stderr, exit code, fs manifest/modes)
2026-10-03T21:09:13.5757998Z PASS uninstall_missing_config_noop (stdout, stderr, exit code, fs manifest/modes)
2026-10-03T21:09:13.5758918Z PASS uninstall_absent_entry_noop (stdout, stderr, exit code, fs manifest/modes)
2026-10-03T21:09:13.5759816Z PASS uninstall_removes_symbrain (stdout, stderr, exit code, fs manifest/modes)
2026-10-03T21:09:13.5760666Z PASS uninstall_dry_run (stdout, stderr, exit code, fs manifest/modes)
2026-10-03T21:09:13.5761462Z PASS config_set_fallback (stdout, stderr, exit code, fs manifest/modes)
2026-10-03T21:09:13.5762080Z PASS config_set_no_args
2026-10-03T21:09:13.5762428Z PASS config_set_one_arg
2026-10-03T21:09:13.5762774Z PASS config_set_three_args
2026-10-03T21:09:13.5763154Z PASS config_set_empty_key
2026-10-03T21:09:13.5763712Z PASS config_set_new_string (stdout, stderr, exit code, fs manifest/modes)
2026-10-03T21:09:13.5764543Z PASS config_set_new_bool_true (stdout, stderr, exit code, fs manifest/modes)
2026-10-03T21:09:13.5765390Z PASS config_set_new_bool_false (stdout, stderr, exit code, fs manifest/modes)
2026-10-03T21:09:13.5766234Z PASS config_set_new_bool_1 (stdout, stderr, exit code, fs manifest/modes)
2026-10-03T21:09:13.5767517Z PASS config_set_new_bool_0 (stdout, stderr, exit code, fs manifest/modes)
2026-10-03T21:09:13.5768345Z PASS config_set_new_bool_t (stdout, stderr, exit code, fs manifest/modes)
2026-10-03T21:09:13.5769155Z PASS config_set_new_bool_f (stdout, stderr, exit code, fs manifest/modes)
2026-10-03T21:09:13.5769970Z PASS config_set_new_bool_T (stdout, stderr, exit code, fs manifest/modes)
2026-10-03T21:09:13.5770763Z PASS config_set_new_bool_F (stdout, stderr, exit code, fs manifest/modes)
2026-10-03T21:09:13.5771591Z PASS config_set_new_bool_TRUE (stdout, stderr, exit code, fs manifest/modes)
2026-10-03T21:09:13.5772447Z PASS config_set_new_bool_FALSE (stdout, stderr, exit code, fs manifest/modes)
2026-10-03T21:09:13.5773300Z PASS config_set_new_bool_True (stdout, stderr, exit code, fs manifest/modes)
2026-10-03T21:09:13.5774153Z PASS config_set_new_bool_False (stdout, stderr, exit code, fs manifest/modes)
2026-10-03T21:09:13.5774969Z PASS config_set_new_int (stdout, stderr, exit code, fs manifest/modes)
2026-10-03T21:09:13.5775774Z PASS config_set_new_int_neg (stdout, stderr, exit code, fs manifest/modes)
2026-10-03T21:09:13.5776627Z PASS config_set_new_string_float (stdout, stderr, exit code, fs manifest/modes)
2026-10-03T21:09:13.5777486Z PASS config_set_new_nested (stdout, stderr, exit code, fs manifest/modes)
2026-10-03T21:09:13.5778335Z PASS config_set_new_deep_nested (stdout, stderr, exit code, fs manifest/modes)
2026-10-03T21:09:13.5779216Z PASS config_set_existing_update (stdout, stderr, exit code, fs manifest/modes)
2026-10-03T21:09:13.5780134Z PASS config_set_existing_parent_mode (stdout, stderr, exit code, fs manifest/modes)
2026-10-03T21:09:13.5781060Z PASS config_set_existing_sample (stdout, stderr, exit code, fs manifest/modes)
2026-10-03T21:09:13.5781918Z PASS config_set_terminator (stdout, stderr, exit code, fs manifest/modes)
2026-10-03T21:09:13.5782561Z PASS config_set_type_conflict
2026-10-03T21:09:13.5782981Z PASS config_set_malformed_existing
2026-10-03T21:09:13.5783416Z PASS config_set_unreadable_file
2026-10-03T21:09:13.5783851Z PASS config_unrelated_subcommand_fallback
2026-10-03T21:09:13.5784327Z PASS config_no_subcommand_fallback
2026-10-03T21:09:13.5784936Z PASS config_set_inline_leaf (stdout, stderr, exit code, fs manifest/modes)
2026-10-03T21:09:13.5785795Z PASS config_set_inline_new_key (stdout, stderr, exit code, fs manifest/modes)
2026-10-03T21:09:13.5787187Z PASS config_set_nested_inline_leaf (stdout, stderr, exit code, fs manifest/modes)
2026-10-03T21:09:13.5788125Z PASS config_set_nested_inline_new_key (stdout, stderr, exit code, fs manifest/modes)
2026-10-03T21:09:13.5789089Z PASS config_set_sample_nested_inline (stdout, stderr, exit code, fs manifest/modes)
2026-10-03T21:09:13.5790058Z PASS config_set_floats_preserve_existing (stdout, stderr, exit code, fs manifest/modes)
2026-10-03T21:09:13.5791044Z PASS config_set_floats_update_neg_zero (stdout, stderr, exit code, fs manifest/modes)
2026-10-03T21:09:13.5791996Z PASS config_set_floats_update_large (stdout, stderr, exit code, fs manifest/modes)
2026-10-03T21:09:13.5792988Z PASS config_set_datetime_preserve_existing (stdout, stderr, exit code, fs manifest/modes)
2026-10-03T21:09:13.5793969Z PASS config_set_complex_preserve (stdout, stderr, exit code, fs manifest/modes)
2026-10-03T21:09:13.5794879Z PASS config_set_quoted_key_update (stdout, stderr, exit code, fs manifest/modes)
2026-10-03T21:09:13.5795592Z PASS config_set_array_of_tables_add_field
2026-10-03T21:09:13.5796091Z PASS skills_status_opencode_root_missing
2026-10-03T21:09:13.5796568Z PASS skills_status_opencode_root_empty
2026-10-03T21:09:13.5797055Z PASS skills_status_opencode_unmanaged_skill
2026-10-03T21:09:13.5797579Z PASS skills_status_opencode_dir_without_skill
2026-10-03T21:09:13.5798097Z PASS skills_status_opencode_regular_file
2026-10-03T21:09:13.5798599Z PASS skills_status_opencode_orphaned_marker
2026-10-03T21:09:13.5799098Z PASS skills_status_opencode_foreign_marker
2026-10-03T21:09:13.5799888Z PASS skills_status_opencode_legacy_hash_only_marker
2026-10-03T21:10:51.8361564Z PASS skills_status_opencode_malformed_marker
2026-10-03T21:10:51.8362558Z PASS skills_status_opencode_unsupported_schema_marker
2026-10-03T21:10:51.8363129Z PASS skills_status_opencode_empty_marker
2026-10-03T21:10:51.8363659Z PASS skills_status_opencode_wrong_type_marker
2026-10-03T21:10:51.8364180Z PASS skills_status_opencode_mixed
2026-10-03T21:10:51.8364624Z PASS skills_status_opencode_mixed_json
2026-10-03T21:10:51.8365156Z PASS skills_status_opencode_managed_symlink
2026-10-03T21:10:51.8365672Z PASS skills_status_opencode_managed_symlink_json
2026-10-03T21:10:51.8366197Z PASS skills_status_opencode_managed_copy_json
2026-10-03T21:10:51.8366781Z PASS skills_status_opencode_managed_harness_changed_json
2026-10-03T21:10:51.8367349Z PASS skills_status_opencode_managed_conflict_json
2026-10-03T21:10:51.8367867Z PASS skills_status_opencode_managed_conflict
2026-10-03T21:10:51.8368369Z PASS skills_status_opencode_managed_orphaned
2026-10-03T21:10:51.8368925Z PASS skills_status_default_dynamic_target_fallback
2026-10-03T21:10:51.8369467Z PASS skills_status_opencode_project_root_missing
2026-10-03T21:10:51.8370002Z PASS skills_status_opencode_project_unmanaged_skill
2026-10-03T21:10:51.8370566Z PASS skills_status_opencode_project_dir_without_skill
2026-10-03T21:10:51.8371151Z PASS skills_status_opencode_project_regular_file
2026-10-03T21:10:51.8371676Z PASS skills_status_opencode_project_mixed_json
2026-10-03T21:10:51.8372222Z PASS skills_status_opencode_project_orphaned_marker
2026-10-03T21:10:51.8372801Z PASS skills_status_opencode_project_unsupported_schema_marker
2026-10-03T21:10:51.8373379Z PASS skills_status_opencode_project_malformed_marker_json
2026-10-03T21:10:51.8373923Z PASS skills_status_opencode_project_isolated_from_user_root
2026-10-03T21:10:51.8374393Z PASS skills_status_unknown_scope_fallback
2026-10-03T21:10:51.8374805Z PASS skills_status_claude_missing_root_table
2026-10-03T21:10:51.8375257Z PASS skills_status_claude_missing_root_json
2026-10-03T21:10:51.8375676Z PASS skills_status_codex_missing_root_table
2026-10-03T21:10:51.8376087Z PASS skills_status_codex_missing_root_json
2026-10-03T21:10:51.8376503Z PASS skills_status_hermes_missing_root_table
2026-10-03T21:10:51.8376946Z PASS skills_status_hermes_missing_root_json
2026-10-03T21:10:51.8378171Z PASS skills_status_antigravity_missing_root_table
2026-10-03T21:10:51.8378637Z PASS skills_status_antigravity_missing_root_json
2026-10-03T21:10:51.8379034Z PASS skills_status_openclaw_missing_root_table
2026-10-03T21:10:51.8379415Z PASS skills_status_openclaw_missing_root_json
2026-10-03T21:10:51.8379801Z PASS skills_status_opencode_escapable_name_json
2026-10-03T21:10:51.8380148Z PASS memory_list_fallback
2026-10-03T21:10:51.8380417Z PASS memory_list_seeded
2026-10-03T21:10:51.8380671Z PASS memory_search_seeded
2026-10-03T21:10:51.8380943Z PASS memory_search_seeded_table
2026-10-03T21:10:51.8381232Z PASS memory_search_seeded_scope
2026-10-03T21:10:51.8381533Z PASS memory_search_seeded_other_scope
2026-10-03T21:10:51.8381848Z PASS memory_search_seeded_limit
2026-10-03T21:10:51.8382144Z PASS memory_search_seeded_limit_zero
2026-10-03T21:10:51.8382465Z PASS memory_search_two_candidates_limit
2026-10-03T21:10:51.8382843Z PASS memory_search_two_candidates_limit_one
2026-10-03T21:10:51.8383181Z PASS memory_search_db_override
2026-10-03T21:10:51.8383520Z PASS memory_search_limit_and_db
2026-10-03T21:10:51.8383876Z PASS memory_search_no_candidate
2026-10-03T21:10:51.8384232Z PASS memory_search_no_candidate_table
2026-10-03T21:10:51.8384635Z PASS memory_search_empty_query
2026-10-03T21:10:51.8385001Z PASS memory_search_missing_query_fallback
2026-10-03T21:10:51.8385413Z PASS memory_search_unknown_flag_fallback
2026-10-03T21:10:51.8385808Z PASS memory_search_help_fallback
2026-10-03T21:10:51.8386171Z PASS memory_query_log_seeded
2026-10-03T21:10:51.8386533Z PASS activity_usage
2026-10-03T21:10:51.8386839Z PASS activity_help
2026-10-03T21:10:51.8387337Z PASS activity_missing_profile
2026-10-03T21:10:51.8387705Z PASS activity_get_missing_profile
2026-10-03T21:10:51.8388104Z PASS activity_search_missing_profile
2026-10-03T21:10:51.8388492Z PASS activity_status_reader_profile
2026-10-03T21:10:51.8388882Z PASS activity_status_reader_profile_table
2026-10-03T21:10:51.8389278Z PASS activity_status_db_override
2026-10-03T21:10:51.8389618Z PASS activity_get_db_override
2026-10-03T21:10:51.8389914Z PASS activity_search_db_override
2026-10-03T21:10:51.8390225Z PASS activity_status_missing_budget
2026-10-03T21:10:51.8390541Z PASS activity_status_zero_budget
2026-10-03T21:10:51.8390890Z PASS activity_status_excess_budget
2026-10-03T21:10:51.8391207Z PASS activity_get_missing_row
2026-10-03T21:10:51.8391515Z PASS activity_get_missing_row_table
2026-10-03T21:10:51.8391840Z PASS activity_get_missing_budget
2026-10-03T21:10:51.8392176Z PASS activity_get_zero_budget
2026-10-03T21:10:51.8392486Z PASS activity_get_excess_budget
2026-10-03T21:10:51.8392822Z PASS activity_search_reader_profile_table
2026-10-03T21:10:51.8393191Z PASS activity_search_invalid_window_keeps_go
2026-10-03T21:10:51.8393559Z PASS activity_search_out_of_bounds_keeps_go
2026-10-03T21:10:51.8393970Z PASS activity_get_identifier_before_flags_keeps_go
2026-10-03T21:10:51.8394350Z PASS activity_search_reader_profile
2026-10-03T21:10:51.8394766Z PASS activity_unknown_subcommand
2026-10-03T21:10:51.8395550Z PASS usage_missing
2026-10-03T21:10:51.8395859Z PASS usage_missing_json
2026-10-03T21:10:51.8396157Z PASS usage_opencode_workspace_only
2026-10-03T21:10:51.8396486Z PASS usage_opencode_workspace_only_json
2026-10-03T21:10:51.8396822Z PASS usage_codex_stale_auth_file
2026-10-03T21:10:51.8397166Z PASS usage_codex_stale_auth_file_json
2026-10-03T21:10:51.8397487Z PASS activity_usage_fallback
2026-10-03T21:10:51.8397784Z PASS activity_help_fallback
2026-10-03T21:10:51.8398107Z PASS activity_missing_profile_fallback
2026-10-03T21:10:51.8398460Z PASS activity_get_fallback
2026-10-03T21:10:51.8398763Z PASS audit_tail_missing_directory
2026-10-03T21:10:51.8399082Z PASS audit_tail_missing_directory_json
2026-10-03T21:10:51.8399402Z PASS memory_list_seeded_table
2026-10-03T21:10:51.8399736Z PASS memory_list_seeded_scope_alias
2026-10-03T21:10:51.8400050Z PASS memory_list_seeded_limit_zero
2026-10-03T21:10:51.8401318Z PASS memory_list_unknown_flag_fallback
2026-10-03T21:10:51.8401643Z PASS memory_set_native
2026-10-03T21:10:51.8401930Z PASS memory_set_native_table
2026-10-03T21:10:51.8402260Z PASS memory_set_native_staged
2026-10-03T21:10:51.8402567Z PASS memory_set_missing_kind_fallback
2026-10-03T21:10:51.8402883Z PASS memory_set_invalid_kind_fallback
2026-10-03T21:10:51.8403196Z PASS memory_set_author_fallback
2026-10-03T21:10:51.8403530Z PASS memory_delete_missing_row
2026-10-03T21:10:51.8403822Z PASS memory_delete_seeded_json
2026-10-03T21:10:51.8404116Z PASS memory_delete_seeded_table
2026-10-03T21:10:51.8404414Z PASS memory_delete_no_id_fallback
2026-10-03T21:10:51.8404753Z PASS memory_help_fallback
2026-10-03T21:10:51.8405033Z PASS memory_rules_empty
2026-10-03T21:10:51.8405308Z PASS memory_rules_empty_table
2026-10-03T21:10:51.8405599Z PASS memory_rules_seeded
2026-10-03T21:10:51.8405909Z PASS memory_rules_seeded_table
2026-10-03T21:10:51.8406208Z PASS memory_rules_seeded_scope
2026-10-03T21:10:51.8406520Z PASS memory_query_log_seeded_table
2026-10-03T21:10:51.8406828Z PASS memory_query_log_fallback
2026-10-03T21:10:51.8407115Z PASS sync_dry_run_empty
2026-10-03T21:10:51.8407413Z PASS sync_dry_run_all
2026-10-03T21:10:51.8407686Z PASS sync_html_project_json
2026-10-03T21:10:51.8407974Z PASS sync_flag_terminator
2026-10-03T21:10:51.8408265Z PASS sync_flag_after_positional
2026-10-03T21:10:51.8408594Z PASS sync_flag_after_terminator
2026-10-03T21:10:51.8408887Z PASS sync_bool_true
2026-10-03T21:10:51.8409142Z PASS sync_bool_false
2026-10-03T21:10:51.8409404Z PASS sync_bool_invalid
2026-10-03T21:10:51.8409706Z PASS sync_dry_run_with_library
2026-10-03T21:10:51.8410532Z PASS sync_installs_library_skill
2026-10-03T21:10:51.8410884Z PASS sync_unknown_harness
2026-10-03T21:10:51.8411167Z PASS sync_help
2026-10-03T21:10:51.8411445Z PASS sync_unknown_flag
2026-10-03T21:10:51.8411751Z PASS harness_list_empty
2026-10-03T21:10:51.8412039Z PASS harness_list_empty_json
2026-10-03T21:10:51.8412337Z PASS harness_list_installed
2026-10-03T21:10:51.8412634Z PASS harness_list_installed_json
2026-10-03T21:10:51.8412971Z PASS harness_list_foreign_json
2026-10-03T21:10:51.8413268Z PASS harness_list_malformed_json
2026-10-03T21:10:51.8413572Z PASS harness_list_unknown_flag
2026-10-03T21:10:51.8413869Z PASS harness_unknown_subcommand
2026-10-03T21:10:51.8414192Z PASS harness_health_empty_json
2026-10-03T21:10:51.8414493Z PASS harness_health_malformed_json
2026-10-03T21:10:51.8414825Z PASS harness_health_malformed_json_response
2026-10-03T21:10:51.8415770Z ACCEPTED HAR-007 harness_health_missing_command (validated versioned health contract)
2026-10-03T21:10:51.8416336Z PASS harness_health_missing_command
2026-10-03T21:10:51.8416833Z ACCEPTED HAR-007 harness_health_missing_command_json (validated versioned health contract)
2026-10-03T21:10:51.8417364Z PASS harness_health_missing_command_json
2026-10-03T21:10:51.8417705Z PASS harness_health_initialize
2026-10-03T21:10:51.8418194Z ACCEPTED HAR-007 harness_health_initialize_json (validated versioned health contract)
2026-10-03T21:10:51.8418682Z PASS harness_health_initialize_json
2026-10-03T21:10:51.8419002Z PASS harness_health_filter_json
2026-10-03T21:10:51.8419304Z PASS harness_health_unknown_harness
2026-10-03T21:10:51.8419646Z PASS skills_list_empty_library
2026-10-03T21:10:51.8419939Z PASS skills_list_empty_library_json
2026-10-03T21:10:51.8420256Z PASS skills_list_populated_library
2026-10-03T21:10:51.8420579Z PASS skills_list_populated_library_json
2026-10-03T21:10:51.8420943Z PASS skills_list_categories_json
2026-10-03T21:10:51.8421257Z PASS skills_list_managed_installs_json
2026-10-03T21:10:51.8421591Z PASS skills_list_last_used_json
2026-10-03T21:10:51.8421899Z PASS skills_list_target_flag_is_ignored
2026-10-03T21:10:51.8422236Z PASS skills_list_broken_skill_fallback
2026-10-03T21:10:51.8422597Z PASS skills_list_missing_skill_md_fallback
2026-10-03T21:10:51.8422936Z PASS skills_list_unknown_flag_fallback
2026-10-03T21:10:51.8423424Z PASS skills_list_dynamic_config_fallback
2026-10-03T21:10:51.8423762Z PASS skills_targets_dynamic_root_native
2026-10-03T21:10:51.8424113Z PASS skills_targets_mixed_json
2026-10-03T21:10:51.8424413Z PASS skills_targets_mixed_table
2026-10-03T21:10:51.8424720Z PASS skills_targets_empty_root_json
2026-10-03T21:10:51.8425039Z PASS skills_targets_managed_only_json
2026-10-03T21:10:51.8425411Z PASS skills_targets_config_dir_evidence_json
2026-10-03T21:10:51.8425763Z PASS skills_targets_project_scope_json
2026-10-03T21:10:51.8426110Z PASS skills_targets_unknown_scope_fallback
2026-10-03T21:10:51.8426458Z PASS skills_targets_unknown_flag_fallback
2026-10-03T21:10:51.8426829Z PASS skills_log_populated_fallback
2026-10-03T21:10:51.8427149Z PASS skills_sync_dry_run_dynamic_config
2026-10-03T21:10:51.8427471Z PASS skills_sync_dry_run_json
2026-10-03T21:10:51.8427770Z PASS skills_log_empty_json
2026-10-03T21:10:51.8428092Z PASS skills_targets_default_json
2026-10-03T21:10:51.8428398Z PASS skills_status_unknown_target
2026-10-03T21:10:51.8428719Z PASS skills_status_unknown_flag
2026-10-03T21:10:51.8429017Z 464 parity cases passed
2026-10-03T21:10:51.8846102Z ##[group]Run scripts/guard-standalone-oracle/run.sh "$RUNNER_TEMP/guard-standalone.json"
2026-10-03T21:10:51.8846877Z [36;1mscripts/guard-standalone-oracle/run.sh "$RUNNER_TEMP/guard-standalone.json"[0m
2026-10-03T21:10:51.8868846Z shell: C:\Program Files\Git\bin\bash.EXE --noprofile --norc -e -o pipefail {0}
2026-10-03T21:10:51.8869253Z env:
2026-10-03T21:10:51.8869445Z   GOTOOLCHAIN: local
2026-10-03T21:10:51.8869754Z   SYMBRAIN_XDG_ORACLE_FIXTURE: D:\a\_temp/xdg-oracle-windows.json
2026-10-03T21:10:51.8870253Z   SYMBRAIN_GUARD_DOCTOR_ORACLE_FIXTURE: D:\a\_temp/guard-doctor-oracle-windows.json
2026-10-03T21:10:51.8870811Z   SYMBRAIN_INSTRUCTIONS_ORACLE_FIXTURE: D:\a\_temp/instructions-oracle-windows.json
2026-10-03T21:10:51.8871976Z   SYMBRAIN_CLI_TREE_ORACLE_FIXTURE: D:\a\_temp/cli-tree-oracle-windows.json
2026-10-03T21:10:51.8872557Z   SYMBRAIN_ACTIVITY_CLI_ORACLE_FIXTURE: D:\a\_temp/activity-cli-oracle-windows.json
2026-10-03T21:10:51.8873177Z   SYMBRAIN_PROFILE_REMOVE_ORACLE_FIXTURE: D:\a\_temp/profile-remove-oracle-windows.json
2026-10-03T21:10:51.8873706Z   SYMBRAIN_SKILLS_ORACLE_FIXTURE: D:\a\_temp/skills-oracle-windows.json
2026-10-03T21:10:51.8874211Z   SYMBRAIN_SKILLS_INSTALL_ORACLE_FIXTURE: D:\a\_temp/skills-install-oracle-windows.json
2026-10-03T21:10:51.8874746Z   SYMBRAIN_GUARD_SCAN_ORACLE_FIXTURE: D:\a\_temp/guard-scan-oracle-windows.json
2026-10-03T21:10:51.8875130Z ##[endgroup]
2026-10-03T21:10:52.0977762Z tar: D\:\a\\_temp/guard-standalone-770.v9pBSm/go-source: Cannot open: No such file or directory
2026-10-03T21:10:52.0979224Z tar: Error is not recoverable: exiting now
2026-10-03T21:10:52.1382003Z ##[error]Process completed with exit code 2.
2026-10-03T21:10:52.1744531Z ##[group]Run actions/upload-artifact@043fb46d1a93c77aae656e7c1c64a875d1fc6a0a
2026-10-03T21:10:52.1745139Z with:
2026-10-03T21:10:52.1745457Z   name: guard-standalone-Windows
2026-10-03T21:10:52.1745833Z   path: D:\a\_temp/guard-standalone.json
2026-10-03T21:10:52.1746222Z   if-no-files-found: error
2026-10-03T21:10:52.1746534Z   retention-days: 14
2026-10-03T21:10:52.1746827Z   compression-level: 6
2026-10-03T21:10:52.1747121Z   overwrite: false
2026-10-03T21:10:52.1747410Z   include-hidden-files: false
2026-10-03T21:10:52.1747731Z   archive: true
2026-10-03T21:10:52.1747982Z env:
2026-10-03T21:10:52.1748219Z   GOTOOLCHAIN: local
2026-10-03T21:10:52.1748627Z   SYMBRAIN_XDG_ORACLE_FIXTURE: D:\a\_temp/xdg-oracle-windows.json
2026-10-03T21:10:52.1749325Z   SYMBRAIN_GUARD_DOCTOR_ORACLE_FIXTURE: D:\a\_temp/guard-doctor-oracle-windows.json
2026-10-03T21:10:52.1750120Z   SYMBRAIN_INSTRUCTIONS_ORACLE_FIXTURE: D:\a\_temp/instructions-oracle-windows.json
2026-10-03T21:10:52.1751122Z   SYMBRAIN_CLI_TREE_ORACLE_FIXTURE: D:\a\_temp/cli-tree-oracle-windows.json
2026-10-03T21:10:52.1752076Z   SYMBRAIN_ACTIVITY_CLI_ORACLE_FIXTURE: D:\a\_temp/activity-cli-oracle-windows.json
2026-10-03T21:10:52.1753170Z   SYMBRAIN_PROFILE_REMOVE_ORACLE_FIXTURE: D:\a\_temp/profile-remove-oracle-windows.json
2026-10-03T21:10:52.1753934Z   SYMBRAIN_SKILLS_ORACLE_FIXTURE: D:\a\_temp/skills-oracle-windows.json
2026-10-03T21:10:52.1754680Z   SYMBRAIN_SKILLS_INSTALL_ORACLE_FIXTURE: D:\a\_temp/skills-install-oracle-windows.json
2026-10-03T21:10:52.1755462Z   SYMBRAIN_GUARD_SCAN_ORACLE_FIXTURE: D:\a\_temp/guard-scan-oracle-windows.json
2026-10-03T21:10:52.1756001Z ##[endgroup]
2026-10-03T21:10:52.8261320Z ##[error]No files were found with the provided path: D:\a\_temp/guard-standalone.json. No artifacts will be uploaded.
2026-10-03T21:10:52.8645622Z ##[group]Run actions/upload-artifact@043fb46d1a93c77aae656e7c1c64a875d1fc6a0a
2026-10-03T21:10:52.8646079Z with:
2026-10-03T21:10:52.8646280Z   name: activity-validation-767-Windows
2026-10-03T21:10:52.8646978Z   path: D:\a\_temp/activity-validation-767.json
D:\a\_temp/activity-validation-767.json.fixture.json
D:\a\_temp/activity-validation-767.json.controls.json

2026-10-03T21:10:52.8647678Z   if-no-files-found: error
2026-10-03T21:10:52.8647893Z   retention-days: 14
2026-10-03T21:10:52.8648086Z   compression-level: 6
2026-10-03T21:10:52.8648281Z   overwrite: false
2026-10-03T21:10:52.8648490Z   include-hidden-files: false
2026-10-03T21:10:52.8648713Z   archive: true
2026-10-03T21:10:52.8648883Z env:
2026-10-03T21:10:52.8649046Z   GOTOOLCHAIN: local
2026-10-03T21:10:52.8649336Z   SYMBRAIN_XDG_ORACLE_FIXTURE: D:\a\_temp/xdg-oracle-windows.json
2026-10-03T21:10:52.8649816Z   SYMBRAIN_GUARD_DOCTOR_ORACLE_FIXTURE: D:\a\_temp/guard-doctor-oracle-windows.json
2026-10-03T21:10:52.8650389Z   SYMBRAIN_INSTRUCTIONS_ORACLE_FIXTURE: D:\a\_temp/instructions-oracle-windows.json
2026-10-03T21:10:52.8650891Z   SYMBRAIN_CLI_TREE_ORACLE_FIXTURE: D:\a\_temp/cli-tree-oracle-windows.json
2026-10-03T21:10:52.8651385Z   SYMBRAIN_ACTIVITY_CLI_ORACLE_FIXTURE: D:\a\_temp/activity-cli-oracle-windows.json
2026-10-03T21:10:52.8651932Z   SYMBRAIN_PROFILE_REMOVE_ORACLE_FIXTURE: D:\a\_temp/profile-remove-oracle-windows.json
2026-10-03T21:10:52.8652444Z   SYMBRAIN_SKILLS_ORACLE_FIXTURE: D:\a\_temp/skills-oracle-windows.json
2026-10-03T21:10:52.8652943Z   SYMBRAIN_SKILLS_INSTALL_ORACLE_FIXTURE: D:\a\_temp/skills-install-oracle-windows.json
2026-10-03T21:10:52.8653465Z   SYMBRAIN_GUARD_SCAN_ORACLE_FIXTURE: D:\a\_temp/guard-scan-oracle-windows.json
2026-10-03T21:10:52.8653838Z ##[endgroup]
2026-10-03T21:10:53.0561866Z Multiple search paths detected. Calculating the least common ancestor of all paths
2026-10-03T21:10:53.0565130Z The least common ancestor is D:\a\_temp. This will be the root directory of the artifact
2026-10-03T21:10:53.0568946Z ##[error]No files were found with the provided path: D:\a\_temp/activity-validation-767.json
D:\a\_temp/activity-validation-767.json.fixture.json
D:\a\_temp/activity-validation-767.json.controls.json. No artifacts will be uploaded.
2026-10-03T21:10:53.0884822Z ##[group]Run actions/upload-artifact@043fb46d1a93c77aae656e7c1c64a875d1fc6a0a
2026-10-03T21:10:53.0885316Z with:
2026-10-03T21:10:53.0885531Z   name: setup-repair-parity-Windows
2026-10-03T21:10:53.0885825Z   path: D:\a\_temp/setup-repair-parity.json
2026-10-03T21:10:53.0886130Z   if-no-files-found: error
2026-10-03T21:10:53.0886349Z   retention-days: 14
2026-10-03T21:10:53.0886558Z   compression-level: 6
2026-10-03T21:10:53.0886759Z   overwrite: false
2026-10-03T21:10:53.0886959Z   include-hidden-files: false
2026-10-03T21:10:53.0887187Z   archive: true
2026-10-03T21:10:53.0887358Z env:
2026-10-03T21:10:53.0887524Z   GOTOOLCHAIN: local
2026-10-03T21:10:53.0887806Z   SYMBRAIN_XDG_ORACLE_FIXTURE: D:\a\_temp/xdg-oracle-windows.json
2026-10-03T21:10:53.0888298Z   SYMBRAIN_GUARD_DOCTOR_ORACLE_FIXTURE: D:\a\_temp/guard-doctor-oracle-windows.json
2026-10-03T21:10:53.0888836Z   SYMBRAIN_INSTRUCTIONS_ORACLE_FIXTURE: D:\a\_temp/instructions-oracle-windows.json
2026-10-03T21:10:53.0889390Z   SYMBRAIN_CLI_TREE_ORACLE_FIXTURE: D:\a\_temp/cli-tree-oracle-windows.json
2026-10-03T21:10:53.0890139Z   SYMBRAIN_ACTIVITY_CLI_ORACLE_FIXTURE: D:\a\_temp/activity-cli-oracle-windows.json
2026-10-03T21:10:53.0890701Z   SYMBRAIN_PROFILE_REMOVE_ORACLE_FIXTURE: D:\a\_temp/profile-remove-oracle-windows.json
2026-10-03T21:10:53.0891244Z   SYMBRAIN_SKILLS_ORACLE_FIXTURE: D:\a\_temp/skills-oracle-windows.json
2026-10-03T21:10:53.0891763Z   SYMBRAIN_SKILLS_INSTALL_ORACLE_FIXTURE: D:\a\_temp/skills-install-oracle-windows.json
2026-10-03T21:10:53.0892298Z   SYMBRAIN_GUARD_SCAN_ORACLE_FIXTURE: D:\a\_temp/guard-scan-oracle-windows.json
2026-10-03T21:10:53.0892680Z ##[endgroup]
2026-10-03T21:10:53.2727016Z ##[error]No files were found with the provided path: D:\a\_temp/setup-repair-parity.json. No artifacts will be uploaded.
2026-10-03T21:10:53.3322079Z ##[group]Run actions/upload-artifact@043fb46d1a93c77aae656e7c1c64a875d1fc6a0a
2026-10-03T21:10:53.3322554Z with:
2026-10-03T21:10:53.3322767Z   name: usage-fetch-620-Windows
2026-10-03T21:10:53.3323027Z   path: D:\a\_temp/usage-fetch-620.json
2026-10-03T21:10:53.3323310Z   if-no-files-found: error
2026-10-03T21:10:53.3323527Z   retention-days: 14
2026-10-03T21:10:53.3323730Z   compression-level: 6
2026-10-03T21:10:53.3323933Z   overwrite: false
2026-10-03T21:10:53.3324128Z   include-hidden-files: false
2026-10-03T21:10:53.3324344Z   archive: true
2026-10-03T21:10:53.3324513Z env:
2026-10-03T21:10:53.3324682Z   GOTOOLCHAIN: local
2026-10-03T21:10:53.3324960Z   SYMBRAIN_XDG_ORACLE_FIXTURE: D:\a\_temp/xdg-oracle-windows.json
2026-10-03T21:10:53.3325438Z   SYMBRAIN_GUARD_DOCTOR_ORACLE_FIXTURE: D:\a\_temp/guard-doctor-oracle-windows.json
2026-10-03T21:10:53.3325978Z   SYMBRAIN_INSTRUCTIONS_ORACLE_FIXTURE: D:\a\_temp/instructions-oracle-windows.json
2026-10-03T21:10:53.3326517Z   SYMBRAIN_CLI_TREE_ORACLE_FIXTURE: D:\a\_temp/cli-tree-oracle-windows.json
2026-10-03T21:10:53.3327030Z   SYMBRAIN_ACTIVITY_CLI_ORACLE_FIXTURE: D:\a\_temp/activity-cli-oracle-windows.json
2026-10-03T21:10:53.3327574Z   SYMBRAIN_PROFILE_REMOVE_ORACLE_FIXTURE: D:\a\_temp/profile-remove-oracle-windows.json
2026-10-03T21:10:53.3328088Z   SYMBRAIN_SKILLS_ORACLE_FIXTURE: D:\a\_temp/skills-oracle-windows.json
2026-10-03T21:10:53.3328597Z   SYMBRAIN_SKILLS_INSTALL_ORACLE_FIXTURE: D:\a\_temp/skills-install-oracle-windows.json
2026-10-03T21:10:53.3329128Z   SYMBRAIN_GUARD_SCAN_ORACLE_FIXTURE: D:\a\_temp/guard-scan-oracle-windows.json
2026-10-03T21:10:53.3329498Z ##[endgroup]
2026-10-03T21:10:53.5109774Z ##[error]No files were found with the provided path: D:\a\_temp/usage-fetch-620.json. No artifacts will be uploaded.
2026-10-03T21:10:53.5422163Z ##[group]Run actions/upload-artifact@043fb46d1a93c77aae656e7c1c64a875d1fc6a0a
2026-10-03T21:10:53.5422643Z with:
2026-10-03T21:10:53.5422853Z   name: vault-admin-parity-Windows
2026-10-03T21:10:53.5423156Z   path: D:\a\_temp/vault-admin-parity.json
2026-10-03T21:10:53.5423438Z   if-no-files-found: error
2026-10-03T21:10:53.5423655Z   retention-days: 7
2026-10-03T21:10:53.5423850Z   compression-level: 6
2026-10-03T21:10:53.5424074Z   overwrite: false
2026-10-03T21:10:53.5424279Z   include-hidden-files: false
2026-10-03T21:10:53.5424508Z   archive: true
2026-10-03T21:10:53.5424684Z env:
2026-10-03T21:10:53.5424856Z   GOTOOLCHAIN: local
2026-10-03T21:10:53.5425166Z   SYMBRAIN_XDG_ORACLE_FIXTURE: D:\a\_temp/xdg-oracle-windows.json
2026-10-03T21:10:53.5425676Z   SYMBRAIN_GUARD_DOCTOR_ORACLE_FIXTURE: D:\a\_temp/guard-doctor-oracle-windows.json
2026-10-03T21:10:53.5426249Z   SYMBRAIN_INSTRUCTIONS_ORACLE_FIXTURE: D:\a\_temp/instructions-oracle-windows.json
2026-10-03T21:10:53.5426820Z   SYMBRAIN_CLI_TREE_ORACLE_FIXTURE: D:\a\_temp/cli-tree-oracle-windows.json
2026-10-03T21:10:53.5427355Z   SYMBRAIN_ACTIVITY_CLI_ORACLE_FIXTURE: D:\a\_temp/activity-cli-oracle-windows.json
2026-10-03T21:10:53.5427937Z   SYMBRAIN_PROFILE_REMOVE_ORACLE_FIXTURE: D:\a\_temp/profile-remove-oracle-windows.json
2026-10-03T21:10:53.5428497Z   SYMBRAIN_SKILLS_ORACLE_FIXTURE: D:\a\_temp/skills-oracle-windows.json
2026-10-03T21:10:53.5429271Z   SYMBRAIN_SKILLS_INSTALL_ORACLE_FIXTURE: D:\a\_temp/skills-install-oracle-windows.json
2026-10-03T21:10:53.5429835Z   SYMBRAIN_GUARD_SCAN_ORACLE_FIXTURE: D:\a\_temp/guard-scan-oracle-windows.json
2026-10-03T21:10:53.5430234Z ##[endgroup]
2026-10-03T21:10:53.7408982Z ##[error]No files were found with the provided path: D:\a\_temp/vault-admin-parity.json. No artifacts will be uploaded.
2026-10-03T21:10:53.7928697Z Post job cleanup.
2026-10-03T21:10:54.0035956Z [command]"C:\Program Files\Git\bin\git.exe" version
2026-10-03T21:10:54.0376064Z git version 2.55.0.windows.5
2026-10-03T21:10:54.0461697Z Temporarily overriding HOME='D:\a\_temp\9bc0074c-7705-4abf-884d-073cb0b74b13' before making global git config changes
2026-10-03T21:10:54.0462865Z Adding repository directory to the temporary git global config as a safe directory
2026-10-03T21:10:54.0473551Z [command]"C:\Program Files\Git\bin\git.exe" config --global --add safe.directory D:\a\symaira-brain\symaira-brain
2026-10-03T21:10:54.0794846Z Removing SSH command configuration
2026-10-03T21:10:54.0806676Z [command]"C:\Program Files\Git\bin\git.exe" config --local --name-only --get-regexp core\.sshCommand
2026-10-03T21:10:54.1159215Z [command]"C:\Program Files\Git\bin\git.exe" submodule foreach --recursive "sh -c \"git config --local --name-only --get-regexp 'core\.sshCommand' && git config --local --unset-all 'core.sshCommand' || :\""
2026-10-03T21:10:54.7353332Z Removing HTTP extra header
2026-10-03T21:10:54.7364489Z [command]"C:\Program Files\Git\bin\git.exe" config --local --name-only --get-regexp http\.https\:\/\/github\.com\/\.extraheader
2026-10-03T21:10:54.7683306Z [command]"C:\Program Files\Git\bin\git.exe" submodule foreach --recursive "sh -c \"git config --local --name-only --get-regexp 'http\.https\:\/\/github\.com\/\.extraheader' && git config --local --unset-all 'http.https://github.com/.extraheader' || :\""
2026-10-03T21:10:55.3286727Z Removing includeIf entries pointing to credentials config files
2026-10-03T21:10:55.3305057Z [command]"C:\Program Files\Git\bin\git.exe" config --local --name-only --get-regexp ^includeIf\.gitdir:
2026-10-03T21:10:55.3618083Z includeif.gitdir:D:/a/symaira-brain/symaira-brain/.git.path
2026-10-03T21:10:55.3619238Z includeif.gitdir:D:/a/symaira-brain/symaira-brain/.git/worktrees/*.path
2026-10-03T21:10:55.3620024Z includeif.gitdir:/github/workspace/.git.path
2026-10-03T21:10:55.3620687Z includeif.gitdir:/github/workspace/.git/worktrees/*.path
2026-10-03T21:10:55.3664199Z [command]"C:\Program Files\Git\bin\git.exe" config --local --get-all includeif.gitdir:D:/a/symaira-brain/symaira-brain/.git.path
2026-10-03T21:10:55.3957174Z D:\a\_temp\git-credentials-e0a5dc19-a946-48e0-b7df-676e43382dcf.config
2026-10-03T21:10:55.4003995Z [command]"C:\Program Files\Git\bin\git.exe" config --local --unset includeif.gitdir:D:/a/symaira-brain/symaira-brain/.git.path D\:\\a\\_temp\\git\-credentials\-e0a5dc19\-a946\-48e0\-b7df\-676e43382dcf\.config
2026-10-03T21:10:55.4331756Z [command]"C:\Program Files\Git\bin\git.exe" config --local --get-all includeif.gitdir:D:/a/symaira-brain/symaira-brain/.git/worktrees/*.path
2026-10-03T21:10:55.4610477Z D:\a\_temp\git-credentials-e0a5dc19-a946-48e0-b7df-676e43382dcf.config
2026-10-03T21:10:55.4657272Z [command]"C:\Program Files\Git\bin\git.exe" config --local --unset includeif.gitdir:D:/a/symaira-brain/symaira-brain/.git/worktrees/*.path D\:\\a\\_temp\\git\-credentials\-e0a5dc19\-a946\-48e0\-b7df\-676e43382dcf\.config
2026-10-03T21:10:55.4978632Z [command]"C:\Program Files\Git\bin\git.exe" config --local --get-all includeif.gitdir:/github/workspace/.git.path
2026-10-03T21:10:55.5313784Z /github/runner_temp/git-credentials-e0a5dc19-a946-48e0-b7df-676e43382dcf.config
2026-10-03T21:10:55.5367166Z [command]"C:\Program Files\Git\bin\git.exe" config --local --unset includeif.gitdir:/github/workspace/.git.path \/github\/runner_temp\/git\-credentials\-e0a5dc19\-a946\-48e0\-b7df\-676e43382dcf\.config
2026-10-03T21:10:55.5725390Z [command]"C:\Program Files\Git\bin\git.exe" config --local --get-all includeif.gitdir:/github/workspace/.git/worktrees/*.path
2026-10-03T21:10:55.5994613Z /github/runner_temp/git-credentials-e0a5dc19-a946-48e0-b7df-676e43382dcf.config
2026-10-03T21:10:55.6081780Z [command]"C:\Program Files\Git\bin\git.exe" config --local --unset includeif.gitdir:/github/workspace/.git/worktrees/*.path \/github\/runner_temp\/git\-credentials\-e0a5dc19\-a946\-48e0\-b7df\-676e43382dcf\.config
2026-10-03T21:10:55.6390785Z [command]"C:\Program Files\Git\bin\git.exe" submodule foreach --recursive "git config --local --show-origin --name-only --get-regexp remote.origin.url"
2026-10-03T21:10:56.2299094Z Removing credentials config 'D:\a\_temp\git-credentials-e0a5dc19-a946-48e0-b7df-676e43382dcf.config'
2026-10-03T21:10:56.2510713Z Cleaning up orphan processes
2026-10-03T21:10:56.4770179Z Terminate orphan process: pid (9584) (vctip)

