2026-10-03T21:34:01.3915868Z Current runner version: '2.337.0'
2026-10-03T21:34:01.3952734Z ##[group]Runner Image Provisioner
2026-10-03T21:34:01.3953690Z Hosted Compute Agent
2026-10-03T21:34:01.3954423Z Version: 20260901.588
2026-10-03T21:34:01.3955172Z Commit: f88ec8081b781fac6c440065ac7ff9e710ce3d0b
2026-10-03T21:34:01.3955962Z Build Date: 2026-09-01T19:56:44Z
2026-10-03T21:34:01.3957314Z Worker ID: {453e3c51-bc5d-457f-8b91-b1e4e0d1f8f0}
2026-10-03T21:34:01.3958165Z Azure Region: westus3
2026-10-03T21:34:01.3958839Z ##[endgroup]
2026-10-03T21:34:01.3960436Z ##[group]Operating System
2026-10-03T21:34:01.3961170Z Microsoft Windows Server 2025
2026-10-03T21:34:01.3961905Z 10.0.26100
2026-10-03T21:34:01.3962493Z Datacenter
2026-10-03T21:34:01.3963084Z ##[endgroup]
2026-10-03T21:34:01.3963688Z ##[group]Runner Image
2026-10-03T21:34:01.3964318Z Image: windows-2025-vs2026
2026-10-03T21:34:01.3965073Z Version: 20260925.250.1
2026-10-03T21:34:01.3966705Z Included Software: https://github.com/actions/runner-images/blob/win25-vs2026/20260925.250/images/windows/Windows2025-VS2026-Readme.md
2026-10-03T21:34:01.3968585Z Image Release: https://github.com/actions/runner-images/releases/tag/win25-vs2026%2F20260925.250
2026-10-03T21:34:01.3969698Z ##[endgroup]
2026-10-03T21:34:01.3970965Z ##[group]GITHUB_TOKEN Permissions
2026-10-03T21:34:01.3973454Z Contents: read
2026-10-03T21:34:01.3974186Z Metadata: read
2026-10-03T21:34:01.3974807Z ##[endgroup]
2026-10-03T21:34:01.3977686Z Secret source: Actions
2026-10-03T21:34:01.3978736Z Cache mode: write
2026-10-03T21:34:01.3979789Z Prepare workflow directory
2026-10-03T21:34:01.4412988Z Prepare all required actions
2026-10-03T21:34:01.4462818Z Getting action download info
2026-10-03T21:34:01.8012525Z Download action repository 'actions/checkout@3d3c42e5aac5ba805825da76410c181273ba90b1' (SHA:3d3c42e5aac5ba805825da76410c181273ba90b1)
2026-10-03T21:34:01.9332318Z Download action repository 'actions/setup-go@b7ad1dad31e06c5925ef5d2fc7ad053ef454303e' (SHA:b7ad1dad31e06c5925ef5d2fc7ad053ef454303e)
2026-10-03T21:34:02.5852480Z Download action repository 'actions/cache@55cc8345863c7cc4c66a329aec7e433d2d1c52a9' (SHA:55cc8345863c7cc4c66a329aec7e433d2d1c52a9)
2026-10-03T21:34:02.7644445Z Download action repository 'actions/upload-artifact@043fb46d1a93c77aae656e7c1c64a875d1fc6a0a' (SHA:043fb46d1a93c77aae656e7c1c64a875d1fc6a0a)
2026-10-03T21:34:03.1531472Z Complete job name: rust-migration-windows
2026-10-03T21:34:03.3411338Z ##[group]Run actions/checkout@3d3c42e5aac5ba805825da76410c181273ba90b1
2026-10-03T21:34:03.3412689Z with:
2026-10-03T21:34:03.3413253Z   fetch-depth: 0
2026-10-03T21:34:03.3413868Z   repository: danieljustus/symaira-brain
2026-10-03T21:34:03.3417803Z   token: ***
2026-10-03T21:34:03.3418355Z   ssh-strict: true
2026-10-03T21:34:03.3418910Z   ssh-user: git
2026-10-03T21:34:03.3419487Z   persist-credentials: true
2026-10-03T21:34:03.3420096Z   clean: true
2026-10-03T21:34:03.3420660Z   sparse-checkout-cone-mode: true
2026-10-03T21:34:03.3421311Z   fetch-tags: false
2026-10-03T21:34:03.3421892Z   show-progress: true
2026-10-03T21:34:03.3422448Z   lfs: false
2026-10-03T21:34:03.3422966Z   submodules: false
2026-10-03T21:34:03.3423519Z   set-safe-directory: true
2026-10-03T21:34:03.3424128Z   allow-unsafe-pr-checkout: false
2026-10-03T21:34:03.3424964Z ##[endgroup]
2026-10-03T21:34:03.5020768Z Syncing repository: danieljustus/symaira-brain
2026-10-03T21:34:03.5022847Z ##[group]Getting Git version info
2026-10-03T21:34:03.5023669Z Working directory is 'D:\a\symaira-brain\symaira-brain'
2026-10-03T21:34:03.6024846Z [command]"C:\Program Files\Git\bin\git.exe" version
2026-10-03T21:34:03.9540050Z git version 2.55.0.windows.5
2026-10-03T21:34:03.9598493Z ##[endgroup]
2026-10-03T21:34:03.9616535Z Temporarily overriding HOME='D:\a\_temp\07140b66-841a-4a22-870f-797b1809b2f7' before making global git config changes
2026-10-03T21:34:03.9618085Z Adding repository directory to the temporary git global config as a safe directory
2026-10-03T21:34:03.9626440Z [command]"C:\Program Files\Git\bin\git.exe" config --global --add safe.directory D:\a\symaira-brain\symaira-brain
2026-10-03T21:34:04.0220254Z Deleting the contents of 'D:\a\symaira-brain\symaira-brain'
2026-10-03T21:34:04.0225654Z ##[group]Determining repository object format
2026-10-03T21:34:04.0227980Z ##[endgroup]
2026-10-03T21:34:04.0229177Z ##[group]Initializing the repository
2026-10-03T21:34:04.0236601Z [command]"C:\Program Files\Git\bin\git.exe" init D:\a\symaira-brain\symaira-brain
2026-10-03T21:34:04.1032531Z Initialized empty Git repository in D:/a/symaira-brain/symaira-brain/.git/
2026-10-03T21:34:04.1081800Z [command]"C:\Program Files\Git\bin\git.exe" remote add origin https://github.com/danieljustus/symaira-brain
2026-10-03T21:34:04.1692379Z ##[endgroup]
2026-10-03T21:34:04.1693414Z ##[group]Disabling automatic garbage collection
2026-10-03T21:34:04.1701499Z [command]"C:\Program Files\Git\bin\git.exe" config --local gc.auto 0
2026-10-03T21:34:04.2016998Z ##[endgroup]
2026-10-03T21:34:04.2018532Z ##[group]Setting up auth
2026-10-03T21:34:04.2019698Z Removing SSH command configuration
2026-10-03T21:34:04.2028419Z [command]"C:\Program Files\Git\bin\git.exe" config --local --name-only --get-regexp core\.sshCommand
2026-10-03T21:34:04.2372937Z [command]"C:\Program Files\Git\bin\git.exe" submodule foreach --recursive "sh -c \"git config --local --name-only --get-regexp 'core\.sshCommand' && git config --local --unset-all 'core.sshCommand' || :\""
2026-10-03T21:34:05.6395095Z Removing HTTP extra header
2026-10-03T21:34:05.6404893Z [command]"C:\Program Files\Git\bin\git.exe" config --local --name-only --get-regexp http\.https\:\/\/github\.com\/\.extraheader
2026-10-03T21:34:05.6707945Z [command]"C:\Program Files\Git\bin\git.exe" submodule foreach --recursive "sh -c \"git config --local --name-only --get-regexp 'http\.https\:\/\/github\.com\/\.extraheader' && git config --local --unset-all 'http.https://github.com/.extraheader' || :\""
2026-10-03T21:34:06.2403451Z Removing includeIf entries pointing to credentials config files
2026-10-03T21:34:06.2417262Z [command]"C:\Program Files\Git\bin\git.exe" config --local --name-only --get-regexp ^includeIf\.gitdir:
2026-10-03T21:34:06.2712740Z [command]"C:\Program Files\Git\bin\git.exe" submodule foreach --recursive "git config --local --show-origin --name-only --get-regexp remote.origin.url"
2026-10-03T21:34:06.8123953Z [command]"C:\Program Files\Git\bin\git.exe" config --file D:\a\_temp\git-credentials-bac27df6-6f9a-4826-aa90-c48d9343a381.config http.https://github.com/.extraheader "AUTHORIZATION: basic ***"
2026-10-03T21:34:06.8420379Z [command]"C:\Program Files\Git\bin\git.exe" config --local includeIf.gitdir:D:/a/symaira-brain/symaira-brain/.git.path D:\a\_temp\git-credentials-bac27df6-6f9a-4826-aa90-c48d9343a381.config
2026-10-03T21:34:06.8704748Z [command]"C:\Program Files\Git\bin\git.exe" config --local includeIf.gitdir:D:/a/symaira-brain/symaira-brain/.git/worktrees/*.path D:\a\_temp\git-credentials-bac27df6-6f9a-4826-aa90-c48d9343a381.config
2026-10-03T21:34:06.9028007Z [command]"C:\Program Files\Git\bin\git.exe" config --local includeIf.gitdir:/github/workspace/.git.path /github/runner_temp/git-credentials-bac27df6-6f9a-4826-aa90-c48d9343a381.config
2026-10-03T21:34:06.9317141Z [command]"C:\Program Files\Git\bin\git.exe" config --local includeIf.gitdir:/github/workspace/.git/worktrees/*.path /github/runner_temp/git-credentials-bac27df6-6f9a-4826-aa90-c48d9343a381.config
2026-10-03T21:34:06.9609935Z ##[endgroup]
2026-10-03T21:34:06.9610804Z ##[group]Fetching the repository
2026-10-03T21:34:06.9626048Z [command]"C:\Program Files\Git\bin\git.exe" -c protocol.version=2 fetch --no-tags --prune --no-recurse-submodules origin +refs/heads/*:refs/remotes/origin/* +refs/tags/*:refs/tags/* +b27714bbb7a0052b68513e24d61832b965b71ff9:refs/remotes/pull/804/merge
2026-10-03T21:34:10.4830765Z From https://github.com/danieljustus/symaira-brain
2026-10-03T21:34:10.4831952Z  * [new branch]      agent/skills-preflight-793               -> origin/agent/skills-preflight-793
2026-10-03T21:34:10.4835310Z  * [new branch]      codex/browse-batch-mcp-profiles-20260926 -> origin/codex/browse-batch-mcp-profiles-20260926
2026-10-03T21:34:10.4837057Z  * [new branch]      codex/browse-cli-parity-proof-20260927   -> origin/codex/browse-cli-parity-proof-20260927
2026-10-03T21:34:10.4838475Z  * [new branch]      codex/browse-cli-runtime-20260926        -> origin/codex/browse-cli-runtime-20260926
2026-10-03T21:34:10.4839838Z  * [new branch]      codex/browse-native-daemon-gate-20260924 -> origin/codex/browse-native-daemon-gate-20260924
2026-10-03T21:34:10.4841716Z  * [new branch]      codex/browse-perf003-win-timeout-20260926 -> origin/codex/browse-perf003-win-timeout-20260926
2026-10-03T21:34:10.4843208Z  * [new branch]      codex/browse-upgrade-check-native-20260927 -> origin/codex/browse-upgrade-check-native-20260927
2026-10-03T21:34:10.4844432Z  * [new branch]      coverage-data                            -> origin/coverage-data
2026-10-03T21:34:10.4845872Z  * [new branch]      docs/issue-resolution-decisions          -> origin/docs/issue-resolution-decisions
2026-10-03T21:34:10.4847784Z  * [new branch]      handoff/20261003-skills-457-partial      -> origin/handoff/20261003-skills-457-partial
2026-10-03T21:34:10.4849074Z  * [new branch]      handoff/20261003-skills-457-worker       -> origin/handoff/20261003-skills-457-worker
2026-10-03T21:34:10.4850428Z  * [new branch]      handoff/20261003-skills-476-interrupted  -> origin/handoff/20261003-skills-476-interrupted
2026-10-03T21:34:10.4851724Z  * [new branch]      issue/621-skills-render-drift            -> origin/issue/621-skills-render-drift
2026-10-03T21:34:10.4852929Z  * [new branch]      issue/730-release-verification           -> origin/issue/730-release-verification
2026-10-03T21:34:10.4854198Z  * [new branch]      issue/758-native-memory-store            -> origin/issue/758-native-memory-store
2026-10-03T21:34:10.4855458Z  * [new branch]      issue/765-native-doctor-fix              -> origin/issue/765-native-doctor-fix
2026-10-03T21:34:10.4856719Z  * [new branch]      issue/768-native-credential-usage        -> origin/issue/768-native-credential-usage
2026-10-03T21:34:10.4857984Z  * [new branch]      issue/770-standalone-rust-guard          -> origin/issue/770-standalone-rust-guard
2026-10-03T21:34:10.4860176Z  * [new branch]      issue/772-daemon-native-acceptance       -> origin/issue/772-daemon-native-acceptance
2026-10-03T21:34:10.4861229Z  * [new branch]      main                                     -> origin/main
2026-10-03T21:34:10.4861907Z  * [new tag]         v0.1.0                                   -> v0.1.0
2026-10-03T21:34:10.4862519Z  * [new tag]         v0.10.0                                  -> v0.10.0
2026-10-03T21:34:10.4863122Z  * [new tag]         v0.11.0                                  -> v0.11.0
2026-10-03T21:34:10.4863722Z  * [new tag]         v0.12.0                                  -> v0.12.0
2026-10-03T21:34:10.4864316Z  * [new tag]         v0.2.0                                   -> v0.2.0
2026-10-03T21:34:10.4865005Z  * [new tag]         v0.2.1                                   -> v0.2.1
2026-10-03T21:34:10.4865670Z  * [new tag]         v0.2.2                                   -> v0.2.2
2026-10-03T21:34:10.4866296Z  * [new tag]         v0.2.3                                   -> v0.2.3
2026-10-03T21:34:10.4866984Z  * [new tag]         v0.2.4                                   -> v0.2.4
2026-10-03T21:34:10.4867638Z  * [new tag]         v0.3.0                                   -> v0.3.0
2026-10-03T21:34:10.4868286Z  * [new tag]         v0.3.1                                   -> v0.3.1
2026-10-03T21:34:10.4868915Z  * [new tag]         v0.4.0                                   -> v0.4.0
2026-10-03T21:34:10.4869749Z  * [new tag]         v0.4.1                                   -> v0.4.1
2026-10-03T21:34:10.4870417Z  * [new tag]         v0.4.2                                   -> v0.4.2
2026-10-03T21:34:10.4871046Z  * [new tag]         v0.4.3                                   -> v0.4.3
2026-10-03T21:34:10.4872105Z  * [new tag]         v0.5.0                                   -> v0.5.0
2026-10-03T21:34:10.4872803Z  * [new tag]         v0.5.1                                   -> v0.5.1
2026-10-03T21:34:10.4873474Z  * [new tag]         v0.6.0                                   -> v0.6.0
2026-10-03T21:34:10.4874147Z  * [new tag]         v0.7.0                                   -> v0.7.0
2026-10-03T21:34:10.4874777Z  * [new tag]         v0.7.1                                   -> v0.7.1
2026-10-03T21:34:10.4875410Z  * [new tag]         v0.7.2                                   -> v0.7.2
2026-10-03T21:34:10.4876013Z  * [new tag]         v0.7.3                                   -> v0.7.3
2026-10-03T21:34:10.4876635Z  * [new tag]         v0.8.0                                   -> v0.8.0
2026-10-03T21:34:10.4877348Z  * [new tag]         v0.8.1                                   -> v0.8.1
2026-10-03T21:34:10.4877979Z  * [new tag]         v0.9.0                                   -> v0.9.0
2026-10-03T21:34:10.4878614Z  * [new tag]         v0.9.1                                   -> v0.9.1
2026-10-03T21:34:10.4879645Z  * [new ref]         b27714bbb7a0052b68513e24d61832b965b71ff9 -> pull/804/merge
2026-10-03T21:34:10.4887052Z ##[endgroup]
2026-10-03T21:34:10.4887490Z ##[group]Determining the checkout info
2026-10-03T21:34:10.4888403Z ##[endgroup]
2026-10-03T21:34:10.4897326Z [command]"C:\Program Files\Git\bin\git.exe" sparse-checkout disable
2026-10-03T21:34:10.5336599Z [command]"C:\Program Files\Git\bin\git.exe" config --local --unset-all extensions.worktreeConfig
2026-10-03T21:34:10.5635320Z ##[group]Checking out the ref
2026-10-03T21:34:10.5643504Z [command]"C:\Program Files\Git\bin\git.exe" checkout --progress --force refs/remotes/pull/804/merge
2026-10-03T21:34:11.6185987Z Updating files:  97% (2567/2644)
2026-10-03T21:34:11.6266074Z Updating files:  98% (2592/2644)
2026-10-03T21:34:11.6340444Z Updating files:  99% (2618/2644)
2026-10-03T21:34:11.6341410Z Updating files: 100% (2644/2644)
2026-10-03T21:34:11.6341900Z Updating files: 100% (2644/2644), done.
2026-10-03T21:34:11.6478213Z Note: switching to 'refs/remotes/pull/804/merge'.
2026-10-03T21:34:11.6479016Z 
2026-10-03T21:34:11.6479363Z You are in 'detached HEAD' state. You can look around, make experimental
2026-10-03T21:34:11.6480093Z changes and commit them, and you can discard any commits you make in this
2026-10-03T21:34:11.6481483Z state without impacting any branches by switching back to a branch.
2026-10-03T21:34:11.6481807Z 
2026-10-03T21:34:11.6482012Z If you want to create a new branch to retain commits you create, you may
2026-10-03T21:34:11.6482522Z do so (now or later) by using -c with the switch command. Example:
2026-10-03T21:34:11.6482801Z 
2026-10-03T21:34:11.6482922Z   git switch -c <new-branch-name>
2026-10-03T21:34:11.6483112Z 
2026-10-03T21:34:11.6483210Z Or undo this operation with:
2026-10-03T21:34:11.6483377Z 
2026-10-03T21:34:11.6483459Z   git switch -
2026-10-03T21:34:11.6483582Z 
2026-10-03T21:34:11.6483835Z Turn off this advice by setting config variable advice.detachedHead to false
2026-10-03T21:34:11.6484168Z 
2026-10-03T21:34:11.6484553Z HEAD is now at b27714b Merge f241e65046ea59f840831c94b76532bbffe4929b into 31de72294521701fc4b1a0bce39f03cc34d72e7e
2026-10-03T21:34:11.6631786Z ##[endgroup]
2026-10-03T21:34:11.7043596Z [command]"C:\Program Files\Git\bin\git.exe" log -1 --format=%H
2026-10-03T21:34:11.7324538Z b27714bbb7a0052b68513e24d61832b965b71ff9
2026-10-03T21:34:11.7780334Z ##[group]Run actions/setup-go@b7ad1dad31e06c5925ef5d2fc7ad053ef454303e
2026-10-03T21:34:11.7780789Z with:
2026-10-03T21:34:11.7780994Z   go-version-file: go.mod
2026-10-03T21:34:11.7781229Z   cache: true
2026-10-03T21:34:11.7781419Z   check-latest: false
2026-10-03T21:34:11.7783961Z   token: ***
2026-10-03T21:34:11.7784170Z ##[endgroup]
2026-10-03T21:34:11.9245224Z Setup go version spec 1.26.7
2026-10-03T21:34:11.9259478Z Attempting to download 1.26.7...
2026-10-03T21:34:12.8603205Z matching 1.26.7...
2026-10-03T21:34:12.8618717Z Acquiring 1.26.7 from https://github.com/actions/go-versions/releases/download/1.26.7-32325178046/go-1.26.7-win32-x64.zip
2026-10-03T21:34:13.5630300Z Extracting Go...
2026-10-03T21:34:13.6627182Z [command]"C:\Program Files\PowerShell\7\pwsh.exe" -NoLogo -NoProfile -NonInteractive -ExecutionPolicy Unrestricted -Command "$ErrorActionPreference = 'Stop' ; try { Add-Type -AssemblyName System.IO.Compression.ZipFile } catch { } ; try { [System.IO.Compression.ZipFile]::ExtractToDirectory('D:\a\_temp\go-1.26.7-win32-x64.zip', 'D:\a\_temp\ae3d46ba-0bf5-4906-adc9-356127b75172', $true) } catch { if (($_.Exception.GetType().FullName -eq 'System.Management.Automation.MethodException') -or ($_.Exception.GetType().FullName -eq 'System.Management.Automation.RuntimeException') ){ Expand-Archive -LiteralPath 'D:\a\_temp\go-1.26.7-win32-x64.zip' -DestinationPath 'D:\a\_temp\ae3d46ba-0bf5-4906-adc9-356127b75172' -Force } else { throw $_ } } ;"
2026-10-03T21:34:18.7311001Z Successfully extracted go to D:\a\_temp\ae3d46ba-0bf5-4906-adc9-356127b75172
2026-10-03T21:34:18.7319037Z Adding to the cache ...
2026-10-03T21:34:29.8875106Z Created link C:\hostedtoolcache\windows\go\1.26.7\x64 => D:\hostedtoolcache\windows\go\1.26.7\x64
2026-10-03T21:34:29.8880031Z Created link C:\hostedtoolcache\windows\go\1.26.7\x64.complete => D:\hostedtoolcache\windows\go\1.26.7\x64.complete
2026-10-03T21:34:29.8881181Z Successfully cached go to C:\hostedtoolcache\windows\go\1.26.7\x64
2026-10-03T21:34:29.8887082Z Added go to the path
2026-10-03T21:34:29.8889532Z Successfully set up Go version 1.26.7
2026-10-03T21:34:30.3249216Z [command]C:\hostedtoolcache\windows\go\1.26.7\x64\bin\go.exe env GOMODCACHE
2026-10-03T21:34:30.3318924Z [command]C:\hostedtoolcache\windows\go\1.26.7\x64\bin\go.exe env GOCACHE
2026-10-03T21:34:30.3668820Z C:\Users\runneradmin\go\pkg\mod
2026-10-03T21:34:30.3693367Z C:\Users\runneradmin\AppData\Local\go-build
2026-10-03T21:34:30.7468037Z Cache hit for: setup-go-Windows-x64-go-1.26.7-da193973ccd725fdd1a6125e59e1398e6714d9dc4da6b8fd1ec8954a4a0bd404
2026-10-03T21:34:31.9870535Z Received 75497472 of 219869179 (34.3%), 71.7 MBs/sec
2026-10-03T21:34:33.0148261Z Received 219869179 of 219869179 (100.0%), 103.2 MBs/sec
2026-10-03T21:34:33.0151739Z Cache Size: ~210 MB (219869179 B)
2026-10-03T21:34:33.0258659Z [command]"C:\Program Files\Git\usr\bin\tar.exe" -xf D:/a/_temp/a838f816-ee27-43a5-9963-d0bde4786f38/cache.tzst -P -C D:/a/symaira-brain/symaira-brain --force-local --use-compress-program "zstd -d"
2026-10-03T21:34:53.0090520Z Cache restored successfully
2026-10-03T21:34:53.0217804Z Cache restored from key: setup-go-Windows-x64-go-1.26.7-da193973ccd725fdd1a6125e59e1398e6714d9dc4da6b8fd1ec8954a4a0bd404
2026-10-03T21:34:53.0237810Z go version go1.26.7 windows/amd64
2026-10-03T21:34:53.0238038Z 
2026-10-03T21:34:53.0238351Z ##[group]go env
2026-10-03T21:34:53.7296320Z set AR=ar
2026-10-03T21:34:53.7296784Z set CC=gcc
2026-10-03T21:34:53.7297286Z set CGO_CFLAGS=-O2 -g
2026-10-03T21:34:53.7297756Z set CGO_CPPFLAGS=
2026-10-03T21:34:53.7298141Z set CGO_CXXFLAGS=-O2 -g
2026-10-03T21:34:53.7298515Z set CGO_ENABLED=1
2026-10-03T21:34:53.7298839Z set CGO_FFLAGS=-O2 -g
2026-10-03T21:34:53.7299203Z set CGO_LDFLAGS=-O2 -g
2026-10-03T21:34:53.7299441Z set CXX=g++
2026-10-03T21:34:53.7299635Z set GCCGO=gccgo
2026-10-03T21:34:53.7299836Z set GO111MODULE=
2026-10-03T21:34:53.7300032Z set GOAMD64=v1
2026-10-03T21:34:53.7300224Z set GOARCH=amd64
2026-10-03T21:34:53.7302811Z set GOAUTH=netrc
2026-10-03T21:34:53.7303117Z set GOBIN=
2026-10-03T21:34:53.7303401Z set GOCACHE=C:\Users\runneradmin\AppData\Local\go-build
2026-10-03T21:34:53.7303741Z set GOCACHEPROG=
2026-10-03T21:34:53.7304114Z set GODEBUG=
2026-10-03T21:34:53.7304435Z set GOENV=C:\Users\runneradmin\AppData\Roaming\go\env
2026-10-03T21:34:53.7304746Z set GOEXE=.exe
2026-10-03T21:34:53.7304945Z set GOEXPERIMENT=
2026-10-03T21:34:53.7305161Z set GOFIPS140=off
2026-10-03T21:34:53.7305365Z set GOFLAGS=
2026-10-03T21:34:53.7306911Z set GOGCCFLAGS=-m64 -mthreads -Wl,--no-gc-sections -fmessage-length=0 -ffile-prefix-map=C:\Users\RUNNER~1\AppData\Local\Temp\go-build1965185265=/tmp/go-build -gno-record-gcc-switches
2026-10-03T21:34:53.7307706Z set GOHOSTARCH=amd64
2026-10-03T21:34:53.7307932Z set GOHOSTOS=windows
2026-10-03T21:34:53.7308138Z set GOINSECURE=
2026-10-03T21:34:53.7308387Z set GOMOD=D:\a\symaira-brain\symaira-brain\go.mod
2026-10-03T21:34:53.7308747Z set GOMODCACHE=C:\Users\runneradmin\go\pkg\mod
2026-10-03T21:34:53.7309040Z set GONOPROXY=
2026-10-03T21:34:53.7309225Z set GONOSUMDB=
2026-10-03T21:34:53.7309410Z set GOOS=windows
2026-10-03T21:34:53.7309641Z set GOPATH=C:\Users\runneradmin\go
2026-10-03T21:34:53.7309904Z set GOPRIVATE=
2026-10-03T21:34:53.7310168Z set GOPROXY=https://proxy.golang.org,direct
2026-10-03T21:34:53.7310543Z set GOROOT=C:\hostedtoolcache\windows\go\1.26.7\x64
2026-10-03T21:34:53.7310854Z set GOSUMDB=sum.golang.org
2026-10-03T21:34:53.7311091Z set GOTELEMETRY=local
2026-10-03T21:34:53.7311429Z set GOTELEMETRYDIR=C:\Users\runneradmin\AppData\Roaming\go\telemetry
2026-10-03T21:34:53.7312033Z set GOTMPDIR=
2026-10-03T21:34:53.7312231Z set GOTOOLCHAIN=local
2026-10-03T21:34:53.7312583Z set GOTOOLDIR=C:\hostedtoolcache\windows\go\1.26.7\x64\pkg\tool\windows_amd64
2026-10-03T21:34:53.7312967Z set GOVCS=
2026-10-03T21:34:53.7313156Z set GOVERSION=go1.26.7
2026-10-03T21:34:53.7313363Z set GOWORK=
2026-10-03T21:34:53.7313558Z set PKG_CONFIG=pkg-config
2026-10-03T21:34:53.7313715Z 
2026-10-03T21:34:53.7314139Z ##[endgroup]
2026-10-03T21:34:53.7611885Z ##[group]Run rustup show active-toolchain
2026-10-03T21:34:53.7612385Z [36;1mrustup show active-toolchain[0m
2026-10-03T21:34:53.8046942Z shell: C:\Program Files\PowerShell\7\pwsh.EXE -command ". '{0}'"
2026-10-03T21:34:53.8047423Z env:
2026-10-03T21:34:53.8047659Z   GOTOOLCHAIN: local
2026-10-03T21:34:53.8047923Z ##[endgroup]
2026-10-03T21:34:54.7701658Z info: syncing channel updates for 1.98.0-x86_64-pc-windows-msvc
2026-10-03T21:34:55.3053780Z info: latest update on 2026-08-20 for version 1.98.0 (88d9e12ae 2026-08-18)
2026-10-03T21:34:55.3108060Z info: downloading 5 components
2026-10-03T21:35:04.1261255Z warn: the missing active toolchain `1.98.0-x86_64-pc-windows-msvc` has been auto-installed
2026-10-03T21:35:04.1262563Z warn: auto-installation is deprecated for most `rustup` commands
2026-10-03T21:35:04.1263211Z warn: scripts relying on this behavior in `rustup` may stop working in the future
2026-10-03T21:35:04.1265341Z warn: to install the active toolchain, use `rustup install` instead
2026-10-03T21:35:04.1266286Z warn: see <https://github.com/rust-lang/rustup/issues/4836> for more info
2026-10-03T21:35:04.1267368Z 1.98.0-x86_64-pc-windows-msvc (overridden by 'D:\a\symaira-brain\symaira-brain\rust-toolchain.toml')
2026-10-03T21:35:04.2490180Z ##[group]Run choco install make --version=4.4.1 --yes --no-progress
2026-10-03T21:35:04.2490767Z [36;1mchoco install make --version=4.4.1 --yes --no-progress[0m
2026-10-03T21:35:04.2562087Z shell: C:\Program Files\PowerShell\7\pwsh.EXE -command ". '{0}'"
2026-10-03T21:35:04.2562699Z env:
2026-10-03T21:35:04.2563028Z   GOTOOLCHAIN: local
2026-10-03T21:35:04.2563407Z ##[endgroup]
2026-10-03T21:35:07.3503378Z Chocolatey v2.7.4
2026-10-03T21:35:07.5899985Z Installing the following packages:
2026-10-03T21:35:07.5904843Z make
2026-10-03T21:35:07.5908642Z By installing, you accept licenses for the packages.
2026-10-03T21:35:10.6676312Z Downloading package from source 'https://community.chocolatey.org/api/v2/'
2026-10-03T21:35:11.6454846Z 
2026-10-03T21:35:11.6455289Z make v4.4.1 [Approved]
2026-10-03T21:35:11.6674054Z make package files install completed. Performing other installation steps.
2026-10-03T21:35:12.5814021Z  ShimGen has successfully created a shim for make.exe
2026-10-03T21:35:12.6302336Z  The install of make was successful.
2026-10-03T21:35:12.6305999Z   Deployed to 'C:\ProgramData\chocolatey\lib\make'
2026-10-03T21:35:12.6389638Z 
2026-10-03T21:35:12.6390204Z Chocolatey installed 1/1 packages. 
2026-10-03T21:35:12.6390769Z  See the log for details (C:\ProgramData\chocolatey\logs\chocolatey.log).
2026-10-03T21:35:12.6400318Z 
2026-10-03T21:35:12.6400888Z Enjoy using Chocolatey? Explore more amazing features to take your
2026-10-03T21:35:12.6401655Z experience to the next level at
2026-10-03T21:35:12.6402185Z  https://chocolatey.org/compare
2026-10-03T21:35:13.0049162Z ##[group]Run actions/cache@55cc8345863c7cc4c66a329aec7e433d2d1c52a9
2026-10-03T21:35:13.0049624Z with:
2026-10-03T21:35:13.0050221Z   path: ~/.cargo/registry
~/.cargo/git
~/.cargo/.crates.toml
~/.cargo/.crates2.json
~/.cargo/bin/cargo-audit.exe
~/.cargo/bin/cargo-deny.exe

2026-10-03T21:35:13.0051959Z   key: rust-quality-install-meta-v2-Windows-X64-toolchain-33a4ad9670c778b981b4e54b55039bd7ea7f3eb24b2a78b861b2cdf081a972a3-lock-68fd2491919b54bce49775123f84bd6ac512731be74495b4dee16b7f187621c6-audit-0.22.2-deny-0.20.2
2026-10-03T21:35:13.0053139Z   enableCrossOsArchive: false
2026-10-03T21:35:13.0053442Z   fail-on-cache-miss: false
2026-10-03T21:35:13.0053691Z   lookup-only: false
2026-10-03T21:35:13.0053909Z   save-always: false
2026-10-03T21:35:13.0054110Z env:
2026-10-03T21:35:13.0054300Z   GOTOOLCHAIN: local
2026-10-03T21:35:13.0054501Z ##[endgroup]
2026-10-03T21:35:13.4761657Z Cache not found for input keys: rust-quality-install-meta-v2-Windows-X64-toolchain-33a4ad9670c778b981b4e54b55039bd7ea7f3eb24b2a78b861b2cdf081a972a3-lock-68fd2491919b54bce49775123f84bd6ac512731be74495b4dee16b7f187621c6-audit-0.22.2-deny-0.20.2
2026-10-03T21:35:13.5022975Z ##[group]Run set -euo pipefail
2026-10-03T21:35:13.5023369Z [36;1mset -euo pipefail[0m
2026-10-03T21:35:13.5023740Z [36;1maudit_version="$(cargo-audit --version 2>/dev/null || true)"[0m
2026-10-03T21:35:13.5024198Z [36;1mif [ "$audit_version" != "cargo-audit 0.22.2" ]; then[0m
2026-10-03T21:35:13.5024610Z [36;1m  cargo install cargo-audit --version 0.22.2 --locked[0m
2026-10-03T21:35:13.5024940Z [36;1mfi[0m
2026-10-03T21:35:13.5025241Z [36;1mdeny_version="$(cargo-deny --version 2>/dev/null || true)"[0m
2026-10-03T21:35:13.5025647Z [36;1mif [ "$deny_version" != "cargo-deny 0.20.2" ]; then[0m
2026-10-03T21:35:13.5026027Z [36;1m  cargo install cargo-deny --version 0.20.2 --locked[0m
2026-10-03T21:35:13.5026345Z [36;1mfi[0m
2026-10-03T21:35:13.5056163Z shell: C:\Program Files\Git\bin\bash.EXE --noprofile --norc -e -o pipefail {0}
2026-10-03T21:35:13.5056888Z env:
2026-10-03T21:35:13.5057087Z   GOTOOLCHAIN: local
2026-10-03T21:35:13.5057340Z ##[endgroup]
2026-10-03T21:35:14.3109713Z     Updating crates.io index
2026-10-03T21:35:14.4238765Z  Downloading crates ...
2026-10-03T21:35:14.5552270Z   Downloaded cargo-audit v0.22.2
2026-10-03T21:35:14.6842567Z   Installing cargo-audit v0.22.2
2026-10-03T21:35:14.6843528Z warning: default toolchain implicitly overridden with `1.98.0-x86_64-pc-windows-msvc` by rustup toolchain file
2026-10-03T21:35:14.6844448Z   |
2026-10-03T21:35:14.6844843Z   = help: use `cargo +stable install` if you meant to use the stable toolchain
2026-10-03T21:35:14.6845620Z   = note: rustup selects the toolchain based on the parent environment and not the environment of the package being installed
2026-10-03T21:35:14.6927093Z     Updating crates.io index
2026-10-03T21:35:16.2234578Z     Updating crates.io index
2026-10-03T21:35:16.4612514Z  Downloading crates ...
2026-10-03T21:35:16.4760827Z   Downloaded auditable-extract v0.3.5
2026-10-03T21:35:16.4840779Z   Downloaded abscissa_core v0.9.0
2026-10-03T21:35:16.5489574Z   Downloaded abscissa_derive v0.9.0
2026-10-03T21:35:16.5654060Z   Downloaded anstyle-wincon v3.0.11
2026-10-03T21:35:16.5797254Z   Downloaded bitflags v2.11.1
2026-10-03T21:35:16.6253232Z   Downloaded anstyle-query v1.1.5
2026-10-03T21:35:16.6343320Z   Downloaded auditable-info v0.10.0
2026-10-03T21:35:16.6420405Z   Downloaded auditable-serde v0.9.0
2026-10-03T21:35:16.6493876Z   Downloaded block-buffer v0.10.4
2026-10-03T21:35:16.6585137Z   Downloaded colorchoice v1.0.5
2026-10-03T21:35:16.6659770Z   Downloaded futures-sink v0.3.32
2026-10-03T21:35:16.6729606Z   Downloaded adler2 v2.0.1
2026-10-03T21:35:16.6845351Z   Downloaded anstream v1.0.0
2026-10-03T21:35:16.7026751Z   Downloaded atomic-waker v1.1.2
2026-10-03T21:35:16.7123629Z   Downloaded cfg_aliases v0.2.1
2026-10-03T21:35:16.7204832Z   Downloaded anstyle v1.0.14
2026-10-03T21:35:16.7347188Z   Downloaded anstyle-parse v1.0.0
2026-10-03T21:35:16.7478097Z   Downloaded canonical-path v2.0.2
2026-10-03T21:35:16.7542658Z   Downloaded display-error-chain v0.2.2
2026-10-03T21:35:16.7635321Z   Downloaded gix-command v0.9.1
2026-10-03T21:35:16.7704082Z   Downloaded faster-hex v0.10.0
2026-10-03T21:35:16.7821852Z   Downloaded arrayvec v0.7.6
2026-10-03T21:35:16.7990320Z   Downloaded autocfg v1.5.0
2026-10-03T21:35:16.8163875Z   Downloaded clap_lex v1.1.0
2026-10-03T21:35:16.8251650Z   Downloaded compression-core v0.4.32
2026-10-03T21:35:16.8358748Z   Downloaded cfg-if v1.0.4
2026-10-03T21:35:16.8518347Z   Downloaded fixedbitset v0.5.7
2026-10-03T21:35:16.8675868Z   Downloaded equivalent v1.0.2
2026-10-03T21:35:16.8803550Z   Downloaded crypto-common v0.1.7
2026-10-03T21:35:16.8899205Z   Downloaded futures-io v0.3.32
2026-10-03T21:35:16.8970375Z   Downloaded form_urlencoded v1.2.2
2026-10-03T21:35:16.9036532Z   Downloaded futures-task v0.3.32
2026-10-03T21:35:16.9150424Z   Downloaded cpufeatures v0.2.17
2026-10-03T21:35:16.9264972Z   Downloaded dunce v1.0.5
2026-10-03T21:35:16.9356557Z   Downloaded gix-chunk v0.7.2
2026-10-03T21:35:16.9448299Z   Downloaded futures-core v0.3.32
2026-10-03T21:35:16.9577349Z   Downloaded gix-actor v0.41.1
2026-10-03T21:35:16.9682338Z   Downloaded gix-bitmap v0.3.2
2026-10-03T21:35:16.9752244Z   Downloaded gix-config-value v0.18.1
2026-10-03T21:35:16.9843937Z   Downloaded gix-lock v23.0.0
2026-10-03T21:35:16.9930058Z   Downloaded byteorder v1.5.0
2026-10-03T21:35:17.0044627Z   Downloaded clap_derive v4.6.1
2026-10-03T21:35:17.0211514Z   Downloaded fnv v1.0.7
2026-10-03T21:35:17.0285516Z   Downloaded gix-hashtable v0.15.1
2026-10-03T21:35:17.0611804Z   Downloaded binfarce v0.2.1
2026-10-03T21:35:17.2232604Z   Downloaded compression-codecs v0.4.38
2026-10-03T21:35:17.2577880Z   Downloaded fastrand v2.4.1
2026-10-03T21:35:17.2681445Z   Downloaded digest v0.10.7
2026-10-03T21:35:17.2844335Z   Downloaded either v1.15.0
2026-10-03T21:35:17.2977041Z   Downloaded clru v0.6.3
2026-10-03T21:35:17.3077057Z   Downloaded cmake v0.1.58
2026-10-03T21:35:17.3183052Z   Downloaded crossbeam-deque v0.8.6
2026-10-03T21:35:17.3289540Z   Downloaded crossbeam-utils v0.8.21
2026-10-03T21:35:17.3547729Z   Downloaded deranged v0.5.8
2026-10-03T21:35:17.3676245Z   Downloaded displaydoc v0.2.5
2026-10-03T21:35:17.4013930Z   Downloaded eyre v0.6.12
2026-10-03T21:35:17.4318575Z   Downloaded filetime v0.2.28
2026-10-03T21:35:17.4507018Z   Downloaded find-msvc-tools v0.1.9
2026-10-03T21:35:17.4666625Z   Downloaded foldhash v0.1.5
2026-10-03T21:35:17.4786648Z   Downloaded foldhash v0.2.0
2026-10-03T21:35:17.4881784Z   Downloaded fs-err v3.3.0
2026-10-03T21:35:17.5059791Z   Downloaded fs_extra v1.3.0
2026-10-03T21:35:17.5162058Z   Downloaded generic-array v0.14.7
2026-10-03T21:35:17.5292583Z   Downloaded gix-attributes v0.33.1
2026-10-03T21:35:17.5450871Z   Downloaded gix-commitgraph v0.37.1
2026-10-03T21:35:17.5562273Z   Downloaded gix-credentials v0.38.1
2026-10-03T21:35:17.5685411Z   Downloaded gix-date v0.15.4
2026-10-03T21:35:17.5810135Z   Downloaded gix-discover v0.52.0
2026-10-03T21:35:17.5932322Z   Downloaded gix-error v0.2.4
2026-10-03T21:35:17.6071419Z   Downloaded gix-features v0.48.1
2026-10-03T21:35:17.6276547Z   Downloaded gix-ignore v0.21.1
2026-10-03T21:35:17.6408062Z   Downloaded gix-revision v0.46.0
2026-10-03T21:35:17.6586372Z   Downloaded scopeguard v1.2.0
2026-10-03T21:35:17.6687456Z   Downloaded allocator-api2 v0.2.21
2026-10-03T21:35:17.6892478Z   Downloaded arc-swap v1.9.1
2026-10-03T21:35:17.7242150Z   Downloaded async-compression v0.4.42
2026-10-03T21:35:17.7875187Z   Downloaded backtrace v0.3.76
2026-10-03T21:35:17.8329949Z   Downloaded base64 v0.22.1
2026-10-03T21:35:17.8653747Z   Downloaded borsh v1.6.1
2026-10-03T21:35:17.9466350Z   Downloaded bytes v1.11.1
2026-10-03T21:35:17.9886703Z   Downloaded camino v1.2.2
2026-10-03T21:35:18.0030906Z   Downloaded cargo-lock v11.0.1
2026-10-03T21:35:18.0371752Z   Downloaded crc32fast v1.5.0
2026-10-03T21:35:18.0514263Z   Downloaded crossbeam-channel v0.5.15
2026-10-03T21:35:18.0851292Z   Downloaded crossbeam-epoch v0.9.18
2026-10-03T21:35:18.1046059Z   Downloaded cvss v2.2.0
2026-10-03T21:35:18.1624762Z   Downloaded futures-channel v0.3.32
2026-10-03T21:35:18.1778844Z   Downloaded getrandom v0.2.17
2026-10-03T21:35:18.2078199Z   Downloaded getrandom v0.3.4
2026-10-03T21:35:18.2372740Z   Downloaded getrandom v0.4.2
2026-10-03T21:35:18.2699379Z   Downloaded gix-diff v0.64.0
2026-10-03T21:35:18.2898743Z   Downloaded gix-filter v0.31.0
2026-10-03T21:35:18.3083400Z   Downloaded gix-glob v0.26.1
2026-10-03T21:35:18.3191124Z   Downloaded gix-hash v0.25.1
2026-10-03T21:35:18.3302974Z   Downloaded gix-negotiate v0.32.0
2026-10-03T21:35:18.3387092Z   Downloaded gix-protocol v0.62.0
2026-10-03T21:35:18.3687261Z   Downloaded gix-trace v0.1.20
2026-10-03T21:35:18.3782313Z   Downloaded hash32 v0.3.1
2026-10-03T21:35:18.3948140Z   Downloaded rustversion v1.0.22
2026-10-03T21:35:18.9281388Z   Downloaded same-file v1.0.6
2026-10-03T21:35:18.9398850Z   Downloaded secrecy v0.10.3
2026-10-03T21:35:18.9472523Z   Downloaded strsim v0.11.1
2026-10-03T21:35:18.9578553Z   Downloaded subtle v2.6.1
2026-10-03T21:35:18.9670808Z   Downloaded sync_wrapper v1.0.2
2026-10-03T21:35:18.9739787Z   Downloaded synstructure v0.13.2
2026-10-03T21:35:18.9944742Z   Downloaded tinyvec v1.11.0
2026-10-03T21:35:19.0152400Z   Downloaded toml_datetime v0.7.5+spec-1.1.0
2026-10-03T21:35:19.0276318Z   Downloaded toml_datetime v1.1.1+spec-1.1.0
2026-10-03T21:35:19.0375421Z   Downloaded toml_parser v1.1.2+spec-1.1.0
2026-10-03T21:35:19.0558551Z   Downloaded toml_writer v1.1.1+spec-1.1.0
2026-10-03T21:35:19.0658631Z   Downloaded try-lock v0.2.5
2026-10-03T21:35:19.0737993Z   Downloaded version_check v0.9.5
2026-10-03T21:35:19.0842473Z   Downloaded windows-targets v0.53.5
2026-10-03T21:35:19.0928720Z   Downloaded zerofrom v0.1.7
2026-10-03T21:35:19.1003181Z   Downloaded zerofrom-derive v0.1.7
2026-10-03T21:35:19.1081087Z   Downloaded aho-corasick v1.1.4
2026-10-03T21:35:19.1440898Z   Downloaded cc v1.2.62
2026-10-03T21:35:19.1655339Z   Downloaded clap v4.6.1
2026-10-03T21:35:19.2652786Z   Downloaded clap_builder v4.6.0
2026-10-03T21:35:19.3132772Z   Downloaded flate2 v1.1.9
2026-10-03T21:35:19.3592085Z   Downloaded futures-util v0.3.32
2026-10-03T21:35:19.5001016Z   Downloaded gix-config v0.57.0
2026-10-03T21:35:19.5386884Z   Downloaded gix-index v0.52.0
2026-10-03T21:35:19.5715194Z   Downloaded gix-object v0.61.0
2026-10-03T21:35:19.5985396Z   Downloaded gix-pack v0.71.0
2026-10-03T21:35:19.6563068Z   Downloaded gix-submodule v0.31.0
2026-10-03T21:35:19.6651493Z   Downloaded heck v0.5.0
2026-10-03T21:35:19.6800346Z   Downloaded idna_adapter v1.2.1
2026-10-03T21:35:19.6878606Z   Downloaded indenter v0.3.4
2026-10-03T21:35:19.6985131Z   Downloaded mime v0.3.17
2026-10-03T21:35:19.7094061Z   Downloaded semver v1.0.28
2026-10-03T21:35:19.7312498Z   Downloaded shell-words v1.1.1
2026-10-03T21:35:19.7391716Z   Downloaded static_assertions v1.1.0
2026-10-03T21:35:19.7524690Z   Downloaded thiserror-impl v2.0.18
2026-10-03T21:35:19.7656838Z   Downloaded time-macros v0.2.27
2026-10-03T21:35:19.8256727Z   Downloaded tinyvec_macros v0.1.1
2026-10-03T21:35:20.1448458Z   Downloaded aws-lc-rs v1.16.3
2026-10-03T21:35:20.2338132Z   Downloaded gix v0.84.0
2026-10-03T21:35:20.3672666Z   Downloaded gix-odb v0.81.0
2026-10-03T21:35:20.3926970Z   Downloaded gix-packetline v0.21.4
2026-10-03T21:35:20.4086074Z   Downloaded gix-path v0.12.1
2026-10-03T21:35:20.4218425Z   Downloaded gix-utils v0.3.3
2026-10-03T21:35:20.4306916Z   Downloaded gix-validate v0.11.2
2026-10-03T21:35:20.4425544Z   Downloaded ident_case v1.0.1
2026-10-03T21:35:20.4502741Z   Downloaded matchers v0.2.0
2026-10-03T21:35:20.4592479Z   Downloaded serde v1.0.228
2026-10-03T21:35:20.4892928Z   Downloaded shlex v1.3.0
2026-10-03T21:35:20.5002423Z   Downloaded syn v2.0.117
2026-10-03T21:35:20.5748956Z   Downloaded tinystr v0.8.3
2026-10-03T21:35:20.5915372Z   Downloaded tower v0.5.3
2026-10-03T21:35:20.6867333Z   Downloaded tracing-subscriber v0.3.23
2026-10-03T21:35:20.7552449Z   Downloaded unicode-bom v2.0.3
2026-10-03T21:35:20.7663720Z   Downloaded wasmparser v0.207.0
2026-10-03T21:35:20.8136436Z   Downloaded wasmparser v0.247.0
2026-10-03T21:35:20.8789616Z   Downloaded zerocopy v0.8.48
2026-10-03T21:35:21.0972914Z   Downloaded bstr v1.12.1
2026-10-03T21:35:21.1519465Z   Downloaded home v0.5.12
2026-10-03T21:35:21.1599304Z   Downloaded http-body v1.0.1
2026-10-03T21:35:21.8688067Z   Downloaded jiff-tzdb-platform v0.1.3
2026-10-03T21:35:22.4029703Z   Downloaded lazy_static v1.5.0
2026-10-03T21:35:22.5754014Z   Downloaded lru-slab v0.1.2
2026-10-03T21:35:22.5828473Z   Downloaded rustc-hash v2.1.2
2026-10-03T21:35:22.5934182Z   Downloaded tower-http v0.6.10
2026-10-03T21:35:22.7460080Z   Downloaded unicode-ident v1.0.24
2026-10-03T21:35:22.7708827Z   Downloaded unicode-normalization v0.1.25
2026-10-03T21:35:22.7913102Z   Downloaded untrusted v0.9.0
2026-10-03T21:35:22.8058135Z   Downloaded url v2.5.8
2026-10-03T21:35:22.8252744Z   Downloaded utf8_iter v1.0.4
2026-10-03T21:35:22.8352331Z   Downloaded utf8parse v0.2.2
2026-10-03T21:35:22.8443490Z   Downloaded wait-timeout v0.2.1
2026-10-03T21:35:22.8587956Z   Downloaded walkdir v2.5.0
2026-10-03T21:35:22.8734899Z   Downloaded want v0.3.1
2026-10-03T21:35:22.8810283Z   Downloaded winapi-util v0.1.11
2026-10-03T21:35:22.8965316Z   Downloaded windows-link v0.2.1
2026-10-03T21:35:22.9049778Z   Downloaded yoke-derive v0.8.2
2026-10-03T21:35:22.9163789Z   Downloaded zerovec-derive v0.11.3
2026-10-03T21:35:22.9349106Z   Downloaded color-eyre v0.6.5
2026-10-03T21:35:22.9773925Z   Downloaded gix-fs v0.21.2
2026-10-03T21:35:22.9913682Z   Downloaded gix-pathspec v0.18.1
2026-10-03T21:35:23.0026607Z   Downloaded gix-prompt v0.15.1
2026-10-03T21:35:23.0112509Z   Downloaded gix-quote v0.7.2
2026-10-03T21:35:23.0190368Z   Downloaded gix-sec v0.14.1
2026-10-03T21:35:23.0275822Z   Downloaded gix-shallow v0.12.1
2026-10-03T21:35:23.0354852Z   Downloaded gix-tempfile v23.0.0
2026-10-03T21:35:23.0462584Z   Downloaded gix-url v0.36.1
2026-10-03T21:35:23.0579046Z   Downloaded io-close v0.3.7
2026-10-03T21:35:23.0677779Z   Downloaded once_cell_polyfill v1.70.2
2026-10-03T21:35:23.0772205Z   Downloaded serde_spanned v1.1.1
2026-10-03T21:35:23.0876349Z   Downloaded writeable v0.6.3
2026-10-03T21:35:23.1108142Z   Downloaded yoke v0.8.2
2026-10-03T21:35:23.1264140Z   Downloaded gix-refspec v0.42.0
2026-10-03T21:35:23.1427884Z   Downloaded gix-revwalk v0.32.0
2026-10-03T21:35:23.1534731Z   Downloaded is_terminal_polyfill v1.70.2
2026-10-03T21:35:23.1620352Z   Downloaded nonempty v0.12.0
2026-10-03T21:35:23.1724082Z   Downloaded num-conv v0.2.1
2026-10-03T21:35:23.1805300Z   Downloaded powerfmt v0.2.0
2026-10-03T21:35:23.1918149Z   Downloaded quitters v0.1.0
2026-10-03T21:35:23.1993629Z   Downloaded sha1 v0.10.6
2026-10-03T21:35:23.2133916Z   Downloaded simd-adler32 v0.3.9
2026-10-03T21:35:23.2332122Z   Downloaded smol_str v0.3.2
2026-10-03T21:35:23.2471882Z   Downloaded stable_deref_trait v1.2.1
2026-10-03T21:35:23.2569623Z   Downloaded thread_local v1.1.9
2026-10-03T21:35:23.2701795Z   Downloaded topological-sort v0.2.2
2026-10-03T21:35:23.2815654Z   Downloaded tower-service v0.3.3
2026-10-03T21:35:23.2882873Z   Downloaded zeroize v1.8.2
2026-10-03T21:35:23.2991584Z   Downloaded zerotrie v0.2.4
2026-10-03T21:35:23.3329157Z   Downloaded gix-ref v0.64.0
2026-10-03T21:35:23.3726507Z   Downloaded gix-worktree-stream v0.33.0
2026-10-03T21:35:23.3835861Z   Downloaded http-body-util v0.1.3
2026-10-03T21:35:23.4054655Z   Downloaded hyper-rustls v0.27.9
2026-10-03T21:35:23.4204297Z   Downloaded itoa v1.0.18
2026-10-03T21:35:23.4343040Z   Downloaded jobserver v0.1.34
2026-10-03T21:35:23.4577048Z   Downloaded percent-encoding v2.3.2
2026-10-03T21:35:23.4658330Z   Downloaded rustls-webpki v0.103.13
2026-10-03T21:35:23.4909113Z   Downloaded serde_core v1.0.228
2026-10-03T21:35:23.5154615Z   Downloaded serde_derive v1.0.228
2026-10-03T21:35:23.5497274Z   Downloaded slab v0.4.12
2026-10-03T21:35:23.5621906Z   Downloaded smallvec v1.15.1
2026-10-03T21:35:23.5798863Z   Downloaded socket2 v0.6.3
2026-10-03T21:35:23.5920331Z   Downloaded tempfile v3.27.0
2026-10-03T21:35:23.6132400Z   Downloaded thiserror v2.0.18
2026-10-03T21:35:23.6937157Z   Downloaded time-core v0.1.8
2026-10-03T21:35:23.7078466Z   Downloaded tower-layer v0.3.3
2026-10-03T21:35:23.7179322Z   Downloaded zerovec v0.11.6
2026-10-03T21:35:23.7744199Z   Downloaded zmij v1.0.21
2026-10-03T21:35:23.7910361Z   Downloaded gix-traverse v0.58.0
2026-10-03T21:35:23.8057386Z   Downloaded owo-colors v4.3.0
2026-10-03T21:35:23.8277153Z   Downloaded rustls-platform-verifier v0.7.0
2026-10-03T21:35:23.8717002Z   Downloaded rustsec v0.33.0
2026-10-03T21:35:23.9205510Z   Downloaded sharded-slab v0.1.7
2026-10-03T21:35:23.9541226Z   Downloaded termcolor v1.4.1
2026-10-03T21:35:23.9650790Z   Downloaded twox-hash v2.1.2
2026-10-03T21:35:23.9884729Z   Downloaded winnow v0.7.15
2026-10-03T21:35:25.3048225Z   Downloaded winnow v1.0.2
2026-10-03T21:35:25.3979234Z   Downloaded tame-index v0.26.3
2026-10-03T21:35:25.7183453Z   Downloaded serde_json v1.0.149
2026-10-03T21:35:25.9317308Z   Downloaded potential_utf v0.1.5
2026-10-03T21:35:25.9398947Z   Downloaded ppv-lite86 v0.2.21
2026-10-03T21:35:25.9495635Z   Downloaded ipnet v2.12.0
2026-10-03T21:35:25.9631262Z   Downloaded lock_api v0.4.14
2026-10-03T21:35:25.9719295Z   Downloaded maybe-async v0.2.10
2026-10-03T21:35:25.9993515Z   Downloaded nu-ansi-term v0.50.3
2026-10-03T21:35:26.0272309Z   Downloaded quote v1.0.45
2026-10-03T21:35:26.0514125Z   Downloaded rand_chacha v0.9.0
2026-10-03T21:35:26.0607261Z   Downloaded rand_core v0.9.5
2026-10-03T21:35:26.0713515Z   Downloaded rustc-demangle v0.1.27
2026-10-03T21:35:26.0884832Z   Downloaded rustc-stable-hash v0.1.2
2026-10-03T21:35:26.1030242Z   Downloaded gix-worktree v0.53.0
2026-10-03T21:35:26.1136465Z   Downloaded httparse v1.10.1
2026-10-03T21:35:26.1330395Z   Downloaded kstring v2.0.2
2026-10-03T21:35:26.1485069Z   Downloaded pin-project-lite v0.2.17
2026-10-03T21:35:26.2131077Z   Downloaded zlib-rs v0.6.3
2026-10-03T21:35:26.2538669Z   Downloaded litemap v0.8.2
2026-10-03T21:35:26.2726367Z   Downloaded log v0.4.29
2026-10-03T21:35:26.2896904Z   Downloaded memmap2 v0.9.10
2026-10-03T21:35:26.3027376Z   Downloaded once_cell v1.21.4
2026-10-03T21:35:26.3263470Z   Downloaded parking_lot_core v0.9.12
2026-10-03T21:35:26.3466366Z   Downloaded platforms v3.10.0
2026-10-03T21:35:26.3617938Z   Downloaded quinn-udp v0.5.14
2026-10-03T21:35:26.3761199Z   Downloaded rustls-pki-types v1.14.1
2026-10-03T21:35:26.4077656Z   Downloaded time v0.3.47
2026-10-03T21:35:26.5285157Z   Downloaded gix-worktree-state v0.31.0
2026-10-03T21:35:26.5379905Z   Downloaded icu_properties v2.1.2
2026-10-03T21:35:26.5529013Z   Downloaded icu_provider v2.1.1
2026-10-03T21:35:26.5723397Z   Downloaded parking_lot v0.12.5
2026-10-03T21:35:26.5928747Z   Downloaded proc-macro2 v1.0.106
2026-10-03T21:35:26.6183584Z   Downloaded tokio-rustls v0.26.4
2026-10-03T21:35:26.6388469Z   Downloaded tracing-log v0.2.0
2026-10-03T21:35:26.6518701Z   Downloaded uluru v3.1.0
2026-10-03T21:35:26.6607331Z   Downloaded gix-transport v0.57.1
2026-10-03T21:35:26.6893192Z   Downloaded heapless v0.8.0
2026-10-03T21:35:26.7215009Z   Downloaded icu_locale_core v2.1.1
2026-10-03T21:35:26.7846663Z   Downloaded icu_normalizer v2.1.1
2026-10-03T21:35:26.8140572Z   Downloaded icu_normalizer_data v2.1.1
2026-10-03T21:35:26.8281841Z   Downloaded jiff-tzdb v0.1.6
2026-10-03T21:35:26.8370125Z   Downloaded miniz_oxide v0.8.9
2026-10-03T21:35:26.8566568Z   Downloaded toml-span v0.7.1
2026-10-03T21:35:27.5544604Z   Downloaded tracing-attributes v0.1.31
2026-10-03T21:35:28.0944498Z   Downloaded toml v0.9.12+spec-1.1.0
2026-10-03T21:35:28.1392460Z   Downloaded tracing-core v0.1.36
2026-10-03T21:35:28.1625115Z   Downloaded toml v1.1.2+spec-1.1.0
2026-10-03T21:35:28.2130987Z   Downloaded typenum v1.20.0
2026-10-03T21:35:28.2337181Z   Downloaded tokio-util v0.7.18
2026-10-03T21:35:28.4736846Z   Downloaded icu_collections v2.1.1
2026-10-03T21:35:28.5346409Z   Downloaded jiff-static v0.2.28
2026-10-03T21:35:28.5520687Z   Downloaded prodash v31.0.0
2026-10-03T21:35:28.5816650Z   Downloaded quinn v0.11.9
2026-10-03T21:35:28.6061247Z   Downloaded memchr v2.8.0
2026-10-03T21:35:28.6481750Z   Downloaded rayon-core v1.13.0
2026-10-03T21:35:28.6818583Z   Downloaded http v1.4.0
2026-10-03T21:35:28.7084159Z   Downloaded hyper-util v0.1.20
2026-10-03T21:35:28.7532889Z   Downloaded indexmap v2.14.0
2026-10-03T21:35:28.7881446Z   Downloaded mio v1.2.0
2026-10-03T21:35:28.8377005Z   Downloaded rand v0.9.4
2026-10-03T21:35:28.8693346Z   Downloaded hashbrown v0.17.1
2026-10-03T21:35:28.9090918Z   Downloaded tracing v0.1.44
2026-10-03T21:35:28.9853342Z   Downloaded idna v1.1.0
2026-10-03T21:35:29.0049884Z   Downloaded reqwest v0.13.3
2026-10-03T21:35:29.0450915Z   Downloaded h2 v0.4.14
2026-10-03T21:35:29.0971729Z   Downloaded hashbrown v0.15.5
2026-10-03T21:35:29.1291352Z   Downloaded hashbrown v0.16.1
2026-10-03T21:35:29.1617307Z   Downloaded hyper v1.9.0
2026-10-03T21:35:29.2163951Z   Downloaded icu_properties_data v2.1.2
2026-10-03T21:35:29.3113549Z   Downloaded regex v1.12.3
2026-10-03T21:35:29.3565466Z   Downloaded rayon v1.12.0
2026-10-03T21:35:29.4429115Z   Downloaded quinn-proto v0.11.14
2026-10-03T21:35:29.4895024Z   Downloaded encoding_rs v0.8.35
2026-10-03T21:35:29.5703356Z   Downloaded regex-syntax v0.8.10
2026-10-03T21:35:29.6047300Z   Downloaded rustls v0.23.40
2026-10-03T21:35:31.1728921Z   Downloaded object v0.39.1
2026-10-03T21:35:31.3997168Z   Downloaded sha1-checked v0.10.0
2026-10-03T21:35:31.4217014Z   Downloaded windows_x86_64_msvc v0.53.1
2026-10-03T21:35:31.4426515Z   Downloaded regex-automata v0.4.14
2026-10-03T21:35:31.5221664Z   Downloaded tokio v1.52.3
2026-10-03T21:35:31.9648471Z   Downloaded winapi v0.3.9
2026-10-03T21:35:32.2295217Z   Downloaded jiff v0.2.28
2026-10-03T21:35:32.3278501Z   Downloaded libc v0.2.186
2026-10-03T21:35:32.7084256Z   Downloaded petgraph v0.8.3
2026-10-03T21:35:34.7109439Z   Downloaded windows-sys v0.61.2
2026-10-03T21:35:35.0280588Z   Downloaded ring v0.17.14
2026-10-03T21:35:35.3232981Z   Downloaded windows-sys v0.60.2
2026-10-03T21:35:35.6165818Z   Downloaded aws-lc-sys v0.40.0
2026-10-03T21:35:39.3611265Z    Compiling proc-macro2 v1.0.106
2026-10-03T21:35:39.3611944Z    Compiling quote v1.0.45
2026-10-03T21:35:39.3612539Z    Compiling unicode-ident v1.0.24
2026-10-03T21:35:39.3613658Z    Compiling windows-link v0.2.1
2026-10-03T21:35:39.4421631Z    Compiling memchr v2.8.0
2026-10-03T21:35:39.4987979Z    Compiling windows-sys v0.61.2
2026-10-03T21:35:41.2973148Z    Compiling aho-corasick v1.1.4
2026-10-03T21:35:41.6745854Z    Compiling regex-syntax v0.8.10
2026-10-03T21:35:43.5582004Z    Compiling syn v2.0.117
2026-10-03T21:35:49.5067184Z    Compiling regex-automata v0.4.14
2026-10-03T21:35:52.6966669Z    Compiling cfg-if v1.0.4
2026-10-03T21:35:52.7674473Z    Compiling once_cell v1.21.4
2026-10-03T21:35:53.1454129Z    Compiling smallvec v1.15.1
2026-10-03T21:35:53.5079226Z    Compiling bytes v1.11.1
2026-10-03T21:35:54.0994208Z    Compiling stable_deref_trait v1.2.1
2026-10-03T21:35:54.2029602Z    Compiling thiserror v2.0.18
2026-10-03T21:35:54.7680969Z    Compiling thiserror-impl v2.0.18
2026-10-03T21:35:55.1221230Z    Compiling bstr v1.12.1
2026-10-03T21:35:57.1367472Z    Compiling gix-trace v0.1.20
2026-10-03T21:35:57.2558878Z    Compiling crossbeam-utils v0.8.21
2026-10-03T21:35:57.6903190Z    Compiling crc32fast v1.5.0
2026-10-03T21:35:58.1444677Z    Compiling gix-validate v0.11.2
2026-10-03T21:35:58.4606460Z    Compiling tinyvec_macros v0.1.1
2026-10-03T21:35:58.5400422Z    Compiling tinyvec v1.11.0
2026-10-03T21:35:59.2213806Z    Compiling gix-path v0.12.1
2026-10-03T21:35:59.6664714Z    Compiling fastrand v2.4.1
2026-10-03T21:36:00.0858510Z    Compiling unicode-normalization v0.1.25
2026-10-03T21:36:00.3977189Z    Compiling itoa v1.0.18
2026-10-03T21:36:00.7965595Z    Compiling gix-utils v0.3.3
2026-10-03T21:36:01.0772402Z    Compiling winapi-util v0.1.11
2026-10-03T21:36:01.1039732Z    Compiling parking_lot_core v0.9.12
2026-10-03T21:36:01.4724229Z    Compiling scopeguard v1.2.0
2026-10-03T21:36:01.5737848Z    Compiling lock_api v0.4.14
2026-10-03T21:36:01.9523550Z    Compiling parking_lot v0.12.5
2026-10-03T21:36:02.1064780Z    Compiling same-file v1.0.6
2026-10-03T21:36:02.3944420Z    Compiling crossbeam-channel v0.5.15
2026-10-03T21:36:02.6620034Z    Compiling equivalent v1.0.2
2026-10-03T21:36:02.7512198Z    Compiling allocator-api2 v0.2.21
2026-10-03T21:36:03.4313471Z    Compiling foldhash v0.2.0
2026-10-03T21:36:03.7158103Z    Compiling prodash v31.0.0
2026-10-03T21:36:03.8668399Z    Compiling walkdir v2.5.0
2026-10-03T21:36:04.1437568Z    Compiling zlib-rs v0.6.3
2026-10-03T21:36:05.5614908Z    Compiling gix-error v0.2.4
2026-10-03T21:36:06.4213334Z    Compiling version_check v0.9.5
2026-10-03T21:36:06.9227314Z    Compiling generic-array v0.14.7
2026-10-03T21:36:07.1872491Z    Compiling hashbrown v0.17.1
2026-10-03T21:36:07.8761560Z    Compiling gix-features v0.48.1
2026-10-03T21:36:08.5578864Z    Compiling bitflags v2.11.1
2026-10-03T21:36:09.2944915Z    Compiling typenum v1.20.0
2026-10-03T21:36:10.7895997Z    Compiling heapless v0.8.0
2026-10-03T21:36:11.1957250Z    Compiling byteorder v1.5.0
2026-10-03T21:36:11.4827232Z    Compiling serde_core v1.0.228
2026-10-03T21:36:11.8780347Z    Compiling hash32 v0.3.1
2026-10-03T21:36:12.9643156Z    Compiling block-buffer v0.10.4
2026-10-03T21:36:13.1471959Z    Compiling crypto-common v0.1.7
2026-10-03T21:36:13.2681010Z    Compiling digest v0.10.7
2026-10-03T21:36:13.2800844Z    Compiling faster-hex v0.10.0
2026-10-03T21:36:13.5380566Z    Compiling synstructure v0.13.2
2026-10-03T21:36:14.0946651Z    Compiling jiff-tzdb v0.1.6
2026-10-03T21:36:14.4737739Z    Compiling cpufeatures v0.2.17
2026-10-03T21:36:14.4925447Z    Compiling jiff-tzdb-platform v0.1.3
2026-10-03T21:36:14.5488929Z    Compiling sha1 v0.10.6
2026-10-03T21:36:14.5618905Z    Compiling jiff v0.2.28
2026-10-03T21:36:15.4622566Z    Compiling sha1-checked v0.10.0
2026-10-03T21:36:16.4116533Z    Compiling gix-hash v0.25.1
2026-10-03T21:36:17.2101905Z    Compiling zerofrom-derive v0.1.7
2026-10-03T21:36:17.6376540Z    Compiling getrandom v0.3.4
2026-10-03T21:36:18.1312590Z    Compiling yoke-derive v0.8.2
2026-10-03T21:36:19.4210728Z    Compiling zerofrom v0.1.7
2026-10-03T21:36:19.5814349Z    Compiling pin-project-lite v0.2.17
2026-10-03T21:36:19.9702774Z    Compiling gix-hashtable v0.15.1
2026-10-03T21:36:20.0913122Z    Compiling yoke v0.8.2
2026-10-03T21:36:20.1610879Z    Compiling jobserver v0.1.34
2026-10-03T21:36:20.3800645Z    Compiling zerovec-derive v0.11.3
2026-10-03T21:36:20.5985998Z    Compiling shlex v1.3.0
2026-10-03T21:36:20.8464838Z    Compiling gix-date v0.15.4
2026-10-03T21:36:22.3039109Z    Compiling gix-actor v0.41.1
2026-10-03T21:36:23.1314868Z    Compiling gix-object v0.61.0
2026-10-03T21:36:26.5219339Z    Compiling find-msvc-tools v0.1.9
2026-10-03T21:36:27.9749969Z    Compiling cc v1.2.62
2026-10-03T21:36:28.8037476Z    Compiling zerovec v0.11.6
2026-10-03T21:36:29.1593857Z    Compiling displaydoc v0.2.5
2026-10-03T21:36:29.8891027Z    Compiling getrandom v0.4.2
2026-10-03T21:36:30.2008925Z    Compiling memmap2 v0.9.10
2026-10-03T21:36:30.2619510Z    Compiling serde v1.0.228
2026-10-03T21:36:30.7065555Z    Compiling cmake v0.1.58
2026-10-03T21:36:30.7229367Z    Compiling serde_derive v1.0.228
2026-10-03T21:36:30.8871498Z    Compiling futures-core v0.3.32
2026-10-03T21:36:31.0753431Z    Compiling fs_extra v1.3.0
2026-10-03T21:36:31.3077087Z    Compiling dunce v1.0.5
2026-10-03T21:36:31.5107734Z    Compiling aws-lc-sys v0.40.0
2026-10-03T21:36:31.6494097Z    Compiling socket2 v0.6.3
2026-10-03T21:36:33.1243366Z    Compiling mio v1.2.0
2026-10-03T21:36:36.3420895Z    Compiling tokio v1.52.3
2026-10-03T21:36:37.1643370Z    Compiling tempfile v3.27.0
2026-10-03T21:36:38.9978052Z    Compiling tinystr v0.8.3
2026-10-03T21:36:39.3177243Z    Compiling gix-fs v0.21.2
2026-10-03T21:36:40.6230682Z    Compiling gix-chunk v0.7.2
2026-10-03T21:36:41.0825185Z    Compiling zeroize v1.8.2
2026-10-03T21:36:41.3370420Z    Compiling percent-encoding v2.3.2
2026-10-03T21:36:41.7711957Z    Compiling futures-sink v0.3.32
2026-10-03T21:36:41.8293923Z    Compiling litemap v0.8.2
2026-10-03T21:36:41.8939367Z    Compiling writeable v0.6.3
2026-10-03T21:36:42.1080545Z    Compiling gix-tempfile v23.0.0
2026-10-03T21:36:42.2921497Z    Compiling icu_locale_core v2.1.1
2026-10-03T21:36:43.7797922Z    Compiling zerotrie v0.2.4
2026-10-03T21:36:44.5701274Z    Compiling potential_utf v0.1.5
2026-10-03T21:36:44.8522841Z    Compiling gix-quote v0.7.2
2026-10-03T21:36:45.4912575Z    Compiling tracing-core v0.1.36
2026-10-03T21:36:47.5386489Z    Compiling icu_normalizer_data v2.1.1
2026-10-03T21:36:47.6970824Z    Compiling icu_properties_data v2.1.2
2026-10-03T21:36:47.7711276Z    Compiling nonempty v0.12.0
2026-10-03T21:36:47.9403407Z    Compiling aws-lc-rs v1.16.3
2026-10-03T21:36:48.1013522Z    Compiling icu_collections v2.1.1
2026-10-03T21:36:48.3319882Z    Compiling icu_provider v2.1.1
2026-10-03T21:36:49.0341294Z    Compiling http v1.4.0
2026-10-03T21:36:49.4750466Z    Compiling tracing-attributes v0.1.31
2026-10-03T21:36:51.8971919Z    Compiling slab v0.4.12
2026-10-03T21:36:52.1715185Z    Compiling fnv v1.0.7
2026-10-03T21:36:52.2746324Z    Compiling tracing v0.1.44
2026-10-03T21:36:53.2231900Z    Compiling gix-commitgraph v0.37.1
2026-10-03T21:36:53.3122066Z    Compiling gix-glob v0.26.1
2026-10-03T21:36:54.9461167Z    Compiling indexmap v2.14.0
2026-10-03T21:36:55.2815345Z    Compiling adler2 v2.0.1
2026-10-03T21:36:55.4981928Z    Compiling simd-adler32 v0.3.9
2026-10-03T21:36:55.7334622Z    Compiling miniz_oxide v0.8.9
2026-10-03T21:36:56.4103729Z    Compiling gix-revwalk v0.32.0
2026-10-03T21:36:56.9098500Z    Compiling icu_properties v2.1.2
2026-10-03T21:36:57.8792798Z    Compiling icu_normalizer v2.1.1
2026-10-03T21:36:59.1751860Z    Compiling http-body v1.0.1
2026-10-03T21:36:59.3737545Z    Compiling tokio-util v0.7.18
2026-10-03T21:37:00.2099845Z    Compiling gix-lock v23.0.0
2026-10-03T21:37:00.5135552Z    Compiling rustls-pki-types v1.14.1
2026-10-03T21:37:01.5585191Z    Compiling rustls v0.23.40
2026-10-03T21:37:01.6055114Z    Compiling futures-task v0.3.32
2026-10-03T21:37:01.8228887Z    Compiling futures-io v0.3.32
2026-10-03T21:37:01.8400082Z    Compiling untrusted v0.9.0
2026-10-03T21:37:01.9848951Z    Compiling httparse v1.10.1
2026-10-03T21:37:02.0939721Z    Compiling futures-util v0.3.32
2026-10-03T21:37:02.4080301Z    Compiling idna_adapter v1.2.1
2026-10-03T21:37:02.5817907Z    Compiling utf8_iter v1.0.4
2026-10-03T21:37:02.5836236Z    Compiling try-lock v0.2.5
2026-10-03T21:37:02.7030147Z    Compiling tower-service v0.3.3
2026-10-03T21:37:02.7894928Z    Compiling atomic-waker v1.1.2
2026-10-03T21:37:02.8002271Z    Compiling unicode-bom v2.0.3
2026-10-03T21:37:02.9608618Z    Compiling log v0.4.29
2026-10-03T21:37:03.0662258Z    Compiling libc v0.2.186
2026-10-03T21:37:03.3727502Z    Compiling subtle v2.6.1
2026-10-03T21:37:03.6886815Z    Compiling h2 v0.4.14
2026-10-03T21:37:03.7683592Z    Compiling idna v1.1.0
2026-10-03T21:37:06.8421322Z    Compiling want v0.3.1
2026-10-03T21:37:07.8651825Z    Compiling flate2 v1.1.9
2026-10-03T21:37:08.5595907Z    Compiling futures-channel v0.3.32
2026-10-03T21:37:08.7936927Z    Compiling form_urlencoded v1.2.2
2026-10-03T21:37:08.9596141Z    Compiling gix-config-value v0.18.1
2026-10-03T21:37:09.1954394Z    Compiling compression-core v0.4.32
2026-10-03T21:37:09.3902248Z    Compiling shell-words v1.1.1
2026-10-03T21:37:09.7914348Z    Compiling static_assertions v1.1.0
2026-10-03T21:37:09.8675534Z    Compiling kstring v2.0.2
2026-10-03T21:37:10.1927565Z    Compiling gix-command v0.9.1
2026-10-03T21:37:10.4595426Z    Compiling compression-codecs v0.4.38
2026-10-03T21:37:10.9891251Z    Compiling url v2.5.8
2026-10-03T21:37:11.4153082Z    Compiling hyper v1.9.0
2026-10-03T21:37:16.7010304Z    Compiling sync_wrapper v1.0.2
2026-10-03T21:37:16.8011709Z    Compiling gix-sec v0.14.1
2026-10-03T21:37:17.0184900Z    Compiling encoding_rs v0.8.35
2026-10-03T21:37:17.8585005Z    Compiling tower-layer v0.3.3
2026-10-03T21:37:18.1216507Z    Compiling base64 v0.22.1
2026-10-03T21:37:19.0080176Z    Compiling ipnet v2.12.0
2026-10-03T21:37:19.0636054Z    Compiling tower v0.5.3
2026-10-03T21:37:20.0234847Z    Compiling hyper-util v0.1.20
2026-10-03T21:37:21.4654567Z    Compiling async-compression v0.4.42
2026-10-03T21:37:22.2191604Z    Compiling gix-attributes v0.33.1
2026-10-03T21:37:25.3887618Z    Compiling http-body-util v0.1.3
2026-10-03T21:37:25.8163637Z    Compiling semver v1.0.28
2026-10-03T21:37:27.1211947Z    Compiling zmij v1.0.21
2026-10-03T21:37:27.3990981Z    Compiling rustversion v1.0.22
2026-10-03T21:37:27.8253601Z    Compiling tower-http v0.6.10
2026-10-03T21:37:27.8391076Z    Compiling gix-ref v0.64.0
2026-10-03T21:37:27.8603108Z    Compiling gix-url v0.36.1
2026-10-03T21:37:29.2561592Z    Compiling gix-packetline v0.21.4
2026-10-03T21:37:29.8680208Z    Compiling serde_json v1.0.149
2026-10-03T21:37:30.1135775Z    Compiling winapi v0.3.9
2026-10-03T21:37:30.5764067Z    Compiling mime v0.3.17
2026-10-03T21:37:30.7043120Z    Compiling winnow v1.0.2
2026-10-03T21:37:31.4484442Z    Compiling toml_parser v1.1.2+spec-1.1.0
2026-10-03T21:37:33.0919666Z    Compiling gix-prompt v0.15.1
2026-10-03T21:37:33.4156754Z    Compiling gix-revision v0.46.0
2026-10-03T21:37:34.4729720Z    Compiling gix-traverse v0.58.0
2026-10-03T21:37:36.3595639Z    Compiling serde_spanned v1.1.1
2026-10-03T21:37:36.5191813Z    Compiling gix-bitmap v0.3.2
2026-10-03T21:37:37.1147498Z    Compiling hashbrown v0.16.1
2026-10-03T21:37:38.3180647Z    Compiling crossbeam-epoch v0.9.18
2026-10-03T21:37:38.4273404Z    Compiling filetime v0.2.28
2026-10-03T21:37:38.8083989Z    Compiling toml_writer v1.1.1+spec-1.1.0
2026-10-03T21:37:39.1613580Z    Compiling autocfg v1.5.0
2026-10-03T21:37:39.1720558Z    Compiling once_cell_polyfill v1.70.2
2026-10-03T21:37:39.3141443Z    Compiling arrayvec v0.7.6
2026-10-03T21:37:39.4395269Z    Compiling rayon-core v1.13.0
2026-10-03T21:37:39.6947517Z    Compiling anstyle v1.0.14
2026-10-03T21:37:39.7101554Z    Compiling utf8parse v0.2.2
2026-10-03T21:37:39.8048287Z    Compiling fs-err v3.3.0
2026-10-03T21:37:39.8433542Z    Compiling anstyle-parse v1.0.0
2026-10-03T21:37:40.0519858Z    Compiling anstyle-wincon v3.0.11
2026-10-03T21:37:40.1294829Z    Compiling uluru v3.1.0
2026-10-03T21:37:40.1413369Z    Compiling crossbeam-deque v0.8.6
2026-10-03T21:37:40.2563254Z    Compiling gix-index v0.52.0
2026-10-03T21:37:40.4355244Z    Compiling clru v0.6.3
2026-10-03T21:37:40.7534976Z    Compiling gix-refspec v0.42.0
2026-10-03T21:37:40.8473015Z    Compiling gix-credentials v0.38.1
2026-10-03T21:37:45.9584117Z    Compiling arc-swap v1.9.1
2026-10-03T21:37:48.8026842Z    Compiling gix-ignore v0.21.1
2026-10-03T21:37:49.8646326Z    Compiling toml_datetime v0.7.5+spec-1.1.0
2026-10-03T21:37:50.1439506Z    Compiling anstyle-query v1.1.5
2026-10-03T21:37:50.7641563Z    Compiling winnow v0.7.15
2026-10-03T21:37:50.8259934Z    Compiling eyre v0.6.12
2026-10-03T21:37:51.2943472Z    Compiling is_terminal_polyfill v1.70.2
2026-10-03T21:37:51.3847348Z    Compiling colorchoice v1.0.5
2026-10-03T21:37:51.5288806Z    Compiling camino v1.2.2
2026-10-03T21:37:51.9557881Z    Compiling owo-colors v4.3.0
2026-10-03T21:37:52.3834275Z    Compiling foldhash v0.1.5
2026-10-03T21:37:52.7796906Z    Compiling hashbrown v0.15.5
2026-10-03T21:37:53.8792315Z    Compiling toml v0.9.12+spec-1.1.0
2026-10-03T21:37:53.8821431Z    Compiling anstream v1.0.0
2026-10-03T21:37:54.9141972Z    Compiling gix-worktree v0.53.0
2026-10-03T21:37:55.2952898Z    Compiling io-close v0.3.7
2026-10-03T21:37:56.0684812Z    Compiling gix-pack v0.71.0
2026-10-03T21:38:02.2289808Z    Compiling gix-filter v0.31.0
2026-10-03T21:38:06.4877713Z    Compiling gix-config v0.57.0
2026-10-03T21:38:08.0274860Z    Compiling gix-pathspec v0.18.1
2026-10-03T21:38:15.5530468Z    Compiling gix-shallow v0.12.1
2026-10-03T21:38:16.8466114Z    Compiling gix-negotiate v0.32.0
2026-10-03T21:38:17.6485806Z    Compiling wasmparser v0.207.0
2026-10-03T21:38:19.2677659Z    Compiling regex v1.12.3
2026-10-03T21:38:22.3487681Z    Compiling maybe-async v0.2.10
2026-10-03T21:38:23.3187695Z    Compiling heck v0.5.0
2026-10-03T21:38:23.6195938Z    Compiling either v1.15.0
2026-10-03T21:38:23.8988244Z    Compiling indenter v0.3.4
2026-10-03T21:38:23.9007003Z    Compiling powerfmt v0.2.0
2026-10-03T21:38:24.1411443Z    Compiling binfarce v0.2.1
2026-10-03T21:38:24.7380530Z    Compiling lazy_static v1.5.0
2026-10-03T21:38:24.8677765Z    Compiling topological-sort v0.2.2
2026-10-03T21:38:25.0542262Z    Compiling rustc-demangle v0.1.27
2026-10-03T21:38:27.2983756Z    Compiling strsim v0.11.1
2026-10-03T21:38:28.4540869Z    Compiling fixedbitset v0.5.7
2026-10-03T21:38:29.3402051Z    Compiling clap_lex v1.1.0
2026-10-03T21:38:29.4565875Z    Compiling petgraph v0.8.3
2026-10-03T21:38:29.7014498Z    Compiling clap_builder v4.6.0
2026-10-03T21:38:29.9180054Z    Compiling backtrace v0.3.76
2026-10-03T21:38:31.2451178Z    Compiling auditable-serde v0.9.0
2026-10-03T21:38:33.9647028Z    Compiling sharded-slab v0.1.7
2026-10-03T21:38:34.1017642Z    Compiling auditable-extract v0.3.5
2026-10-03T21:38:34.4011568Z    Compiling gix-discover v0.52.0
2026-10-03T21:38:37.0829128Z    Compiling deranged v0.5.8
2026-10-03T21:38:39.5824554Z    Compiling rayon v1.12.0
2026-10-03T21:38:40.1800539Z    Compiling clap_derive v4.6.1
2026-10-03T21:38:43.2978543Z    Compiling gix-submodule v0.31.0
2026-10-03T21:38:43.8185858Z    Compiling gix-worktree-state v0.31.0
2026-10-03T21:38:45.5833959Z    Compiling gix-odb v0.81.0
2026-10-03T21:38:50.3306512Z    Compiling tracing-log v0.2.0
2026-10-03T21:38:50.9179213Z    Compiling smol_str v0.3.2
2026-10-03T21:38:51.3710342Z    Compiling gix-diff v0.64.0
2026-10-03T21:38:51.9021973Z    Compiling toml_datetime v1.1.1+spec-1.1.0
2026-10-03T21:38:52.6566404Z    Compiling matchers v0.2.0
2026-10-03T21:38:52.8024528Z    Compiling toml-span v0.7.1
2026-10-03T21:38:54.2198971Z    Compiling thread_local v1.1.9
2026-10-03T21:38:54.5713278Z    Compiling nu-ansi-term v0.50.3
2026-10-03T21:38:55.5337746Z    Compiling twox-hash v2.1.2
2026-10-03T21:38:55.6952988Z    Compiling num-conv v0.2.1
2026-10-03T21:38:55.8972984Z    Compiling time-core v0.1.8
2026-10-03T21:38:56.1133708Z    Compiling object v0.39.1
2026-10-03T21:38:56.4802824Z    Compiling ident_case v1.0.1
2026-10-03T21:38:56.5932730Z    Compiling rustc-stable-hash v0.1.2
2026-10-03T21:38:56.8993309Z    Compiling abscissa_derive v0.9.0
2026-10-03T21:38:57.6233515Z    Compiling time v0.3.47
2026-10-03T21:38:58.3847594Z    Compiling tracing-subscriber v0.3.23
2026-10-03T21:39:00.4519833Z    Compiling toml v1.1.2+spec-1.1.0
2026-10-03T21:39:04.2201885Z    Compiling color-eyre v0.6.5
2026-10-03T21:39:07.0920039Z    Compiling clap v4.6.1
2026-10-03T21:39:08.4556900Z    Compiling auditable-info v0.10.0
2026-10-03T21:39:10.3129517Z    Compiling cargo-lock v11.0.1
2026-10-03T21:39:10.5556668Z    Compiling quitters v0.1.0
2026-10-03T21:39:11.2617788Z    Compiling secrecy v0.10.3
2026-10-03T21:39:11.4496057Z    Compiling platforms v3.10.0
2026-10-03T21:39:12.0954120Z    Compiling cvss v2.2.0
2026-10-03T21:39:12.2682715Z    Compiling wasmparser v0.247.0
2026-10-03T21:39:16.5222377Z    Compiling termcolor v1.4.1
2026-10-03T21:39:17.5929026Z    Compiling home v0.5.12
2026-10-03T21:39:17.8381602Z    Compiling wait-timeout v0.2.1
2026-10-03T21:39:18.0043513Z    Compiling canonical-path v2.0.2
2026-10-03T21:39:18.3043070Z    Compiling abscissa_core v0.9.0
2026-10-03T21:39:27.2235299Z    Compiling display-error-chain v0.2.2
2026-10-03T21:39:48.3148434Z    Compiling rustls-webpki v0.103.13
2026-10-03T21:39:53.8061069Z    Compiling tokio-rustls v0.26.4
2026-10-03T21:39:53.8061998Z    Compiling rustls-platform-verifier v0.7.0
2026-10-03T21:39:54.2052789Z    Compiling hyper-rustls v0.27.9
2026-10-03T21:39:54.6962879Z    Compiling reqwest v0.13.3
2026-10-03T21:39:58.4789668Z    Compiling gix-transport v0.57.1
2026-10-03T21:40:01.1042109Z    Compiling gix-protocol v0.62.0
2026-10-03T21:40:08.8423251Z    Compiling gix v0.84.0
2026-10-03T21:40:11.6404877Z    Compiling tame-index v0.26.3
2026-10-03T21:40:27.5725727Z    Compiling rustsec v0.33.0
2026-10-03T21:40:32.3128978Z    Compiling cargo-audit v0.22.2
2026-10-03T21:41:19.0729913Z     Finished `release` profile [optimized] target(s) in 6m 04s
2026-10-03T21:41:19.1120141Z   Installing C:\Users\runneradmin\.cargo\bin\cargo-audit.exe
2026-10-03T21:41:19.1127035Z    Installed package `cargo-audit v0.22.2` (executable `cargo-audit.exe`)
2026-10-03T21:41:20.1042016Z     Updating crates.io index
2026-10-03T21:41:20.2741254Z  Downloading crates ...
2026-10-03T21:41:21.3422942Z   Downloaded cargo-deny v0.20.2
2026-10-03T21:41:21.5316980Z   Installing cargo-deny v0.20.2
2026-10-03T21:41:21.5318325Z warning: default toolchain implicitly overridden with `1.98.0-x86_64-pc-windows-msvc` by rustup toolchain file
2026-10-03T21:41:21.5319225Z   |
2026-10-03T21:41:21.5319814Z   = help: use `cargo +stable install` if you meant to use the stable toolchain
2026-10-03T21:41:21.5321191Z   = note: rustup selects the toolchain based on the parent environment and not the environment of the package being installed
2026-10-03T21:41:21.5368089Z     Updating crates.io index
2026-10-03T21:41:21.8533888Z     Updating crates.io index
2026-10-03T21:41:21.9234243Z  Downloading crates ...
2026-10-03T21:41:21.9732762Z   Downloaded anyhow v1.0.103
2026-10-03T21:41:22.0220028Z   Downloaded bitvec v1.0.1
2026-10-03T21:41:22.1795754Z   Downloaded codespan v0.13.1
2026-10-03T21:41:22.1889097Z   Downloaded cfg-expr v0.20.7
2026-10-03T21:41:22.2157099Z   Downloaded crossbeam v0.8.4
2026-10-03T21:41:22.2250727Z   Downloaded either v1.16.0
2026-10-03T21:41:22.2380265Z   Downloaded codespan-reporting v0.13.1
2026-10-03T21:41:22.3426155Z   Downloaded crossbeam-epoch v0.9.20
2026-10-03T21:41:22.3622170Z   Downloaded crossbeam-queue v0.3.12
2026-10-03T21:41:22.3720209Z   Downloaded funty v2.0.0
2026-10-03T21:41:22.3778506Z   Downloaded fern v0.7.1
2026-10-03T21:41:22.4070312Z   Downloaded icu_normalizer v2.2.0
2026-10-03T21:41:22.4340124Z   Downloaded idna_adapter v1.2.2
2026-10-03T21:41:22.4425499Z   Downloaded plain v0.2.3
2026-10-03T21:41:22.4522067Z   Downloaded pkg-config v0.3.33
2026-10-03T21:41:22.4646689Z   Downloaded globset v0.4.18
2026-10-03T21:41:22.4754455Z   Downloaded memmap2 v0.9.11
2026-10-03T21:41:22.4878102Z   Downloaded icu_provider v2.2.0
2026-10-03T21:41:22.5066275Z   Downloaded krates v0.21.2
2026-10-03T21:41:22.5238182Z   Downloaded icu_properties v2.2.0
2026-10-03T21:41:22.5392894Z   Downloaded icu_locale_core v2.2.0
2026-10-03T21:41:22.6016702Z   Downloaded icu_normalizer_data v2.2.0
2026-10-03T21:41:22.6153027Z   Downloaded icu_collections v2.2.0
2026-10-03T21:41:22.6776394Z   Downloaded icu_properties_data v2.2.0
2026-10-03T21:41:22.7784464Z   Downloaded goblin v0.10.5
2026-10-03T21:41:22.8276376Z   Downloaded radium v0.7.0
2026-10-03T21:41:22.8362714Z   Downloaded scroll v0.13.0
2026-10-03T21:41:22.8486389Z   Downloaded scroll_derive v0.13.1
2026-10-03T21:41:22.8553328Z   Downloaded sha2 v0.10.9
2026-10-03T21:41:23.2311190Z   Downloaded strum v0.28.0
2026-10-03T21:41:23.2380571Z   Downloaded serde_json v1.0.150
2026-10-03T21:41:23.3001203Z   Downloaded jiff v0.2.24
2026-10-03T21:41:23.3936251Z   Downloaded petgraph v0.8.1
2026-10-03T21:41:23.4976929Z   Downloaded strum_macros v0.28.0
2026-10-03T21:41:23.5210769Z   Downloaded tap v1.0.1
2026-10-03T21:41:23.5300500Z   Downloaded target-lexicon v0.13.3
2026-10-03T21:41:23.5472387Z   Downloaded unicode-width v0.2.2
2026-10-03T21:41:23.5637366Z   Downloaded zerofrom v0.1.8
2026-10-03T21:41:23.5712414Z   Downloaded spdx v0.13.4
2026-10-03T21:41:24.0355357Z   Downloaded wyz v0.5.1
2026-10-03T21:41:24.0450952Z   Downloaded zstd-safe v7.2.4
2026-10-03T21:41:24.0599755Z   Downloaded zstd v0.13.3
2026-10-03T21:41:24.0851196Z   Downloaded zstd-sys v2.0.16+zstd.1.5.7
2026-10-03T21:41:24.8498059Z    Compiling proc-macro2 v1.0.106
2026-10-03T21:41:24.8498756Z    Compiling unicode-ident v1.0.24
2026-10-03T21:41:24.8499418Z    Compiling quote v1.0.45
2026-10-03T21:41:24.8500142Z    Compiling windows-link v0.2.1
2026-10-03T21:41:24.9225575Z    Compiling windows-sys v0.61.2
2026-10-03T21:41:24.9705600Z    Compiling getrandom v0.3.4
2026-10-03T21:41:25.2392297Z    Compiling cfg-if v1.0.4
2026-10-03T21:41:25.3208494Z    Compiling stable_deref_trait v1.2.1
2026-10-03T21:41:25.3867815Z    Compiling serde_core v1.0.228
2026-10-03T21:41:25.6034245Z    Compiling jobserver v0.1.34
2026-10-03T21:41:25.8097313Z    Compiling shlex v1.3.0
2026-10-03T21:41:26.0600853Z    Compiling find-msvc-tools v0.1.9
2026-10-03T21:41:26.0704656Z    Compiling smallvec v1.15.1
2026-10-03T21:41:26.7868913Z    Compiling syn v2.0.117
2026-10-03T21:41:27.3648961Z    Compiling cc v1.2.62
2026-10-03T21:41:27.3828679Z    Compiling crossbeam-utils v0.8.21
2026-10-03T21:41:27.7973230Z    Compiling memchr v2.8.0
2026-10-03T21:41:30.0569692Z    Compiling synstructure v0.13.2
2026-10-03T21:41:30.4809002Z    Compiling serde v1.0.228
2026-10-03T21:41:30.6510734Z    Compiling version_check v0.9.5
2026-10-03T21:41:30.8249748Z    Compiling winapi-util v0.1.11
2026-10-03T21:41:30.9433932Z    Compiling crossbeam-epoch v0.9.20
2026-10-03T21:41:31.0849741Z    Compiling generic-array v0.14.7
2026-10-03T21:41:31.2068475Z    Compiling writeable v0.6.3
2026-10-03T21:41:31.2812678Z    Compiling litemap v0.8.2
2026-10-03T21:41:31.3514389Z    Compiling pkg-config v0.3.33
2026-10-03T21:41:31.5958614Z    Compiling icu_normalizer_data v2.2.0
2026-10-03T21:41:31.6462723Z    Compiling icu_properties_data v2.2.0
2026-10-03T21:41:31.8544910Z    Compiling typenum v1.20.0
2026-10-03T21:41:31.8883238Z    Compiling utf8_iter v1.0.4
2026-10-03T21:41:32.1540388Z    Compiling zerofrom-derive v0.1.7
2026-10-03T21:41:32.2022889Z    Compiling yoke-derive v0.8.2
2026-10-03T21:41:32.6478611Z    Compiling zerovec-derive v0.11.3
2026-10-03T21:41:33.1293999Z    Compiling displaydoc v0.2.5
2026-10-03T21:41:33.4770377Z    Compiling serde_derive v1.0.228
2026-10-03T21:41:33.4830716Z    Compiling zerofrom v0.1.8
2026-10-03T21:41:33.6381632Z    Compiling yoke v0.8.2
2026-10-03T21:41:33.9391899Z    Compiling zstd-sys v2.0.16+zstd.1.5.7
2026-10-03T21:41:34.0869626Z    Compiling zerotrie v0.2.4
2026-10-03T21:41:34.4640207Z    Compiling zerovec v0.11.6
2026-10-03T21:41:35.4412644Z    Compiling tinystr v0.8.3
2026-10-03T21:41:35.6980683Z    Compiling icu_locale_core v2.2.0
2026-10-03T21:41:35.7095983Z    Compiling potential_utf v0.1.5
2026-10-03T21:41:35.9042190Z    Compiling icu_collections v2.2.0
2026-10-03T21:41:36.8399782Z    Compiling zmij v1.0.21
2026-10-03T21:41:37.1711049Z    Compiling icu_provider v2.2.0
2026-10-03T21:41:38.0140941Z    Compiling crossbeam-deque v0.8.6
2026-10-03T21:41:38.5951198Z    Compiling termcolor v1.4.1
2026-10-03T21:41:39.3049378Z    Compiling aho-corasick v1.1.4
2026-10-03T21:41:39.4481769Z    Compiling target-lexicon v0.13.3
2026-10-03T21:41:40.1431146Z    Compiling anstyle v1.0.14
2026-10-03T21:41:41.0689965Z    Compiling camino v1.2.2
2026-10-03T21:41:41.2388337Z    Compiling zstd-safe v7.2.4
2026-10-03T21:41:41.5760767Z    Compiling utf8parse v0.2.2
2026-10-03T21:41:41.6164742Z    Compiling rayon-core v1.13.0
2026-10-03T21:41:41.6741557Z    Compiling equivalent v1.0.2
2026-10-03T21:41:41.7498602Z    Compiling once_cell_polyfill v1.70.2
2026-10-03T21:41:41.8120231Z    Compiling itoa v1.0.18
2026-10-03T21:41:41.8555347Z    Compiling unicode-width v0.2.2
2026-10-03T21:41:42.0379980Z    Compiling serde_json v1.0.150
2026-10-03T21:41:42.2084017Z    Compiling regex-syntax v0.8.10
2026-10-03T21:41:42.3000803Z    Compiling codespan-reporting v0.13.1
2026-10-03T21:41:44.3097793Z    Compiling anstyle-wincon v3.0.11
2026-10-03T21:41:44.8162614Z    Compiling anstyle-parse v1.0.0
2026-10-03T21:41:45.1303573Z    Compiling icu_properties v2.2.0
2026-10-03T21:41:47.0927789Z    Compiling regex-automata v0.4.14
2026-10-03T21:41:48.9653273Z    Compiling icu_normalizer v2.2.0
2026-10-03T21:41:51.5253528Z    Compiling crypto-common v0.1.7
2026-10-03T21:41:51.8287856Z    Compiling block-buffer v0.10.4
2026-10-03T21:41:52.2563932Z    Compiling anstyle-query v1.1.5
2026-10-03T21:41:52.4508543Z    Compiling allocator-api2 v0.2.21
2026-10-03T21:41:52.9660792Z    Compiling foldhash v0.1.5
2026-10-03T21:41:53.0618123Z    Compiling hashbrown v0.17.1
2026-10-03T21:41:53.1865203Z    Compiling log v0.4.29
2026-10-03T21:41:53.4155976Z    Compiling thiserror v2.0.18
2026-10-03T21:41:53.8061864Z    Compiling is_terminal_polyfill v1.70.2
2026-10-03T21:41:53.8868300Z    Compiling colorchoice v1.0.5
2026-10-03T21:41:54.0207008Z    Compiling radium v0.7.0
2026-10-03T21:41:54.2109872Z    Compiling tinyvec_macros v0.1.1
2026-10-03T21:41:54.3116890Z    Compiling parking_lot_core v0.9.12
2026-10-03T21:41:54.4370702Z    Compiling tinyvec v1.11.0
2026-10-03T21:41:54.6057483Z    Compiling indexmap v2.14.0
2026-10-03T21:41:55.4283781Z    Compiling anstream v1.0.0
2026-10-03T21:41:56.1903210Z    Compiling hashbrown v0.15.5
2026-10-03T21:41:56.1973682Z    Compiling digest v0.10.7
2026-10-03T21:41:57.5463563Z    Compiling idna_adapter v1.2.2
2026-10-03T21:42:00.3396680Z    Compiling thiserror-impl v2.0.18
2026-10-03T21:42:01.4993828Z    Compiling scroll_derive v0.13.1
2026-10-03T21:42:02.5642143Z    Compiling semver v1.0.28
2026-10-03T21:42:02.9881406Z    Compiling ring v0.17.14
2026-10-03T21:42:03.1675423Z    Compiling scopeguard v1.2.0
2026-10-03T21:42:03.2574376Z    Compiling tap v1.0.1
2026-10-03T21:42:03.4320229Z    Compiling anyhow v1.0.103
2026-10-03T21:42:03.5941996Z    Compiling clap_lex v1.1.0
2026-10-03T21:42:03.8135511Z    Compiling heck v0.5.0
2026-10-03T21:42:04.0683378Z    Compiling strsim v0.11.1
2026-10-03T21:42:04.1796464Z    Compiling bytes v1.11.1
2026-10-03T21:42:04.1873564Z    Compiling percent-encoding v2.3.2
2026-10-03T21:42:04.5606690Z    Compiling cpufeatures v0.2.17
2026-10-03T21:42:04.6285715Z    Compiling fixedbitset v0.5.7
2026-10-03T21:42:05.3221435Z    Compiling either v1.16.0
2026-10-03T21:42:05.3389855Z    Compiling http v1.4.0
2026-10-03T21:42:05.5538543Z    Compiling petgraph v0.8.1
2026-10-03T21:42:05.6442017Z    Compiling rayon v1.12.0
2026-10-03T21:42:08.0784939Z    Compiling sha2 v0.10.9
2026-10-03T21:42:08.7098542Z    Compiling zstd v0.13.3
2026-10-03T21:42:08.7519710Z    Compiling clap_builder v4.6.0
2026-10-03T21:42:09.1967874Z    Compiling form_urlencoded v1.2.2
2026-10-03T21:42:09.4828179Z    Compiling strum_macros v0.28.0
2026-10-03T21:42:09.9146933Z    Compiling wyz v0.5.1
2026-10-03T21:42:10.5483643Z    Compiling lock_api v0.4.14
2026-10-03T21:42:10.9207689Z    Compiling scroll v0.13.0
2026-10-03T21:42:11.3943280Z    Compiling cfg-expr v0.20.7
2026-10-03T21:42:12.7596370Z    Compiling idna v1.1.0
2026-10-03T21:42:13.0196145Z    Compiling unicode-normalization v0.1.25
2026-10-03T21:42:14.6108369Z    Compiling regex v1.12.3
2026-10-03T21:42:14.8088946Z    Compiling toml-span v0.7.1
2026-10-03T21:42:15.4212195Z    Compiling smol_str v0.3.2
2026-10-03T21:42:15.8125550Z    Compiling getrandom v0.2.17
2026-10-03T21:42:15.9993094Z    Compiling same-file v1.0.6
2026-10-03T21:42:16.1009633Z    Compiling crossbeam-channel v0.5.15
2026-10-03T21:42:16.2103785Z    Compiling crossbeam-queue v0.3.12
2026-10-03T21:42:16.4186122Z    Compiling bstr v1.12.1
2026-10-03T21:42:17.0715638Z    Compiling twox-hash v2.1.2
2026-10-03T21:42:17.2745417Z    Compiling funty v2.0.0
2026-10-03T21:42:17.4304862Z    Compiling plain v0.2.3
2026-10-03T21:42:17.5480457Z    Compiling rustc-stable-hash v0.1.2
2026-10-03T21:42:17.8151222Z    Compiling untrusted v0.9.0
2026-10-03T21:42:18.8497783Z    Compiling bitvec v1.0.1
2026-10-03T21:42:19.0152326Z    Compiling tame-index v0.26.3
2026-10-03T21:42:22.0499453Z    Compiling goblin v0.10.5
2026-10-03T21:42:22.9792491Z    Compiling globset v0.4.18
2026-10-03T21:42:23.4414238Z    Compiling crossbeam v0.8.4
2026-10-03T21:42:23.5224450Z    Compiling walkdir v2.5.0
2026-10-03T21:42:24.4032840Z    Compiling spdx v0.13.4
2026-10-03T21:42:26.5378611Z    Compiling parking_lot v0.12.5
2026-10-03T21:42:27.2067189Z    Compiling url v2.5.8
2026-10-03T21:42:27.7324610Z    Compiling strum v0.28.0
2026-10-03T21:42:27.8488677Z    Compiling clap v4.6.1
2026-10-03T21:42:27.9339724Z    Compiling krates v0.21.2
2026-10-03T21:42:29.7305430Z    Compiling fern v0.7.1
2026-10-03T21:42:30.2080383Z    Compiling codespan v0.13.1
2026-10-03T21:42:30.7749868Z    Compiling nu-ansi-term v0.50.3
2026-10-03T21:42:31.3417534Z    Compiling memmap2 v0.9.11
2026-10-03T21:42:31.4149271Z    Compiling jiff v0.2.24
2026-10-03T21:42:36.0113347Z    Compiling cargo-deny v0.20.2
2026-10-03T21:44:42.1327686Z     Finished `release` profile [optimized] target(s) in 3m 22s
2026-10-03T21:44:42.1468548Z   Installing C:\Users\runneradmin\.cargo\bin\cargo-deny.exe
2026-10-03T21:44:42.1475973Z    Installed package `cargo-deny v0.20.2` (executable `cargo-deny.exe`)
2026-10-03T21:44:42.5943184Z ##[group]Run set -euo pipefail
2026-10-03T21:44:42.5943802Z [36;1mset -euo pipefail[0m
2026-10-03T21:44:42.5944206Z [36;1mxdg_fixture="$RUNNER_TEMP/xdg-oracle-windows.json"[0m
2026-10-03T21:44:42.5944715Z [36;1mdoctor_fixture="$RUNNER_TEMP/guard-doctor-oracle-windows.json"[0m
2026-10-03T21:44:42.5945320Z [36;1minstructions_fixture="$RUNNER_TEMP/instructions-oracle-windows.json"[0m
2026-10-03T21:44:42.5945887Z [36;1mcli_fixture="$RUNNER_TEMP/cli-tree-oracle-windows.json"[0m
2026-10-03T21:44:42.5946439Z [36;1mactivity_cli_fixture="$RUNNER_TEMP/activity-cli-oracle-windows.json"[0m
2026-10-03T21:44:42.5947577Z [36;1mprofile_remove_fixture="$RUNNER_TEMP/profile-remove-oracle-windows.json"[0m
2026-10-03T21:44:42.5948156Z [36;1mskills_fixture="$RUNNER_TEMP/skills-oracle-windows.json"[0m
2026-10-03T21:44:42.5949130Z [36;1mskills_install_fixture="$RUNNER_TEMP/skills-install-oracle-windows.json"[0m
2026-10-03T21:44:42.5949764Z [36;1mcli_go_binary="$PWD/target/go/symbrain-go.exe"[0m
2026-10-03T21:44:42.5950319Z [36;1m./scripts/run-go-oracle.sh HEAD run ./scripts/xdg-oracle -output "$xdg_fixture"[0m
2026-10-03T21:44:42.5951038Z [36;1m./scripts/run-go-oracle.sh HEAD run ./guard/scripts/guard-doctor-oracle -output "$doctor_fixture"[0m
2026-10-03T21:44:42.5951818Z [36;1m./scripts/run-go-oracle.sh HEAD run ./scripts/instructions-oracle -output "$instructions_fixture"[0m
2026-10-03T21:44:42.5952390Z [36;1mmkdir -p "$(dirname "$cli_go_binary")"[0m
2026-10-03T21:44:42.5952953Z [36;1m./scripts/run-go-oracle.sh HEAD build -ldflags "-X main.version=dev" -o "$cli_go_binary" ./cmd/symbrain[0m
2026-10-03T21:44:42.5953589Z [36;1mgo_toolchain="$(awk '$1 == "go" { print "go" $2; exit }' go.mod)"[0m
2026-10-03T21:44:42.5954260Z [36;1mGOTOOLCHAIN="$go_toolchain" CGO_ENABLED=0 go run ./scripts/cli-oracle -go-binary "$cli_go_binary" -output "$cli_fixture"[0m
2026-10-03T21:44:42.5955174Z [36;1mGOTOOLCHAIN="$go_toolchain" CGO_ENABLED=0 go run ./scripts/activity-cli-oracle -go-binary "$cli_go_binary" -output "$activity_cli_fixture"[0m
2026-10-03T21:44:42.5956032Z [36;1m./scripts/run-go-oracle.sh HEAD run ./scripts/profile-remove-oracle -output "$profile_remove_fixture"[0m
2026-10-03T21:44:42.5956713Z [36;1m./scripts/run-go-oracle.sh HEAD run ./scripts/skills-oracle -output "$skills_fixture"[0m
2026-10-03T21:44:42.5958023Z [36;1m./scripts/run-go-oracle.sh HEAD run ./scripts/skills-install-oracle -output "$skills_install_fixture"[0m
2026-10-03T21:44:42.5958626Z [36;1mscan_fixture="$RUNNER_TEMP/guard-scan-oracle-windows.json"[0m
2026-10-03T21:44:42.5959211Z [36;1mSYMBRAIN_GUARD_SCAN_ORACLE_FIXTURE="$scan_fixture" ./guard/scripts/guard-scan-oracle/run.sh write[0m
2026-10-03T21:44:42.5959848Z [36;1mecho "SYMBRAIN_XDG_ORACLE_FIXTURE=$xdg_fixture" >> "$GITHUB_ENV"[0m
2026-10-03T21:44:42.5960794Z [36;1mecho "SYMBRAIN_GUARD_DOCTOR_ORACLE_FIXTURE=$doctor_fixture" >> "$GITHUB_ENV"[0m
2026-10-03T21:44:42.5961403Z [36;1mecho "SYMBRAIN_INSTRUCTIONS_ORACLE_FIXTURE=$instructions_fixture" >> "$GITHUB_ENV"[0m
2026-10-03T21:44:42.5961983Z [36;1mecho "SYMBRAIN_CLI_TREE_ORACLE_FIXTURE=$cli_fixture" >> "$GITHUB_ENV"[0m
2026-10-03T21:44:42.5962540Z [36;1mecho "SYMBRAIN_ACTIVITY_CLI_ORACLE_FIXTURE=$activity_cli_fixture" >> "$GITHUB_ENV"[0m
2026-10-03T21:44:42.5963195Z [36;1mecho "SYMBRAIN_PROFILE_REMOVE_ORACLE_FIXTURE=$profile_remove_fixture" >> "$GITHUB_ENV"[0m
2026-10-03T21:44:42.5963777Z [36;1mecho "SYMBRAIN_SKILLS_ORACLE_FIXTURE=$skills_fixture" >> "$GITHUB_ENV"[0m
2026-10-03T21:44:42.5964337Z [36;1mecho "SYMBRAIN_SKILLS_INSTALL_ORACLE_FIXTURE=$skills_install_fixture" >> "$GITHUB_ENV"[0m
2026-10-03T21:44:42.5964908Z [36;1mecho "SYMBRAIN_GUARD_SCAN_ORACLE_FIXTURE=$scan_fixture" >> "$GITHUB_ENV"[0m
2026-10-03T21:44:42.5982804Z shell: C:\Program Files\Git\bin\bash.EXE --noprofile --norc -e -o pipefail {0}
2026-10-03T21:44:42.5983282Z env:
2026-10-03T21:44:42.5983496Z   GOTOOLCHAIN: local
2026-10-03T21:44:42.5983710Z ##[endgroup]
2026-10-03T21:44:47.5201239Z Wrote D:\a\_temp/xdg-oracle-windows.json (256 cases)
2026-10-03T21:44:52.7532049Z Wrote D:\a\_temp/guard-doctor-oracle-windows.json (9 cases)
2026-10-03T21:44:57.6407346Z Wrote D:\a\_temp/instructions-oracle-windows.json (32 cases)
2026-10-03T21:45:26.8217766Z Wrote D:\a\_temp/cli-tree-oracle-windows.json (88 cases)
2026-10-03T21:45:30.5849121Z Wrote D:\a\_temp/activity-cli-oracle-windows.json
2026-10-03T21:45:38.4166583Z Wrote D:\a\_temp/profile-remove-oracle-windows.json (19 cases)
2026-10-03T21:45:44.1915052Z Wrote D:\a\_temp/skills-oracle-windows.json
2026-10-03T21:45:47.6873230Z Wrote D:\a\_temp/skills-install-oracle-windows.json (11 cases)
2026-10-03T21:46:26.0192122Z Wrote D:\a\_temp\guard-scan-oracle-windows.json (8 cases)
2026-10-03T21:46:26.0632706Z ##[group]Run make rust-check
2026-10-03T21:46:26.0633072Z [36;1mmake rust-check[0m
2026-10-03T21:46:26.0650965Z shell: C:\Program Files\Git\bin\bash.EXE --noprofile --norc -e -o pipefail {0}
2026-10-03T21:46:26.0651378Z env:
2026-10-03T21:46:26.0651576Z   GOTOOLCHAIN: local
2026-10-03T21:46:26.0651903Z   SYMBRAIN_XDG_ORACLE_FIXTURE: D:\a\_temp/xdg-oracle-windows.json
2026-10-03T21:46:26.0652476Z   SYMBRAIN_GUARD_DOCTOR_ORACLE_FIXTURE: D:\a\_temp/guard-doctor-oracle-windows.json
2026-10-03T21:46:26.0653057Z   SYMBRAIN_INSTRUCTIONS_ORACLE_FIXTURE: D:\a\_temp/instructions-oracle-windows.json
2026-10-03T21:46:26.0653630Z   SYMBRAIN_CLI_TREE_ORACLE_FIXTURE: D:\a\_temp/cli-tree-oracle-windows.json
2026-10-03T21:46:26.0654177Z   SYMBRAIN_ACTIVITY_CLI_ORACLE_FIXTURE: D:\a\_temp/activity-cli-oracle-windows.json
2026-10-03T21:46:26.0654746Z   SYMBRAIN_PROFILE_REMOVE_ORACLE_FIXTURE: D:\a\_temp/profile-remove-oracle-windows.json
2026-10-03T21:46:26.0655333Z   SYMBRAIN_SKILLS_ORACLE_FIXTURE: D:\a\_temp/skills-oracle-windows.json
2026-10-03T21:46:26.0656139Z   SYMBRAIN_SKILLS_INSTALL_ORACLE_FIXTURE: D:\a\_temp/skills-install-oracle-windows.json
2026-10-03T21:46:26.0656724Z   SYMBRAIN_GUARD_SCAN_ORACLE_FIXTURE: D:\a\_temp/guard-scan-oracle-windows.json
2026-10-03T21:46:26.0657144Z ##[endgroup]
2026-10-03T21:46:26.7430220Z ./scripts/run-go-oracle.sh "HEAD" run scripts/generate-go-printable-table.go -check
2026-10-03T21:46:28.9409769Z ./scripts/run-go-oracle.sh "HEAD" run ./scripts/usage-oracle -check
2026-10-03T21:46:31.8251837Z PASS: usage oracle deterministic check passed (10 providers, 10 cases)
2026-10-03T21:46:32.2113133Z SYMAIRA_EXTERNAL_BASE="" bash D:/a/symaira-brain/symaira-brain/scripts/run-external-env.sh env GOTOOLCHAIN=go1.26.7 go run ./scripts/usage-request-oracle/opencode -check
2026-10-03T21:46:33.7448669Z ./scripts/run-go-oracle.sh "HEAD" test -count=1 ./internal/gateway -run '^TestUsageDiscoveryIsDeferredAndRepeatedPerCall$'
2026-10-03T21:46:47.2844911Z ok  	github.com/danieljustus/symaira-brain/internal/gateway	0.495s [no tests to run]
2026-10-03T21:46:47.8319844Z ./scripts/run-go-oracle.sh "HEAD" build -ldflags "-X main.version=dev" -o "D:/a/symaira-brain/symaira-brain/target/go/symbrain-go" ./cmd/symbrain
2026-10-03T21:46:54.5916059Z SYMAIRA_EXTERNAL_BASE="" bash D:/a/symaira-brain/symaira-brain/scripts/run-external-env.sh env GOTOOLCHAIN=go1.26.7 CGO_ENABLED=0 go run ./scripts/activity-cli-oracle -go-binary "D:/a/symaira-brain/symaira-brain/target/go/symbrain-go" -check
2026-10-03T21:46:55.6449138Z PASS: bounded activity CLI Go oracle is current
2026-10-03T21:46:55.6555287Z ./scripts/run-go-oracle.sh "HEAD" run ./scripts/policy-oracle -check
2026-10-03T21:46:57.8129626Z PASS: policy oracle deterministic check passed (0 drift on 50 profile cases, 30 policy cases)
2026-10-03T21:46:58.2016695Z ./scripts/run-go-oracle.sh "HEAD" run ./scripts/xdg-oracle -check
2026-10-03T21:47:02.9202154Z PASS: xdg oracle deterministic check passed (0 drift on 256 cases)
2026-10-03T21:47:03.3154192Z ./scripts/run-go-oracle.sh "HEAD" run ./guard/scripts/guard-oracle -check
2026-10-03T21:47:05.5353562Z PASS: guard oracle deterministic check passed (0 drift on 164 cases)
2026-10-03T21:47:05.9286419Z ./scripts/run-go-oracle.sh "HEAD" run ./guard/scripts/guard-doctor-oracle -check
2026-10-03T21:47:07.9438004Z PASS: guard doctor oracle deterministic check passed (0 drift on 9 cases)
2026-10-03T21:47:08.3916361Z ./guard/scripts/guard-scan-oracle/run.sh check
2026-10-03T21:47:11.9399738Z PASS: guard scan oracle byte check passed (8 cases; POSIX TTY case excluded)
2026-10-03T21:47:11.9532496Z ./guard/scripts/guard-scan-oracle/run.sh test
2026-10-03T21:47:12.5459538Z .....
2026-10-03T21:47:12.5460309Z ----------------------------------------------------------------------
2026-10-03T21:47:12.5460908Z Ran 5 tests in 0.272s
2026-10-03T21:47:12.5461101Z 
2026-10-03T21:47:12.5461247Z OK
2026-10-03T21:47:12.5624429Z ./scripts/run-go-oracle.sh "HEAD" run ./scripts/catalog-oracle -check
2026-10-03T21:47:14.6838620Z PASS: catalog oracle deterministic check passed (0 drift on 3 cases)
2026-10-03T21:47:15.0665397Z ./scripts/run-go-oracle.sh "HEAD" run ./scripts/audit-oracle -check
2026-10-03T21:47:17.0792095Z PASS: audit oracle deterministic check passed
2026-10-03T21:47:17.4634617Z ./scripts/run-go-oracle.sh "HEAD" run ./scripts/patterns-activity-oracle -check
2026-10-03T21:47:20.3632793Z PASS: patterns/activity oracle deterministic check passed
2026-10-03T21:47:20.7586214Z ./scripts/run-go-oracle.sh "HEAD" run ./scripts/mcp-oracle -check
2026-10-03T21:47:22.5012330Z PASS: MCP oracle deterministic check passed (20 cases)
2026-10-03T21:47:22.9456202Z ./scripts/run-go-oracle.sh "HEAD" run ./scripts/gateway-oracle -check
2026-10-03T21:47:31.6517660Z PASS: gateway oracle deterministic check passed (8 cases)
2026-10-03T21:47:32.0894538Z ./scripts/run-go-oracle.sh "HEAD" run ./scripts/broker-oracle -check
2026-10-03T21:47:35.4560792Z PASS: broker oracle deterministic check passed
2026-10-03T21:47:35.8472685Z ./scripts/run-go-oracle.sh "HEAD" test ./internal/managed -run TestRustManagedOracleFixture -count=1
2026-10-03T21:47:39.0141717Z ok  	github.com/danieljustus/symaira-brain/internal/managed	0.028s
2026-10-03T21:47:39.4384674Z ./scripts/run-go-oracle.sh "HEAD" run ./scripts/skills-oracle -check
2026-10-03T21:47:42.3944745Z PASS: skills oracle deterministic check passed
2026-10-03T21:47:42.8051155Z ./scripts/run-go-oracle.sh "HEAD" run ./scripts/instructions-oracle -check
2026-10-03T21:47:45.1256205Z PASS: instructions oracle deterministic check passed (32 cases)
2026-10-03T21:47:45.5514580Z ./scripts/run-go-oracle.sh "HEAD" run ./scripts/adapters-oracle -check
2026-10-03T21:47:47.9014353Z PASS: adapters oracle deterministic check passed (25 cases)
2026-10-03T21:47:48.2941030Z ./scripts/run-go-oracle.sh "HEAD" run ./scripts/install-oracle -check
2026-10-03T21:47:56.4415602Z PASS: install oracle deterministic check passed (21 cases)
2026-10-03T21:47:56.8324283Z ./scripts/run-go-oracle.sh "HEAD" run ./scripts/profile-remove-oracle -check
2026-10-03T21:48:04.7579704Z PASS: profile remove oracle deterministic check passed (19 cases)
2026-10-03T21:48:05.1434170Z ./scripts/run-go-oracle.sh "HEAD" run ./scripts/db-memory-oracle -check
2026-10-03T21:48:07.8323019Z PASS: db-memory oracle deterministic check passed (29 tables, 4 negative cases, 2 ordering cases)
2026-10-03T21:48:08.3064825Z ./scripts/run-go-oracle.sh "HEAD" build -ldflags "-X main.version=dev" -o "D:/a/symaira-brain/symaira-brain/target/go/symbrain-go" ./cmd/symbrain
2026-10-03T21:48:15.0614759Z SYMAIRA_EXTERNAL_BASE="" bash D:/a/symaira-brain/symaira-brain/scripts/run-external-env.sh env GOTOOLCHAIN=go1.26.7 CGO_ENABLED=0 go run ./scripts/cli-oracle -go-binary "D:/a/symaira-brain/symaira-brain/target/go/symbrain-go" -check
2026-10-03T21:48:19.6069797Z PASS: cli oracle deterministic check passed (88 cases)
2026-10-03T21:48:19.6192565Z SYMAIRA_EXTERNAL_BASE="" bash D:/a/symaira-brain/symaira-brain/scripts/run-external-env.sh cargo fmt --all --check
2026-10-03T21:48:22.0943020Z SYMAIRA_EXTERNAL_BASE="" bash D:/a/symaira-brain/symaira-brain/scripts/run-external-env.sh cargo check --workspace --all-targets --all-features --locked
2026-10-03T21:48:22.2750042Z     Updating crates.io index
2026-10-03T21:48:22.2786940Z     Updating git repository `https://github.com/danieljustus/symaira-corekit`
2026-10-03T21:48:25.4293705Z  Downloading crates ...
2026-10-03T21:48:25.4657619Z   Downloaded aws-lc-rs v1.18.1
2026-10-03T21:48:25.6878912Z   Downloaded bytes v1.12.1
2026-10-03T21:48:25.7284890Z   Downloaded cfg_aliases v0.2.2
2026-10-03T21:48:25.7380343Z   Downloaded futures-sink v0.3.34
2026-10-03T21:48:25.7481859Z   Downloaded futures-task v0.3.34
2026-10-03T21:48:25.7745904Z   Downloaded find-msvc-tools v0.1.12
2026-10-03T21:48:25.7933203Z   Downloaded cap-primitives v4.0.3
2026-10-03T21:48:25.9684314Z   Downloaded autocfg v1.5.1
2026-10-03T21:48:25.9888660Z   Downloaded base64 v0.23.1
2026-10-03T21:48:26.0210083Z   Downloaded cap-fs-ext v4.0.3
2026-10-03T21:48:26.0399266Z   Downloaded errno v0.3.14
2026-10-03T21:48:26.0600127Z   Downloaded ambient-authority v0.0.2
2026-10-03T21:48:26.0731535Z   Downloaded crc32fast v1.5.1
2026-10-03T21:48:26.0916528Z   Downloaded flate2 v1.1.10
2026-10-03T21:48:26.1649006Z   Downloaded socket2 v0.6.5
2026-10-03T21:48:26.1764836Z   Downloaded icu_collections v2.3.0
2026-10-03T21:48:26.2601396Z   Downloaded filetime v0.2.29
2026-10-03T21:48:26.2860261Z   Downloaded http v1.5.0
2026-10-03T21:48:26.3471517Z   Downloaded cpufeatures v0.3.1
2026-10-03T21:48:26.3664820Z   Downloaded futures-channel v0.3.34
2026-10-03T21:48:26.3898476Z   Downloaded futures-macro v0.3.34
2026-10-03T21:48:26.4068525Z   Downloaded cap-std v4.0.3
2026-10-03T21:48:26.4421413Z   Downloaded fastrand v2.5.0
2026-10-03T21:48:26.4644326Z   Downloaded fs-set-times v0.20.3
2026-10-03T21:48:26.4859251Z   Downloaded hostname v0.4.2
2026-10-03T21:48:26.5205280Z   Downloaded tar v0.4.46
2026-10-03T21:48:26.5446248Z   Downloaded icu_normalizer_data v2.3.0
2026-10-03T21:48:26.5681121Z   Downloaded rustc-hash v2.1.3
2026-10-03T21:48:26.5800124Z   Downloaded quote v1.0.47
2026-10-03T21:48:26.6127052Z   Downloaded rand_core v0.10.1
2026-10-03T21:48:26.6310794Z   Downloaded tokio-macros v2.7.2
2026-10-03T21:48:26.6432039Z   Downloaded utf8-zero v0.8.1
2026-10-03T21:48:26.6586318Z   Downloaded cc v1.4.5
2026-10-03T21:48:26.6935130Z   Downloaded displaydoc v0.2.7
2026-10-03T21:48:26.7226351Z   Downloaded fallible-iterator v0.3.0
2026-10-03T21:48:26.7343213Z   Downloaded hkdf v0.12.4
2026-10-03T21:48:26.7515243Z   Downloaded icu_provider v2.3.1
2026-10-03T21:48:26.7765103Z   Downloaded litemap v0.8.3
2026-10-03T21:48:26.8073156Z   Downloaded fallible-streaming-iterator v0.1.9
2026-10-03T21:48:26.8182146Z   Downloaded potential_utf v0.1.6
2026-10-03T21:48:26.8287219Z   Downloaded rand_pcg v0.10.2
2026-10-03T21:48:27.1362862Z   Downloaded zerofrom-derive v0.1.8
2026-10-03T21:48:27.1478169Z   Downloaded bitflags v2.13.1
2026-10-03T21:48:27.1990281Z   Downloaded getrandom v0.3.3
2026-10-03T21:48:27.2384182Z   Downloaded synstructure v0.14.0
2026-10-03T21:48:27.2480098Z   Downloaded tinystr v0.8.4
2026-10-03T21:48:27.2704859Z   Downloaded toml_writer v1.1.2+spec-1.1.0
2026-10-03T21:48:27.2820956Z   Downloaded hmac v0.12.1
2026-10-03T21:48:27.3034003Z   Downloaded lru-slab v0.1.3
2026-10-03T21:48:27.3134358Z   Downloaded thiserror v2.0.20
2026-10-03T21:48:27.4138293Z   Downloaded thiserror-impl v2.0.20
2026-10-03T21:48:27.4408511Z   Downloaded tokio-rustls v0.26.6
2026-10-03T21:48:27.4551614Z   Downloaded toml_parser v1.1.3+spec-1.1.0
2026-10-03T21:48:27.4768704Z   Downloaded writeable v0.6.4
2026-10-03T21:48:27.4972095Z   Downloaded zmij v1.0.23
2026-10-03T21:48:27.5110439Z   Downloaded tinyvec v1.13.3
2026-10-03T21:48:27.5433648Z   Downloaded toml_edit v0.25.13+spec-1.1.0
2026-10-03T21:48:27.5942199Z   Downloaded unsafe-libyaml v0.2.11
2026-10-03T21:48:27.6269039Z   Downloaded ureq-proto v0.6.2
2026-10-03T21:48:27.6880392Z   Downloaded typed-path v0.12.3
2026-10-03T21:48:27.7624435Z   Downloaded typenum v1.20.1
2026-10-03T21:48:27.7883694Z   Downloaded http-body v1.1.0
2026-10-03T21:48:27.8019546Z   Downloaded quinn v0.11.12
2026-10-03T21:48:27.8367934Z   Downloaded tokio-util v0.7.19
2026-10-03T21:48:27.9355246Z   Downloaded tower-http v0.6.11
2026-10-03T21:48:28.0655132Z   Downloaded ureq v3.4.1
2026-10-03T21:48:28.1294429Z   Downloaded winx v0.36.4
2026-10-03T21:48:28.1439078Z   Downloaded zeroize v1.9.0
2026-10-03T21:48:28.1594462Z   Downloaded quinn-udp v0.5.16
2026-10-03T21:48:28.1756176Z   Downloaded yoke v0.8.3
2026-10-03T21:48:28.1955217Z   Downloaded chacha20 v0.10.2
2026-10-03T21:48:28.2575868Z   Downloaded futures-core v0.3.34
2026-10-03T21:48:28.5081640Z   Downloaded jobserver v0.1.35
2026-10-03T21:48:28.5296386Z   Downloaded vcpkg v0.2.15
2026-10-03T21:48:29.2681486Z   Downloaded webpki-roots v1.0.9
2026-10-03T21:48:29.2818665Z   Downloaded fs2 v0.4.3
2026-10-03T21:48:29.2927262Z   Downloaded zerotrie v0.2.5
2026-10-03T21:48:29.3321159Z   Downloaded syn v3.0.5
2026-10-03T21:48:29.4226815Z   Downloaded yoke-derive v0.8.4
2026-10-03T21:48:29.4321336Z   Downloaded maybe-owned v0.3.4
2026-10-03T21:48:29.4432161Z   Downloaded hyper-rustls v0.27.10
2026-10-03T21:48:29.4608687Z   Downloaded indexmap v2.14.2
2026-10-03T21:48:29.4996045Z   Downloaded serde_derive v1.0.229
2026-10-03T21:48:29.5409918Z   Downloaded tokio v1.53.1
2026-10-03T21:48:30.2487018Z   Downloaded http-body-util v0.1.5
2026-10-03T21:48:30.2765445Z   Downloaded ipnet v2.12.2
2026-10-03T21:48:30.2945415Z   Downloaded windows-result v0.4.1
2026-10-03T21:48:30.3132940Z   Downloaded windows-strings v0.5.1
2026-10-03T21:48:30.3359597Z   Downloaded pkg-config v0.3.34
2026-10-03T21:48:30.3489927Z   Downloaded serde_core v1.0.229
2026-10-03T21:48:30.3835056Z   Downloaded windows-targets v0.52.6
2026-10-03T21:48:30.3936046Z   Downloaded futures-util v0.3.34
2026-10-03T21:48:30.5936336Z   Downloaded io-lifetimes v2.0.4
2026-10-03T21:48:30.6142828Z   Downloaded hashlink v0.12.1
2026-10-03T21:48:30.6428436Z   Downloaded signal-hook-registry v1.4.8
2026-10-03T21:48:30.6531696Z   Downloaded windows-registry v0.6.1
2026-10-03T21:48:30.6719606Z   Downloaded zerovec-derive v0.11.6
2026-10-03T21:48:30.6928251Z   Downloaded hyper-util v0.1.21
2026-10-03T21:48:30.7937522Z   Downloaded io-extras v0.19.0
2026-10-03T21:48:30.8143889Z   Downloaded io-lifetimes v3.0.1
2026-10-03T21:48:30.8285965Z   Downloaded miniz_oxide v0.9.1
2026-10-03T21:48:30.8563818Z   Downloaded num-traits v0.2.19
2026-10-03T21:48:30.9091342Z   Downloaded ryu v1.0.23
2026-10-03T21:48:30.9473230Z   Downloaded serde_yaml_ng v0.10.0
2026-10-03T21:48:30.9978151Z   Downloaded simd-adler32 v0.3.10
2026-10-03T21:48:31.0351504Z   Downloaded smallvec v1.16.0
2026-10-03T21:48:31.0445202Z   Downloaded getrandom v0.4.3
2026-10-03T21:48:31.0841949Z   Downloaded log v0.4.34
2026-10-03T21:48:31.1086228Z   Downloaded proc-macro2 v1.0.107
2026-10-03T21:48:31.4731600Z   Downloaded rustls-pki-types v1.15.1
2026-10-03T21:48:31.5030394Z   Downloaded rustls-platform-verifier v0.7.1
2026-10-03T21:48:31.5432076Z   Downloaded shlex v2.0.1
2026-10-03T21:48:31.5582079Z   Downloaded signal-hook v0.3.18
2026-10-03T21:48:31.5963333Z   Downloaded icu_locale_core v2.3.0
2026-10-03T21:48:31.6874092Z   Downloaded serde v1.0.229
2026-10-03T21:48:31.7184527Z   Downloaded mio v1.2.3
2026-10-03T21:48:31.7829912Z   Downloaded rand v0.10.3
2026-10-03T21:48:31.8187113Z   Downloaded rustls-webpki v0.103.15
2026-10-03T21:48:31.8579114Z   Downloaded icu_properties v2.3.0
2026-10-03T21:48:31.8847412Z   Downloaded memchr v2.8.3
2026-10-03T21:48:31.9500951Z   Downloaded aho-corasick v1.1.5
2026-10-03T21:48:32.0546708Z   Downloaded icu_properties_data v2.3.0
2026-10-03T21:48:32.4077795Z   Downloaded zerovec v0.11.8
2026-10-03T21:48:32.5352946Z   Downloaded reqwest v0.13.4
2026-10-03T21:48:32.9523843Z   Downloaded serde_json v1.0.151
2026-10-03T21:48:33.2263242Z   Downloaded zip v8.6.0
2026-10-03T21:48:33.3086958Z   Downloaded regex v1.13.1
2026-10-03T21:48:33.3645914Z   Downloaded hyper v1.11.1
2026-10-03T21:48:33.4344701Z   Downloaded rusqlite v0.40.2
2026-10-03T21:48:33.5260937Z   Downloaded winnow v1.0.4
2026-10-03T21:48:33.7541928Z   Downloaded chrono v0.4.45
2026-10-03T21:48:33.8985583Z   Downloaded zlib-rs v0.6.7
2026-10-03T21:48:34.0979023Z   Downloaded quinn-proto v0.11.19
2026-10-03T21:48:34.2040468Z   Downloaded regex-syntax v0.8.11
2026-10-03T21:48:34.4186108Z   Downloaded rustls v0.23.45
2026-10-03T21:48:34.5561590Z   Downloaded rustix v1.1.4
2026-10-03T21:48:34.8524277Z   Downloaded icu_normalizer v2.3.0
2026-10-03T21:48:34.9021545Z   Downloaded regex-automata v0.4.18
2026-10-03T21:48:34.9968019Z   Downloaded libc v0.2.189
2026-10-03T21:48:36.0297445Z   Downloaded windows_x86_64_msvc v0.52.6
2026-10-03T21:48:36.0495302Z   Downloaded windows-sys v0.52.0
2026-10-03T21:48:36.3909216Z   Downloaded libsqlite3-sys v0.38.2
2026-10-03T21:48:36.4824099Z   Downloaded aws-lc-sys v0.45.0
2026-10-03T21:48:39.6730671Z    Compiling proc-macro2 v1.0.107
2026-10-03T21:48:39.6731477Z    Compiling unicode-ident v1.0.24
2026-10-03T21:48:39.6732203Z    Compiling quote v1.0.47
2026-10-03T21:48:39.6733040Z     Checking windows-link v0.2.1
2026-10-03T21:48:39.7231943Z     Checking windows-sys v0.61.2
2026-10-03T21:48:39.7900272Z     Checking cfg-if v1.0.4
2026-10-03T21:48:39.8439632Z     Checking itoa v1.0.18
2026-10-03T21:48:40.0502087Z    Compiling serde_core v1.0.229
2026-10-03T21:48:40.0674937Z    Compiling serde v1.0.229
2026-10-03T21:48:40.4313982Z     Checking memchr v2.8.3
2026-10-03T21:48:41.3683468Z    Compiling syn v3.0.5
2026-10-03T21:48:41.5099417Z    Compiling zmij v1.0.23
2026-10-03T21:48:41.8498342Z     Checking once_cell v1.21.4
2026-10-03T21:48:42.0938292Z    Compiling serde_json v1.0.151
2026-10-03T21:48:42.7498132Z    Compiling getrandom v0.4.3
2026-10-03T21:48:43.2154624Z     Checking fastrand v2.5.0
2026-10-03T21:48:43.4715081Z    Compiling autocfg v1.5.1
2026-10-03T21:48:44.1323607Z    Compiling num-traits v0.2.19
2026-10-03T21:48:44.9765453Z     Checking tempfile v3.27.0
2026-10-03T21:48:45.1264695Z     Checking foldhash v0.2.0
2026-10-03T21:48:45.2358163Z     Checking equivalent v1.0.2
2026-10-03T21:48:45.2694334Z     Checking hashbrown v0.17.1
2026-10-03T21:48:45.2965979Z     Checking subtle v2.6.1
2026-10-03T21:48:45.4646788Z     Checking winnow v1.0.4
2026-10-03T21:48:45.8063274Z    Compiling version_check v0.9.5
2026-10-03T21:48:46.0966661Z     Checking indexmap v2.14.2
2026-10-03T21:48:46.2572812Z    Compiling generic-array v0.14.7
2026-10-03T21:48:46.4845169Z     Checking toml_datetime v1.1.1+spec-1.1.0
2026-10-03T21:48:46.7402423Z     Checking toml_writer v1.1.2+spec-1.1.0
2026-10-03T21:48:47.0393572Z     Checking typenum v1.20.1
2026-10-03T21:48:47.0509574Z     Checking toml_parser v1.1.3+spec-1.1.0
2026-10-03T21:48:47.0547518Z    Compiling windows_x86_64_msvc v0.52.6
2026-10-03T21:48:47.3298530Z     Checking cpufeatures v0.2.17
2026-10-03T21:48:47.4262377Z     Checking windows-targets v0.52.6
2026-10-03T21:48:47.4734949Z     Checking bitflags v2.13.1
2026-10-03T21:48:47.6132419Z     Checking toml_edit v0.25.13+spec-1.1.0
2026-10-03T21:48:47.6681199Z     Checking windows-sys v0.52.0
2026-10-03T21:48:48.4363584Z     Checking ipnet v2.12.2
2026-10-03T21:48:48.7708976Z    Compiling libc v0.2.189
2026-10-03T21:48:49.1835092Z     Checking crypto-common v0.1.7
2026-10-03T21:48:49.3124961Z     Checking block-buffer v0.10.4
2026-10-03T21:48:49.3928510Z    Compiling io-lifetimes v2.0.4
2026-10-03T21:48:49.4495126Z     Checking digest v0.10.7
2026-10-03T21:48:49.7083434Z     Checking sha2 v0.10.9
2026-10-03T21:48:49.7692728Z    Compiling io-lifetimes v3.0.1
2026-10-03T21:48:50.1461205Z    Compiling io-extras v0.19.0
2026-10-03T21:48:50.5380657Z    Compiling cap-primitives v4.0.3
2026-10-03T21:48:50.6389382Z     Checking maybe-owned v0.3.4
2026-10-03T21:48:50.8291622Z    Compiling serde_derive v1.0.229
2026-10-03T21:48:50.8607109Z    Compiling cap-std v4.0.3
2026-10-03T21:48:51.2098985Z     Checking ambient-authority v0.0.2
2026-10-03T21:48:51.2757948Z    Compiling cap-fs-ext v4.0.3
2026-10-03T21:48:51.7077773Z    Compiling shlex v2.0.1
2026-10-03T21:48:51.9508580Z    Compiling jobserver v0.1.35
2026-10-03T21:48:51.9629663Z    Compiling find-msvc-tools v0.1.12
2026-10-03T21:48:52.4174713Z     Checking bytes v1.12.1
2026-10-03T21:48:53.1470864Z    Compiling cc v1.4.5
2026-10-03T21:48:53.4198557Z    Compiling fs_extra v1.3.0
2026-10-03T21:48:53.8679539Z     Checking winx v0.36.4
2026-10-03T21:48:53.9329818Z     Checking fs-set-times v0.20.3
2026-10-03T21:48:54.0813172Z    Compiling dunce v1.0.5
2026-10-03T21:48:54.3219646Z    Compiling winapi v0.3.9
2026-10-03T21:48:54.9289490Z    Compiling cmake v0.1.58
2026-10-03T21:48:55.5548683Z    Compiling aws-lc-rs v1.18.1
2026-10-03T21:48:55.5612595Z     Checking zeroize v1.9.0
2026-10-03T21:48:55.9879527Z     Checking http v1.5.0
2026-10-03T21:48:56.3706758Z    Compiling aws-lc-sys v0.45.0
2026-10-03T21:48:57.1262480Z    Compiling ring v0.17.14
2026-10-03T21:48:57.5153547Z     Checking chrono v0.4.45
2026-10-03T21:48:57.9819091Z     Checking unsafe-libyaml v0.2.11
2026-10-03T21:48:58.9462163Z     Checking ryu v1.0.23
2026-10-03T21:48:58.9720111Z     Checking symbrain-core v0.12.1 (D:\a\symaira-brain\symaira-brain\rust\symbrain-core)
2026-10-03T21:48:59.0813405Z     Checking symbrain-harness v0.12.1 (D:\a\symaira-brain\symaira-brain\rust\symbrain-harness)
2026-10-03T21:48:59.5172703Z     Checking serde_yaml_ng v0.10.0
2026-10-03T21:48:59.9591377Z     Checking fs2 v0.4.3
2026-10-03T21:49:00.0637260Z     Checking rustls-pki-types v1.15.1
2026-10-03T21:49:00.5097368Z     Checking getrandom v0.2.17
2026-10-03T21:49:00.6123488Z     Checking untrusted v0.9.0
2026-10-03T21:49:00.6978420Z    Compiling httparse v1.10.1
2026-10-03T21:49:00.8956220Z    Compiling synstructure v0.14.0
2026-10-03T21:49:01.1686223Z     Checking percent-encoding v2.3.2
2026-10-03T21:49:01.2787265Z    Compiling rustls v0.23.45
2026-10-03T21:49:01.4771989Z     Checking log v0.4.34
2026-10-03T21:49:01.8307265Z     Checking symbrain-skills v0.12.1 (D:\a\symaira-brain\symaira-brain\rust\symbrain-skills)
2026-10-03T21:49:01.8755259Z    Compiling zerofrom-derive v0.1.8
2026-10-03T21:49:04.0288083Z     Checking base64 v0.23.1
2026-10-03T21:49:04.2211544Z     Checking zerofrom v0.1.8
2026-10-03T21:49:04.3458657Z    Compiling yoke-derive v0.8.4
2026-10-03T21:49:04.4469547Z     Checking stable_deref_trait v1.2.1
2026-10-03T21:49:04.5027864Z     Checking symbrain-policy v0.12.1 (D:\a\symaira-brain\symaira-brain\rust\symbrain-policy)
2026-10-03T21:49:04.6716272Z    Compiling zerovec-derive v0.11.6
2026-10-03T21:49:05.3297517Z     Checking ureq-proto v0.6.2
2026-10-03T21:49:05.7359744Z     Checking webpki-roots v1.0.9
2026-10-03T21:49:05.8819237Z    Compiling displaydoc v0.2.7
2026-10-03T21:49:06.2702603Z     Checking yoke v0.8.3
2026-10-03T21:49:06.5021081Z     Checking pin-project-lite v0.2.17
2026-10-03T21:49:06.5853456Z     Checking utf8-zero v0.8.1
2026-10-03T21:49:06.5882091Z     Checking zerovec v0.11.8
2026-10-03T21:49:06.7053770Z     Checking futures-core v0.3.34
2026-10-03T21:49:06.8228960Z     Checking errno v0.3.14
2026-10-03T21:49:06.9826972Z     Checking smallvec v1.16.0
2026-10-03T21:49:07.1205831Z    Compiling tokio-macros v2.7.2
2026-10-03T21:49:07.2280807Z     Checking socket2 v0.6.5
2026-10-03T21:49:07.4206367Z     Checking tinystr v0.8.4
2026-10-03T21:49:07.6005414Z     Checking mio v1.2.3
2026-10-03T21:49:07.6479518Z     Checking litemap v0.8.3
2026-10-03T21:49:07.8685196Z    Compiling rustix v1.1.4
2026-10-03T21:49:08.1231649Z    Compiling getrandom v0.3.3
2026-10-03T21:49:08.1655181Z     Checking writeable v0.6.4
2026-10-03T21:49:08.4759146Z     Checking base64 v0.22.1
2026-10-03T21:49:08.5726130Z     Checking icu_locale_core v2.3.0
2026-10-03T21:49:08.8685533Z     Checking tokio v1.53.1
2026-10-03T21:49:08.8887347Z     Checking potential_utf v0.1.6
2026-10-03T21:49:09.0090275Z     Checking zerotrie v0.2.5
2026-10-03T21:49:09.3411102Z    Compiling icu_normalizer_data v2.3.0
2026-10-03T21:49:09.5466828Z    Compiling icu_properties_data v2.3.0
2026-10-03T21:49:09.7794311Z     Checking utf8_iter v1.0.4
2026-10-03T21:49:09.8122978Z     Checking icu_provider v2.3.1
2026-10-03T21:49:09.9058849Z     Checking icu_collections v2.3.0
2026-10-03T21:49:10.4297688Z    Compiling futures-macro v0.3.34
2026-10-03T21:49:10.4545385Z     Checking aho-corasick v1.1.5
2026-10-03T21:49:11.6914478Z     Checking futures-task v0.3.34
2026-10-03T21:49:11.7257613Z     Checking regex-syntax v0.8.11
2026-10-03T21:49:11.8298495Z     Checking slab v0.4.12
2026-10-03T21:49:11.9971628Z     Checking futures-util v0.3.34
2026-10-03T21:49:13.6315469Z     Checking http-body v1.1.0
2026-10-03T21:49:13.7694051Z     Checking icu_properties v2.3.0
2026-10-03T21:49:14.2072827Z     Checking regex-automata v0.4.18
2026-10-03T21:49:14.5784071Z     Checking icu_normalizer v2.3.0
2026-10-03T21:49:14.9779195Z     Checking try-lock v0.2.5
2026-10-03T21:49:15.0562985Z     Checking tower-service v0.3.3
2026-10-03T21:49:15.1683621Z     Checking want v0.3.1
2026-10-03T21:49:15.2862116Z     Checking futures-channel v0.3.34
2026-10-03T21:49:15.5198536Z     Checking idna_adapter v1.2.2
2026-10-03T21:49:15.5223637Z     Checking tracing-core v0.1.36
2026-10-03T21:49:15.6233232Z     Checking windows-result v0.4.1
2026-10-03T21:49:15.7986550Z     Checking windows-strings v0.5.1
2026-10-03T21:49:15.9705586Z     Checking atomic-waker v1.1.2
2026-10-03T21:49:16.0094164Z     Checking windows-registry v0.6.1
2026-10-03T21:49:16.0481779Z     Checking hyper v1.11.1
2026-10-03T21:49:16.2232643Z     Checking tracing v0.1.44
2026-10-03T21:49:16.4644561Z     Checking idna v1.1.0
2026-10-03T21:49:16.8572767Z     Checking sync_wrapper v1.0.2
2026-10-03T21:49:16.9337024Z     Checking regex v1.13.1
2026-10-03T21:49:16.9452667Z     Checking form_urlencoded v1.2.2
2026-10-03T21:49:17.0734950Z     Checking symbrain-mcp v0.12.1 (D:\a\symaira-brain\symaira-brain\rust\symbrain-mcp)
2026-10-03T21:49:17.0832535Z    Compiling pkg-config v0.3.34
2026-10-03T21:49:17.3603167Z    Compiling vcpkg v0.2.15
2026-10-03T21:49:17.5337042Z    Compiling thiserror v2.0.20
2026-10-03T21:49:17.9516023Z     Checking tower-layer v0.3.3
2026-10-03T21:49:18.0809771Z     Checking hyper-util v0.1.21
2026-10-03T21:49:18.1355741Z     Checking tower v0.5.3
2026-10-03T21:49:18.5406510Z    Compiling libsqlite3-sys v0.38.2
2026-10-03T21:49:18.7659410Z     Checking url v2.5.8
2026-10-03T21:49:19.0332063Z    Compiling thiserror-impl v2.0.20
2026-10-03T21:49:19.4649206Z     Checking hostname v0.4.2
2026-10-03T21:49:19.5458326Z     Checking tower-http v0.6.11
2026-10-03T21:49:19.9574088Z     Checking http-body-util v0.1.5
2026-10-03T21:49:20.2225175Z     Checking hmac v0.12.1
2026-10-03T21:49:20.3298663Z    Compiling crc32fast v1.5.1
2026-10-03T21:49:20.5621715Z     Checking futures-sink v0.3.34
2026-10-03T21:49:20.6488539Z     Checking tokio-util v0.7.19
2026-10-03T21:49:21.1025466Z     Checking symaira-core-secretref v0.0.0 (https://github.com/danieljustus/symaira-corekit?rev=04d1411adb57aa602b992509121011aa7666ff1a#04d1411a)
2026-10-03T21:49:21.1113020Z     Checking hkdf v0.12.4
2026-10-03T21:49:21.2354657Z     Checking symbrain-activity v0.12.1 (D:\a\symaira-brain\symaira-brain\rust\symbrain-activity)
2026-10-03T21:49:21.3200055Z     Checking hashlink v0.12.1
2026-10-03T21:49:21.5306753Z     Checking fallible-iterator v0.3.0
2026-10-03T21:49:21.6470686Z     Checking simd-adler32 v0.3.10
2026-10-03T21:49:21.8156670Z     Checking adler2 v2.0.1
2026-10-03T21:49:21.9029774Z     Checking symaira-core-exit v0.0.0 (https://github.com/danieljustus/symaira-corekit?rev=04d1411adb57aa602b992509121011aa7666ff1a#04d1411a)
2026-10-03T21:49:21.9153469Z     Checking fallible-streaming-iterator v0.1.9
2026-10-03T21:49:22.0167874Z     Checking miniz_oxide v0.9.1
2026-10-03T21:49:22.2111960Z     Checking symbrain-broker v0.12.1 (D:\a\symaira-brain\symaira-brain\rust\symbrain-broker)
2026-10-03T21:49:22.5538024Z     Checking flate2 v1.1.10
2026-10-03T21:49:22.8184403Z     Checking symbrain-guard-core v0.12.1 (D:\a\symaira-brain\symaira-brain\rust\symbrain-guard-core)
2026-10-03T21:49:23.0699607Z     Checking symbrain-audit v0.12.1 (D:\a\symaira-brain\symaira-brain\rust\symbrain-audit)
2026-10-03T21:49:23.8660095Z     Checking symbrain-patterns v0.12.1 (D:\a\symaira-brain\symaira-brain\rust\symbrain-patterns)
2026-10-03T21:49:24.2284424Z     Checking symbrain-instructions v0.12.1 (D:\a\symaira-brain\symaira-brain\rust\symbrain-instructions)
2026-10-03T21:49:24.4670642Z     Checking filetime v0.2.29
2026-10-03T21:49:24.5991383Z     Checking typed-path v0.12.3
2026-10-03T21:49:24.7934078Z     Checking tar v0.4.46
2026-10-03T21:49:25.0670943Z     Checking rusqlite v0.40.2
2026-10-03T21:49:25.4314508Z     Checking symbrain-catalog v0.12.1 (D:\a\symaira-brain\symaira-brain\rust\symbrain-catalog)
2026-10-03T21:49:25.7516352Z     Checking symbrain-adapter v0.12.1 (D:\a\symaira-brain\symaira-brain\rust\symbrain-adapter)
2026-10-03T21:49:25.8993717Z     Checking zip v8.6.0
2026-10-03T21:49:26.0438118Z    Compiling signal-hook v0.3.18
2026-10-03T21:49:26.2611942Z     Checking signal-hook-registry v1.4.8
2026-10-03T21:49:26.3779335Z    Compiling symbrain-cli v0.12.1 (D:\a\symaira-brain\symaira-brain\rust\symbrain-cli)
2026-10-03T21:50:16.3661308Z     Checking rustls-webpki v0.103.15
2026-10-03T21:50:19.4972874Z     Checking ureq v3.4.1
2026-10-03T21:50:19.4973493Z     Checking tokio-rustls v0.26.6
2026-10-03T21:50:19.4974835Z     Checking rustls-platform-verifier v0.7.1
2026-10-03T21:50:19.7864300Z     Checking hyper-rustls v0.27.10
2026-10-03T21:50:19.9780329Z     Checking reqwest v0.13.4
2026-10-03T21:50:20.2549566Z     Checking symbrain-usage v0.12.1 (D:\a\symaira-brain\symaira-brain\rust\symbrain-usage)
2026-10-03T21:50:20.2550953Z     Checking symbrain-managed v0.12.1 (D:\a\symaira-brain\symaira-brain\rust\symbrain-managed)
2026-10-03T21:50:21.1277002Z     Checking symaira-core-llm v0.0.0 (https://github.com/danieljustus/symaira-corekit?rev=04d1411adb57aa602b992509121011aa7666ff1a#04d1411a)
2026-10-03T21:50:22.7263917Z     Checking symbrain-memory v0.12.1 (D:\a\symaira-brain\symaira-brain\rust\symbrain-memory)
2026-10-03T21:50:24.0223854Z     Checking symbrain-gateway v0.12.1 (D:\a\symaira-brain\symaira-brain\rust\symbrain-gateway)
2026-10-03T21:50:29.6205869Z     Finished `dev` profile [unoptimized + debuginfo] target(s) in 2m 07s
2026-10-03T21:50:29.7291976Z SYMAIRA_EXTERNAL_BASE="" bash D:/a/symaira-brain/symaira-brain/scripts/run-external-env.sh cargo clippy --workspace --all-targets --all-features --locked -- -D warnings
2026-10-03T21:50:31.4346593Z     Checking symbrain-core v0.12.1 (D:\a\symaira-brain\symaira-brain\rust\symbrain-core)
2026-10-03T21:50:31.4349031Z     Checking symbrain-harness v0.12.1 (D:\a\symaira-brain\symaira-brain\rust\symbrain-harness)
2026-10-03T21:50:31.4465777Z     Checking symbrain-mcp v0.12.1 (D:\a\symaira-brain\symaira-brain\rust\symbrain-mcp)
2026-10-03T21:50:31.4504726Z     Checking symbrain-usage v0.12.1 (D:\a\symaira-brain\symaira-brain\rust\symbrain-usage)
2026-10-03T21:50:31.9644866Z     Checking symbrain-broker v0.12.1 (D:\a\symaira-brain\symaira-brain\rust\symbrain-broker)
2026-10-03T21:50:32.0755648Z     Checking symbrain-policy v0.12.1 (D:\a\symaira-brain\symaira-brain\rust\symbrain-policy)
2026-10-03T21:50:32.5882568Z     Checking symbrain-audit v0.12.1 (D:\a\symaira-brain\symaira-brain\rust\symbrain-audit)
2026-10-03T21:50:32.5897259Z     Checking symbrain-skills v0.12.1 (D:\a\symaira-brain\symaira-brain\rust\symbrain-skills)
2026-10-03T21:50:33.0540856Z     Checking symbrain-activity v0.12.1 (D:\a\symaira-brain\symaira-brain\rust\symbrain-activity)
2026-10-03T21:50:33.0864141Z     Checking symbrain-guard-core v0.12.1 (D:\a\symaira-brain\symaira-brain\rust\symbrain-guard-core)
2026-10-03T21:50:33.4566350Z     Checking symbrain-instructions v0.12.1 (D:\a\symaira-brain\symaira-brain\rust\symbrain-instructions)
2026-10-03T21:50:33.4899307Z     Checking symbrain-patterns v0.12.1 (D:\a\symaira-brain\symaira-brain\rust\symbrain-patterns)
2026-10-03T21:50:33.7101503Z     Checking symbrain-memory v0.12.1 (D:\a\symaira-brain\symaira-brain\rust\symbrain-memory)
2026-10-03T21:50:33.9061551Z     Checking symbrain-catalog v0.12.1 (D:\a\symaira-brain\symaira-brain\rust\symbrain-catalog)
2026-10-03T21:50:34.2600825Z     Checking symbrain-managed v0.12.1 (D:\a\symaira-brain\symaira-brain\rust\symbrain-managed)
2026-10-03T21:50:35.0402732Z     Checking symbrain-adapter v0.12.1 (D:\a\symaira-brain\symaira-brain\rust\symbrain-adapter)
2026-10-03T21:50:35.2660463Z    Compiling symbrain-cli v0.12.1 (D:\a\symaira-brain\symaira-brain\rust\symbrain-cli)
2026-10-03T21:50:35.9039208Z     Checking symbrain-gateway v0.12.1 (D:\a\symaira-brain\symaira-brain\rust\symbrain-gateway)
2026-10-03T21:50:49.6433647Z     Finished `dev` profile [unoptimized + debuginfo] target(s) in 18.74s
2026-10-03T21:50:49.7640250Z SYMAIRA_EXTERNAL_BASE="" bash D:/a/symaira-brain/symaira-brain/scripts/run-external-env.sh cargo test --workspace --all-features --locked
2026-10-03T21:50:50.3542363Z    Compiling cfg-if v1.0.4
2026-10-03T21:50:50.3544806Z    Compiling windows-link v0.2.1
2026-10-03T21:50:50.3547443Z    Compiling itoa v1.0.18
2026-10-03T21:50:50.3554934Z    Compiling serde_core v1.0.229
2026-10-03T21:50:50.4164770Z    Compiling windows-sys v0.61.2
2026-10-03T21:50:50.4227687Z    Compiling memchr v2.8.3
2026-10-03T21:50:50.6278810Z    Compiling once_cell v1.21.4
2026-10-03T21:50:50.9075326Z    Compiling zmij v1.0.23
2026-10-03T21:50:51.3906592Z    Compiling getrandom v0.4.3
2026-10-03T21:50:51.5435742Z    Compiling fastrand v2.5.0
2026-10-03T21:50:51.8026469Z    Compiling num-traits v0.2.19
2026-10-03T21:50:51.8784585Z    Compiling foldhash v0.2.0
2026-10-03T21:50:52.1033798Z    Compiling hashbrown v0.17.1
2026-10-03T21:50:52.9791850Z    Compiling equivalent v1.0.2
2026-10-03T21:50:53.0497250Z    Compiling indexmap v2.14.2
2026-10-03T21:50:53.0556269Z    Compiling subtle v2.6.1
2026-10-03T21:50:53.2300311Z    Compiling winnow v1.0.4
2026-10-03T21:50:54.0908959Z    Compiling serde v1.0.229
2026-10-03T21:50:54.2505694Z    Compiling serde_json v1.0.151
2026-10-03T21:50:55.1452732Z    Compiling chrono v0.4.45
2026-10-03T21:50:55.4232998Z    Compiling toml_parser v1.1.3+spec-1.1.0
2026-10-03T21:50:56.9280105Z    Compiling tempfile v3.27.0
2026-10-03T21:50:57.2503343Z    Compiling toml_datetime v1.1.1+spec-1.1.0
2026-10-03T21:50:57.6350058Z    Compiling toml_writer v1.1.2+spec-1.1.0
2026-10-03T21:50:57.6765541Z    Compiling typenum v1.20.1
2026-10-03T21:50:57.7760711Z    Compiling cpufeatures v0.2.17
2026-10-03T21:50:57.8412508Z    Compiling windows_x86_64_msvc v0.52.6
2026-10-03T21:50:57.8970889Z    Compiling toml_edit v0.25.13+spec-1.1.0
2026-10-03T21:50:57.9138894Z    Compiling windows-targets v0.52.6
2026-10-03T21:50:57.9307450Z    Compiling bitflags v2.13.1
2026-10-03T21:50:57.9718750Z    Compiling windows-sys v0.52.0
2026-10-03T21:50:58.3084070Z    Compiling ipnet v2.12.2
2026-10-03T21:50:58.9621947Z    Compiling generic-array v0.14.7
2026-10-03T21:50:59.3639785Z    Compiling libc v0.2.189
2026-10-03T21:50:59.5522155Z    Compiling io-lifetimes v3.0.1
2026-10-03T21:50:59.6861824Z    Compiling io-lifetimes v2.0.4
2026-10-03T21:50:59.8155759Z    Compiling ambient-authority v0.0.2
2026-10-03T21:50:59.8908697Z    Compiling block-buffer v0.10.4
2026-10-03T21:50:59.9054150Z    Compiling crypto-common v0.1.7
2026-10-03T21:51:00.0447538Z    Compiling digest v0.10.7
2026-10-03T21:51:00.0624959Z    Compiling maybe-owned v0.3.4
2026-10-03T21:51:00.3313472Z    Compiling sha2 v0.10.9
2026-10-03T21:51:00.5014988Z    Compiling jobserver v0.1.35
2026-10-03T21:51:00.9342356Z    Compiling symbrain-core v0.12.1 (D:\a\symaira-brain\symaira-brain\rust\symbrain-core)
2026-10-03T21:51:01.0432110Z    Compiling cc v1.4.5
2026-10-03T21:51:01.1450270Z    Compiling bytes v1.12.1
2026-10-03T21:51:02.3531211Z    Compiling zeroize v1.9.0
2026-10-03T21:51:02.5964743Z    Compiling cmake v0.1.58
2026-10-03T21:51:03.2307670Z    Compiling http v1.5.0
2026-10-03T21:51:03.5535997Z    Compiling rustls-pki-types v1.15.1
2026-10-03T21:51:04.0062413Z    Compiling fs-set-times v0.20.3
2026-10-03T21:51:04.2475072Z    Compiling io-extras v0.19.0
2026-10-03T21:51:04.5128604Z    Compiling winx v0.36.4
2026-10-03T21:51:04.6184794Z    Compiling aws-lc-sys v0.45.0
2026-10-03T21:51:04.7505652Z    Compiling ring v0.17.14
2026-10-03T21:51:05.3507433Z    Compiling cap-primitives v4.0.3
2026-10-03T21:51:05.4984575Z    Compiling getrandom v0.2.17
2026-10-03T21:51:05.6536205Z    Compiling untrusted v0.9.0
2026-10-03T21:51:05.7736890Z    Compiling winapi v0.3.9
2026-10-03T21:51:06.4833576Z    Compiling cap-std v4.0.3
2026-10-03T21:51:06.8988288Z    Compiling cap-fs-ext v4.0.3
2026-10-03T21:51:07.0354734Z    Compiling symbrain-harness v0.12.1 (D:\a\symaira-brain\symaira-brain\rust\symbrain-harness)
2026-10-03T21:51:07.6977890Z    Compiling unsafe-libyaml v0.2.11
2026-10-03T21:51:09.1038658Z    Compiling percent-encoding v2.3.2
2026-10-03T21:51:09.3854846Z    Compiling ryu v1.0.23
2026-10-03T21:51:09.6446571Z    Compiling log v0.4.34
2026-10-03T21:51:09.8931524Z    Compiling serde_yaml_ng v0.10.0
2026-10-03T21:51:10.5075473Z    Compiling fs2 v0.4.3
2026-10-03T21:51:10.7832953Z    Compiling httparse v1.10.1
2026-10-03T21:51:11.2537005Z    Compiling base64 v0.23.1
2026-10-03T21:51:12.0425772Z    Compiling symbrain-skills v0.12.1 (D:\a\symaira-brain\symaira-brain\rust\symbrain-skills)
2026-10-03T21:51:13.4845253Z    Compiling symbrain-policy v0.12.1 (D:\a\symaira-brain\symaira-brain\rust\symbrain-policy)
2026-10-03T21:51:13.5872867Z    Compiling zerofrom v0.1.8
2026-10-03T21:51:13.7457682Z    Compiling stable_deref_trait v1.2.1
2026-10-03T21:51:13.8192999Z    Compiling yoke v0.8.3
2026-10-03T21:51:14.0723663Z    Compiling ureq-proto v0.6.2
2026-10-03T21:51:15.7574390Z    Compiling webpki-roots v1.0.9
2026-10-03T21:51:15.8831144Z    Compiling utf8-zero v0.8.1
2026-10-03T21:51:16.1021435Z    Compiling zerovec v0.11.8
2026-10-03T21:51:17.0609595Z    Compiling pin-project-lite v0.2.17
2026-10-03T21:51:17.1331439Z    Compiling errno v0.3.14
2026-10-03T21:51:17.2094490Z    Compiling futures-core v0.3.34
2026-10-03T21:51:17.3827022Z    Compiling base64 v0.22.1
2026-10-03T21:51:17.3882425Z    Compiling smallvec v1.16.0
2026-10-03T21:51:17.6625369Z    Compiling tinystr v0.8.4
2026-10-03T21:51:17.9286126Z    Compiling socket2 v0.6.5
2026-10-03T21:51:17.9501615Z    Compiling mio v1.2.3
2026-10-03T21:51:18.7973501Z    Compiling writeable v0.6.4
2026-10-03T21:51:19.1697795Z    Compiling litemap v0.8.3
2026-10-03T21:51:19.4297234Z    Compiling icu_locale_core v2.3.0
2026-10-03T21:51:19.4774676Z    Compiling tokio v1.53.1
2026-10-03T21:51:21.6918108Z    Compiling getrandom v0.3.3
2026-10-03T21:51:21.8451009Z    Compiling rustix v1.1.4
2026-10-03T21:51:22.1705567Z    Compiling zerotrie v0.2.5
2026-10-03T21:51:22.6426665Z    Compiling potential_utf v0.1.6
2026-10-03T21:51:22.8389393Z    Compiling aho-corasick v1.1.5
2026-10-03T21:51:26.4099481Z    Compiling utf8_iter v1.0.4
2026-10-03T21:51:26.5934953Z    Compiling regex-syntax v0.8.11
2026-10-03T21:51:27.8067494Z    Compiling icu_collections v2.3.0
2026-10-03T21:51:28.3087372Z    Compiling icu_provider v2.3.1
2026-10-03T21:51:28.8304699Z    Compiling futures-task v0.3.34
2026-10-03T21:51:28.8473878Z    Compiling slab v0.4.12
2026-10-03T21:51:29.0622746Z    Compiling futures-util v0.3.34
2026-10-03T21:51:29.0659942Z    Compiling icu_normalizer_data v2.3.0
2026-10-03T21:51:29.1346204Z    Compiling icu_properties_data v2.3.0
2026-10-03T21:51:29.3259880Z    Compiling http-body v1.1.0
2026-10-03T21:51:29.4812478Z    Compiling regex-automata v0.4.18
2026-10-03T21:51:32.1904083Z    Compiling icu_properties v2.3.0
2026-10-03T21:51:32.7905139Z    Compiling regex v1.13.1
2026-10-03T21:51:33.5686713Z    Compiling icu_normalizer v2.3.0
2026-10-03T21:51:34.7033058Z    Compiling try-lock v0.2.5
2026-10-03T21:51:34.7914285Z    Compiling tower-service v0.3.3
2026-10-03T21:51:34.8298744Z    Compiling want v0.3.1
2026-10-03T21:51:34.8771038Z    Compiling idna_adapter v1.2.2
2026-10-03T21:51:35.0154287Z    Compiling futures-channel v0.3.34
2026-10-03T21:51:35.0309524Z    Compiling symbrain-mcp v0.12.1 (D:\a\symaira-brain\symaira-brain\rust\symbrain-mcp)
2026-10-03T21:51:35.3032719Z    Compiling tracing-core v0.1.36
2026-10-03T21:51:36.4923838Z    Compiling windows-strings v0.5.1
2026-10-03T21:51:36.5537169Z    Compiling windows-result v0.4.1
2026-10-03T21:51:36.9825195Z    Compiling atomic-waker v1.1.2
2026-10-03T21:51:37.0563511Z    Compiling hyper v1.11.1
2026-10-03T21:51:37.1136546Z    Compiling windows-registry v0.6.1
2026-10-03T21:51:37.5711338Z    Compiling tracing v0.1.44
2026-10-03T21:51:37.8273473Z    Compiling idna v1.1.0
2026-10-03T21:51:37.9180536Z    Compiling sync_wrapper v1.0.2
2026-10-03T21:51:38.0152190Z    Compiling form_urlencoded v1.2.2
2026-10-03T21:51:38.2505761Z    Compiling tower-layer v0.3.3
2026-10-03T21:51:38.4610327Z    Compiling tower v0.5.3
2026-10-03T21:51:39.2257075Z    Compiling url v2.5.8
2026-10-03T21:51:39.6254214Z    Compiling libsqlite3-sys v0.38.2
2026-10-03T21:51:39.6587413Z    Compiling hyper-util v0.1.21
2026-10-03T21:51:40.1218434Z    Compiling hostname v0.4.2
2026-10-03T21:51:40.2629932Z    Compiling thiserror v2.0.20
2026-10-03T21:51:40.8869671Z    Compiling tower-http v0.6.11
2026-10-03T21:51:41.5219909Z    Compiling http-body-util v0.1.5
2026-10-03T21:51:41.8797948Z    Compiling symbrain-activity v0.12.1 (D:\a\symaira-brain\symaira-brain\rust\symbrain-activity)
2026-10-03T21:51:42.7248586Z    Compiling futures-sink v0.3.34
2026-10-03T21:51:42.8324050Z    Compiling tokio-util v0.7.19
2026-10-03T21:51:43.0526628Z    Compiling symaira-core-secretref v0.0.0 (https://github.com/danieljustus/symaira-corekit?rev=04d1411adb57aa602b992509121011aa7666ff1a#04d1411a)
2026-10-03T21:51:44.3010436Z    Compiling hmac v0.12.1
2026-10-03T21:51:44.3356249Z    Compiling hashlink v0.12.1
2026-10-03T21:51:44.3831356Z    Compiling symaira-core-exit v0.0.0 (https://github.com/danieljustus/symaira-corekit?rev=04d1411adb57aa602b992509121011aa7666ff1a#04d1411a)
2026-10-03T21:51:44.4715502Z    Compiling fallible-iterator v0.3.0
2026-10-03T21:51:44.7004012Z    Compiling fallible-streaming-iterator v0.1.9
2026-10-03T21:51:44.8183908Z    Compiling hkdf v0.12.4
2026-10-03T21:51:44.8581570Z    Compiling symbrain-broker v0.12.1 (D:\a\symaira-brain\symaira-brain\rust\symbrain-broker)
2026-10-03T21:51:44.9450991Z    Compiling rusqlite v0.40.2
2026-10-03T21:51:45.0092607Z    Compiling symbrain-patterns v0.12.1 (D:\a\symaira-brain\symaira-brain\rust\symbrain-patterns)
2026-10-03T21:51:47.1392980Z    Compiling adler2 v2.0.1
2026-10-03T21:51:47.3108942Z    Compiling simd-adler32 v0.3.10
2026-10-03T21:51:47.6062029Z    Compiling miniz_oxide v0.9.1
2026-10-03T21:51:47.6715043Z    Compiling crc32fast v1.5.1
2026-10-03T21:51:48.0320223Z    Compiling symbrain-instructions v0.12.1 (D:\a\symaira-brain\symaira-brain\rust\symbrain-instructions)
2026-10-03T21:51:48.8725020Z    Compiling symbrain-audit v0.12.1 (D:\a\symaira-brain\symaira-brain\rust\symbrain-audit)
2026-10-03T21:51:48.9393342Z    Compiling flate2 v1.1.10
2026-10-03T21:51:49.1299257Z    Compiling symbrain-guard-core v0.12.1 (D:\a\symaira-brain\symaira-brain\rust\symbrain-guard-core)
2026-10-03T21:51:49.7071565Z    Compiling symbrain-catalog v0.12.1 (D:\a\symaira-brain\symaira-brain\rust\symbrain-catalog)
2026-10-03T21:51:50.9216645Z    Compiling filetime v0.2.29
2026-10-03T21:51:51.1636307Z    Compiling typed-path v0.12.3
2026-10-03T21:51:52.8324490Z    Compiling zip v8.6.0
2026-10-03T21:51:54.0321856Z    Compiling tar v0.4.46
2026-10-03T21:51:55.1888441Z    Compiling symbrain-adapter v0.12.1 (D:\a\symaira-brain\symaira-brain\rust\symbrain-adapter)
2026-10-03T21:51:56.0520252Z    Compiling signal-hook-registry v1.4.8
2026-10-03T21:51:56.3209427Z    Compiling signal-hook v0.3.18
2026-10-03T21:53:14.0525155Z    Compiling aws-lc-rs v1.18.1
2026-10-03T21:53:14.0655613Z    Compiling rustls v0.23.45
2026-10-03T21:53:15.9255339Z    Compiling rustls-webpki v0.103.15
2026-10-03T21:53:21.0631049Z    Compiling ureq v3.4.1
2026-10-03T21:53:21.0631688Z    Compiling tokio-rustls v0.26.6
2026-10-03T21:53:21.0632262Z    Compiling rustls-platform-verifier v0.7.1
2026-10-03T21:53:21.5375939Z    Compiling hyper-rustls v0.27.10
2026-10-03T21:53:21.8948378Z    Compiling reqwest v0.13.4
2026-10-03T21:53:26.8879615Z    Compiling symbrain-usage v0.12.1 (D:\a\symaira-brain\symaira-brain\rust\symbrain-usage)
2026-10-03T21:53:27.2080566Z    Compiling symaira-core-llm v0.0.0 (https://github.com/danieljustus/symaira-corekit?rev=04d1411adb57aa602b992509121011aa7666ff1a#04d1411a)
2026-10-03T21:53:28.6425244Z    Compiling symbrain-managed v0.12.1 (D:\a\symaira-brain\symaira-brain\rust\symbrain-managed)
2026-10-03T21:53:32.9955968Z    Compiling symbrain-memory v0.12.1 (D:\a\symaira-brain\symaira-brain\rust\symbrain-memory)
2026-10-03T21:53:36.0883837Z    Compiling symbrain-gateway v0.12.1 (D:\a\symaira-brain\symaira-brain\rust\symbrain-gateway)
2026-10-03T21:53:41.7016913Z    Compiling symbrain-cli v0.12.1 (D:\a\symaira-brain\symaira-brain\rust\symbrain-cli)
2026-10-03T21:54:33.7075573Z     Finished `test` profile [unoptimized + debuginfo] target(s) in 3m 43s
2026-10-03T21:54:33.7970050Z      Running unittests src\lib.rs (target\debug\deps\symbrain_activity-1763817db3904468.exe)
2026-10-03T21:54:33.8081582Z 
2026-10-03T21:54:33.8082123Z running 4 tests
2026-10-03T21:54:33.8088967Z test tests::unicode_fencing_and_token_count_match_go_runes ... ok
2026-10-03T21:54:33.8089846Z test tests::validates_every_bound ... ok
2026-10-03T21:54:33.8090756Z test tests::stable_id_and_unique_sort_are_deterministic ... ok
2026-10-03T21:54:33.8091498Z test tests::profile_access_requires_explicit_activity_tool ... ok
2026-10-03T21:54:33.8091958Z 
2026-10-03T21:54:33.8092393Z test result: ok. 4 passed; 0 failed; 0 ignored; 0 measured; 0 filtered out; finished in 0.00s
2026-10-03T21:54:33.8092972Z 
2026-10-03T21:54:33.8112169Z      Running tests\oracle_differential_tests.rs (target\debug\deps\oracle_differential_tests-3da5e73d39beefc4.exe)
2026-10-03T21:54:33.8225024Z 
2026-10-03T21:54:33.8247649Z running 4 tests
2026-10-03T21:54:33.8249082Z test activity_error_type_remains_stable ... ok
2026-10-03T21:54:33.8250499Z test activity_order_and_token_budget_match_go_store_search ... ok
2026-10-03T21:54:33.8251460Z test activity_validation_messages_match_go ... ok
2026-10-03T21:54:33.8264528Z test pattern_names_promotion_and_store_bytes_match_go ... ok
2026-10-03T21:54:33.8265400Z 
2026-10-03T21:54:33.8265721Z test result: ok. 4 passed; 0 failed; 0 ignored; 0 measured; 0 filtered out; finished in 0.00s
2026-10-03T21:54:33.8266107Z 
2026-10-03T21:54:33.8293298Z      Running unittests src\lib.rs (target\debug\deps\symbrain_adapter-e2d3ac55625265b1.exe)
2026-10-03T21:54:33.8409257Z 
2026-10-03T21:54:33.8410287Z running 0 tests
2026-10-03T21:54:33.8413262Z 
2026-10-03T21:54:33.8413877Z test result: ok. 0 passed; 0 failed; 0 ignored; 0 measured; 0 filtered out; finished in 0.00s
2026-10-03T21:54:33.8414377Z 
2026-10-03T21:54:33.8431249Z      Running tests\adapter_tests.rs (target\debug\deps\adapter_tests-85b819e5df011410.exe)
2026-10-03T21:54:33.8550810Z 
2026-10-03T21:54:33.8551322Z running 7 tests
2026-10-03T21:54:33.8570158Z test registry_derives_exactly_four_targets_and_five_skips ... ok
2026-10-03T21:54:33.8576116Z test oracle_render_cases_match_go_byte_for_byte ... ok
2026-10-03T21:54:33.8585257Z test target_path_validation_rejects_absolute_and_traversal_forms ... ok
2026-10-03T21:54:33.8586409Z test rendering_is_idempotent_and_preserves_user_prefix_and_suffix ... ok
2026-10-03T21:54:33.8588267Z test unknown_harness_is_not_silently_skipped ... ok
2026-10-03T21:54:33.8589382Z test oracle_is_pinned_to_current_go_sources_and_generator ... ok
2026-10-03T21:54:33.8646196Z test atomic_write_preserves_mode_and_rejects_symlink_parents ... ok
2026-10-03T21:54:33.8646705Z 
2026-10-03T21:54:33.8647003Z test result: ok. 7 passed; 0 failed; 0 ignored; 0 measured; 0 filtered out; finished in 0.01s
2026-10-03T21:54:33.8647371Z 
2026-10-03T21:54:33.8665964Z      Running tests\confinement_tests.rs (target\debug\deps\confinement_tests-d495e57230ca7c1f.exe)
2026-10-03T21:54:33.8770620Z 
2026-10-03T21:54:33.8770857Z running 0 tests
2026-10-03T21:54:33.8771089Z 
2026-10-03T21:54:33.8771591Z test result: ok. 0 passed; 0 failed; 0 ignored; 0 measured; 0 filtered out; finished in 0.00s
2026-10-03T21:54:33.8772032Z 
2026-10-03T21:54:33.8788116Z      Running unittests src\lib.rs (target\debug\deps\symbrain_audit-c0b1f0d7bba8a301.exe)
2026-10-03T21:54:33.8888354Z 
2026-10-03T21:54:33.8888588Z running 29 tests
2026-10-03T21:54:33.8897628Z test raw::raw_windows::tests::reserved_windows_device_names_match_exact_list ... ok
2026-10-03T21:54:33.8903216Z test raw::raw_windows::tests::split_target_normalizes_bare_target_to_current_directory ... ok
2026-10-03T21:54:33.8904320Z test logger::tests::disabled_logger_has_no_side_effects ... ok
2026-10-03T21:54:33.8926462Z test logger::tests::fixed_entry_matches_go_field_order_and_redaction ... ok
2026-10-03T21:54:33.8930814Z test raw::raw_windows::tests::open_parent_protects_against_rename_and_appends_exact_bytes ... ok
2026-10-03T21:54:33.8938049Z test raw::tests::rejects_line_breaks_and_unsafe_paths ... ok
2026-10-03T21:54:33.8942714Z test raw::tests::appends_exact_bytes_without_rewriting_fields ... ok
2026-10-03T21:54:33.8945005Z test redact::tests::arbitrary_precision_internal_number_key_remains_a_user_object_key ... ok
2026-10-03T21:54:33.8956176Z test redact::tests::malformed_and_non_object_arguments_are_ignored ... ok
2026-10-03T21:54:33.8958163Z test redact::tests::negative_zero_survives_feature_unified_json_parsing_without_touching_strings ... ok
2026-10-03T21:54:33.8966229Z test redact::tests::non_verbose_logs_sorted_keys_only ... ok
2026-10-03T21:54:33.8969794Z test redact::tests::overflowing_nested_numbers_match_go_json_decode_failure ... ok
2026-10-03T21:54:33.8986929Z test redact::tests::vault_never_logs_arguments ... ok
2026-10-03T21:54:33.9056055Z test redact::tests::raw_value_recursion_keeps_the_json_depth_bound ... ok
2026-10-03T21:54:33.9073298Z test redact::tests::verbose_numbers_match_go_float64_formatting ... ok
2026-10-03T21:54:33.9120666Z test redact::tests::verbose_recursively_redacts_sensitive_values ... ok
2026-10-03T21:54:33.9122530Z 
2026-10-03T21:54:33.9122912Z running 1 test
2026-10-03T21:54:33.9143226Z test raw::tests::bare_relative_path_uses_process_working_directory ... ok
2026-10-03T21:54:33.9151979Z 
2026-10-03T21:54:33.9169176Z test result: ok. 1 passed; 0 failed; 0 ignored; 0 measured; 28 filtered out; finished in 0.00s
2026-10-03T21:54:33.9170740Z 
2026-10-03T21:54:33.9352613Z test raw::tests::bare_relative_path_uses_process_working_directory ... ok
2026-10-03T21:54:33.9564517Z test sink::tests::corruption_in_current_segment_fails_closed ... ok
2026-10-03T21:54:33.9584056Z test sink::tests::hash_matches_known_go_vector ... ok
2026-10-03T21:54:33.9621846Z test sink::tests::corruption_in_rotated_segment_fails_closed ... ok
2026-10-03T21:54:33.9654309Z test sink::tests::current_torn_tail_is_removed_before_recovery ... ok
2026-10-03T21:54:33.9690456Z test sink::tests::rotation_metadata_failure_degrades_sink ... ok
2026-10-03T21:54:33.9862138Z test sink::tests::sink_recovers_and_extends_chain ... ok
2026-10-03T21:54:33.9870985Z test sink::tests::single_rotation_from_genesis_reopens ... ok
2026-10-03T21:54:33.9880922Z test tail::tests::missing_path_error_matches_go_wording ... ok
2026-10-03T21:54:33.9988733Z test tail::tests::limit_returns_most_recent_in_chronological_order ... ok
2026-10-03T21:54:34.0076133Z test sink::tests::multiple_rotations_reopen_and_continue_chain ... ok
2026-10-03T21:54:34.0143721Z test raw::tests::concurrent_appends_are_complete_jsonl_records ... ok
2026-10-03T21:54:34.0292969Z test tail::tests::reverse_reader_preserves_chunk_boundaries_and_latest_session ... ok
2026-10-03T21:54:34.0293479Z 
2026-10-03T21:54:34.0293779Z test result: ok. 29 passed; 0 failed; 0 ignored; 0 measured; 0 filtered out; finished in 0.14s
2026-10-03T21:54:34.0294153Z 
2026-10-03T21:54:34.0317715Z      Running tests\oracle_differential_tests.rs (target\debug\deps\oracle_differential_tests-b6e3bbd0ee2c3e41.exe)
2026-10-03T21:54:34.0435152Z 
2026-10-03T21:54:34.0435681Z running 4 tests
2026-10-03T21:54:34.0460606Z test fixed_entry_json_and_chain_hashes_match_go ... ok
2026-10-03T21:54:34.0474377Z test bounded_tail_and_latest_degradations_match_go ... ok
2026-10-03T21:54:34.0486031Z test production_chained_tail_entries_decode_envelopes_like_go ... ok
2026-10-03T21:54:34.0567987Z test logger_redaction_matches_go_oracle ... ok
2026-10-03T21:54:34.0568343Z 
2026-10-03T21:54:34.0568660Z test result: ok. 4 passed; 0 failed; 0 ignored; 0 measured; 0 filtered out; finished in 0.01s
2026-10-03T21:54:34.0569061Z 
2026-10-03T21:54:34.0590670Z      Running tests\raw_windows_tests.rs (target\debug\deps\raw_windows_tests-ce7291949afbe766.exe)
2026-10-03T21:54:34.0800304Z 
2026-10-03T21:54:34.0800731Z running 8 tests
2026-10-03T21:54:34.0801331Z test raw_jsonl_appender_rejects_line_break_variants ... ok
2026-10-03T21:54:34.0802506Z test raw_jsonl_appender_rejects_parent_traversal ... ok
2026-10-03T21:54:34.0803417Z test windows_rejects_ads_device_namespaces_superscripts_and_trailing_aliases ... ok
2026-10-03T21:54:34.0804288Z test windows_appends_to_nested_absolute_path ... ok
2026-10-03T21:54:34.0849229Z test windows_validates_all_components_before_creating_directories ... ok
2026-10-03T21:54:34.0890525Z test windows_rejects_file_and_directory_symlinks ... ok
2026-10-03T21:54:34.1034583Z Junction created for D:\a\_temp\.tmpC1Sm4t\junction_link <<===>> D:\a\_temp\.tmpC1Sm4t\real_target
2026-10-03T21:54:34.1125726Z test windows_rejects_directory_junctions ... ok
2026-10-03T21:54:34.1890690Z test windows_concurrent_appends_preserve_exact_records ... ok
2026-10-03T21:54:34.1891249Z 
2026-10-03T21:54:34.1892321Z test result: ok. 8 passed; 0 failed; 0 ignored; 0 measured; 0 filtered out; finished in 0.12s
2026-10-03T21:54:34.1892996Z 
2026-10-03T21:54:34.1913974Z      Running unittests src\lib.rs (target\debug\deps\symbrain_broker-8657106b0627924f.exe)
2026-10-03T21:54:34.2019706Z 
2026-10-03T21:54:34.2019988Z running 8 tests
2026-10-03T21:54:34.2026191Z test client::tests::bounded_reader_delivers_unterminated_line_then_eof ... ok
2026-10-03T21:54:34.2027802Z test client::tests::bounded_reader_handles_newline_and_crlf ... ok
2026-10-03T21:54:34.2032083Z test client::tests::discover_uses_actual_path_selection ... ok
2026-10-03T21:54:34.2046090Z test server::tests::config_defaults_match_go ... ok
2026-10-03T21:54:34.2052605Z test server::tests::state_strings_are_stable ... ok
2026-10-03T21:54:34.2064159Z test client::tests::discover_rejects_directory_and_accepts_unix_executable ... ok
2026-10-03T21:54:34.2117817Z test client::tests::bounded_reader_rejects_before_growing_past_cap ... ok
2026-10-03T21:54:34.2175369Z test client::tests::missing_binary_error_uses_go_platform_path_placeholder ... ok
2026-10-03T21:54:34.2176222Z 
2026-10-03T21:54:34.2176756Z test result: ok. 8 passed; 0 failed; 0 ignored; 0 measured; 0 filtered out; finished in 0.02s
2026-10-03T21:54:34.2177436Z 
2026-10-03T21:54:34.2194392Z      Running unittests src\bin\fakemcp.rs (target\debug\deps\symbrain_fakemcp-b90ee50d74e56ff2.exe)
2026-10-03T21:54:34.2299164Z 
2026-10-03T21:54:34.2299623Z running 0 tests
2026-10-03T21:54:34.2300316Z 
2026-10-03T21:54:34.2300776Z test result: ok. 0 passed; 0 failed; 0 ignored; 0 measured; 0 filtered out; finished in 0.00s
2026-10-03T21:54:34.2301317Z 
2026-10-03T21:54:34.2316741Z      Running tests\broker_tests.rs (target\debug\deps\broker_tests-8fee069560de7980.exe)
2026-10-03T21:54:34.2419663Z 
2026-10-03T21:54:34.2419906Z running 8 tests
2026-10-03T21:54:34.2649592Z test captures_child_stderr_without_stdout_pollution ... ok
2026-10-03T21:54:34.2699595Z test concurrent_lazy_start_spawns_exactly_one_child ... ok
2026-10-03T21:54:34.2764470Z test protocol_mismatch_is_terminal_degradation ... ok
2026-10-03T21:54:34.2815876Z test initialize_list_tools_and_call_roundtrip ... ok
2026-10-03T21:54:34.2884200Z test crash_then_restart_with_backoff ... ok
2026-10-03T21:54:34.3073654Z test published_compatible_protocol_versions_initialize ... ok
2026-10-03T21:54:34.7722963Z test in_flight_child_call_observes_connection_cancellation ... ok
2026-10-03T21:54:34.8018274Z test slow_call_times_out_and_shutdown_reaps_child ... ok
2026-10-03T21:54:34.8018740Z 
2026-10-03T21:54:34.8019352Z test result: ok. 8 passed; 0 failed; 0 ignored; 0 measured; 0 filtered out; finished in 0.56s
2026-10-03T21:54:34.8020268Z 
2026-10-03T21:54:34.8041285Z      Running unittests src\lib.rs (target\debug\deps\symbrain_catalog-23fdeda8b6ab68a2.exe)
2026-10-03T21:54:34.8150841Z 
2026-10-03T21:54:34.8151180Z running 5 tests
2026-10-03T21:54:34.8159730Z test tests::exposed_lookup_and_names_are_stable ... ok
2026-10-03T21:54:34.8161001Z test tests::foreign_exposure_metadata_is_carried ... ok
2026-10-03T21:54:34.8161915Z test tests::collision_preserves_first_owner_and_exact_message ... ok
2026-10-03T21:54:34.8163152Z test tests::input_schema_bytes_survive_catalog_construction ... ok
2026-10-03T21:54:34.8163750Z test tests::namespace_matches_go_edge_cases ... ok
2026-10-03T21:54:34.8164019Z 
2026-10-03T21:54:34.8164327Z test result: ok. 5 passed; 0 failed; 0 ignored; 0 measured; 0 filtered out; finished in 0.00s
2026-10-03T21:54:34.8164773Z 
2026-10-03T21:54:34.8180282Z      Running tests\oracle_differential_tests.rs (target\debug\deps\oracle_differential_tests-458c4e8d0236f562.exe)
2026-10-03T21:54:34.8279790Z 
2026-10-03T21:54:34.8280049Z running 1 test
2026-10-03T21:54:34.8290604Z test catalog_matches_go_oracle ... ok
2026-10-03T21:54:34.8290956Z 
2026-10-03T21:54:34.8291341Z test result: ok. 1 passed; 0 failed; 0 ignored; 0 measured; 0 filtered out; finished in 0.00s
2026-10-03T21:54:34.8291750Z 
2026-10-03T21:54:34.8308337Z      Running unittests src\lib.rs (target\debug\deps\symbrain_cli-c3bd7226f4786f45.exe)
2026-10-03T21:54:34.8435127Z 
2026-10-03T21:54:34.8435405Z running 109 tests
2026-10-03T21:54:34.8447615Z test audit_cli::tests::parses_tail_flags_and_ignores_positionals_after_first ... ok
2026-10-03T21:54:34.8450359Z test activity_cli::tests::invalid_get_and_status_budgets_match_usage_before_opening_database ... ok
2026-10-03T21:54:34.8453806Z test config_cli::tests::no_subcommand_matches_go_usage ... ok
2026-10-03T21:54:34.8455753Z test config_cli::tests::unknown_subcommand_matches_go_error ... ok
2026-10-03T21:54:34.8456950Z test audit_cli::tests::formats_human_entry_like_go ... ok
2026-10-03T21:54:34.8460485Z test doctor_cli::doctor_process::executable_name_tests::windows_lookup_follows_pathext_order_and_ignores_extensionless_files ... ok
2026-10-03T21:54:34.8462534Z test doctor_cli::tests::help_lists_the_go_owned_force_release_flag ... ok
2026-10-03T21:54:34.8463520Z test doctor_cli::tests::doctor_argument_parser_accepts_go_flag_forms ... ok
2026-10-03T21:54:34.8465238Z test doctor_cli::tests::only_enabled_lifecycle_flags_require_go ... ok
2026-10-03T21:54:34.8475886Z test doctor_cli::tests::secret_reference_classification_is_compatible_with_go ... ok
2026-10-03T21:54:34.8478237Z test doctor_cli::tests::json_harness_entries_match_go_basename_and_profile_rules ... ok
2026-10-03T21:54:34.8480952Z test doctor_cli::tests::toml_harness_entries_preserve_sorted_server_names ... ok
2026-10-03T21:54:34.8486210Z test guard_cli::guard_doctor::tests::allowlist_is_deny_by_default_and_prefix_matched ... ok
2026-10-03T21:54:34.8498301Z test activity_cli::tests::db_override_is_used_by_each_activity_read_command ... ok
2026-10-03T21:54:34.8503215Z test guard_cli::guard_doctor::tests::config_parses_the_healthy_fixture_and_gates_on_invalid_toml ... ok
2026-10-03T21:54:34.8505303Z test guard_cli::guard_doctor::tests::multiple_secret_keys_on_one_server_are_sorted ... ok
2026-10-03T21:54:34.8512641Z test guard_cli::guard_doctor::tests::secret_heuristic_matches_go ... ok
2026-10-03T21:54:34.8513949Z test guard_cli::guard_doctor::tests::unsupported_missing_equals_offenders_stay_gated ... ok
2026-10-03T21:54:34.8515038Z test guard_cli::guard_scan::tests::empty_format_value_resolves_to_default ... ok
2026-10-03T21:54:34.8523041Z test guard_cli::guard_doctor::tests::audit_status_reports_all_three_states ... ok
2026-10-03T21:54:34.8525173Z test guard_cli::guard_scan::tests::json_typed_fields_fail_instead_of_being_dropped ... ok
2026-10-03T21:54:34.8528188Z test guard_cli::guard_scan::tests::jsonc_preserves_urls_and_removes_comments ... ok
2026-10-03T21:54:34.8529405Z test guard_cli::guard_scan::tests::missing_source_error_classification_matches_go_platform_behavior ... ok
2026-10-03T21:54:34.8530625Z test guard_cli::guard_scan::tests::opencode_environment_is_merged_and_redacted ... ok
2026-10-03T21:54:34.8532281Z test guard_cli::guard_scan::tests::source_paths_clean_parent_components ... ok
2026-10-03T21:54:34.8533299Z test guard_cli::guard_scan::tests::source_paths_clean_slash_form_windows_base ... ok
2026-10-03T21:54:34.8537055Z test guard_cli::tests::audit_path_prefers_xdg_then_home_then_temp ... ok
2026-10-03T21:54:34.8538193Z test guard_cli::guard_scan::tests::yaml_environment_is_not_merged ... ok
2026-10-03T21:54:34.8539909Z test guard_cli::tests::top_level_guard_routes_match_go ... ok
2026-10-03T21:54:34.8544626Z test guard_cli::tests::unknown_verb_matches_go_dispatch ... ok
2026-10-03T21:54:34.8546606Z test health_probe::tests::latency_keeps_sub_millisecond_measurement_as_a_fraction ... ok
2026-10-03T21:54:34.8559975Z test health_probe::tests::sse_reply_parser_accepts_jsonrpc_data_and_ignores_other_events ... ok
2026-10-03T21:54:34.8562467Z test health_probe::tests::stdio_argument_credential_guards_are_conservative ... ok
2026-10-03T21:54:34.8569560Z test guard_cli::tests::decide_preserves_go_trailing_json_diagnostic ... ok
2026-10-03T21:54:34.8677810Z test health_probe::tests::streamable_http_rejects_malformed_and_error_replies_without_leaking_body ... ok
2026-10-03T21:54:34.8683190Z test health_probe::tests::unsupported_transports_and_credentials_never_get_probe_metadata ... ok
2026-10-03T21:54:34.8693269Z test init_cli::tests::help_flag_outputs_usage ... ok
2026-10-03T21:54:34.8694580Z test health_probe::tests::streamable_http_accepts_bounded_sse_rpc_replies ... ok
2026-10-03T21:54:34.8697642Z test health_probe::tests::streamable_http_negotiates_protocol_and_pings_with_session ... ok
2026-10-03T21:54:34.8701596Z test init_cli::tests::malformed_flag_preserves_go_diagnostic ... ok
2026-10-03T21:54:34.8703643Z test init_cli::tests::unknown_flag_fails_with_usage ... ok
2026-10-03T21:54:34.8705231Z test install_cli::tests::foreign_symbrain_entry_is_not_removed ... ok
2026-10-03T21:54:34.8710299Z test install_cli::tests::parser_accepts_all_install_flags ... ok
2026-10-03T21:54:34.8712196Z test init_cli::tests::mkdir_collision_reports_first_failing_ancestor ... ok
2026-10-03T21:54:34.8714272Z test install_cli::tests::superseded_names_are_exact_basenames ... ok
2026-10-03T21:54:34.8715652Z test mcp_cli::tests::inline_flags_accept_both_dash_forms ... ok
2026-10-03T21:54:34.8718521Z test mcp_cli::tests::configured_module_path_reads_server_override ... ok
2026-10-03T21:54:34.8720005Z test memory_cli::tests::hand_written_usage_shapes_stay_native ... ok
2026-10-03T21:54:34.8723335Z test memory_cli::tests::json_output_escapes_what_the_shipped_encoder_escapes ... ok
2026-10-03T21:54:34.8725289Z test mcp_cli::tests::url_only_foreign_server_matches_go_warning_and_is_skipped ... ok
2026-10-03T21:54:34.8740807Z test memory_cli::tests::memory_sync_with_arguments_stays_on_go ... ok
2026-10-03T21:54:34.8745184Z test memory_cli::tests::query_log_rejects_positionals_and_unknown_flags ... ok
2026-10-03T21:54:35.1216954Z test health_probe::tests::http_deadline_and_redirect_refusal_are_measured_and_redacted ... ok
2026-10-03T21:54:36.8915299Z test memory_cli::tests::query_log_table_and_actor_filter_match_go_shape ... ok
2026-10-03T21:54:36.8926581Z test memory_cli::tests::search_flags_consume_their_values ... ok
2026-10-03T21:54:36.8929480Z test memory_cli::tests::search_keeps_go_for_shapes_the_native_path_does_not_own ... ok
2026-10-03T21:54:36.8932350Z test memory_cli::tests::search_prints_the_shipped_usage_for_help ... ok
2026-10-03T21:54:36.8935007Z test memory_cli::tests::search_refuses_a_missing_query_with_the_shipped_message ... ok
2026-10-03T21:54:36.9072311Z test passthrough::tests::config_binary_path_is_read_from_nested_table ... ok
2026-10-03T21:54:36.9386913Z test passthrough::tests::empty_config_binary_path_is_not_an_override ... ok
2026-10-03T21:54:36.9401549Z test passthrough::tests::managed_binary_requires_regular_executable_file ... ok
2026-10-03T21:54:36.9423502Z test passthrough::tests::path_lookup_finds_binary_in_ordered_path_entry ... ok
2026-10-03T21:54:36.9427962Z test passthrough::tests::windows_path_extensions_match_go_defaults ... ok
2026-10-03T21:54:36.9432692Z test setup_cli::config::tests::go_parse_bool_spellings_and_empty_env_contract ... ok
2026-10-03T21:54:36.9441070Z test setup_cli::config::tests::optional_browse_selection_matches_go_default_and_explicit_values ... ok
2026-10-03T21:54:36.9457773Z test setup_cli::config::tests::toml_false_does_not_clear_prior_true_like_configkit ... ok
2026-10-03T21:54:36.9462256Z test setup_cli::flags::tests::help_lists_the_go_owned_module_lifecycle_flags ... ok
2026-10-03T21:54:36.9466465Z test setup_cli::flags::tests::parse_flags_and_stop_at_first_positional_match_go_flagset ... ok
2026-10-03T21:54:36.9471151Z test setup_cli::flags::tests::unknown_flag_has_go_usage_shape ... ok
2026-10-03T21:54:36.9488038Z test skills_cli::tests::explicit_target_status_is_native_only_for_absent_user_roots ... ok
2026-10-03T21:54:36.9492456Z test skills_cli::tests::list_fallback_uses_cached_typed_inventory_issues ... ok
2026-10-03T21:54:36.9493814Z test memory_cli::tests::query_log_json_matches_go_fixture ... ok
2026-10-03T21:54:36.9496674Z test skills_cli::tests::sync_project_dir_matches_absolute_working_directory ... ok
2026-10-03T21:54:36.9498613Z test sync_cli::tests::help_flag_prints_bare_usage_not_unknown_flag_rejection ... ok
2026-10-03T21:54:36.9502458Z test sync_cli::tests::unknown_flag_matches_go_flag_package_rejection ... ok
2026-10-03T21:54:36.9505661Z test tests::config_get_executes_in_process ... ok
2026-10-03T21:54:36.9507977Z test tests::config_get_extra_arg_rejected ... ok
2026-10-03T21:54:36.9511521Z test tests::config_get_normalizes_extra_flag ... ok
2026-10-03T21:54:36.9513170Z test tests::config_path_normalizes_unexpected_flags ... ok
2026-10-03T21:54:36.9515955Z test tests::config_path_prints_path ... ok
2026-10-03T21:54:36.9518898Z test tests::config_path_rejects_extra_argument ... ok
2026-10-03T21:54:36.9522243Z test tests::config_set_executes_in_process ... ok
2026-10-03T21:54:36.9524797Z test tests::config_terminator_before_get ... ok
2026-10-03T21:54:36.9527558Z test tests::config_terminator_before_set ... ok
2026-10-03T21:54:36.9531502Z test tests::fallback_executor_receives_unmigrated_commands_only ... ok
2026-10-03T21:54:36.9533201Z test tests::help_matches_frozen_usage ... ok
2026-10-03T21:54:36.9536351Z test tests::json_help_exits_usage_with_unknown_command ... ok
2026-10-03T21:54:36.9538293Z test tests::missing_command_prints_help_and_exits_usage ... ok
2026-10-03T21:54:36.9543217Z test tests::module_lifecycle_flags_are_forwarded_to_the_go_fallback ... ok
2026-10-03T21:54:36.9544310Z test tests::run_in_process_returns_none_for_unmigrated_commands ... ok
2026-10-03T21:54:36.9547481Z test tests::unknown_command_quotes_properly ... ok
2026-10-03T21:54:36.9551852Z test tests::unrelated_native_doctor_and_setup_invocations_do_not_fallback ... ok
2026-10-03T21:54:36.9553250Z test tests::version_bare_hyphen_treated_as_positional ... ok
2026-10-03T21:54:36.9557848Z test tests::version_help_flags_print_usage_only ... ok
2026-10-03T21:54:36.9559132Z test tests::version_json_keeps_schema ... ok
2026-10-03T21:54:36.9562652Z test tests::version_json_order_variants ... ok
2026-10-03T21:54:36.9563455Z test tests::version_rejects_unknown_flag ... ok
2026-10-03T21:54:36.9567108Z test tests::version_rejects_unknown_flag_with_value ... ok
2026-10-03T21:54:36.9568005Z test tests::version_terminator_alone_succeeds ... ok
2026-10-03T21:54:36.9572631Z test tests::version_terminator_with_extra_arg_rejected ... ok
2026-10-03T21:54:36.9574002Z test tests::version_terminator_with_flag_arg_rejected_as_positional ... ok
2026-10-03T21:54:36.9577435Z test tests::version_terminator_with_json_succeeds ... ok
2026-10-03T21:54:36.9579023Z test tests::version_unexpected_argument ... ok
2026-10-03T21:54:36.9583186Z test tests::version_version_exits_usage_with_unexpected_argument ... ok
2026-10-03T21:54:36.9587554Z test usage_cli::tests::help_is_native_without_resolving_credentials ... ok
2026-10-03T21:54:36.9592018Z test usage_cli::tests::table_matches_go_shape ... ok
2026-10-03T21:54:36.9598064Z test memory_cli::tests::query_log_normalizes_schema_default_timestamp ... ok
2026-10-03T21:54:36.9625303Z test memory_cli::tests::query_log_table_sanitizes_multiline_query_text ... ok
2026-10-03T21:54:36.9743061Z test usage_cli::fetch_output_tests::usage_fetch_620_cli_json_and_table_match_go_bytes ... ok
2026-10-03T21:54:36.9744194Z 
2026-10-03T21:54:36.9744916Z test result: ok. 109 passed; 0 failed; 0 ignored; 0 measured; 0 filtered out; finished in 2.13s
2026-10-03T21:54:36.9745789Z 
2026-10-03T21:54:36.9783246Z      Running unittests src\main.rs (target\debug\deps\symbrain-57ae1d9e040f613e.exe)
2026-10-03T21:54:36.9890218Z 
2026-10-03T21:54:36.9891155Z running 0 tests
2026-10-03T21:54:36.9891487Z 
2026-10-03T21:54:36.9891960Z test result: ok. 0 passed; 0 failed; 0 ignored; 0 measured; 0 filtered out; finished in 0.00s
2026-10-03T21:54:36.9892545Z 
2026-10-03T21:54:36.9908957Z      Running tests\activity_cli_oracle_tests.rs (target\debug\deps\activity_cli_oracle_tests-8bcb7538486b82a0.exe)
2026-10-03T21:54:37.0017889Z 
2026-10-03T21:54:37.0018932Z running 1 test
2026-10-03T21:54:37.2879172Z test bounded_activity_reads_match_the_pinned_go_commands ... ok
2026-10-03T21:54:37.2879626Z 
2026-10-03T21:54:37.2880021Z test result: ok. 1 passed; 0 failed; 0 ignored; 0 measured; 0 filtered out; finished in 0.29s
2026-10-03T21:54:37.2880488Z 
2026-10-03T21:54:37.2901036Z      Running tests\activity_validation_tests.rs (target\debug\deps\activity_validation_tests-2a6bd1876c8983d2.exe)
2026-10-03T21:54:37.3010622Z 
2026-10-03T21:54:37.3012109Z running 1 test
2026-10-03T21:54:41.2258289Z test activity_validation_matches_complete_go_process_fixture_without_fallback ... ok
2026-10-03T21:54:41.2259013Z 
2026-10-03T21:54:41.2259514Z test result: ok. 1 passed; 0 failed; 0 ignored; 0 measured; 0 filtered out; finished in 3.92s
2026-10-03T21:54:41.2260125Z 
2026-10-03T21:54:41.2277526Z      Running tests\cli_tree_tests.rs (target\debug\deps\cli_tree_tests-280be67fa0f075d4.exe)
2026-10-03T21:54:41.2386051Z 
2026-10-03T21:54:41.2386775Z running 4 tests
2026-10-03T21:54:41.2415234Z test tests::fixture_loads_and_has_correct_count ... ok
2026-10-03T21:54:41.2440910Z test tests::path_separator_normalization_is_confined_to_oracle_roots ... ok
2026-10-03T21:54:41.2456067Z test tests::temp_root_normalization_accepts_windows_short_path_aliases ... ok
2026-10-03T21:54:44.6621387Z test cli_tree_fixture_matches_native_binary ... ok
2026-10-03T21:54:44.6621784Z 
2026-10-03T21:54:44.6622147Z test result: ok. 4 passed; 0 failed; 0 ignored; 0 measured; 0 filtered out; finished in 3.42s
2026-10-03T21:54:44.6622622Z 
2026-10-03T21:54:44.6648623Z      Running tests\doctor_modules.rs (target\debug\deps\doctor_modules-1b0b13e000f01459.exe)
2026-10-03T21:54:44.6756097Z 
2026-10-03T21:54:44.6756495Z running 0 tests
2026-10-03T21:54:44.6756796Z 
2026-10-03T21:54:44.6757421Z test result: ok. 0 passed; 0 failed; 0 ignored; 0 measured; 0 filtered out; finished in 0.00s
2026-10-03T21:54:44.6758213Z 
2026-10-03T21:54:44.6774518Z      Running tests\doctor_native.rs (target\debug\deps\doctor_native-a7ad764a486cd1e5.exe)
2026-10-03T21:54:44.6875313Z 
2026-10-03T21:54:44.6875608Z running 0 tests
2026-10-03T21:54:44.6875865Z 
2026-10-03T21:54:44.6876318Z test result: ok. 0 passed; 0 failed; 0 ignored; 0 measured; 0 filtered out; finished in 0.00s
2026-10-03T21:54:44.6876745Z 
2026-10-03T21:54:44.6892550Z      Running tests\guard_decide_adapter.rs (target\debug\deps\guard_decide_adapter-d230c55d28a2e195.exe)
2026-10-03T21:54:44.6997732Z 
2026-10-03T21:54:44.6998172Z running 4 tests
2026-10-03T21:54:44.7067923Z test production_route_oversize_input_is_fail_closed ... ok
2026-10-03T21:54:44.7069626Z test production_route_reader_failure_is_one_audited_deny ... ok
2026-10-03T21:54:44.7071200Z test production_route_bounds_input_audits_and_writes_one_response ... ok
2026-10-03T21:54:44.7083070Z test production_route_audit_failure_denies_and_output_failure_returns_one ... ok
2026-10-03T21:54:44.7084103Z 
2026-10-03T21:54:44.7084662Z test result: ok. 4 passed; 0 failed; 0 ignored; 0 measured; 0 filtered out; finished in 0.01s
2026-10-03T21:54:44.7085404Z 
2026-10-03T21:54:44.7103343Z      Running tests\guard_decide_raw_bytes.rs (target\debug\deps\guard_decide_raw_bytes-89ced01911ec2f62.exe)
2026-10-03T21:54:44.7206615Z 
2026-10-03T21:54:44.7206896Z running 1 test
2026-10-03T21:54:44.7548348Z test production_binary_matches_frozen_raw_byte_responses_and_audits ... ok
2026-10-03T21:54:44.7549097Z 
2026-10-03T21:54:44.7549680Z test result: ok. 1 passed; 0 failed; 0 ignored; 0 measured; 0 filtered out; finished in 0.03s
2026-10-03T21:54:44.7550394Z 
2026-10-03T21:54:44.7568130Z      Running tests\guard_doctor_oracle_tests.rs (target\debug\deps\guard_doctor_oracle_tests-c695e052bc3613af.exe)
2026-10-03T21:54:44.7692704Z 
2026-10-03T21:54:44.7693367Z running 1 test
2026-10-03T21:54:44.9570379Z test every_oracle_case_matches_native_go_bytes ... ok
2026-10-03T21:54:44.9570727Z 
2026-10-03T21:54:44.9571103Z test result: ok. 1 passed; 0 failed; 0 ignored; 0 measured; 0 filtered out; finished in 0.19s
2026-10-03T21:54:44.9571534Z 
2026-10-03T21:54:44.9596909Z      Running tests\guard_grants_native.rs (target\debug\deps\guard_grants_native-d0600eb2b9b2c1af.exe)
2026-10-03T21:54:44.9715942Z 
2026-10-03T21:54:44.9716489Z running 9 tests
2026-10-03T21:54:44.9746766Z test native_grants_keeps_go_malformed_diagnostic_for_oracle_case ... ok
2026-10-03T21:54:44.9755970Z test native_grants_accepts_go_null_defaults_but_rejects_empty_timestamps ... ok
2026-10-03T21:54:44.9760228Z test native_grants_does_not_rewrite_ephemeral_revoke ... ok
2026-10-03T21:54:44.9762030Z test native_grants_formats_list_time_and_preserves_persisted_time_shape ... ok
2026-10-03T21:54:44.9777070Z test native_grants_module_compiles_and_handles_empty_store ... ok
2026-10-03T21:54:44.9778580Z test native_grants_keeps_legacy_entries_revivable ... ok
2026-10-03T21:54:44.9780465Z test native_grants_opens_store_before_empty_id_usage ... ok
2026-10-03T21:54:44.9793795Z test native_grants_matches_order_and_revoke_shape ... ok
2026-10-03T21:54:44.9795072Z test native_grants_persist_uses_go_html_escaping ... ok
2026-10-03T21:54:44.9795583Z 
2026-10-03T21:54:44.9795947Z test result: ok. 9 passed; 0 failed; 0 ignored; 0 measured; 0 filtered out; finished in 0.01s
2026-10-03T21:54:44.9796360Z 
2026-10-03T21:54:44.9815301Z      Running tests\guard_oracle_grants.rs (target\debug\deps\guard_oracle_grants-fc2d16aa78124219.exe)
2026-10-03T21:54:44.9919506Z 
2026-10-03T21:54:44.9919879Z running 1 test
2026-10-03T21:54:45.0055975Z test grants_cli_matches_go_oracle_bytes ... ok
2026-10-03T21:54:45.0056379Z 
2026-10-03T21:54:45.0056738Z test result: ok. 1 passed; 0 failed; 0 ignored; 0 measured; 0 filtered out; finished in 0.01s
2026-10-03T21:54:45.0057135Z 
2026-10-03T21:54:45.0078507Z      Running tests\harness_health_tests.rs (target\debug\deps\harness_health_tests-1db751c543a2a728.exe)
2026-10-03T21:54:45.0211433Z 
2026-10-03T21:54:45.0212025Z running 0 tests
2026-10-03T21:54:45.0212424Z 
2026-10-03T21:54:45.0213059Z test result: ok. 0 passed; 0 failed; 0 ignored; 0 measured; 0 filtered out; finished in 0.00s
2026-10-03T21:54:45.0213785Z 
2026-10-03T21:54:45.0231108Z      Running tests\harness_list_tests.rs (target\debug\deps\harness_list_tests-263d09c54420c332.exe)
2026-10-03T21:54:45.0336758Z 
2026-10-03T21:54:45.0337185Z running 8 tests
2026-10-03T21:54:45.0523453Z test json_is_compact_and_preserves_inventory_schema ... ok
2026-10-03T21:54:45.0650552Z test invalid_and_extra_arguments_keep_go_exit_and_diagnostics ... ok
2026-10-03T21:54:45.0704027Z test malformed_config_health_is_native_without_go_fallback ... ok
2026-10-03T21:54:45.0706263Z test missing_command_health_reports_redacted_error_without_go_fallback ... ok
2026-10-03T21:54:45.0735570Z test malformed_json_inventory_is_native_without_go_fallback ... ok
2026-10-03T21:54:45.0868635Z test table_matches_go_layout_for_populated_and_missing_configs ... ok
2026-10-03T21:54:45.0873216Z test table_reports_parsed_global_and_project_configs ... ok
2026-10-03T21:54:45.0952419Z test successful_health_probe_is_native_without_go_fallback ... ok
2026-10-03T21:54:45.0952987Z 
2026-10-03T21:54:45.0953622Z test result: ok. 8 passed; 0 failed; 0 ignored; 0 measured; 0 filtered out; finished in 0.06s
2026-10-03T21:54:45.0954133Z 
2026-10-03T21:54:45.0972837Z      Running tests\init_cli_tests.rs (target\debug\deps\init_cli_tests-3a0c82bfaa1740e6.exe)
2026-10-03T21:54:45.1083225Z 
2026-10-03T21:54:45.1083751Z running 7 tests
2026-10-03T21:54:45.1222022Z test missing_home_fails_with_expected_error ... ok
2026-10-03T21:54:45.1338790Z test custom_xdg_environment_variables_honored ... ok
2026-10-03T21:54:45.1396002Z test fresh_init_creates_files_and_dirs_with_proper_modes ... ok
2026-10-03T21:54:45.1463364Z test native_success_with_nonexistent_symbrain_go_binary ... ok
2026-10-03T21:54:45.1502617Z test init_help_and_unknown_flags_via_subprocess ... ok
2026-10-03T21:54:45.1679578Z test rerun_skips_existing_files_and_preserves_user_edits ... ok
2026-10-03T21:54:45.1816803Z test positionals_and_terminators_are_accepted ... ok
2026-10-03T21:54:45.1817227Z 
2026-10-03T21:54:45.1817637Z test result: ok. 7 passed; 0 failed; 0 ignored; 0 measured; 0 filtered out; finished in 0.07s
2026-10-03T21:54:45.1818020Z 
2026-10-03T21:54:45.1836731Z      Running tests\install_oracle_tests.rs (target\debug\deps\install_oracle_tests-e327cc8fc9393b0a.exe)
2026-10-03T21:54:45.1947564Z 
2026-10-03T21:54:45.1947840Z running 2 tests
2026-10-03T21:54:45.2130124Z test install_oracle_comparison_rejects_intentional_mutation ... ok
2026-10-03T21:54:45.4674870Z test install_oracle_fixture_is_consumed_by_the_native_rust_cli ... ok
2026-10-03T21:54:45.4675548Z 
2026-10-03T21:54:45.4676896Z test result: ok. 2 passed; 0 failed; 0 ignored; 0 measured; 0 filtered out; finished in 0.27s
2026-10-03T21:54:45.4677320Z 
2026-10-03T21:54:45.4696021Z      Running tests\mcp_cli_tests.rs (target\debug\deps\mcp_cli_tests-9b9ecdc14bcfe7d3.exe)
2026-10-03T21:54:45.4801984Z 
2026-10-03T21:54:45.4802283Z running 18 tests
2026-10-03T21:54:45.5121216Z test claude_oauth_file_routes_usage_to_native_parser_without_keychain_or_provider_request ... ok
2026-10-03T21:54:45.5507515Z test codex_default_file_env_and_home_override_routes_are_native ... ok
2026-10-03T21:54:45.6488956Z test deprecated_serve_alias_is_native_and_warns_only_on_stderr ... ok
2026-10-03T21:54:45.6577322Z test command_factory_hermetically_isolates_environment_from_outer_xdg_and_provider_keys ... ok
2026-10-03T21:54:45.6631190Z test differing_home_and_userprofile_keep_the_whole_usage_report_on_go ... ok
2026-10-03T21:54:45.6737304Z test direct_claude_oauth_routes_usage_to_native_parser_without_provider_request ... ok
2026-10-03T21:54:45.6912064Z test deterministic_claude_files_are_native_and_ambiguous_accounts_remain_on_go ... ok
2026-10-03T21:54:45.6923602Z test enabled_skills_server_exposes_native_tools_without_go_fallback ... ok
2026-10-03T21:54:45.7403562Z test copilot_single_default_file_routes_natively_and_unproven_shapes_keep_go ... ok
2026-10-03T21:54:45.7428793Z test mcp_profile_errors_and_unknown_flags_do_not_fallback ... ok
2026-10-03T21:54:45.7450687Z test kimi_and_nous_supported_home_overrides_select_native_usage_parser ... ok
2026-10-03T21:54:45.8406703Z test kimi_default_file_routes_follow_the_source_bound_candidate_contract ... ok
2026-10-03T21:54:45.8669405Z test mcp_profile_flag_loads_xdg_profile_directory ... ok
2026-10-03T21:54:45.8722400Z test native_mcp_audit_creates_redacted_jsonl_without_stdout_pollution ... ok
2026-10-03T21:54:45.8802830Z test mcp_subprocess_runs_native_initialize_list_call_and_silent_notification ... ok
2026-10-03T21:54:45.8838199Z test supported_provider_combination_routes_before_any_live_request ... ok
2026-10-03T21:54:45.9017693Z test usage_subprocess_lists_and_calls_native_tool_without_go_fallback ... ok
2026-10-03T21:54:46.1452306Z test nous_auth_file_shapes_select_native_parser_and_overflow_retains_go ... ok
2026-10-03T21:54:46.1452762Z 
2026-10-03T21:54:46.1453088Z test result: ok. 18 passed; 0 failed; 0 ignored; 0 measured; 0 filtered out; finished in 0.66s
2026-10-03T21:54:46.1453488Z 
2026-10-03T21:54:46.1472121Z      Running tests\profile_cli_tests.rs (target\debug\deps\profile_cli_tests-bc4bb993cf4607c5.exe)
2026-10-03T21:54:46.1580663Z 
2026-10-03T21:54:46.1581003Z running 12 tests
2026-10-03T21:54:46.1783914Z test add_uses_restricted_template_by_default_and_secure_modes ... ok
2026-10-03T21:54:46.1858235Z test remove_aborts_on_oversized_confirmation_input ... ok
2026-10-03T21:54:46.1939749Z test add_personal_flag_after_name_and_show_json_are_native ... ok
2026-10-03T21:54:46.1958681Z test list_json_has_canonical_core_order_and_partial_errors ... ok
2026-10-03T21:54:46.2013539Z test remove_deletes_file_symlink_without_following ... ok
2026-10-03T21:54:46.2048463Z test remove_oracle_fixture_records_source_provenance ... ok
2026-10-03T21:54:46.2080871Z test remove_fails_closed_for_symlink_harness_config ... ok
2026-10-03T21:54:46.2148097Z test remove_is_native_and_force_deletes_profile ... ok
2026-10-03T21:54:46.2321038Z test remove_rejects_symlinked_profiles_root_without_touching_target ... ok
2026-10-03T21:54:46.2389781Z test remove_keeps_relative_project_display_and_rejects_symlink_project_root ... ok
2026-10-03T21:54:46.2478135Z test remove_refuses_global_and_project_bindings_without_side_effects ... ok
2026-10-03T21:54:46.2601149Z test remove_prompt_matches_go_for_yes_no_and_eof ... ok
2026-10-03T21:54:46.2601609Z 
2026-10-03T21:54:46.2602072Z test result: ok. 12 passed; 0 failed; 0 ignored; 0 measured; 0 filtered out; finished in 0.10s
2026-10-03T21:54:46.2603025Z 
2026-10-03T21:54:46.2622643Z      Running tests\setup_fix_native.rs (target\debug\deps\setup_fix_native-c5e98b53b0ed7385.exe)
2026-10-03T21:54:46.2740218Z 
2026-10-03T21:54:46.2740798Z running 0 tests
2026-10-03T21:54:46.2741105Z 
2026-10-03T21:54:46.2741469Z test result: ok. 0 passed; 0 failed; 0 ignored; 0 measured; 0 filtered out; finished in 0.00s
2026-10-03T21:54:46.2741852Z 
2026-10-03T21:54:46.2760035Z      Running tests\setup_repair_native.rs (target\debug\deps\setup_repair_native-ffc8a05b1b952ea6.exe)
2026-10-03T21:54:46.2873521Z 
2026-10-03T21:54:46.2874058Z running 1 test
2026-10-03T21:54:46.6288153Z test source_installs_are_preserved_without_a_go_binary_or_release_host ... ok
2026-10-03T21:54:46.6288557Z 
2026-10-03T21:54:46.6288859Z test result: ok. 1 passed; 0 failed; 0 ignored; 0 measured; 0 filtered out; finished in 0.34s
2026-10-03T21:54:46.6289224Z 
2026-10-03T21:54:46.6306910Z      Running tests\skills_doctor_native.rs (target\debug\deps\skills_doctor_native-5b08fac45ac88335.exe)
2026-10-03T21:54:46.6419349Z 
2026-10-03T21:54:46.6419640Z running 0 tests
2026-10-03T21:54:46.6419874Z 
2026-10-03T21:54:46.6420356Z test result: ok. 0 passed; 0 failed; 0 ignored; 0 measured; 0 filtered out; finished in 0.00s
2026-10-03T21:54:46.6420983Z 
2026-10-03T21:54:46.6437466Z      Running tests\skills_list_native.rs (target\debug\deps\skills_list_native-660b5b67ad40159e.exe)
2026-10-03T21:54:46.6538049Z 
2026-10-03T21:54:46.6538335Z running 9 tests
2026-10-03T21:54:46.6699779Z test empty_library_json_matches_go_bytes ... ok
2026-10-03T21:54:46.6707748Z test empty_library_table_matches_go_bytes ... ok
2026-10-03T21:54:46.6825909Z test category_variants_collapse_to_one_spelling ... ok
2026-10-03T21:54:46.6844647Z test empty_library_with_extra_flag_keeps_go_fallback ... ok
2026-10-03T21:54:46.6916205Z test marker_install_and_access_time_fill_the_record ... ok
2026-10-03T21:54:46.6918020Z test classified_input_rejection_never_uses_go_even_with_an_override ... ok
2026-10-03T21:54:46.7008306Z test sync_dry_run_json_matches_go_bytes ... ok
2026-10-03T21:54:46.7027802Z test populated_library_is_reported_natively ... ok
2026-10-03T21:54:46.7566425Z test unloadable_library_entry_keeps_go_fallback ... ok
2026-10-03T21:54:46.7566784Z 
2026-10-03T21:54:46.7567444Z test result: ok. 9 passed; 0 failed; 0 ignored; 0 measured; 0 filtered out; finished in 0.10s
2026-10-03T21:54:46.7567906Z 
2026-10-03T21:54:46.7585690Z      Running tests\skills_log_native.rs (target\debug\deps\skills_log_native-a967fb4bdff937bf.exe)
2026-10-03T21:54:46.7692329Z 
2026-10-03T21:54:46.7692982Z running 0 tests
2026-10-03T21:54:46.7693269Z 
2026-10-03T21:54:46.7693835Z test result: ok. 0 passed; 0 failed; 0 ignored; 0 measured; 0 filtered out; finished in 0.00s
2026-10-03T21:54:46.7694540Z 
2026-10-03T21:54:46.7711297Z      Running tests\skills_status_opencode_tests.rs (target\debug\deps\skills_status_opencode_tests-811d271bf77e2365.exe)
2026-10-03T21:54:46.7820833Z 
2026-10-03T21:54:46.7821102Z running 16 tests
2026-10-03T21:54:46.8017259Z test default_user_status_empty_json_matches_go_bytes ... ok
2026-10-03T21:54:46.8021245Z test configured_status_keeps_go_fallback ... ok
2026-10-03T21:54:46.8035462Z test default_user_status_empty_table_matches_go_bytes ... ok
2026-10-03T21:54:46.8046660Z test default_status_with_dynamic_target_state_keeps_go_fallback ... ok
2026-10-03T21:54:46.8189417Z test legacy_go_config_wins_when_new_skills_config_dir_exists ... ok
2026-10-03T21:54:46.8262735Z test opencode_project_status_matches_go_bytes ... ok
2026-10-03T21:54:46.8280616Z test opencode_project_status_ignores_the_user_root ... ok
2026-10-03T21:54:46.8356954Z test opencode_project_status_no_scope_flag_defaults_to_user ... ok
2026-10-03T21:54:46.8424936Z test opencode_user_status_empty_json_matches_go_bytes ... ok
2026-10-03T21:54:46.8438927Z test opencode_user_status_empty_table_matches_go_bytes ... ok
2026-10-03T21:54:46.8566897Z test opencode_user_status_json_escapes_html_like_go ... ok
2026-10-03T21:54:46.8639658Z test opencode_user_status_managed_marker_row_matches_go_bytes ... ok
2026-10-03T21:54:46.8769610Z test opencode_user_status_populated_table_matches_go_bytes ... ok
2026-10-03T21:54:46.8787126Z test empty_explicit_user_roots_are_native ... ok
2026-10-03T21:54:46.8788184Z test symskills_config_override_keeps_go_fallback ... ok
2026-10-03T21:54:46.9025446Z test opencode_user_status_marker_states_keep_go_fallback ... ok
2026-10-03T21:54:46.9025907Z 
2026-10-03T21:54:46.9026247Z test result: ok. 16 passed; 0 failed; 0 ignored; 0 measured; 0 filtered out; finished in 0.12s
2026-10-03T21:54:46.9026709Z 
2026-10-03T21:54:46.9044728Z      Running tests\skills_sync_legacy_roots.rs (target\debug\deps\skills_sync_legacy_roots-ddc7f08be393afb5.exe)
2026-10-03T21:54:46.9151099Z 
2026-10-03T21:54:46.9151570Z running 1 test
2026-10-03T21:54:46.9353918Z test native_sync_plan_uses_the_platform_home_when_home_variables_disagree ... ok
2026-10-03T21:54:46.9354366Z 
2026-10-03T21:54:46.9354669Z test result: ok. 1 passed; 0 failed; 0 ignored; 0 measured; 0 filtered out; finished in 0.02s
2026-10-03T21:54:46.9355066Z 
2026-10-03T21:54:46.9373356Z      Running tests\skills_targets_native.rs (target\debug\deps\skills_targets_native-84f80b9c0137a446.exe)
2026-10-03T21:54:46.9498965Z 
2026-10-03T21:54:46.9499710Z running 6 tests
2026-10-03T21:54:46.9688383Z test target_binary_is_reported_as_evidence_natively ... ok
2026-10-03T21:54:46.9725432Z test config_file_targets_variant_keeps_go_fallback_before_output ... ok
2026-10-03T21:54:46.9868092Z test managed_and_unmanaged_skill_roots_are_classified_natively ... ok
2026-10-03T21:54:46.9879035Z test user_targets_json_is_compact_and_has_go_schema ... ok
2026-10-03T21:54:46.9886200Z test user_targets_table_matches_go_bytes_for_empty_sandbox ... ok
2026-10-03T21:54:47.0064583Z test scope_flag_is_native_but_config_stays_on_go ... ok
2026-10-03T21:54:47.0065036Z 
2026-10-03T21:54:47.0065415Z test result: ok. 6 passed; 0 failed; 0 ignored; 0 measured; 0 filtered out; finished in 0.06s
2026-10-03T21:54:47.0065897Z 
2026-10-03T21:54:47.0084008Z      Running tests\sync_native.rs (target\debug\deps\sync_native-91421a1ec206de4a.exe)
2026-10-03T21:54:47.0188098Z 
2026-10-03T21:54:47.0188676Z running 4 tests
2026-10-03T21:54:47.0377245Z test skill_target_harness_syncs_natively_without_a_go_binary ... ok
2026-10-03T21:54:47.0401239Z test project_override_syncs_natively_without_a_go_binary ... ok
2026-10-03T21:54:47.0432709Z test instruction_only_target_is_native_and_matches_sync_schema ... ok
2026-10-03T21:54:47.0495760Z test instruction_target_error_fails_sync_after_reporting_all_statuses ... ok
2026-10-03T21:54:47.0496166Z 
2026-10-03T21:54:47.0496471Z test result: ok. 4 passed; 0 failed; 0 ignored; 0 measured; 0 filtered out; finished in 0.03s
2026-10-03T21:54:47.0496867Z 
2026-10-03T21:54:47.0515551Z      Running tests\vault_admin_native.rs (target\debug\deps\vault_admin_native-5af97ee480e86727.exe)
2026-10-03T21:54:47.0648961Z 
2026-10-03T21:54:47.0649403Z running 2 tests
2026-10-03T21:54:47.0658064Z test vault_validation_stays_native_with_a_fallback_executor ... ok
2026-10-03T21:54:51.4854561Z test vault_administration_matches_real_go_process_contracts ... ok
2026-10-03T21:54:51.4855093Z 
2026-10-03T21:54:51.4855568Z test result: ok. 2 passed; 0 failed; 0 ignored; 0 measured; 0 filtered out; finished in 4.42s
2026-10-03T21:54:51.4856155Z 
2026-10-03T21:54:51.4878850Z      Running unittests src\lib.rs (target\debug\deps\symbrain_core-48302ed38ba7f897.exe)
2026-10-03T21:54:51.4997036Z 
2026-10-03T21:54:51.5069349Z running 99 tests
2026-10-03T21:54:51.5070813Z test config::atomic::tests::rename_with_retry_handles_windows_sharing_violation ... ok
2026-10-03T21:54:51.5071892Z test config::atomic::tests::rename_with_retry_exhausts_ten_attempts ... ok
2026-10-03T21:54:51.5072996Z test config::atomic::tests::rename_with_retry_recovers_after_transient_failures ... ok
2026-10-03T21:54:51.5074463Z test config::atomic::tests::rename_with_retry_succeeds_immediately ... ok
2026-10-03T21:54:51.5075443Z test config::atomic::tests::windows_errors_match_go_path_error_text ... ok
2026-10-03T21:54:51.5076465Z test config::atomic::tests::atomic_write_handles_relative_path_without_parent ... ok
2026-10-03T21:54:51.5077604Z test config::format::tests::format_go_datetime_matches_burnt_sushi_berlin_variants ... ok
2026-10-03T21:54:51.5078599Z test config::get::tests::get_extra_arguments_rejected ... ok
2026-10-03T21:54:51.5079459Z test config::atomic::tests::atomic_write_creates_and_replaces_file ... ok
2026-10-03T21:54:51.5080493Z test config::format::tests::format_go_datetime_matches_burnt_sushi_utc_variants ... ok
2026-10-03T21:54:51.5081629Z test config::get::tests::get_key_from_missing_file_exits_usage_with_not_set_message ... ok
2026-10-03T21:54:51.5082745Z test config::get::tests::get_key_malformed_toml_exits_generic_with_parse_error ... ok
2026-10-03T21:54:51.5083749Z test config::get::tests::get_key_missing_in_file_exits_usage ... ok
2026-10-03T21:54:51.5084739Z test config::get::tests::get_missing_file_prints_note_to_stdout_and_exits_zero ... ok
2026-10-03T21:54:51.5085814Z test config::get::tests::get_whole_file_preserves_comments_and_exact_bytes ... ok
2026-10-03T21:54:51.5086875Z test config::get::tests::get_whole_file_succeeds_even_if_toml_malformed ... ok
2026-10-03T21:54:51.5087838Z test config::lossless::tests::distinct_encoding_for_pua_and_raw_byte ... ok
2026-10-03T21:54:51.5088754Z test config::lossless::tests::roundtrip_all_single_bytes ... ok
2026-10-03T21:54:51.5089652Z test config::lossless::tests::roundtrip_arbitrary_invalid_bytes ... ok
2026-10-03T21:54:51.5091676Z test config::lossless::tests::roundtrip_literal_pua_and_sentinels ... ok
2026-10-03T21:54:51.5092714Z test config::lossless::tests::roundtrip_mixing_literal_pua_and_raw_bytes ... ok
2026-10-03T21:54:51.5096375Z test config::lossless::tests::roundtrip_valid_ascii_and_unicode ... ok
2026-10-03T21:54:51.5114782Z test config::get::tests::get_key_formats_primitives_lists_and_tables_identically_to_go ... ok
2026-10-03T21:54:51.5133635Z test config::format::tests::get_key_formats_floats_including_neg_zero_infinities_nan_and_scientific_boundaries ... ok
2026-10-03T21:54:51.5401300Z test config::set::fixtures_tests::datetime_preservation_subseconds_and_tz ... ok
2026-10-03T21:54:51.5410047Z test config::set::fixtures_tests::float_encoding_conventions_in_existing_tables ... ok
2026-10-03T21:54:51.5411381Z test config::set::fixtures_tests::deeply_nested_mixed_inline_tables ... ok
2026-10-03T21:54:51.5601302Z test config::set::flag_alias_tests::set_accepts_go_single_dash_safeguard_flags ... ok
2026-10-03T21:54:51.5606975Z test config::set::fixtures_tests::recursively_flatten_nested_inline_tables ... ok
2026-10-03T21:54:51.5611967Z test config::set::fixtures_tests::preserve_arrays_datetime_quoted_keys_and_arrays_of_tables ... ok
2026-10-03T21:54:51.5623691Z test config::set::fixtures_tests::mutate_and_flatten_existing_inline_tables ... ok
2026-10-03T21:54:51.5626291Z test config::set::tests::set_handles_relative_path_without_parent ... ok
2026-10-03T21:54:51.5638870Z test config::set::tests::set_creates_nested_tables_and_matches_burnt_sushi_ordering ... ok
2026-10-03T21:54:51.5649320Z test config::set::tests::set_preview_is_non_mutating_and_does_not_reveal_value ... ok
2026-10-03T21:54:51.5652159Z test config::set::tests::set_rejects_intermediate_scalar_without_writing ... ok
2026-10-03T21:54:51.5655438Z test config::set::tests::set_requires_exactly_two_arguments_and_nonempty_key ... ok
2026-10-03T21:54:51.5659120Z test exit::tests::exit_code_constants_match_symaira_specification ... ok
2026-10-03T21:54:51.5664372Z test output::tests::extract_accepts_all_flag_variants ... ok
2026-10-03T21:54:51.5667843Z test output::tests::extract_accepts_duplicate_identical_flags ... ok
2026-10-03T21:54:51.5671070Z test output::tests::extract_accepts_flag_after_double_dash ... ok
2026-10-03T21:54:51.5675157Z test output::tests::extract_accepts_global_flags_anywhere ... ok
2026-10-03T21:54:51.5678148Z test output::tests::extract_defaults_to_table_without_flags ... ok
2026-10-03T21:54:51.5680548Z test output::tests::extract_rejects_conflicting_formats ... ok
2026-10-03T21:54:51.5683425Z test output::tests::missing_output_value_error_normalizes_to_double_dash ... ok
2026-10-03T21:54:51.5686270Z test output::tests::parse_accepts_empty_and_table_formats ... ok
2026-10-03T21:54:51.5688324Z test output::tests::parse_accepts_json_formats ... ok
2026-10-03T21:54:51.5691057Z test output::tests::parse_rejects_unknown_formats ... ok
2026-10-03T21:54:51.5693985Z test output::tests::render_helper_formats_json_and_table ... ok
2026-10-03T21:54:51.5696426Z test output::tests::render_json_escapes_html_like_go ... ok
2026-10-03T21:54:51.5699236Z test output::tests::render_json_preserves_values_and_appends_newline ... ok
2026-10-03T21:54:51.5701411Z test output::tests::render_table_uses_table_function ... ok
2026-10-03T21:54:51.5705469Z test output::tests::resolve_defaults_to_table_and_recognizes_json ... ok
2026-10-03T21:54:51.5708875Z test paths::tests::live_component_paths_resolve_when_home_is_present ... ok
2026-10-03T21:54:51.5711479Z test paths::tests::resolve_location_defaults_to_current_namespace ... ok
2026-10-03T21:54:51.5713990Z test paths::tests::resolve_location_falls_back_to_legacy_when_only_legacy_exists ... ok
2026-10-03T21:54:51.5716675Z test paths::tests::resolve_location_honors_absolute_xdg_env ... ok
2026-10-03T21:54:51.5719038Z test paths::tests::resolve_location_ignores_relative_xdg_env ... ok
2026-10-03T21:54:51.5721280Z test paths::tests::resolve_location_memory_data_dir ... ok
2026-10-03T21:54:51.5724535Z test paths::tests::resolve_location_prefers_current_when_both_exist ... ok
2026-10-03T21:54:51.5726595Z test paths::tests::resolve_location_returns_none_when_no_base_or_home ... ok
2026-10-03T21:54:51.5729566Z test paths::tests::resolve_location_skills_cache_dir ... ok
2026-10-03T21:54:51.5731973Z test paths::tests::resolve_location_skills_cache_legacy_fallback ... ok
2026-10-03T21:54:51.5734616Z test paths::tests::resolve_location_skills_config_dir ... ok
2026-10-03T21:54:51.5736790Z test paths::tests::resolve_location_skills_config_legacy_fallback ... ok
2026-10-03T21:54:51.5739390Z test paths::tests::resolve_location_skills_data_dir ... ok
2026-10-03T21:54:51.5742047Z test version::tests::current_platform_non_empty ... ok
2026-10-03T21:54:51.5744706Z test version::tests::platform_mapping_arch ... ok
2026-10-03T21:54:51.5747292Z test version::tests::platform_mapping_os ... ok
2026-10-03T21:54:51.5749975Z test version::tests::platform_pair_formatting ... ok
2026-10-03T21:54:51.5752356Z test version::tests::version_info_json_roundtrip ... ok
2026-10-03T21:54:51.5754937Z test version::tests::version_info_json_serialization_matches_schema ... ok
2026-10-03T21:54:51.5757137Z test version::tests::version_info_sets_correct_fields ... ok
2026-10-03T21:54:51.5759357Z test version::tests::version_info_with_schema ... ok
2026-10-03T21:54:51.5761540Z test xdg::tests::audit_dir_sits_under_data_dir ... ok
2026-10-03T21:54:51.5764652Z test xdg::tests::cache_dir_accepts_relative_xdg_cache_home ... ok
2026-10-03T21:54:51.5767124Z test xdg::tests::cache_dir_honors_env_and_falls_back_to_home ... ok
2026-10-03T21:54:51.5769531Z test xdg::tests::config_dir_is_parent_of_config_path ... ok
2026-10-03T21:54:51.5772402Z test xdg::tests::config_path_falls_back_to_default_when_both_missing ... ok
2026-10-03T21:54:51.5775036Z test xdg::tests::config_path_falls_back_to_home_when_xdg_empty ... ok
2026-10-03T21:54:51.5777334Z test xdg::tests::config_path_falls_back_to_home_when_xdg_unset ... ok
2026-10-03T21:54:51.5780177Z test xdg::tests::config_path_honors_absolute_xdg_config_home ... ok
2026-10-03T21:54:51.5782543Z test xdg::tests::config_path_ignores_relative_xdg_config_home ... ok
2026-10-03T21:54:51.5785058Z test xdg::tests::data_dir_accepts_relative_xdg_data_home ... ok
2026-10-03T21:54:51.5787559Z test xdg::tests::data_dir_honors_env_and_falls_back_to_home ... ok
2026-10-03T21:54:51.5790004Z test xdg::tests::home_dir_empty_returns_none ... ok
2026-10-03T21:54:51.5792506Z test xdg::tests::home_dir_unix_ignores_userprofile_and_homedrive ... ok
2026-10-03T21:54:51.5795025Z test xdg::tests::home_dir_unix_uses_home_only ... ok
2026-10-03T21:54:51.5797155Z test xdg::tests::home_dir_windows_falls_back_to_homedrive_and_homepath ... ok
2026-10-03T21:54:51.5799550Z test xdg::tests::home_dir_windows_ignores_home ... ok
2026-10-03T21:54:51.5802055Z test xdg::tests::home_dir_windows_partial_homedrive_or_homepath_returns_none ... ok
2026-10-03T21:54:51.5804568Z test xdg::tests::home_dir_windows_uses_userprofile_first ... ok
2026-10-03T21:54:51.5807373Z test xdg::tests::live_config_path_always_resolves ... ok
2026-10-03T21:54:51.5810151Z test xdg::tests::live_env_resolves_when_home_is_present ... ok
2026-10-03T21:54:51.5812242Z test xdg::tests::managed_bin_dir_sits_under_home ... ok
2026-10-03T21:54:51.5815055Z test xdg::tests::patterns_dir_sits_under_data_dir_as_recipes ... ok
2026-10-03T21:54:51.5817364Z test xdg::tests::profiles_dir_sits_under_config_dir ... ok
2026-10-03T21:54:51.5887633Z test config::set::tests::set_rewrites_comments_and_preserves_existing_values ... ok
2026-10-03T21:54:51.6089355Z test config::set::tests::set_infers_go_bool_and_int64_spellings_then_string ... ok
2026-10-03T21:54:51.6837678Z test config::set::tests::set_writes_backup_and_preserves_original_when_backup_fails ... ok
2026-10-03T21:54:51.6838326Z 
2026-10-03T21:54:51.6838790Z test result: ok. 99 passed; 0 failed; 0 ignored; 0 measured; 0 filtered out; finished in 0.18s
2026-10-03T21:54:51.6839388Z 
2026-10-03T21:54:51.6862119Z      Running tests\xdg_paths_tests.rs (target\debug\deps\xdg_paths_tests-4981137da80bc42e.exe)
2026-10-03T21:54:51.6968124Z 
2026-10-03T21:54:51.6968444Z running 1 test
2026-10-03T21:54:51.7109626Z test xdg_paths_match_go_oracle ... ok
2026-10-03T21:54:51.7110041Z 
2026-10-03T21:54:51.7110602Z test result: ok. 1 passed; 0 failed; 0 ignored; 0 measured; 0 filtered out; finished in 0.01s
2026-10-03T21:54:51.7110982Z 
2026-10-03T21:54:51.7130072Z      Running unittests src\lib.rs (target\debug\deps\symbrain_gateway-a5d0629c0959d655.exe)
2026-10-03T21:54:51.7235960Z 
2026-10-03T21:54:51.7236267Z running 3 tests
2026-10-03T21:54:51.7244608Z test audit::tests::usage_audit_status_distinguishes_success_partial_and_cancelled ... ok
2026-10-03T21:54:51.7245434Z test response::tests::success_response_never_swallows_serialization_errors ... ok
2026-10-03T21:54:51.7545780Z test embedded::skills::skills_status::tests::target_status_matches_harness_inventory_semantics ... ok
2026-10-03T21:54:51.7546377Z 
2026-10-03T21:54:51.7546675Z test result: ok. 3 passed; 0 failed; 0 ignored; 0 measured; 0 filtered out; finished in 0.03s
2026-10-03T21:54:51.7547052Z 
2026-10-03T21:54:51.7569399Z      Running tests\gateway_tests.rs (target\debug\deps\gateway_tests-88b3682d91ed34ae.exe)
2026-10-03T21:54:51.7701538Z 
2026-10-03T21:54:51.7701967Z running 9 tests
2026-10-03T21:54:51.7730143Z test identity_injection_covers_missing_unmapped_and_disabled_calls ... ok
2026-10-03T21:54:51.7738890Z test optional_modules_default_disabled_without_public_registration ... ok
2026-10-03T21:54:51.7741960Z test memory_identity_injection_is_caller_wins ... ok
2026-10-03T21:54:51.7746457Z test optional_modules_enabled_without_allowlist_remain_private ... ok
2026-10-03T21:54:51.7752235Z test routing_joins_all_content_and_classifies_broker_failures ... ok
2026-10-03T21:54:51.7757573Z test optional_modules_public_handlers_bound_tools_and_deny_unknown_calls ... ok
2026-10-03T21:54:51.7763368Z test writer_loop_preserves_framed_gateway_responses ... ok
2026-10-03T21:54:51.7825608Z test fixture_is_the_complete_gateway_black_box_contract ... ok
2026-10-03T21:54:59.0307706Z test in_flight_tools_call_cancellation_matches_go_oracle ... ok
2026-10-03T21:54:59.0308426Z 
2026-10-03T21:54:59.0308877Z test result: ok. 9 passed; 0 failed; 0 ignored; 0 measured; 0 filtered out; finished in 7.26s
2026-10-03T21:54:59.0309799Z 
2026-10-03T21:54:59.0334928Z      Running tests\usage_tests.rs (target\debug\deps\usage_tests-67bc9d38539a7631.exe)
2026-10-03T21:54:59.0470507Z 
2026-10-03T21:54:59.0470923Z running 3 tests
2026-10-03T21:54:59.0517910Z test usage_tools_deny_hides_native_tool_and_returns_method_not_found ... ok
2026-10-03T21:54:59.0628921Z test usage_is_one_policy_filtered_native_tool_and_dispatches_without_identity ... ok
2026-10-03T21:55:29.0601478Z test usage_handler_deadline_cancels_active_provider_and_skips_later_batches ... ok
2026-10-03T21:55:29.0602594Z 
2026-10-03T21:55:29.0602959Z test result: ok. 3 passed; 0 failed; 0 ignored; 0 measured; 0 filtered out; finished in 30.01s
2026-10-03T21:55:29.0603333Z 
2026-10-03T21:55:29.0631291Z      Running unittests src\lib.rs (target\debug\deps\symbrain_guard_core-2da3ce0ba45d7ace.exe)
2026-10-03T21:55:29.0766592Z 
2026-10-03T21:55:29.0767411Z running 18 tests
2026-10-03T21:55:29.0776369Z test external_decision::tests::quote_go_char_preserves_frozen_latin1_printability ... ok
2026-10-03T21:55:29.0777651Z test go_json::tests::matches_go_html_and_line_separator_escaping ... ok
2026-10-03T21:55:29.0778664Z test go_json::tests::formats_utc_seconds_from_fractional_offset_time ... ok
2026-10-03T21:55:29.0779715Z test go_json::tests::matches_go_marshal_indent_layout_and_escaping ... ok
2026-10-03T21:55:29.0782202Z test key_storage::tests::default_data_path_prefers_xdg_then_home_then_temp ... ok
2026-10-03T21:55:29.0785086Z test key_storage::tests::generate_key_has_required_size ... ok
2026-10-03T21:55:29.0801195Z test key_storage::tests::short_existing_key_fails_closed ... ok
2026-10-03T21:55:29.0804423Z test key_storage::tests::regular_file_parent_fails_closed ... ok
2026-10-03T21:55:29.0805577Z test sequence::tests::canonicalizes_object_key_order ... ok
2026-10-03T21:55:29.0810472Z test key_storage::tests::load_or_create_is_stable_and_owner_only ... ok
2026-10-03T21:55:29.0811954Z test sequence::tests::disabled_detector_does_not_record ... ok
2026-10-03T21:55:29.0814247Z test sequence::tests::exact_repetition_blocks_at_default_threshold ... ok
2026-10-03T21:55:29.0815746Z test sequence::tests::ledger_summarizes_successes_failures_and_last_error_sorted ... ok
2026-10-03T21:55:29.0818777Z test sequence::tests::fuzzy_search_and_find_tools_deduplicate_queries ... ok
2026-10-03T21:55:29.0820448Z test sequence::tests::non_positive_window_size_uses_default ... ok
2026-10-03T21:55:29.0821440Z test sequence::tests::only_attempt_states_count_and_denies_are_recoverable ... ok
2026-10-03T21:55:29.0822667Z test sequence::tests::threshold_and_tool_are_part_of_exact_contract ... ok
2026-10-03T21:55:29.0823493Z test sequence::tests::window_eviction_forgets_least_recent_signature ... ok
2026-10-03T21:55:29.0823819Z 
2026-10-03T21:55:29.0824088Z test result: ok. 18 passed; 0 failed; 0 ignored; 0 measured; 0 filtered out; finished in 0.01s
2026-10-03T21:55:29.0824465Z 
2026-10-03T21:55:29.0848083Z      Running tests\capability_oracle_tests.rs (target\debug\deps\capability_oracle_tests-02b8efa8125182fa.exe)
2026-10-03T21:55:29.0974114Z 
2026-10-03T21:55:29.0974998Z running 5 tests
2026-10-03T21:55:29.1154913Z test capability_scope_intersection_matches_pinned_go ... ok
2026-10-03T21:55:29.1156783Z test capability_signing_matches_pinned_go_bytes ... ok
2026-10-03T21:55:29.1158061Z test capability_verification_matches_pinned_go ... ok
2026-10-03T21:55:29.1174670Z test capability_oracle_provenance_and_case_ids_are_complete ... ok
2026-10-03T21:55:29.1209878Z test capability_wire_matches_pinned_go_bytes ... ok
2026-10-03T21:55:29.1210348Z 
2026-10-03T21:55:29.1210860Z test result: ok. 5 passed; 0 failed; 0 ignored; 0 measured; 0 filtered out; finished in 0.02s
2026-10-03T21:55:29.1211504Z 
2026-10-03T21:55:29.1236883Z      Running tests\external_decision.rs (target\debug\deps\external_decision-7fe9310a0980e625.exe)
2026-10-03T21:55:29.1373483Z 
2026-10-03T21:55:29.1374713Z running 6 tests
2026-10-03T21:55:29.1389490Z test deadline_equality_is_expired_with_injected_time ... ok
2026-10-03T21:55:29.1390636Z test audit_record_preserves_received_fields_and_injected_timestamp ... ok
2026-10-03T21:55:29.1392393Z test audit_failure_flips_allow_to_deny_but_keeps_existing_deny ... ok
2026-10-03T21:55:29.1397768Z test trailing_json_diagnostics_match_go_byte_scanner ... ok
2026-10-03T21:55:29.1486626Z test fixture_provenance_mutations_are_rejected_by_the_same_validator ... ok
2026-10-03T21:55:29.1494122Z test pinned_go_fixture_matches_direct_response_bytes ... ok
2026-10-03T21:55:29.1494671Z 
2026-10-03T21:55:29.1495181Z test result: ok. 6 passed; 0 failed; 0 ignored; 0 measured; 0 filtered out; finished in 0.01s
2026-10-03T21:55:29.1495604Z 
2026-10-03T21:55:29.1521237Z      Running tests\external_decision_review.rs (target\debug\deps\external_decision_review-e4e2f2e76743ae8b.exe)
2026-10-03T21:55:29.1653065Z 
2026-10-03T21:55:29.1654009Z running 2 tests
2026-10-03T21:55:29.2825559Z test reviewed_counterexamples_match_go_response_and_audit ... ok
2026-10-03T21:55:29.2875412Z test mutated_review_capture_fails_the_actual_validator ... ok
2026-10-03T21:55:29.2875957Z 
2026-10-03T21:55:29.2876263Z test result: ok. 2 passed; 0 failed; 0 ignored; 0 measured; 0 filtered out; finished in 0.12s
2026-10-03T21:55:29.2876641Z 
2026-10-03T21:55:29.2899952Z      Running tests\external_decision_serialization.rs (target\debug\deps\external_decision_serialization-2b16b519952da7f9.exe)
2026-10-03T21:55:29.3017260Z 
2026-10-03T21:55:29.3018072Z running 3 tests
2026-10-03T21:55:29.3026454Z test audit_serialization_omits_optional_empty_fields_like_go ... ok
2026-10-03T21:55:29.3027421Z test go_timestamp_is_utc_seconds_precision_for_audit_records ... ok
2026-10-03T21:55:29.3028340Z test matches_pinned_go_generated_audit_and_response_fixture ... ok
2026-10-03T21:55:29.3028872Z 
2026-10-03T21:55:29.3029373Z test result: ok. 3 passed; 0 failed; 0 ignored; 0 measured; 0 filtered out; finished in 0.00s
2026-10-03T21:55:29.3030335Z 
2026-10-03T21:55:29.3048259Z      Running tests\external_repair.rs (target\debug\deps\external_repair-62ecc206ece4d983.exe)
2026-10-03T21:55:29.3172303Z 
2026-10-03T21:55:29.3172825Z running 2 tests
2026-10-03T21:55:29.3183207Z test deadline_nanosecond_boundary_is_not_rounded ... ok
2026-10-03T21:55:29.3418833Z test replay_f01_f05_production_go_observations ... ok
2026-10-03T21:55:29.3420398Z 
2026-10-03T21:55:29.3420945Z test result: ok. 2 passed; 0 failed; 0 ignored; 0 measured; 0 filtered out; finished in 0.02s
2026-10-03T21:55:29.3421626Z 
2026-10-03T21:55:29.3445018Z      Running tests\oracle_tests.rs (target\debug\deps\oracle_tests-7eacc35d2a9c08a3.exe)
2026-10-03T21:55:29.3564789Z 
2026-10-03T21:55:29.3565625Z running 5 tests
2026-10-03T21:55:29.3573251Z test fail_closed_control_has_no_reason_bytes ... ok
2026-10-03T21:55:29.3577918Z test policy_match_criteria_is_conjunctive ... ok
2026-10-03T21:55:29.3578990Z test static_scope_kernel_rejects_missing_capability ... ok
2026-10-03T21:55:29.3580095Z test catalog_json_validation_preserves_unknown_decision_error ... ok
2026-10-03T21:55:29.3673543Z test guard_core_matches_go_oracle_bytes ... ok
2026-10-03T21:55:29.3674059Z 
2026-10-03T21:55:29.3674587Z test result: ok. 5 passed; 0 failed; 0 ignored; 0 measured; 0 filtered out; finished in 0.01s
2026-10-03T21:55:29.3675222Z 
2026-10-03T21:55:29.3699133Z      Running unittests src\lib.rs (target\debug\deps\symbrain_harness-7b22e9145b1da9ea.exe)
2026-10-03T21:55:29.3814539Z 
2026-10-03T21:55:29.3815118Z running 1 test
2026-10-03T21:55:29.3819133Z test inventory_read::tests::clean_path_preserves_leading_parent_components ... ok
2026-10-03T21:55:29.3819764Z 
2026-10-03T21:55:29.3820138Z test result: ok. 1 passed; 0 failed; 0 ignored; 0 measured; 0 filtered out; finished in 0.00s
2026-10-03T21:55:29.3820535Z 
2026-10-03T21:55:29.3838663Z      Running tests\harness_tests.rs (target\debug\deps\harness_tests-d6deb9b53472b2c2.exe)
2026-10-03T21:55:29.3970849Z 
2026-10-03T21:55:29.3971397Z running 15 tests
2026-10-03T21:55:29.3984223Z test entry_semantics_match_go_and_are_cross_platform ... ok
2026-10-03T21:55:29.3985152Z test failed_remove_is_rollback_safe ... ok
2026-10-03T21:55:29.4002337Z test go_toml_goldens_are_byte_exact_and_reversible ... ok
2026-10-03T21:55:29.4010355Z test go_json_goldens_are_byte_exact_and_reversible ... ok
2026-10-03T21:55:29.4012521Z test injected_paths_use_target_os_not_host_goos ... ok
2026-10-03T21:55:29.4016170Z test backup_clock_and_mode_are_deterministic_on_unix ... ok
2026-10-03T21:55:29.4021487Z test json_preserves_duplicate_key_order_and_numeric_lexemes ... ok
2026-10-03T21:55:29.4024004Z test parser_rejects_malformed_and_wrong_top_level_documents ... ok
2026-10-03T21:55:29.4030806Z test parsers_reject_excessive_depth_and_redact_malformed_toml_values ... ok
2026-10-03T21:55:29.4037131Z test registry_is_exactly_the_nine_entry_go_registry ... ok
2026-10-03T21:55:29.4044002Z test backups_with_same_timestamp_keep_both_snapshots ... ok
2026-10-03T21:55:29.4048483Z test unsupported_adapters_are_not_mcp_documents ... ok
2026-10-03T21:55:29.4053778Z test inventory_models_are_read_only_and_redact_environment_values ... ok
2026-10-03T21:55:29.4072782Z test unified_diff_matches_go_small_and_oversized_contracts ... ok
2026-10-03T21:55:29.4785862Z test parsers_reject_excessive_input_shapes ... ok
2026-10-03T21:55:29.4786201Z 
2026-10-03T21:55:29.4786498Z test result: ok. 15 passed; 0 failed; 0 ignored; 0 measured; 0 filtered out; finished in 0.08s
2026-10-03T21:55:29.4786937Z 
2026-10-03T21:55:29.4812260Z      Running tests\path_safety.rs (target\debug\deps\path_safety-bb154d928946f3b8.exe)
2026-10-03T21:55:29.4933651Z 
2026-10-03T21:55:29.4934450Z running 2 tests
2026-10-03T21:55:29.4945017Z test inventory_display_preserves_leading_parent_sibling_path ... ok
2026-10-03T21:55:29.4964933Z test profile_binding_scan_preserves_leading_parent_sibling_path ... ok
2026-10-03T21:55:29.4965469Z 
2026-10-03T21:55:29.4965886Z test result: ok. 2 passed; 0 failed; 0 ignored; 0 measured; 0 filtered out; finished in 0.00s
2026-10-03T21:55:29.4966265Z 
2026-10-03T21:55:29.4990125Z      Running unittests src\lib.rs (target\debug\deps\symbrain_instructions-32613a58b549380c.exe)
2026-10-03T21:55:29.5106427Z 
2026-10-03T21:55:29.5107367Z running 0 tests
2026-10-03T21:55:29.5107654Z 
2026-10-03T21:55:29.5108259Z test result: ok. 0 passed; 0 failed; 0 ignored; 0 measured; 0 filtered out; finished in 0.00s
2026-10-03T21:55:29.5108965Z 
2026-10-03T21:55:29.5126130Z      Running tests\confinement_tests.rs (target\debug\deps\confinement_tests-ad1ba9d185c3e644.exe)
2026-10-03T21:55:29.5245961Z 
2026-10-03T21:55:29.5246491Z running 1 test
2026-10-03T21:55:29.5257372Z test trusted_root_api_rejects_absolute_target_components ... ok
2026-10-03T21:55:29.5257946Z 
2026-10-03T21:55:29.5258485Z test result: ok. 1 passed; 0 failed; 0 ignored; 0 measured; 0 filtered out; finished in 0.00s
2026-10-03T21:55:29.5259211Z 
2026-10-03T21:55:29.5278991Z      Running tests\instruction_tests.rs (target\debug\deps\instruction_tests-9a8238c612306e8c.exe)
2026-10-03T21:55:29.5398758Z 
2026-10-03T21:55:29.5399529Z running 16 tests
2026-10-03T21:55:29.5415374Z test malformed_and_multiple_boundaries_use_only_the_first_block ... ok
2026-10-03T21:55:29.5416330Z test oracle_provenance_is_present_and_pinned ... ok
2026-10-03T21:55:29.5417538Z test missing_source_files_are_empty_and_other_io_errors_are_returned ... ok
2026-10-03T21:55:29.5423038Z test oracle_render_cases_match_go ... ok
2026-10-03T21:55:29.5424519Z test prefix_code_escape_is_injective_and_preserves_ordinary_bytes ... ok
2026-10-03T21:55:29.5430032Z test preserves_non_utf8_bytes_like_go_strings ... ok
2026-10-03T21:55:29.5445512Z test preserves_unmanaged_prefix_and_suffix_across_property_inputs ... ok
2026-10-03T21:55:29.5452868Z test renders_the_pinned_five_goldens ... ok
2026-10-03T21:55:29.5454721Z test reserved_markers_in_content_are_escaped_and_idempotent ... ok
2026-10-03T21:55:29.5481253Z test second_render_is_byte_identical_for_deterministic_inputs ... ok
2026-10-03T21:55:29.5498034Z test source_paths_follow_xdg_and_project_layout ... ok
2026-10-03T21:55:29.5500404Z test source_concatenates_without_inventing_a_separator ... ok
2026-10-03T21:55:29.5524867Z test oracle_source_cases_match_go ... ok
2026-10-03T21:55:29.5538126Z test source_rejects_directories_and_oversized_files ... ok
2026-10-03T21:55:29.5602656Z test oracle_source_verdict_cases_match_go ... ok
2026-10-03T21:55:29.5628491Z test source_rejects_oversized_merged_content ... ok
2026-10-03T21:55:29.5628958Z 
2026-10-03T21:55:29.5629473Z test result: ok. 16 passed; 0 failed; 0 ignored; 0 measured; 0 filtered out; finished in 0.02s
2026-10-03T21:55:29.5630185Z 
2026-10-03T21:55:29.5654521Z      Running unittests src\lib.rs (target\debug\deps\symbrain_managed-8c6a33329426348f.exe)
2026-10-03T21:55:29.5773053Z 
2026-10-03T21:55:29.5773530Z running 4 tests
2026-10-03T21:55:29.5789452Z test manifest::tests::active_cores_defaults_to_mandatory_only ... ok
2026-10-03T21:55:29.5790071Z test manifest::tests::active_cores_honors_explicit_false_and_true ... ok
2026-10-03T21:55:29.5806553Z test version_probe::tests::extensionless_pe_is_not_executed_without_a_pathext_candidate ... ok
2026-10-03T21:55:29.5807693Z test provenance::tests::release_provenance_matches_go_sidecar_contract ... ok
2026-10-03T21:55:29.5808081Z 
2026-10-03T21:55:29.5808375Z test result: ok. 4 passed; 0 failed; 0 ignored; 0 measured; 0 filtered out; finished in 0.00s
2026-10-03T21:55:29.5808732Z 
2026-10-03T21:55:29.5832371Z      Running tests\install_tests.rs (target\debug\deps\install_tests-9488ee739859965f.exe)
2026-10-03T21:55:29.5977567Z 
2026-10-03T21:55:29.5978100Z running 7 tests
2026-10-03T21:55:29.6212061Z test checksum_failure_leaves_existing_binary_untouched ... ok
2026-10-03T21:55:29.6303666Z test installer_downloads_fallback_asset_verifies_and_installs ... ok
2026-10-03T21:55:29.6384311Z test installer_prefers_versioned_asset_with_manifest_pin ... ok
2026-10-03T21:55:29.6646363Z test pinned_primary_mismatch_does_not_downgrade_to_alternate ... ok
2026-10-03T21:55:29.6785146Z test installer_retries_alternate_after_http10_closes_missing_asset_response ... ok
2026-10-03T21:55:29.8644716Z test installed_version_probes_native_windows_executable ... ok
2026-10-03T21:55:32.8643090Z test installed_version_timeout_kills_native_windows_executable ... ok
2026-10-03T21:55:32.8643697Z 
2026-10-03T21:55:32.8669291Z      Running tests\oracle_differential_tests.rs (target\debug\deps\oracle_differential_tests-4c53f461bdc88e86.exe)
2026-10-03T21:55:32.8670225Z test result: ok. 7 passed; 0 failed; 0 ignored; 0 measured; 0 filtered out; finished in 3.27s
2026-10-03T21:55:32.8670668Z 
2026-10-03T21:55:32.8820805Z 
2026-10-03T21:55:32.8821421Z running 5 tests
2026-10-03T21:55:32.8843884Z test embedded_manifest_and_core_naming_match_go ... ok
2026-10-03T21:55:32.8846931Z test release_url_is_tag_pinned ... ok
2026-10-03T21:55:32.8852485Z test checksum_contract_matches_go ... ok
2026-10-03T21:55:32.8858099Z test atomic_install_replaces_bytes_and_sets_executable_mode ... ok
2026-10-03T21:55:32.8909730Z test archive_selection_and_security_errors_match_go ... ok
2026-10-03T21:55:32.8910217Z 
2026-10-03T21:55:32.8910718Z test result: ok. 5 passed; 0 failed; 0 ignored; 0 measured; 0 filtered out; finished in 0.01s
2026-10-03T21:55:32.8911391Z 
2026-10-03T21:55:32.8933584Z      Running tests\version_probe_windows.rs (target\debug\deps\version_probe_windows-0d4a2da94831ee02.exe)
2026-10-03T21:55:32.9054557Z 
2026-10-03T21:55:32.9055483Z running 1 test
2026-10-03T21:55:33.1319822Z test managed_version_checks_original_name_before_windows_extension_lookup ... ok
2026-10-03T21:55:33.1320533Z 
2026-10-03T21:55:33.1321053Z test result: ok. 1 passed; 0 failed; 0 ignored; 0 measured; 0 filtered out; finished in 0.23s
2026-10-03T21:55:33.1321721Z 
2026-10-03T21:55:33.1338614Z      Running unittests src\lib.rs (target\debug\deps\symbrain_mcp-680b34aedd221904.exe)
2026-10-03T21:55:33.1457111Z 
2026-10-03T21:55:33.1457813Z running 5 tests
2026-10-03T21:55:33.1465443Z test frame::tests::response_mode_is_symmetric ... ok
2026-10-03T21:55:33.1466479Z test frame::tests::preserves_null_id_as_a_request ... ok
2026-10-03T21:55:33.1467940Z test model::tests::request_distinguishes_absent_null_and_numeric_ids ... ok
2026-10-03T21:55:33.1469211Z test frame::tests::reads_line_and_framed_requests ... ok
2026-10-03T21:55:33.1470035Z test model::tests::response_omits_opposite_branch_and_keeps_null_id ... ok
2026-10-03T21:55:33.1470580Z 
2026-10-03T21:55:33.1470957Z test result: ok. 5 passed; 0 failed; 0 ignored; 0 measured; 0 filtered out; finished in 0.00s
2026-10-03T21:55:33.1471360Z 
2026-10-03T21:55:33.1492149Z      Running tests\gateway_protocol_tests.rs (target\debug\deps\gateway_protocol_tests-a2e74f1cd137d6e2.exe)
2026-10-03T21:55:33.1597856Z 
2026-10-03T21:55:33.1598361Z running 16 tests
2026-10-03T21:55:33.1608417Z test every_write_mode_flushes_buffered_writer ... ok
2026-10-03T21:55:33.1615046Z test cancellation_context_reaches_in_flight_tool_dispatch ... ok
2026-10-03T21:55:33.1620910Z test concurrent_failures_preserve_dispatch_and_response_types ... ok
2026-10-03T21:55:33.1626576Z test excessive_framed_headers_are_rejected_by_total_bytes_and_line_count ... ok
2026-10-03T21:55:33.1627928Z test invalid_jsonrpc_envelopes_receive_invalid_request_errors ... ok
2026-10-03T21:55:33.1629194Z test dispatcher_panics_become_internal_errors_in_sync_and_concurrent_modes ... ok
2026-10-03T21:55:33.1630654Z test loop_dispatches_requests_and_keeps_transport_mode_symmetric ... ok
2026-10-03T21:55:33.1632283Z test malformed_framed_body_gets_framed_parse_error ... ok
2026-10-03T21:55:33.1638594Z test malformed_line_gets_parse_error_and_loop_continues ... ok
2026-10-03T21:55:33.1639759Z test notifications_are_silent_but_null_id_is_a_request ... ok
2026-10-03T21:55:33.1640840Z test loop_dispatches_tools_list_and_call ... ok
2026-10-03T21:55:33.1641594Z test partial_framed_body_is_a_fatal_frame_error ... ok
2026-10-03T21:55:33.1645924Z test protocol_fixture_covers_required_loop_cases ... ok
2026-10-03T21:55:33.1646602Z test writer_failure_is_returned ... ok
2026-10-03T21:55:33.1647213Z test response_serialization_failure_is_returned ... ok
2026-10-03T21:55:33.1854380Z test tool_calls_dispatch_concurrently_and_join_before_eof ... ok
2026-10-03T21:55:33.1854942Z 
2026-10-03T21:55:33.1855836Z test result: ok. 16 passed; 0 failed; 0 ignored; 0 measured; 0 filtered out; finished in 0.03s
2026-10-03T21:55:33.1856515Z 
2026-10-03T21:55:33.1880043Z      Running tests\oracle_differential_tests.rs (target\debug\deps\oracle_differential_tests-b48664e3c2082c18.exe)
2026-10-03T21:55:33.1999297Z 
2026-10-03T21:55:33.1999853Z running 2 tests
2026-10-03T21:55:33.2007773Z test params_preserve_raw_json_bytes ... ok
2026-10-03T21:55:33.2355483Z test framing_and_response_bytes_match_go_oracle ... ok
2026-10-03T21:55:33.2355983Z 
2026-10-03T21:55:33.2356493Z test result: ok. 2 passed; 0 failed; 0 ignored; 0 measured; 0 filtered out; finished in 0.04s
2026-10-03T21:55:33.2357000Z 
2026-10-03T21:55:33.2383862Z      Running unittests src\lib.rs (target\debug\deps\symbrain_memory-a8328897826d3149.exe)
2026-10-03T21:55:33.2522455Z 
2026-10-03T21:55:33.2523104Z running 25 tests
2026-10-03T21:55:34.9760740Z test db_oracle_tests::lock_pragmas_match_the_go_facts ... ok
2026-10-03T21:55:34.9906410Z test db_oracle_tests::constraint_cases_are_rejected_like_go ... ok
2026-10-03T21:55:34.9916427Z test db_oracle_tests::memories_columns_match_the_go_schema ... ok
2026-10-03T21:55:34.9918042Z test db_oracle_tests::indexes_match_the_go_schema ... ok
2026-10-03T21:55:34.9924635Z test embedding::tests::hash_fallback_is_normalized_and_deterministic ... ok
2026-10-03T21:55:35.0020314Z test embedding::tests::shared_llm_client_keeps_ollama_openai_request_contract ... ok
2026-10-03T21:55:35.0076676Z test embedding::tests::shared_llm_client_rejects_extra_embedding_items_like_go_llmkit ... ok
2026-10-03T21:55:35.0156485Z test embedding::tests::shared_llm_client_rejects_wrong_dimension_and_http_errors ... ok
2026-10-03T21:55:36.1154127Z test db_oracle_tests::ordering_cases_match_the_go_facts ... ok
2026-10-03T21:55:36.1158293Z test embedding::tests::stop_words_and_punctuation_do_not_change_the_direction ... ok
2026-10-03T21:55:36.1163497Z test gorand::tests::the_normal_stream_matches_go ... ok
2026-10-03T21:55:36.1230525Z test gorand::tests::the_projection_rows_match_go ... ok
2026-10-03T21:55:36.1234689Z test gotime::tests::parses_every_known_rendering ... ok
2026-10-03T21:55:36.1238182Z test gotime::tests::renders_the_shipped_form ... ok
2026-10-03T21:55:36.1242441Z test lsh::tests::a_dimension_mismatch_is_rejected_instead_of_truncated ... ok
2026-10-03T21:55:36.1246110Z test lsh::tests::neighbors_cover_every_bucket_within_two_flips ... ok
2026-10-03T21:55:36.1251175Z test lsh::tests::the_hash_is_deterministic_and_covers_the_bucket_range ... ok
2026-10-03T21:55:36.1257904Z test lsh::tests::the_hash_matches_the_shipped_store ... ok
2026-10-03T21:55:36.1260258Z test retrieval::tests::cosine_is_one_for_identical_directions ... ok
2026-10-03T21:55:36.1262893Z test retrieval::tests::placeholders_match_the_shipped_clause ... ok
2026-10-03T21:55:36.1265128Z test retrieval::tests::the_score_weights_the_three_default_terms ... ok
2026-10-03T21:55:36.1426583Z test store::tests::sync_oplog_tracks_memory_lifecycle_and_excludes_marked_rows ... ok
2026-10-03T21:55:36.1577103Z test db_oracle_tests::tables_match_the_go_schema ... ok
2026-10-03T21:55:36.1614762Z test db_oracle_tests::triggers_and_views_match_the_go_schema ... ok
2026-10-03T21:55:37.3198157Z test embedding::tests::shared_llm_client_times_out_to_hash_fallback ... ok
2026-10-03T21:55:37.3198795Z 
2026-10-03T21:55:37.3199302Z test result: ok. 25 passed; 0 failed; 0 ignored; 0 measured; 0 filtered out; finished in 4.07s
2026-10-03T21:55:37.3199975Z 
2026-10-03T21:55:37.3232806Z      Running tests\store_contract_tests.rs (target\debug\deps\store_contract_tests-cabf67bfe2e7f95a.exe)
2026-10-03T21:55:37.3347391Z 
2026-10-03T21:55:37.3347706Z running 7 tests
2026-10-03T21:55:39.4745382Z test shipped_timestamp_rendering_is_readable ... ok
2026-10-03T21:55:39.4895205Z test written_row_uses_shipped_columns ... ok
2026-10-03T21:55:39.4898218Z test a_native_row_reaches_the_shipped_fts_index ... ok
2026-10-03T21:55:40.4234614Z test missing_shipped_columns_are_added_to_an_existing_database ... ok
2026-10-03T21:55:41.2623570Z test written_row_uses_shipped_embedding ... ok
2026-10-03T21:55:41.2789842Z test written_row_uses_shipped_identifiers ... ok
2026-10-03T21:55:41.2790543Z test written_row_uses_shipped_timestamps ... ok
2026-10-03T21:55:41.2790840Z 
2026-10-03T21:55:41.2791210Z test result: ok. 7 passed; 0 failed; 0 ignored; 0 measured; 0 filtered out; finished in 3.94s
2026-10-03T21:55:41.2791682Z 
2026-10-03T21:55:41.2818330Z      Running unittests src\lib.rs (target\debug\deps\symbrain_patterns-38a54425cd12f8dd.exe)
2026-10-03T21:55:41.2932862Z 
2026-10-03T21:55:41.2933208Z running 3 tests
2026-10-03T21:55:41.2941836Z test tests::single_steps_and_wrong_order_do_not_promote ... ok
2026-10-03T21:55:41.2942849Z test tests::promotion_preserves_order_threshold_and_provenance ... ok
2026-10-03T21:55:43.4824581Z test store::tests::roundtrip_skips_malformed_and_prunes ... ok
2026-10-03T21:55:43.4825139Z 
2026-10-03T21:55:43.4825662Z test result: ok. 3 passed; 0 failed; 0 ignored; 0 measured; 0 filtered out; finished in 2.19s
2026-10-03T21:55:43.4826298Z 
2026-10-03T21:55:43.4847079Z      Running unittests src\lib.rs (target\debug\deps\symbrain_policy-42ab42c4cf09dfec.exe)
2026-10-03T21:55:43.4959134Z 
2026-10-03T21:55:43.4959642Z running 5 tests
2026-10-03T21:55:43.4966470Z test policy::identity::tests::identity_parameter_matrix ... ok
2026-10-03T21:55:43.4967394Z test error::tests::missing_path_error_matches_go_wording ... ok
2026-10-03T21:55:43.4969341Z test profile::validate::tests::validate_name_matrix ... ok
2026-10-03T21:55:43.4980294Z test profile::create::tests::non_unix_mode_helpers_are_noops ... ok
2026-10-03T21:55:43.5386362Z test profile::create::tests::concurrent_creators_never_clobber_each_other ... ok
2026-10-03T21:55:43.5387033Z 
2026-10-03T21:55:43.5387543Z test result: ok. 5 passed; 0 failed; 0 ignored; 0 measured; 0 filtered out; finished in 0.04s
2026-10-03T21:55:43.5388202Z 
2026-10-03T21:55:43.5408836Z      Running tests\activity_tests.rs (target\debug\deps\activity_tests-4d0eb1e378dcda28.exe)
2026-10-03T21:55:43.5520347Z 
2026-10-03T21:55:43.5520648Z running 1 test
2026-10-03T21:55:43.5525789Z test test_memory_activity_reads_default_deny_and_explicit_allow ... ok
2026-10-03T21:55:43.5526363Z 
2026-10-03T21:55:43.5526771Z test result: ok. 1 passed; 0 failed; 0 ignored; 0 measured; 0 filtered out; finished in 0.00s
2026-10-03T21:55:43.5527312Z 
2026-10-03T21:55:43.5543371Z      Running tests\fixtures_tests.rs (target\debug\deps\fixtures_tests-326ae0d702a1fbd1.exe)
2026-10-03T21:55:43.5648746Z 
2026-10-03T21:55:43.5648996Z running 4 tests
2026-10-03T21:55:43.5674039Z test test_prod_foreign_read_only_fixture_contract ... ok
2026-10-03T21:55:43.5674886Z test test_prod_restricted_fixture_contract ... ok
2026-10-03T21:55:43.5675625Z test test_prod_personal_fixture_contract ... ok
2026-10-03T21:55:43.5677955Z test test_parameterized_negative_cases ... ok
2026-10-03T21:55:43.5678339Z 
2026-10-03T21:55:43.5678691Z test result: ok. 4 passed; 0 failed; 0 ignored; 0 measured; 0 filtered out; finished in 0.00s
2026-10-03T21:55:43.5679063Z 
2026-10-03T21:55:43.5696799Z      Running tests\foreign_tests.rs (target\debug\deps\foreign_tests-9e644b9b3b72fa1f.exe)
2026-10-03T21:55:43.5796437Z 
2026-10-03T21:55:43.5796734Z running 14 tests
2026-10-03T21:55:43.5804523Z test test_evaluate_foreign_disabled_hides_everything ... ok
2026-10-03T21:55:43.5806133Z test test_evaluate_foreign_default_access_is_write ... ok
2026-10-03T21:55:43.5808420Z test test_evaluate_foreign_access_write_exposes_everything ... ok
2026-10-03T21:55:43.5809903Z test test_evaluate_foreign_access_read_exposes_only_reading_tools ... ok
2026-10-03T21:55:43.5810833Z test test_evaluate_foreign_empty_catalog_disabled ... ok
2026-10-03T21:55:43.5811978Z test test_evaluate_foreign_empty_catalog_read ... ok
2026-10-03T21:55:43.5812668Z test test_evaluate_foreign_empty_catalog_write ... ok
2026-10-03T21:55:43.5815188Z test test_evaluate_foreign_invalid_access_errors ... ok
2026-10-03T21:55:43.5816281Z test test_evaluate_foreign_tools_allow_narrows ... ok
2026-10-03T21:55:43.5817794Z test test_evaluate_foreign_tools_deny_wins_over_access_and_allow ... ok
2026-10-03T21:55:43.5819549Z test test_evaluate_foreign_tools_read_overrides_write_hint ... ok
2026-10-03T21:55:43.5820517Z test test_evaluate_foreign_unannotated_tool_defaults_to_write ... ok
2026-10-03T21:55:43.5821309Z test test_evaluate_foreign_tools_write_overrides_read_hint ... ok
2026-10-03T21:55:43.5822508Z test test_foreign_tool_with_full_annotations ... ok
2026-10-03T21:55:43.5822877Z 
2026-10-03T21:55:43.5823358Z test result: ok. 14 passed; 0 failed; 0 ignored; 0 measured; 0 filtered out; finished in 0.00s
2026-10-03T21:55:43.5824165Z 
2026-10-03T21:55:43.5840418Z      Running tests\oracle_differential_tests.rs (target\debug\deps\oracle_differential_tests-76ad0e0cc7f606c1.exe)
2026-10-03T21:55:43.5948611Z 
2026-10-03T21:55:43.5948904Z running 2 tests
2026-10-03T21:55:43.5981166Z test test_oracle_backed_policy_cases ... ok
2026-10-03T21:55:43.6013377Z test test_oracle_backed_profile_cases ... ok
2026-10-03T21:55:43.6013743Z 
2026-10-03T21:55:43.6014057Z test result: ok. 2 passed; 0 failed; 0 ignored; 0 measured; 0 filtered out; finished in 0.01s
2026-10-03T21:55:43.6014418Z 
2026-10-03T21:55:43.6034964Z      Running tests\policy_tests.rs (target\debug\deps\policy_tests-9933e665f485f54a.exe)
2026-10-03T21:55:43.6136564Z 
2026-10-03T21:55:43.6136853Z running 14 tests
2026-10-03T21:55:43.6146129Z test test_evaluate_deny_wins_over_allow ... ok
2026-10-03T21:55:43.6147446Z test test_evaluate_skills_matrix ... ok
2026-10-03T21:55:43.6148370Z test test_evaluate_memory_modes ... ok
2026-10-03T21:55:43.6150738Z test test_evaluate_preset_vault_and_memory ... ok
2026-10-03T21:55:43.6151629Z test test_evaluate_tools_allow_overrides_preset ... ok
2026-10-03T21:55:43.6153545Z test test_evaluate_tools_deny_removes_from_preset ... ok
2026-10-03T21:55:43.6155369Z test test_evaluate_unknown_upstream_tool_never_exposed_under_preset ... ok
2026-10-03T21:55:43.6156260Z test test_evaluate_usage_matrix ... ok
2026-10-03T21:55:43.6156857Z test test_evaluate_vault_modes ... ok
2026-10-03T21:55:43.6157717Z test test_identity_parameter_mapping ... ok
2026-10-03T21:55:43.6160849Z test test_optional_modules_allowlist_cannot_widen_hard_maximum ... ok
2026-10-03T21:55:43.6161749Z test test_optional_modules_enabled_without_allowlist_default_deny ... ok
2026-10-03T21:55:43.6162332Z test test_preset_tools_lookup ... ok
2026-10-03T21:55:43.6162833Z test test_report_verdict_lookup ... ok
2026-10-03T21:55:43.6163077Z 
2026-10-03T21:55:43.6163364Z test result: ok. 14 passed; 0 failed; 0 ignored; 0 measured; 0 filtered out; finished in 0.00s
2026-10-03T21:55:43.6163730Z 
2026-10-03T21:55:43.6179783Z      Running tests\profile_fs_tests.rs (target\debug\deps\profile_fs_tests-1e99aa53e96888a5.exe)
2026-10-03T21:55:43.6284524Z 
2026-10-03T21:55:43.6284966Z running 8 tests
2026-10-03T21:55:43.6309922Z test exists_reports_truthful_state ... ok
2026-10-03T21:55:43.6323442Z test list_names_sorted_and_ignores_non_toml ... ok
2026-10-03T21:55:43.6324280Z test load_all_reports_per_file_errors_without_failing_overall ... ok
2026-10-03T21:55:43.6331132Z test load_file_errors_matrix ... ok
2026-10-03T21:55:43.6332427Z test load_missing_file_errors ... ok
2026-10-03T21:55:43.6333796Z test load_path_traversal_name_rejected ... ok
2026-10-03T21:55:43.6334464Z test load_file_valid_room_local_profile ... ok
2026-10-03T21:55:43.6343602Z test load_valid_file_from_dir ... ok
2026-10-03T21:55:43.6343970Z 
2026-10-03T21:55:43.6344450Z test result: ok. 8 passed; 0 failed; 0 ignored; 0 measured; 0 filtered out; finished in 0.01s
2026-10-03T21:55:43.6345098Z 
2026-10-03T21:55:43.6370537Z      Running tests\profile_tests.rs (target\debug\deps\profile_tests-dfd4110c1c85f365.exe)
2026-10-03T21:55:43.6495426Z 
2026-10-03T21:55:43.6495763Z running 14 tests
2026-10-03T21:55:43.6520148Z test parse_defaults_when_servers_and_audit_omitted ... ok
2026-10-03T21:55:43.6521027Z test parse_core_alias_cannot_be_foreign ... ok
2026-10-03T21:55:43.6521775Z test parse_foreign_server_mode_ignored_with_warning ... ok
2026-10-03T21:55:43.6522528Z test parse_foreign_server_with_command_and_args ... ok
2026-10-03T21:55:43.6524179Z test parse_foreign_server_with_url ... ok
2026-10-03T21:55:43.6525597Z test parse_foreign_server_without_transport_errors ... ok
2026-10-03T21:55:43.6529223Z test parse_nested_inline_and_dotted_combinations ... ok
2026-10-03T21:55:43.6530343Z test parse_inline_tables_under_servers_profile_audit ... ok
2026-10-03T21:55:43.6532619Z test parse_server_enabled_without_mode_gets_least_privilege_default ... ok
2026-10-03T21:55:43.6533498Z test parse_tools_allow_and_deny_both_parse ... ok
2026-10-03T21:55:43.6536924Z test parse_unknown_top_level_key_warns_not_fails ... ok
2026-10-03T21:55:43.6537601Z test parse_valid_full_profile ... ok
2026-10-03T21:55:43.6540811Z test unknown_keys_reports_only_leaf_and_explicit_tables_never_intermediate ... ok
2026-10-03T21:55:43.6541349Z test parse_valid_restricted_profile ... ok
2026-10-03T21:55:43.6541755Z 
2026-10-03T21:55:43.6542225Z test result: ok. 14 passed; 0 failed; 0 ignored; 0 measured; 0 filtered out; finished in 0.00s
2026-10-03T21:55:43.6542597Z 
2026-10-03T21:55:43.6561379Z      Running tests\profile_validation_tests.rs (target\debug\deps\profile_validation_tests-9185a4927abd7a05.exe)
2026-10-03T21:55:43.6664664Z 
2026-10-03T21:55:43.6664964Z running 11 tests
2026-10-03T21:55:43.6690508Z test parse_invalid_memory_mode_errors ... ok
2026-10-03T21:55:43.6692467Z test parse_core_alias_access_and_tools_ignored_with_warning ... ok
2026-10-03T21:55:43.6694477Z test audit_verbose_is_omitted_when_default_and_serialized_when_enabled ... ok
2026-10-03T21:55:43.6695374Z test parse_foreign_server_access_validation ... ok
2026-10-03T21:55:43.6697672Z test parse_invalid_vault_mode_errors ... ok
2026-10-03T21:55:43.6698854Z test parse_malformed_toml_errors ... ok
2026-10-03T21:55:43.6699538Z test parse_name_mismatch_errors ... ok
2026-10-03T21:55:43.6702465Z test parse_skills_mode_is_ignored_with_warning ... ok
2026-10-03T21:55:43.6703964Z test validate_name_cases ... ok
2026-10-03T21:55:43.6705928Z test parse_usage_tools_allow_deny ... ok
2026-10-03T21:55:43.6707529Z test parse_usage_server_options ... ok
2026-10-03T21:55:43.6707895Z 
2026-10-03T21:55:43.6708304Z test result: ok. 11 passed; 0 failed; 0 ignored; 0 measured; 0 filtered out; finished in 0.00s
2026-10-03T21:55:43.6708721Z 
2026-10-03T21:55:43.6727550Z      Running tests\typed_decode_tests.rs (target\debug\deps\typed_decode_tests-212055191dfc2984.exe)
2026-10-03T21:55:43.6830073Z 
2026-10-03T21:55:43.6830453Z running 24 tests
2026-10-03T21:55:43.6852990Z test test_wrong_audit_enabled_type ... ok
2026-10-03T21:55:43.6855126Z test test_wrong_args_not_array ... ok
2026-10-03T21:55:43.6856828Z test test_wrong_args_non_string_element ... ok
2026-10-03T21:55:43.6857641Z test test_wrong_access_string_mismatch ... ok
2026-10-03T21:55:43.6858458Z test test_wrong_audit_type ... ok
2026-10-03T21:55:43.6860402Z test test_wrong_profile_description_type ... ok
2026-10-03T21:55:43.6861802Z test test_wrong_command_string_mismatch ... ok
2026-10-03T21:55:43.6862373Z test test_wrong_profile_name_type ... ok
2026-10-03T21:55:43.6863480Z test test_wrong_profile_type ... ok
2026-10-03T21:55:43.6867630Z test test_wrong_server_enabled_boolean_mismatch ... ok
2026-10-03T21:55:43.6868590Z test test_wrong_server_entry_array ... ok
2026-10-03T21:55:43.6869596Z test test_wrong_server_entry_integer ... ok
2026-10-03T21:55:43.6870257Z test test_wrong_server_entry_string ... ok
2026-10-03T21:55:43.6873018Z test test_wrong_servers_type ... ok
2026-10-03T21:55:43.6873883Z test test_wrong_server_mode_string_mismatch ... ok
2026-10-03T21:55:43.6876148Z test test_wrong_tools_allow_non_string_element ... ok
2026-10-03T21:55:43.6877176Z test test_wrong_tools_allow_not_array ... ok
2026-10-03T21:55:43.6883080Z test test_wrong_tools_deny_non_string_element ... ok
2026-10-03T21:55:43.6883837Z test test_wrong_tools_deny_not_array ... ok
2026-10-03T21:55:43.6884430Z test test_wrong_tools_read_non_string_element ... ok
2026-10-03T21:55:43.6887951Z test test_wrong_tools_read_not_array ... ok
2026-10-03T21:55:43.6889329Z test test_wrong_tools_write_not_array ... ok
2026-10-03T21:55:43.6889943Z test test_wrong_url_string_mismatch ... ok
2026-10-03T21:55:43.6890569Z test test_wrong_tools_write_non_string_element ... ok
2026-10-03T21:55:43.6890999Z 
2026-10-03T21:55:43.6891500Z test result: ok. 24 passed; 0 failed; 0 ignored; 0 measured; 0 filtered out; finished in 0.01s
2026-10-03T21:55:43.6892228Z 
2026-10-03T21:55:43.6910879Z      Running unittests src\lib.rs (target\debug\deps\symbrain_skills-00a401fd663a826e.exe)
2026-10-03T21:55:43.7019954Z 
2026-10-03T21:55:43.7020248Z running 15 tests
2026-10-03T21:55:43.7029484Z test cap_root::tests::drive_and_unc_roots_preserve_their_volume ... ok
2026-10-03T21:55:43.7050829Z test install::lock::tests::read_locks_do_not_initialize_legacy_roots ... ok
2026-10-03T21:55:43.7066216Z test install::sync_lock::tests::existing_fresh_lock_reports_held ... ok
2026-10-03T21:55:43.7070874Z test load::path_spelling_tests::only_extended_drive_and_unc_volume_prefixes_have_ordinary_aliases ... ok
2026-10-03T21:55:43.7082003Z test install::sync_lock::tests::lock_record_and_path_match_go_contract ... ok
2026-10-03T21:55:43.7089391Z test install::transaction::tests::transaction_cleanup_unlinks_directory_symlink_without_touching_target ... ok
2026-10-03T21:55:43.7094632Z test load::tests::enumeration_stops_before_collecting_over_limit ... ok
2026-10-03T21:55:43.7107376Z test load::tests::actual_read_budget_accepts_exact_total_then_rejects_one_over ... ok
2026-10-03T21:55:43.7109582Z test load::tests::growth_at_exhausted_budget_does_not_read_a_probe_byte ... ok
2026-10-03T21:55:43.7113235Z test load::tests::a_second_bundle_cannot_reset_the_operation_budget ... ok
2026-10-03T21:55:43.7128012Z test load::tests::resource_growth_after_inventory_is_rejected ... ok
2026-10-03T21:55:43.7136900Z test load::tests::repeated_bundle_reads_and_clones_share_the_loading_budget ... ok
2026-10-03T21:55:43.7142042Z test load::tests::small_reads_do_not_reserve_the_full_public_limit ... ok
2026-10-03T21:55:43.7271767Z test load::tests::rejected_headers_still_consume_the_actual_read_budget ... ok
2026-10-03T21:55:43.7361390Z test install::lock::tests::timeout_releases_locks_acquired_earlier_in_the_set ... ok
2026-10-03T21:55:43.7362024Z 
2026-10-03T21:55:43.7362478Z test result: ok. 15 passed; 0 failed; 0 ignored; 0 measured; 0 filtered out; finished in 0.03s
2026-10-03T21:55:43.7363078Z 
2026-10-03T21:55:43.7383453Z      Running tests\all_target_scope_tests.rs (target\debug\deps\all_target_scope_tests-42d4146777c03768.exe)
2026-10-03T21:55:43.7494654Z 
2026-10-03T21:55:43.7495068Z running 2 tests
2026-10-03T21:55:44.0513157Z test all_registered_targets_support_project_scope_install_and_status ... ok
2026-10-03T21:55:45.5955025Z test lifecycle_matrix_covers_all_targets_scopes_modes ... ok
2026-10-03T21:55:45.5955432Z 
2026-10-03T21:55:45.5955729Z test result: ok. 2 passed; 0 failed; 0 ignored; 0 measured; 0 filtered out; finished in 1.85s
2026-10-03T21:55:45.5956105Z 
2026-10-03T21:55:45.5983077Z      Running tests\concurrent_installs.rs (target\debug\deps\concurrent_installs-673330105a9190b2.exe)
2026-10-03T21:55:45.6095567Z 
2026-10-03T21:55:45.6095896Z running 3 tests
2026-10-03T21:55:45.6102155Z test worker_process ... ok
2026-10-03T21:55:45.6116105Z test absent_uninstall_does_not_initialize_install_roots ... ok
2026-10-03T21:55:45.9782272Z test concurrent_process_installs_preserve_each_target_path_and_record ... ok
2026-10-03T21:55:45.9782870Z 
2026-10-03T21:55:45.9783315Z test result: ok. 3 passed; 0 failed; 0 ignored; 0 measured; 0 filtered out; finished in 0.37s
2026-10-03T21:55:45.9783905Z 
2026-10-03T21:55:45.9809392Z      Running tests\confined_symlink_render_tests.rs (target\debug\deps\confined_symlink_render_tests-1263a36c71986264.exe)
2026-10-03T21:55:45.9921326Z 
2026-10-03T21:55:45.9921698Z running 10 tests
2026-10-03T21:55:46.0022521Z test absolute_outside_directory_is_rejected_before_rendering ... ok
2026-10-03T21:55:46.0067183Z test cyclic_directory_links_hit_a_finite_resolution_bound ... ok
2026-10-03T21:55:46.0100367Z test parent_traversal_and_shared_text_prefixes_do_not_confer_root_authority ... ok
2026-10-03T21:55:46.0841331Z test a_trusted_root_alias_accepts_canonical_in_root_directory_targets ... ok
2026-10-03T21:55:46.0982720Z test replacing_a_resolved_directory_with_an_outside_link_is_rejected ... ok
2026-10-03T21:55:46.1233869Z test relative_link_chains_can_reach_an_absolute_in_root_directory ... ok
2026-10-03T21:55:46.1540128Z test renamed_source_root_keeps_hashing_and_copying_the_retained_directory ... ok
2026-10-03T21:55:46.1611315Z test relative_and_absolute_in_root_directory_links_materialize_regular_files ... ok
2026-10-03T21:55:46.1661989Z test replacing_an_in_root_link_with_an_outside_target_preserves_old_output ... ok
2026-10-03T21:55:46.2242185Z test trusted_root_alias_preserves_parent_directory_alias_spellings ... ok
2026-10-03T21:55:46.2242593Z 
2026-10-03T21:55:46.2242900Z test result: ok. 10 passed; 0 failed; 0 ignored; 0 measured; 0 filtered out; finished in 0.23s
2026-10-03T21:55:46.2243281Z 
2026-10-03T21:55:46.2268195Z      Running tests\event_tests.rs (target\debug\deps\event_tests-358f938c1a84bd73.exe)
2026-10-03T21:55:46.2376594Z 
2026-10-03T21:55:46.2377076Z running 6 tests
2026-10-03T21:55:46.2381849Z test event_child_writer ... ok
2026-10-03T21:55:46.2409186Z test read_events_matches_go_rotated_order_filters_and_corrupt_lines ... ok
2026-10-03T21:55:46.2429151Z test timestamp_and_tool_version_are_written_deterministically ... ok
2026-10-03T21:55:46.2479845Z 
2026-10-03T21:55:46.2480338Z running 1 test
2026-10-03T21:55:46.2797828Z test event_child_writer ... test install_and_uninstall_success_and_refusal_events_are_recorded ... ok
2026-10-03T21:55:46.3284498Z test exact_mib_boundary_stays_current_and_next_record_rotates ... ok
2026-10-03T21:55:46.7501466Z ok
2026-10-03T21:55:46.7501705Z 
2026-10-03T21:55:46.7502160Z test result: ok. 1 passed; 0 failed; 0 ignored; 0 measured; 5 filtered out; finished in 0.50s
2026-10-03T21:55:46.7502716Z 
2026-10-03T21:55:46.7592359Z 
2026-10-03T21:55:46.7593698Z running 1 test
2026-10-03T21:55:46.7606132Z test event_child_writer ... ok
2026-10-03T21:55:46.7607188Z 
2026-10-03T21:55:46.7608044Z test result: ok. 1 passed; 0 failed; 0 ignored; 0 measured; 5 filtered out; finished in 0.00s
2026-10-03T21:55:46.7629353Z 
2026-10-03T21:55:46.7650084Z 
2026-10-03T21:55:46.7684123Z running 1 test
2026-10-03T21:55:46.7705540Z test event_child_writer ... ok
2026-10-03T21:55:46.7729585Z 
2026-10-03T21:55:46.7742856Z test result: ok. 1 passed; 0 failed; 0 ignored; 0 measured; 5 filtered out; finished in 0.00s
2026-10-03T21:55:46.7777391Z 
2026-10-03T21:55:46.7777401Z 
2026-10-03T21:55:46.7777637Z running 1 test
2026-10-03T21:55:46.7778040Z test event_child_writer ... ok
2026-10-03T21:55:46.7778347Z 
2026-10-03T21:55:46.7778823Z test result: ok. 1 passed; 0 failed; 0 ignored; 0 measured; 5 filtered out; finished in 0.01s
2026-10-03T21:55:46.7779462Z 
2026-10-03T21:55:46.7779469Z 
2026-10-03T21:55:46.7779616Z running 1 test
2026-10-03T21:55:46.7779979Z test event_child_writer ... 
2026-10-03T21:55:46.7780394Z running 1 test
2026-10-03T21:55:46.7780744Z test event_child_writer ... 
2026-10-03T21:55:46.7781149Z running 1 test
2026-10-03T21:55:46.7781731Z test event_child_writer ... ok
2026-10-03T21:55:46.7782032Z 
2026-10-03T21:55:46.7782487Z test result: ok. 1 passed; 0 failed; 0 ignored; 0 measured; 5 filtered out; finished in 0.01s
2026-10-03T21:55:46.7783118Z 
2026-10-03T21:55:46.7783124Z 
2026-10-03T21:55:46.7783264Z running 1 test
2026-10-03T21:55:46.7783610Z test event_child_writer ... ok
2026-10-03T21:55:46.7783886Z 
2026-10-03T21:55:46.7785601Z test result: ok. 1 passed; 0 failed; 0 ignored; 0 measured; 5 filtered out; finished in 0.00s
2026-10-03T21:55:46.7786348Z 
2026-10-03T21:55:46.7786355Z 
2026-10-03T21:55:46.7786527Z running 1 test
2026-10-03T21:55:46.7822962Z test event_child_writer ... 
2026-10-03T21:55:46.7840337Z running 1 test
2026-10-03T21:55:46.7843641Z test event_child_writer ... ok
2026-10-03T21:55:46.7856414Z 
2026-10-03T21:55:46.7858208Z test result: ok. 1 passed; 0 failed; 0 ignored; 0 measured; 5 filtered out; finished in 0.01s
2026-10-03T21:55:46.7861034Z 
2026-10-03T21:55:46.7864138Z 
2026-10-03T21:55:46.7868887Z running 1 test
2026-10-03T21:55:46.7873587Z test event_child_writer ... ok
2026-10-03T21:55:46.7883440Z 
2026-10-03T21:55:46.7889096Z test result: ok. 1 passed; 0 failed; 0 ignored; 0 measured; 5 filtered out; finished in 0.00s
2026-10-03T21:55:46.7890117Z 
2026-10-03T21:55:46.7890322Z 
2026-10-03T21:55:46.7890881Z running 1 test
2026-10-03T21:55:46.7891521Z test event_child_writer ... ok
2026-10-03T21:55:46.7892051Z 
2026-10-03T21:55:46.7893280Z test result: ok. 1 passed; 0 failed; 0 ignored; 0 measured; 5 filtered out; finished in 0.00s
2026-10-03T21:55:46.7893945Z 
2026-10-03T21:55:46.7894073Z ok
2026-10-03T21:55:46.7894240Z 
2026-10-03T21:55:46.7894702Z test result: ok. 1 passed; 0 failed; 0 ignored; 0 measured; 5 filtered out; finished in 0.00s
2026-10-03T21:55:46.7895144Z 
2026-10-03T21:55:46.7895218Z ok
2026-10-03T21:55:46.7895312Z 
2026-10-03T21:55:46.7895574Z test result: ok. 1 passed; 0 failed; 0 ignored; 0 measured; 5 filtered out; finished in 0.02s
2026-10-03T21:55:46.7895917Z 
2026-10-03T21:55:46.7896172Z 
2026-10-03T21:55:46.7896267Z running 1 test
2026-10-03T21:55:46.7899671Z test event_child_writer ... ok
2026-10-03T21:55:46.7900001Z 
2026-10-03T21:55:46.7900513Z test result: ok. 1 passed; 0 failed; 0 ignored; 0 measured; 5 filtered out; finished in 0.00s
2026-10-03T21:55:46.7901421Z 
2026-10-03T21:55:46.7940215Z ok
2026-10-03T21:55:46.7940433Z 
2026-10-03T21:55:46.7940972Z test result: ok. 1 passed; 0 failed; 0 ignored; 0 measured; 5 filtered out; finished in 0.02s
2026-10-03T21:55:46.7941645Z 
2026-10-03T21:55:46.7969004Z test real_child_processes_contend_without_corrupting_jsonl ... ok
2026-10-03T21:55:46.7969524Z 
2026-10-03T21:55:46.7969852Z test result: ok. 6 passed; 0 failed; 0 ignored; 0 measured; 0 filtered out; finished in 0.56s
2026-10-03T21:55:46.7970226Z 
2026-10-03T21:55:46.7989982Z      Running tests\generated_artifact_tests.rs (target\debug\deps\generated_artifact_tests-3359da5d444d9479.exe)
2026-10-03T21:55:46.8096844Z 
2026-10-03T21:55:46.8097165Z running 1 test
2026-10-03T21:55:46.8152380Z test generated_cache_resources_are_reported_and_clean_skills_are_not ... ok
2026-10-03T21:55:46.8152951Z 
2026-10-03T21:55:46.8153248Z test result: ok. 1 passed; 0 failed; 0 ignored; 0 measured; 0 filtered out; finished in 0.01s
2026-10-03T21:55:46.8153615Z 
2026-10-03T21:55:46.8171284Z      Running tests\input_bounds.rs (target\debug\deps\input_bounds-1c87692f1db879dd.exe)
2026-10-03T21:55:46.8274189Z 
2026-10-03T21:55:46.8274467Z running 7 tests
2026-10-03T21:55:46.8327807Z test oversized_control_files_rejected_before_parse ... ok
2026-10-03T21:55:46.8359536Z test aggregate_resource_bytes_exact_boundary_and_one_over ... ok
2026-10-03T21:55:46.8494439Z test library_rejections_and_normal_order_are_stable ... ok
2026-10-03T21:55:46.9531409Z test frontmatter_lf_and_crlf_exact_boundary_and_one_over ... ok
2026-10-03T21:55:47.2422751Z test resource_depth_exact_boundary_and_one_over ... ok
2026-10-03T21:55:47.8750226Z test resource_entries_exact_boundary_and_one_over ... ok
2026-10-03T21:55:53.8198000Z test runner_shares_input_budget_across_library_bundles ... ok
2026-10-03T21:55:53.8198410Z 
2026-10-03T21:55:53.8198747Z test result: ok. 7 passed; 0 failed; 0 ignored; 0 measured; 0 filtered out; finished in 6.99s
2026-10-03T21:55:53.8199198Z 
2026-10-03T21:55:53.8223993Z      Running tests\install_oracle_tests.rs (target\debug\deps\install_oracle_tests-7e104bfb8ab09de3.exe)
2026-10-03T21:55:53.8336789Z 
2026-10-03T21:55:53.8337010Z running 1 test
2026-10-03T21:55:54.1688605Z test go_install_status_fixture_matches_rust_statuses_and_artifacts ... ok
2026-10-03T21:55:54.1688998Z 
2026-10-03T21:55:54.1689301Z test result: ok. 1 passed; 0 failed; 0 ignored; 0 measured; 0 filtered out; finished in 0.34s
2026-10-03T21:55:54.1689692Z 
2026-10-03T21:55:54.1712730Z      Running tests\install_tests.rs (target\debug\deps\install_tests-42045fe82e19bd16.exe)
2026-10-03T21:55:54.1823171Z 
2026-10-03T21:55:54.1823472Z running 6 tests
2026-10-03T21:55:54.1839754Z test marker_round_trip_keeps_unknown_fields ... ok
2026-10-03T21:55:54.1864924Z test dry_run_does_not_create_destination_or_base ... ok
2026-10-03T21:55:54.2329137Z test install_copy_writes_marker_base_and_strips_executable_bits ... ok
2026-10-03T21:55:54.2653688Z test reinstall_preserves_unknown_marker_fields_and_refuses_new_schema ... ok
2026-10-03T21:55:54.3136335Z test drift_table_and_status_are_deterministic ... ok
2026-10-03T21:55:54.3352435Z test replacement_faults_leave_old_destination_untouched ... ok
2026-10-03T21:55:54.3352902Z 
2026-10-03T21:55:54.3353225Z test result: ok. 6 passed; 0 failed; 0 ignored; 0 measured; 0 filtered out; finished in 0.15s
2026-10-03T21:55:54.3353647Z 
2026-10-03T21:55:54.3379716Z      Running tests\model_security_tests.rs (target\debug\deps\model_security_tests-f5504101040301a2.exe)
2026-10-03T21:55:54.3493193Z 
2026-10-03T21:55:54.3493481Z running 5 tests
2026-10-03T21:55:54.3540308Z test relative_root_is_stored_as_an_absolute_logical_path ... ok
2026-10-03T21:55:54.3563943Z test manifest_inline_tables_match_go_oracle ... ok
2026-10-03T21:55:54.3575281Z test missing_optional_overlay_trees_are_empty ... ok
2026-10-03T21:55:54.3612111Z test manifest_root_types_are_errors ... ok
2026-10-03T21:55:54.3697176Z test resource_size_boundary_is_enforced_before_materialization ... ok
2026-10-03T21:55:54.3697794Z 
2026-10-03T21:55:54.3698384Z test result: ok. 5 passed; 0 failed; 0 ignored; 0 measured; 0 filtered out; finished in 0.02s
2026-10-03T21:55:54.3699091Z 
2026-10-03T21:55:54.3724468Z      Running tests\model_tests.rs (target\debug\deps\model_tests-aa9b3947a8dfaff9.exe)
2026-10-03T21:55:54.3847285Z 
2026-10-03T21:55:54.3847660Z running 8 tests
2026-10-03T21:55:54.3867942Z test malformed_frontmatter_is_rejected_with_a_specific_error ... ok
2026-10-03T21:55:54.3869240Z test frontmatter_normalizes_crlf_and_string_lists ... ok
2026-10-03T21:55:54.3872918Z test validation_matches_name_limits_and_render_blocking_policy ... ok
2026-10-03T21:55:54.3906428Z test validation_rejects_parent_traversal_overlay_reference ... ok
2026-10-03T21:55:54.3928434Z test source_fixture_loads_frontmatter_manifest_and_resources ... ok
2026-10-03T21:55:54.4032835Z test validation_reports_source_marker_line_and_known_target_warnings ... ok
2026-10-03T21:55:54.4043007Z test variant_fixture_loads_markdown_and_overrides ... ok
2026-10-03T21:55:54.4080537Z test loader_matches_go_oracle_fixture ... ok
2026-10-03T21:55:54.4081257Z 
2026-10-03T21:55:54.4081917Z test result: ok. 8 passed; 0 failed; 0 ignored; 0 measured; 0 filtered out; finished in 0.02s
2026-10-03T21:55:54.4082704Z 
2026-10-03T21:55:54.4102208Z      Running tests\project_identity_tests.rs (target\debug\deps\project_identity_tests-728fc5f08bf013cf.exe)
2026-10-03T21:55:54.4210257Z 
2026-10-03T21:55:54.4210513Z running 1 test
2026-10-03T21:55:54.5513805Z test same_skill_name_has_independent_project_base_status_and_uninstall ... ok
2026-10-03T21:55:54.5514222Z 
2026-10-03T21:55:54.5514546Z test result: ok. 1 passed; 0 failed; 0 ignored; 0 measured; 0 filtered out; finished in 0.13s
2026-10-03T21:55:54.5514997Z 
2026-10-03T21:55:54.5538507Z      Running tests\recovery_uninstall_smoke.rs (target\debug\deps\recovery_uninstall_smoke-ba1b71cdb5b473ef.exe)
2026-10-03T21:55:54.5647393Z 
2026-10-03T21:55:54.5647767Z running 3 tests
2026-10-03T21:55:54.5949208Z test uninstall_dry_run_has_no_side_effects ... ok
2026-10-03T21:55:54.6022057Z test uninstall_is_transactional_and_writes_tombstone ... ok
2026-10-03T21:55:54.6159165Z test project_uninstall_migrates_legacy_base_to_identity_tombstone ... ok
2026-10-03T21:55:54.6159682Z 
2026-10-03T21:55:54.6159983Z test result: ok. 3 passed; 0 failed; 0 ignored; 0 measured; 0 filtered out; finished in 0.05s
2026-10-03T21:55:54.6160366Z 
2026-10-03T21:55:54.6182069Z      Running tests\relative_root_tests.rs (target\debug\deps\relative_root_tests-c6b6a631f8b58579.exe)
2026-10-03T21:55:54.6291157Z 
2026-10-03T21:55:54.6291433Z running 1 test
2026-10-03T21:55:54.6323957Z test dot_root_keeps_go_absolute_path_and_validation_diagnostic ... ok
2026-10-03T21:55:54.6324487Z 
2026-10-03T21:55:54.6324817Z test result: ok. 1 passed; 0 failed; 0 ignored; 0 measured; 0 filtered out; finished in 0.00s
2026-10-03T21:55:54.6325230Z 
2026-10-03T21:55:54.6343084Z      Running tests\render_materialize_tests.rs (target\debug\deps\render_materialize_tests-2cc13e07a1c763eb.exe)
2026-10-03T21:55:54.6454400Z 
2026-10-03T21:55:54.6454826Z running 7 tests
2026-10-03T21:55:54.6692270Z test materialization_keeps_nested_marker_as_resource ... ok
2026-10-03T21:55:54.7261095Z test materialization_rebuilds_poisoned_output_manifest ... ok
2026-10-03T21:55:54.7576496Z test materialization_faults_preserve_old_tree ... ok
2026-10-03T21:55:54.7902986Z test all_source_targets_match_go_golden_trees ... ok
2026-10-03T21:55:54.7933395Z test all_variant_targets_match_go_golden_trees ... ok
2026-10-03T21:55:54.8365041Z test materialization_serializes_concurrent_same_destination ... ok
2026-10-03T21:55:56.2522075Z test materialization_rejects_oversized_preserved_metadata ... ok
2026-10-03T21:55:56.2522472Z 
2026-10-03T21:55:56.2522765Z test result: ok. 7 passed; 0 failed; 0 ignored; 0 measured; 0 filtered out; finished in 1.61s
2026-10-03T21:55:56.2523132Z 
2026-10-03T21:55:56.2547786Z      Running tests\render_tests.rs (target\debug\deps\render_tests-55df730bc8936569.exe)
2026-10-03T21:55:56.2655951Z 
2026-10-03T21:55:56.2656198Z running 12 tests
2026-10-03T21:55:56.2741456Z test capability_states_warn_unknown_and_force_unsupported ... ok
2026-10-03T21:55:56.2773372Z test forced_render_clears_compatibility_after_overlay ... ok
2026-10-03T21:55:56.2888964Z test missing_optional_render_overlays_are_empty ... ok
2026-10-03T21:55:56.2989131Z test materialize_merges_install_marker_metadata_with_deterministic_bytes ... ok
2026-10-03T21:55:56.3026035Z test materialization_failure_preserves_existing_tree ... ok
2026-10-03T21:55:56.3093989Z test opencode_source_matches_go_rendered_skill_bytes ... ok
2026-10-03T21:55:56.3152223Z test opencode_variant_resolves_markdown_but_not_non_markdown ... ok
2026-10-03T21:55:56.3154283Z test target_order_comes_from_canonical_harness_registry ... ok
2026-10-03T21:55:56.3191037Z test unknown_and_disabled_targets_are_rejected_before_rendering ... ok
2026-10-03T21:55:56.3289830Z test materialize_replaces_malformed_and_non_object_markers ... ok
2026-10-03T21:55:56.3296235Z test opencode_materialization_excludes_controls_and_preserves_support_bytes ... ok
2026-10-03T21:55:56.3317649Z test render_rejects_go_render_blocking_validation_cases ... ok
2026-10-03T21:55:56.3318098Z 
2026-10-03T21:55:56.3318403Z test result: ok. 12 passed; 0 failed; 0 ignored; 0 measured; 0 filtered out; finished in 0.07s
2026-10-03T21:55:56.3318803Z 
2026-10-03T21:55:56.3343482Z      Running tests\runner_env_tests.rs (target\debug\deps\runner_env_tests-a19ce105db60df20.exe)
2026-10-03T21:55:56.3454406Z 
2026-10-03T21:55:56.3454643Z running 6 tests
2026-10-03T21:55:56.3457512Z test child_resolves_defaults ... ignored, runs in a child process prepared by default_paths_match_the_go_oracle_for_every_resolution_branch
2026-10-03T21:55:56.3459754Z test child_runs_dry_run_with_legacy_binary ... ignored, runs in a child process prepared by a_legacy_symskills_binary_on_path_changes_nothing
2026-10-03T21:55:56.3621005Z test conflicting_home_variables_use_the_go_platform_home ... ok
2026-10-03T21:55:56.3701291Z test a_legacy_symskills_binary_on_path_changes_nothing ... ok
2026-10-03T21:55:56.4379589Z test default_paths_match_the_go_oracle_for_every_resolution_branch ... ok
2026-10-03T21:55:56.4795199Z test installed_symlinks_match_the_frozen_go_layout ... ok
2026-10-03T21:55:56.4795609Z 
2026-10-03T21:55:56.4795931Z test result: ok. 4 passed; 0 failed; 2 ignored; 0 measured; 0 filtered out; finished in 0.13s
2026-10-03T21:55:56.4796337Z 
2026-10-03T21:55:56.4819086Z      Running tests\runner_tests.rs (target\debug\deps\runner_tests-5a41ba6dc04f9700.exe)
2026-10-03T21:55:56.4928442Z 
2026-10-03T21:55:56.4928961Z running 6 tests
2026-10-03T21:55:56.4947046Z test fixture_records_every_go_scenario ... ok
2026-10-03T21:55:56.4958853Z test empty_library_is_not_an_error ... ok
2026-10-03T21:55:56.4975649Z test timeout_1ns_surfaces_deadline_exceeded ... ok
2026-10-03T21:55:56.4985889Z test unsupported_harness_yields_skipped_with_quoted_name ... ok
2026-10-03T21:55:56.5000633Z test broken_skill_names_the_target_in_the_install_path ... ok
2026-10-03T21:55:56.6000865Z test populated_library_processes_every_target_without_a_legacy_binary ... ok
2026-10-03T21:55:56.6001610Z 
2026-10-03T21:55:56.6001921Z test result: ok. 6 passed; 0 failed; 0 ignored; 0 measured; 0 filtered out; finished in 0.11s
2026-10-03T21:55:56.6002314Z 
2026-10-03T21:55:56.6029121Z      Running tests\status_parity_tests.rs (target\debug\deps\status_parity_tests-131b75b82f75d7e4.exe)
2026-10-03T21:55:56.6137364Z 
2026-10-03T21:55:56.6137770Z running 3 tests
2026-10-03T21:55:56.6648359Z test status_keeps_broken_managed_install_as_stale_row ... ok
2026-10-03T21:55:56.6656210Z test status_unmanaged_identity_preserves_marker_metadata ... ok
2026-10-03T21:55:56.7025120Z test status_sorts_rows_by_target_then_name_like_go ... ok
2026-10-03T21:55:56.7025665Z 
2026-10-03T21:55:56.7026267Z test result: ok. 3 passed; 0 failed; 0 ignored; 0 measured; 0 filtered out; finished in 0.09s
2026-10-03T21:55:56.7026681Z 
2026-10-03T21:55:56.7050756Z      Running tests\sync_policy_tests.rs (target\debug\deps\sync_policy_tests-20623c6d13cfcecc.exe)
2026-10-03T21:55:56.7158496Z 
2026-10-03T21:55:56.7158718Z running 8 tests
2026-10-03T21:55:56.8611257Z test sync_default_explicitly_skips_conflicts ... ok
2026-10-03T21:55:56.8634839Z test sync_harness_changed_uses_go_pull_diagnostic ... ok
2026-10-03T21:55:56.8955624Z test sync_empty_scope_with_project_dir_is_user_scope ... ok
2026-10-03T21:55:56.8961171Z test sync_result_json_has_no_allow_executable_field ... ok
2026-10-03T21:55:56.9810385Z test sync_empty_mode_preserves_symlink_marker ... ok
2026-10-03T21:55:57.0106691Z test sync_skips_when_pull_lock_is_held ... ok
2026-10-03T21:55:57.0188206Z test sync_project_scope_uses_absolute_project_root ... ok
2026-10-03T21:55:57.0190384Z test sync_recovers_stale_pull_lock ... ok
2026-10-03T21:55:57.0190972Z 
2026-10-03T21:55:57.0191495Z test result: ok. 8 passed; 0 failed; 0 ignored; 0 measured; 0 filtered out; finished in 0.30s
2026-10-03T21:55:57.0192567Z 
2026-10-03T21:55:57.0217769Z      Running tests\variant_tests.rs (target\debug\deps\variant_tests-028860413598b05a.exe)
2026-10-03T21:55:57.0323307Z 
2026-10-03T21:55:57.0323570Z running 8 tests
2026-10-03T21:55:57.0338598Z test apply_handles_blocks_scopes_and_terms ... ok
2026-10-03T21:55:57.0339806Z test apply_is_identity_without_markers_and_strips_markers_with_noop_regions ... ok
2026-10-03T21:55:57.0341176Z test malformed_markers_are_reported_and_unresolvable_terms_remain ... ok
2026-10-03T21:55:57.0344605Z test marker_grammar_matches_go_case_and_separator_rules ... ok
2026-10-03T21:55:57.0346133Z test unscoped_mentions_ignore_scoped_and_fenced_text ... ok
2026-10-03T21:55:57.0351785Z test diagnostic_messages_match_go_oracle ... ok
2026-10-03T21:55:57.0484820Z test variant_fixture_matches_each_target_resolution ... ok
2026-10-03T21:55:57.0486604Z test variant_outputs_match_go_target_goldens ... ok
2026-10-03T21:55:57.0486924Z 
2026-10-03T21:55:57.0487485Z test result: ok. 8 passed; 0 failed; 0 ignored; 0 measured; 0 filtered out; finished in 0.02s
2026-10-03T21:55:57.0487872Z 
2026-10-03T21:55:57.0506982Z      Running tests\windows_roots.rs (target\debug\deps\windows_roots-5b8ef5c4fc244786.exe)
2026-10-03T21:55:57.0617190Z 
2026-10-03T21:55:57.0617448Z running 2 tests
2026-10-03T21:55:57.1320694Z test drive_root_materializes_and_installs_real_skill ... ok
2026-10-03T21:55:57.1379699Z test junction_ancestors_are_refused_without_touching_outside ... ok
2026-10-03T21:55:57.1380212Z 
2026-10-03T21:55:57.1380694Z test result: ok. 2 passed; 0 failed; 0 ignored; 0 measured; 0 filtered out; finished in 0.08s
2026-10-03T21:55:57.1381356Z 
2026-10-03T21:55:57.1405299Z      Running unittests src\lib.rs (target\debug\deps\symbrain_usage-5e27fae5096d505c.exe)
2026-10-03T21:55:57.1533201Z 
2026-10-03T21:55:57.1533450Z running 61 tests
2026-10-03T21:55:57.1548520Z test providers::antigravity_tests::parses_every_go_antigravity_candidate_and_listening_port ... ok
2026-10-03T21:55:57.1551409Z test model::tests::report_timestamps_trim_fractional_zeroes_like_go_rfc3339nano ... ok
2026-10-03T21:55:57.1553105Z test providers::antigravity_tests::pid_above_go_lsof_limit_does_not_invoke_probe_or_send_http ... ok
2026-10-03T21:55:57.1740345Z test providers::opencode_discovery_tests::provenance::provenance_checks_hashes_and_rejects_mutation ... ok
2026-10-03T21:55:57.1788259Z test providers::opencode_discovery_tests::corpus_replays_case_for_case_against_the_shipped_recording ... ok
2026-10-03T21:55:57.1790483Z test providers::provider_config::provider_file_oracle_tests::provider_files_oracle_matches_fresh_go ... ignored, fresh immutable Go file evidence supplied by provider-files gate
2026-10-03T21:55:57.1792907Z test providers::provider_config::tests::base64url_decoding_round_trips_a_json_payload ... ok
2026-10-03T21:55:57.1803631Z test providers::provider_config::tests::bounded_credential_file_read_rejects_oversized_files ... ok
2026-10-03T21:55:57.1819881Z test providers::opencode_discovery_tests::replay_rejects_altered_recorded_result_and_request ... ok
2026-10-03T21:55:57.1828614Z test providers::provider_config::tests::claude_keychain_blob_parser_matches_go_typed_decoder_cases ... ok
2026-10-03T21:55:57.1831920Z test providers::provider_config::tests::claude_oauth_source_preempts_keychain_fallback ... ok
2026-10-03T21:55:57.1846168Z test providers::provider_config::tests::claude_token_falls_back_to_any_account_with_a_token ... ok
2026-10-03T21:55:57.1857631Z test providers::provider_config::tests::claude_token_prefers_the_default_account ... ok
2026-10-03T21:55:57.1862010Z test providers::provider_config::tests::codex_provider_reports_file_source_and_keeps_invalid_file_status ... ok
2026-10-03T21:55:57.1873084Z test providers::provider_config::tests::codex_token_ignores_a_logged_out_auth_file ... ok
2026-10-03T21:55:57.1891270Z test providers::provider_config::tests::codex_token_reads_both_shipped_shapes ... ok
2026-10-03T21:55:57.1923301Z test providers::provider_config::tests::claude_file_token_accepts_only_go_equivalent_deterministic_shapes ... ok
2026-10-03T21:55:57.1934291Z test providers::provider_config::tests::copilot_token_prefers_the_github_host_entry ... ok
2026-10-03T21:55:57.1950413Z test providers::provider_config::tests::copilot_token_reads_hosts_json_after_apps_json ... ok
2026-10-03T21:55:57.1965210Z test providers::provider_config::tests::json_pointer_lookup_ignores_missing_and_empty_values ... ok
2026-10-03T21:55:57.1967903Z test providers::provider_config::tests::keychain_dump_lines_yield_service_names ... ok
2026-10-03T21:55:57.1991987Z test providers::provider_config::tests::kimi_device_id_native_gate_accepts_only_absent_or_readable_ascii_files ... ok
2026-10-03T21:55:57.2047125Z test providers::provider_config::tests::copilot_file_token_matches_go_for_native_shapes_and_rejects_unproven_files ... ok
2026-10-03T21:55:57.2065411Z test providers::provider_config::tests::kimi_store_reads_token_and_trims_the_device_id ... ok
2026-10-03T21:55:57.2067984Z test providers::provider_config::tests::literal_file_references_and_unproven_sources_keep_go_fallback ... ok
2026-10-03T21:55:57.2080336Z test providers::provider_config::tests::kimi_file_candidate_matches_only_the_source_bound_native_shapes ... ok
2026-10-03T21:55:57.2083852Z test providers::provider_config::tests::nous_token_accepts_a_live_jwt ... ok
2026-10-03T21:55:57.2104864Z test providers::provider_config::tests::nous_token_ignores_providers_other_than_nous ... ok
2026-10-03T21:55:57.2112183Z test providers::provider_config::tests::nous_token_prefers_the_scoped_invoke_jwt ... ok
2026-10-03T21:55:57.2123929Z test providers::provider_config::tests::nous_token_skips_jwt_shaped_tokens_that_expired ... ok
2026-10-03T21:55:57.2136287Z test providers::provider_config::tests::routing_metadata_treats_indeterminate_and_symlink_paths_as_present ... ok
2026-10-03T21:55:57.2139930Z test providers::provider_config::tests::supported_provider_overrides_are_narrow_and_go_equivalent ... ok
2026-10-03T21:55:57.2142538Z test providers::provider_requests::tests::invalid_provider_base_urls_fail_closed_to_defaults ... ok
2026-10-03T21:55:57.2164919Z test providers::provider_requests::tests::request_oracle::antigravity_local_probe_report_and_requests_match_production_go_oracle ... ok
2026-10-03T21:55:57.2199015Z test providers::provider_requests::tests::request_oracle::authenticated_claude_admin_report_matches_go_success_and_failure_oracles ... ok
2026-10-03T21:55:57.2221621Z test providers::provider_requests::tests::request_oracle::authenticated_claude_keychain_report_matches_go_production_builder ... ok
2026-10-03T21:55:57.2244684Z test providers::provider_requests::tests::request_oracle::authenticated_claude_oauth_file_report_matches_go_build_report_oracle ... ok
2026-10-03T21:55:57.2266426Z test providers::provider_requests::tests::request_oracle::authenticated_claude_oauth_report_matches_go_build_report_oracle ... ok
2026-10-03T21:55:57.2297830Z test providers::provider_config::tests::nous_file_parser_matches_all_frozen_go_shapes ... ok
2026-10-03T21:55:57.2320155Z test providers::provider_requests::tests::request_oracle::authenticated_codex_file_report_matches_go_success_and_failure_oracles ... ok
2026-10-03T21:55:57.2338941Z test providers::provider_requests::tests::request_oracle::authenticated_codex_report_matches_go_success_and_failure_oracles ... ok
2026-10-03T21:55:57.2343140Z test providers::provider_requests::tests::request_oracle::authenticated_copilot_file_report_matches_go_success_and_failure_oracles ... ok
2026-10-03T21:55:57.2372145Z test providers::provider_requests::tests::request_oracle::authenticated_copilot_report_matches_go_success_and_failure_oracles ... ok
2026-10-03T21:55:57.2379194Z test providers::provider_requests::tests::request_oracle::authenticated_cursor_report_matches_go_success_and_failure_oracles ... ok
2026-10-03T21:55:57.2411889Z test providers::provider_requests::tests::request_oracle::authenticated_kimi_report_matches_go_success_and_failure_oracles ... ok
2026-10-03T21:55:57.2417393Z test providers::provider_requests::tests::request_oracle::authenticated_moonshot_report_matches_go_success_and_failure_oracles ... ok
2026-10-03T21:55:57.2451614Z test providers::provider_requests::tests::request_oracle::authenticated_nous_live_jwt_file_matches_go_production_constructor ... ok
2026-10-03T21:55:57.2457510Z test providers::provider_requests::tests::request_oracle::authenticated_nous_report_matches_go_success_and_failure_oracles ... ok
2026-10-03T21:55:57.2477779Z test providers::provider_requests::tests::request_oracle::authenticated_opencode_report_matches_go_success_oracle_and_workspace_walk ... ok
2026-10-03T21:55:57.2496615Z test providers::provider_requests::tests::request_oracle::authenticated_openrouter_report_matches_go_success_and_failure_oracles ... ok
2026-10-03T21:55:57.2500506Z test providers::provider_requests::tests::request_oracle::combined_native_providers_match_the_production_go_report_and_overrides ... ok
2026-10-03T21:55:57.2509685Z test providers::provider_requests::tests::request_oracle::nous_environment_credential_precedes_the_default_file ... ok
2026-10-03T21:55:57.2512871Z test providers::provider_requests::tests::request_oracle::kimi_cli_and_web_fallback_reports_match_production_go_chains ... ok
2026-10-03T21:55:57.2528885Z test providers::provider_requests::tests::request_oracle::provider_error_texts_match_the_shipped_oracle_recording ... ok
2026-10-03T21:55:57.2532883Z test providers::provider_requests::tests::trusted_urls_reject_private_and_ambiguous_authorities ... ok
2026-10-03T21:55:57.2539770Z test providers::usage_fetch_oracle_tests::copilot_enterprise_authority_keeps_transport_validation ... ok
2026-10-03T21:55:57.2556266Z test providers::provider_requests::tests::request_oracle::requests_match_the_shipped_oracle_recording ... ok
2026-10-03T21:55:57.2568958Z test deadline_tests::absolute_report_deadline_cancels_inflight_and_skips_later_batch ... ok
2026-10-03T21:55:57.2591022Z test deadline_tests::provider_timeout_keeps_timeout_error_classification ... ok
2026-10-03T21:55:57.3138346Z test providers::usage_fetch_oracle_tests::usage_fetch_620_reports_and_all_identity_headers_match_go ... ok
2026-10-03T21:55:57.4764503Z test transport::tests::ureq_caps_loopback_tls_stall_to_absolute_cancellation_deadline ... ok
2026-10-03T21:55:57.4765245Z 
2026-10-03T21:55:57.4765749Z test result: ok. 60 passed; 0 failed; 1 ignored; 0 measured; 0 filtered out; finished in 0.32s
2026-10-03T21:55:57.4766419Z 
2026-10-03T21:55:57.4798638Z      Running tests\credential_reference_tests.rs (target\debug\deps\credential_reference_tests-13eafaeb76155dac.exe)
2026-10-03T21:55:57.4913022Z 
2026-10-03T21:55:57.4913293Z running 1 test
2026-10-03T21:55:57.4914564Z test usage_credential_768_matches_fresh_go_constructors_and_requests ... ignored, fresh immutable Go evidence supplied by the native credential gate
2026-10-03T21:55:57.4916062Z 
2026-10-03T21:55:57.4916617Z test result: ok. 0 passed; 0 failed; 1 ignored; 0 measured; 0 filtered out; finished in 0.00s
2026-10-03T21:55:57.4917313Z 
2026-10-03T21:55:57.4932860Z      Running tests\hermes_credential_tests.rs (target\debug\deps\hermes_credential_tests-999ab23cb80f9cc7.exe)
2026-10-03T21:55:57.5082666Z 
2026-10-03T21:55:57.5083816Z running 1 test
2026-10-03T21:55:57.5085618Z test usage_hermes_768_matches_fresh_go_file_and_jwt_contracts ... ignored, fresh immutable Go evidence supplied by the native Hermes gate
2026-10-03T21:55:57.5086650Z 
2026-10-03T21:55:57.5087174Z test result: ok. 0 passed; 0 failed; 1 ignored; 0 measured; 0 filtered out; finished in 0.00s
2026-10-03T21:55:57.5088288Z 
2026-10-03T21:55:57.5107983Z      Running tests\secret_oracle_tests.rs (target\debug\deps\secret_oracle_tests-50b04172a9acf32e.exe)
2026-10-03T21:55:57.5235217Z 
2026-10-03T21:55:57.5235604Z running 8 tests
2026-10-03T21:55:57.5259443Z test failed_cases_pin_the_no_plaintext_leak_invariant ... ok
2026-10-03T21:55:57.5260979Z test fixture_pins_timeout_surface_count_and_ids ... ok
2026-10-03T21:55:57.5271617Z test alias_and_canonical_resolve_identically ... ok
2026-10-03T21:55:57.5282351Z test scheme_acceptance_matches_go_classification ... ok
2026-10-03T21:55:57.7861386Z test non_utf8_secret_fails_closed_instead_of_silently_changing_bytes ... ok
2026-10-03T21:55:57.8953050Z test resolve_value_and_error_bytes_match_go ... ok
2026-10-03T21:55:59.9155302Z test shrunk_timeout_error_bytes_match_go ... ok
2026-10-03T21:55:59.9188105Z test resolve_or_env_precedence_matches_go ... ok
2026-10-03T21:55:59.9188563Z 
2026-10-03T21:55:59.9189133Z test result: ok. 8 passed; 0 failed; 0 ignored; 0 measured; 0 filtered out; finished in 2.40s
2026-10-03T21:55:59.9189831Z 
2026-10-03T21:55:59.9212408Z      Running tests\usage_tests.rs (target\debug\deps\usage_tests-dac4897de068c25c.exe)
2026-10-03T21:55:59.9334255Z 
2026-10-03T21:55:59.9334792Z running 9 tests
2026-10-03T21:55:59.9364266Z test provider_cases_bind_requests_responses_auth_and_errors ... ok
2026-10-03T21:55:59.9365969Z test already_cancelled_report_does_not_start_provider_requests ... ok
2026-10-03T21:55:59.9376764Z test provider_graph_fixture_is_source_bound_to_go_contract ... ok
2026-10-03T21:55:59.9406170Z test fixture_report_covers_complete_provider_graph_in_contract_order ... ok
2026-10-03T21:55:59.9483609Z test provider_queries_are_bounded_and_timeout_all_pending_slots ... ok
2026-10-03T21:55:59.9489758Z test status_errors_keep_provider_specific_taxonomy_and_retry_detail ... ok
2026-10-03T21:55:59.9588530Z test report_join_does_not_return_while_finite_noncooperative_worker_is_active ... ok
2026-10-03T21:55:59.9640313Z test provider_cases_compare_complete_requests_headers_strategies_snapshots_and_errors ... ok
2026-10-03T21:56:00.0506596Z test reports_join_cooperative_workers_and_bound_batches_across_repeated_calls ... ok
2026-10-03T21:56:00.0507483Z 
2026-10-03T21:56:00.0508054Z test result: ok. 9 passed; 0 failed; 0 ignored; 0 measured; 0 filtered out; finished in 0.12s
2026-10-03T21:56:00.0508875Z 
2026-10-03T21:56:00.0532342Z    Doc-tests symbrain_activity
2026-10-03T21:56:00.1929610Z 
2026-10-03T21:56:00.1930324Z running 0 tests
2026-10-03T21:56:00.1930615Z 
2026-10-03T21:56:00.1931150Z test result: ok. 0 passed; 0 failed; 0 ignored; 0 measured; 0 filtered out; finished in 0.00s
2026-10-03T21:56:00.1931822Z 
2026-10-03T21:56:00.2014569Z    Doc-tests symbrain_adapter
2026-10-03T21:56:00.2685603Z 
2026-10-03T21:56:00.2686438Z running 0 tests
2026-10-03T21:56:00.2686709Z 
2026-10-03T21:56:00.2687214Z test result: ok. 0 passed; 0 failed; 0 ignored; 0 measured; 0 filtered out; finished in 0.00s
2026-10-03T21:56:00.2687897Z 
2026-10-03T21:56:00.2798066Z    Doc-tests symbrain_audit
2026-10-03T21:56:00.3798929Z 
2026-10-03T21:56:00.3799691Z running 0 tests
2026-10-03T21:56:00.3799989Z 
2026-10-03T21:56:00.3800601Z test result: ok. 0 passed; 0 failed; 0 ignored; 0 measured; 0 filtered out; finished in 0.00s
2026-10-03T21:56:00.3801295Z 
2026-10-03T21:56:00.3913541Z    Doc-tests symbrain_broker
2026-10-03T21:56:00.4783162Z 
2026-10-03T21:56:00.4783943Z running 0 tests
2026-10-03T21:56:00.4784264Z 
2026-10-03T21:56:00.4784784Z test result: ok. 0 passed; 0 failed; 0 ignored; 0 measured; 0 filtered out; finished in 0.00s
2026-10-03T21:56:00.4785423Z 
2026-10-03T21:56:00.4866905Z    Doc-tests symbrain_catalog
2026-10-03T21:56:00.5477731Z 
2026-10-03T21:56:00.5478520Z running 0 tests
2026-10-03T21:56:00.5478812Z 
2026-10-03T21:56:00.5479316Z test result: ok. 0 passed; 0 failed; 0 ignored; 0 measured; 0 filtered out; finished in 0.00s
2026-10-03T21:56:00.5479968Z 
2026-10-03T21:56:00.5556305Z    Doc-tests symbrain_cli
2026-10-03T21:56:00.9047297Z 
2026-10-03T21:56:00.9048461Z running 0 tests
2026-10-03T21:56:00.9048763Z 
2026-10-03T21:56:00.9049276Z test result: ok. 0 passed; 0 failed; 0 ignored; 0 measured; 0 filtered out; finished in 0.00s
2026-10-03T21:56:00.9049958Z 
2026-10-03T21:56:00.9139080Z    Doc-tests symbrain_core
2026-10-03T21:56:00.9942185Z 
2026-10-03T21:56:00.9942948Z running 0 tests
2026-10-03T21:56:00.9943239Z 
2026-10-03T21:56:00.9943776Z test result: ok. 0 passed; 0 failed; 0 ignored; 0 measured; 0 filtered out; finished in 0.00s
2026-10-03T21:56:00.9944423Z 
2026-10-03T21:56:01.0027930Z    Doc-tests symbrain_gateway
2026-10-03T21:56:01.1350014Z 
2026-10-03T21:56:01.1350961Z running 0 tests
2026-10-03T21:56:01.1351291Z 
2026-10-03T21:56:01.1351798Z test result: ok. 0 passed; 0 failed; 0 ignored; 0 measured; 0 filtered out; finished in 0.00s
2026-10-03T21:56:01.1352498Z 
2026-10-03T21:56:01.1437584Z    Doc-tests symbrain_guard_core
2026-10-03T21:56:01.3909622Z 
2026-10-03T21:56:01.3910413Z running 0 tests
2026-10-03T21:56:01.3911182Z 
2026-10-03T21:56:01.3911727Z test result: ok. 0 passed; 0 failed; 0 ignored; 0 measured; 0 filtered out; finished in 0.00s
2026-10-03T21:56:01.3912367Z 
2026-10-03T21:56:01.3998492Z    Doc-tests symbrain_harness
2026-10-03T21:56:01.5398700Z 
2026-10-03T21:56:01.5399756Z running 0 tests
2026-10-03T21:56:01.5400170Z 
2026-10-03T21:56:01.5401195Z test result: ok. 0 passed; 0 failed; 0 ignored; 0 measured; 0 filtered out; finished in 0.00s
2026-10-03T21:56:01.5401951Z 
2026-10-03T21:56:01.5486528Z    Doc-tests symbrain_instructions
2026-10-03T21:56:01.5964432Z 
2026-10-03T21:56:01.5965208Z running 0 tests
2026-10-03T21:56:01.5965491Z 
2026-10-03T21:56:01.5965981Z test result: ok. 0 passed; 0 failed; 0 ignored; 0 measured; 0 filtered out; finished in 0.00s
2026-10-03T21:56:01.5966623Z 
2026-10-03T21:56:01.6042897Z    Doc-tests symbrain_managed
2026-10-03T21:56:01.7095373Z 
2026-10-03T21:56:01.7096213Z running 0 tests
2026-10-03T21:56:01.7096508Z 
2026-10-03T21:56:01.7097032Z test result: ok. 0 passed; 0 failed; 0 ignored; 0 measured; 0 filtered out; finished in 0.00s
2026-10-03T21:56:01.7097698Z 
2026-10-03T21:56:01.7179262Z    Doc-tests symbrain_mcp
2026-10-03T21:56:01.7987716Z 
2026-10-03T21:56:01.7988509Z running 0 tests
2026-10-03T21:56:01.7989058Z 
2026-10-03T21:56:01.7989754Z test result: ok. 0 passed; 0 failed; 0 ignored; 0 measured; 0 filtered out; finished in 0.00s
2026-10-03T21:56:01.7990588Z 
2026-10-03T21:56:01.8077169Z    Doc-tests symbrain_memory
2026-10-03T21:56:01.9743499Z 
2026-10-03T21:56:01.9744618Z running 0 tests
2026-10-03T21:56:01.9744909Z 
2026-10-03T21:56:01.9745414Z test result: ok. 0 passed; 0 failed; 0 ignored; 0 measured; 0 filtered out; finished in 0.00s
2026-10-03T21:56:01.9746113Z 
2026-10-03T21:56:01.9830040Z    Doc-tests symbrain_patterns
2026-10-03T21:56:02.0639914Z 
2026-10-03T21:56:02.0640297Z running 0 tests
2026-10-03T21:56:02.0640753Z 
2026-10-03T21:56:02.0641401Z test result: ok. 0 passed; 0 failed; 0 ignored; 0 measured; 0 filtered out; finished in 0.00s
2026-10-03T21:56:02.0643326Z 
2026-10-03T21:56:02.0722201Z    Doc-tests symbrain_policy
2026-10-03T21:56:02.1890537Z 
2026-10-03T21:56:02.1891377Z running 0 tests
2026-10-03T21:56:02.1891674Z 
2026-10-03T21:56:02.1892206Z test result: ok. 0 passed; 0 failed; 0 ignored; 0 measured; 0 filtered out; finished in 0.00s
2026-10-03T21:56:02.1892851Z 
2026-10-03T21:56:02.1980006Z    Doc-tests symbrain_skills
2026-10-03T21:56:02.4966444Z 
2026-10-03T21:56:02.4967202Z running 0 tests
2026-10-03T21:56:02.4967492Z 
2026-10-03T21:56:02.4968325Z test result: ok. 0 passed; 0 failed; 0 ignored; 0 measured; 0 filtered out; finished in 0.00s
2026-10-03T21:56:02.4969028Z 
2026-10-03T21:56:02.5055263Z    Doc-tests symbrain_usage
2026-10-03T21:56:02.6445255Z 
2026-10-03T21:56:02.6445961Z running 0 tests
2026-10-03T21:56:02.6446297Z 
2026-10-03T21:56:02.6447041Z test result: ok. 0 passed; 0 failed; 0 ignored; 0 measured; 0 filtered out; finished in 0.00s
2026-10-03T21:56:02.6447745Z 
2026-10-03T21:56:02.6669985Z SYMAIRA_EXTERNAL_BASE="" bash D:/a/symaira-brain/symaira-brain/scripts/run-external-env.sh cargo test --workspace --doc --all-features --locked
2026-10-03T21:56:03.1858081Z     Finished `test` profile [unoptimized + debuginfo] target(s) in 0.41s
2026-10-03T21:56:03.2040967Z    Doc-tests symbrain_activity
2026-10-03T21:56:03.2807303Z 
2026-10-03T21:56:03.2807940Z running 0 tests
2026-10-03T21:56:03.2808267Z 
2026-10-03T21:56:03.2808772Z test result: ok. 0 passed; 0 failed; 0 ignored; 0 measured; 0 filtered out; finished in 0.00s
2026-10-03T21:56:03.2809407Z 
2026-10-03T21:56:03.2916347Z    Doc-tests symbrain_adapter
2026-10-03T21:56:03.3634718Z 
2026-10-03T21:56:03.3635659Z running 0 tests
2026-10-03T21:56:03.3635939Z 
2026-10-03T21:56:03.3636425Z test result: ok. 0 passed; 0 failed; 0 ignored; 0 measured; 0 filtered out; finished in 0.00s
2026-10-03T21:56:03.3637110Z 
2026-10-03T21:56:03.3744821Z    Doc-tests symbrain_audit
2026-10-03T21:56:03.4843372Z 
2026-10-03T21:56:03.4844200Z running 0 tests
2026-10-03T21:56:03.4844603Z 
2026-10-03T21:56:03.4845202Z test result: ok. 0 passed; 0 failed; 0 ignored; 0 measured; 0 filtered out; finished in 0.00s
2026-10-03T21:56:03.4845877Z 
2026-10-03T21:56:03.4929520Z    Doc-tests symbrain_broker
2026-10-03T21:56:03.5773057Z 
2026-10-03T21:56:03.5773932Z running 0 tests
2026-10-03T21:56:03.5774334Z 
2026-10-03T21:56:03.5775205Z test result: ok. 0 passed; 0 failed; 0 ignored; 0 measured; 0 filtered out; finished in 0.00s
2026-10-03T21:56:03.5776248Z 
2026-10-03T21:56:03.5859862Z    Doc-tests symbrain_catalog
2026-10-03T21:56:03.6471686Z 
2026-10-03T21:56:03.6472425Z running 0 tests
2026-10-03T21:56:03.6472786Z 
2026-10-03T21:56:03.6473399Z test result: ok. 0 passed; 0 failed; 0 ignored; 0 measured; 0 filtered out; finished in 0.00s
2026-10-03T21:56:03.6474071Z 
2026-10-03T21:56:03.6555075Z    Doc-tests symbrain_cli
2026-10-03T21:56:03.9886863Z 
2026-10-03T21:56:03.9887625Z running 0 tests
2026-10-03T21:56:03.9888223Z 
2026-10-03T21:56:03.9888927Z test result: ok. 0 passed; 0 failed; 0 ignored; 0 measured; 0 filtered out; finished in 0.00s
2026-10-03T21:56:03.9889742Z 
2026-10-03T21:56:04.0012818Z    Doc-tests symbrain_core
2026-10-03T21:56:04.0921129Z 
2026-10-03T21:56:04.0921595Z running 0 tests
2026-10-03T21:56:04.0922144Z 
2026-10-03T21:56:04.0922928Z test result: ok. 0 passed; 0 failed; 0 ignored; 0 measured; 0 filtered out; finished in 0.00s
2026-10-03T21:56:04.0923659Z 
2026-10-03T21:56:04.1061509Z    Doc-tests symbrain_gateway
2026-10-03T21:56:04.2416246Z 
2026-10-03T21:56:04.2417268Z running 0 tests
2026-10-03T21:56:04.2417576Z 
2026-10-03T21:56:04.2418117Z test result: ok. 0 passed; 0 failed; 0 ignored; 0 measured; 0 filtered out; finished in 0.00s
2026-10-03T21:56:04.2418863Z 
2026-10-03T21:56:04.2511536Z    Doc-tests symbrain_guard_core
2026-10-03T21:56:04.4852608Z 
2026-10-03T21:56:04.4853651Z running 0 tests
2026-10-03T21:56:04.4854099Z 
2026-10-03T21:56:04.4855058Z test result: ok. 0 passed; 0 failed; 0 ignored; 0 measured; 0 filtered out; finished in 0.00s
2026-10-03T21:56:04.4856210Z 
2026-10-03T21:56:04.4942416Z    Doc-tests symbrain_harness
2026-10-03T21:56:04.6407552Z 
2026-10-03T21:56:04.6408378Z running 0 tests
2026-10-03T21:56:04.6408663Z 
2026-10-03T21:56:04.6409184Z test result: ok. 0 passed; 0 failed; 0 ignored; 0 measured; 0 filtered out; finished in 0.00s
2026-10-03T21:56:04.6409822Z 
2026-10-03T21:56:04.6494322Z    Doc-tests symbrain_instructions
2026-10-03T21:56:04.6964008Z 
2026-10-03T21:56:04.6965157Z running 0 tests
2026-10-03T21:56:04.6965446Z 
2026-10-03T21:56:04.6965946Z test result: ok. 0 passed; 0 failed; 0 ignored; 0 measured; 0 filtered out; finished in 0.00s
2026-10-03T21:56:04.6966620Z 
2026-10-03T21:56:04.7037751Z    Doc-tests symbrain_managed
2026-10-03T21:56:04.7940737Z 
2026-10-03T21:56:04.7941599Z running 0 tests
2026-10-03T21:56:04.7941905Z 
2026-10-03T21:56:04.7942383Z test result: ok. 0 passed; 0 failed; 0 ignored; 0 measured; 0 filtered out; finished in 0.00s
2026-10-03T21:56:04.7943060Z 
2026-10-03T21:56:04.8025953Z    Doc-tests symbrain_mcp
2026-10-03T21:56:04.8729118Z 
2026-10-03T21:56:04.8730038Z running 0 tests
2026-10-03T21:56:04.8730325Z 
2026-10-03T21:56:04.8730809Z test result: ok. 0 passed; 0 failed; 0 ignored; 0 measured; 0 filtered out; finished in 0.00s
2026-10-03T21:56:04.8731479Z 
2026-10-03T21:56:04.8814035Z    Doc-tests symbrain_memory
2026-10-03T21:56:05.0351309Z 
2026-10-03T21:56:05.0352676Z running 0 tests
2026-10-03T21:56:05.0352985Z 
2026-10-03T21:56:05.0353544Z test result: ok. 0 passed; 0 failed; 0 ignored; 0 measured; 0 filtered out; finished in 0.00s
2026-10-03T21:56:05.0354206Z 
2026-10-03T21:56:05.0441164Z    Doc-tests symbrain_patterns
2026-10-03T21:56:05.1241116Z 
2026-10-03T21:56:05.1241861Z running 0 tests
2026-10-03T21:56:05.1242138Z 
2026-10-03T21:56:05.1242754Z test result: ok. 0 passed; 0 failed; 0 ignored; 0 measured; 0 filtered out; finished in 0.00s
2026-10-03T21:56:05.1243401Z 
2026-10-03T21:56:05.1324234Z    Doc-tests symbrain_policy
2026-10-03T21:56:05.2419854Z 
2026-10-03T21:56:05.2420694Z running 0 tests
2026-10-03T21:56:05.2421003Z 
2026-10-03T21:56:05.2421521Z test result: ok. 0 passed; 0 failed; 0 ignored; 0 measured; 0 filtered out; finished in 0.00s
2026-10-03T21:56:05.2422525Z 
2026-10-03T21:56:05.2507711Z    Doc-tests symbrain_skills
2026-10-03T21:56:05.5544543Z 
2026-10-03T21:56:05.5545747Z running 0 tests
2026-10-03T21:56:05.5546035Z 
2026-10-03T21:56:05.5546531Z test result: ok. 0 passed; 0 failed; 0 ignored; 0 measured; 0 filtered out; finished in 0.00s
2026-10-03T21:56:05.5547156Z 
2026-10-03T21:56:05.5671263Z    Doc-tests symbrain_usage
2026-10-03T21:56:05.7278427Z 
2026-10-03T21:56:05.7279378Z running 0 tests
2026-10-03T21:56:05.7279802Z 
2026-10-03T21:56:05.7280504Z test result: ok. 0 passed; 0 failed; 0 ignored; 0 measured; 0 filtered out; finished in 0.00s
2026-10-03T21:56:05.7281245Z 
2026-10-03T21:56:05.7555210Z SYMAIRA_EXTERNAL_BASE="" bash D:/a/symaira-brain/symaira-brain/scripts/run-external-env.sh cargo audit
2026-10-03T21:56:05.9151524Z     Fetching advisory database from `https://github.com/RustSec/advisory-db.git`
2026-10-03T21:56:11.8068289Z       Loaded 1290 security advisories (from C:\Users\runneradmin\.cargo\advisory-db)
2026-10-03T21:56:11.8068813Z     Updating crates.io index
2026-10-03T21:56:11.8477803Z     Scanning Cargo.lock for vulnerabilities (273 crate dependencies)
2026-10-03T21:56:12.1326851Z SYMAIRA_EXTERNAL_BASE="" bash D:/a/symaira-brain/symaira-brain/scripts/run-external-env.sh cargo deny check
2026-10-03T21:56:21.8057196Z warning[duplicate]: found 2 duplicate entries for crate 'base64'
2026-10-03T21:56:21.8254266Z    ┌─ D:\a\symaira-brain\symaira-brain/Cargo.lock:9:1
2026-10-03T21:56:21.8255114Z    │  
2026-10-03T21:56:21.8256029Z  9 │ ╭ base64 0.22.1 registry+https://github.com/rust-lang/crates.io-index
2026-10-03T21:56:21.8257083Z 10 │ │ base64 0.23.1 registry+https://github.com/rust-lang/crates.io-index
2026-10-03T21:56:21.8258585Z    │ ╰───────────────────────────────────────────────────────────────────┘ lock entries
2026-10-03T21:56:21.8259289Z    │  
2026-10-03T21:56:21.8259672Z    ├ base64 v0.22.1
2026-10-03T21:56:21.8260136Z      ├── reqwest v0.13.4
2026-10-03T21:56:21.8260680Z      │   └── symaira-core-llm v0.0.0
2026-10-03T21:56:21.8261275Z      │       └── symbrain-memory v0.12.1
2026-10-03T21:56:21.8262218Z      │           ├── symbrain-cli v0.12.1
2026-10-03T21:56:21.8262907Z      │           └── symbrain-gateway v0.12.1
2026-10-03T21:56:21.8263606Z      │               └── symbrain-cli v0.12.1 (*)
2026-10-03T21:56:21.8264260Z      └── symbrain-guard-core v0.12.1
2026-10-03T21:56:21.8264909Z          └── symbrain-cli v0.12.1 (*)
2026-10-03T21:56:21.8265423Z    ├ base64 v0.23.1
2026-10-03T21:56:21.8265824Z      ├── hyper-util v0.1.21
2026-10-03T21:56:21.8266372Z      │   ├── hyper-rustls v0.27.10
2026-10-03T21:56:21.8266942Z      │   │   └── reqwest v0.13.4
2026-10-03T21:56:21.8267574Z      │   │       └── symaira-core-llm v0.0.0
2026-10-03T21:56:21.8268264Z      │   │           └── symbrain-memory v0.12.1
2026-10-03T21:56:21.8268961Z      │   │               ├── symbrain-cli v0.12.1
2026-10-03T21:56:21.8269684Z      │   │               └── symbrain-gateway v0.12.1
2026-10-03T21:56:21.8270435Z      │   │                   └── symbrain-cli v0.12.1 (*)
2026-10-03T21:56:21.8271114Z      │   └── reqwest v0.13.4 (*)
2026-10-03T21:56:21.8271616Z      ├── ureq v3.4.1
2026-10-03T21:56:21.8272149Z      │   ├── symaira-core-llm v0.0.0 (*)
2026-10-03T21:56:21.8272769Z      │   ├── symbrain-cli v0.12.1 (*)
2026-10-03T21:56:21.8273380Z      │   ├── symbrain-managed v0.12.1
2026-10-03T21:56:21.8273998Z      │   │   └── symbrain-cli v0.12.1 (*)
2026-10-03T21:56:21.8274606Z      │   └── symbrain-usage v0.12.1
2026-10-03T21:56:21.8275234Z      │       ├── symbrain-cli v0.12.1 (*)
2026-10-03T21:56:21.8275944Z      │       └── symbrain-gateway v0.12.1 (*)
2026-10-03T21:56:21.8276611Z      └── ureq-proto v0.6.2
2026-10-03T21:56:21.8277194Z          └── ureq v3.4.1 (*)
2026-10-03T21:56:21.8277450Z 
2026-10-03T21:56:21.8277819Z warning[duplicate]: found 2 duplicate entries for crate 'core-foundation'
2026-10-03T21:56:21.8278745Z    ┌─ D:\a\symaira-brain\symaira-brain/Cargo.lock:23:1
2026-10-03T21:56:21.8279291Z    │  
2026-10-03T21:56:21.8280405Z 23 │ ╭ core-foundation 0.9.4 registry+https://github.com/rust-lang/crates.io-index
2026-10-03T21:56:21.8285444Z 24 │ │ core-foundation 0.10.1 registry+https://github.com/rust-lang/crates.io-index
2026-10-03T21:56:21.8289374Z    │ ╰────────────────────────────────────────────────────────────────────────────┘ lock entries
2026-10-03T21:56:21.8290127Z    │  
2026-10-03T21:56:21.8290552Z    ├ core-foundation v0.9.4
2026-10-03T21:56:21.8291123Z      └── system-configuration v0.7.0
2026-10-03T21:56:21.8291812Z          └── hyper-util v0.1.21
2026-10-03T21:56:21.8292469Z              ├── hyper-rustls v0.27.10
2026-10-03T21:56:21.8293128Z              │   └── reqwest v0.13.4
2026-10-03T21:56:21.8293910Z              │       └── symaira-core-llm v0.0.0
2026-10-03T21:56:21.8294729Z              │           └── symbrain-memory v0.12.1
2026-10-03T21:56:21.8295549Z              │               ├── symbrain-cli v0.12.1
2026-10-03T21:56:21.8296411Z              │               └── symbrain-gateway v0.12.1
2026-10-03T21:56:21.8297331Z              │                   └── symbrain-cli v0.12.1 (*)
2026-10-03T21:56:21.8298060Z              └── reqwest v0.13.4 (*)
2026-10-03T21:56:21.8298600Z    ├ core-foundation v0.10.1
2026-10-03T21:56:21.8299204Z      ├── rustls-platform-verifier v0.7.1
2026-10-03T21:56:21.8299780Z      │   └── reqwest v0.13.4
2026-10-03T21:56:21.8300822Z      │       └── symaira-core-llm v0.0.0
2026-10-03T21:56:21.8301539Z      │           └── symbrain-memory v0.12.1
2026-10-03T21:56:21.8302218Z      │               ├── symbrain-cli v0.12.1
2026-10-03T21:56:21.8302889Z      │               └── symbrain-gateway v0.12.1
2026-10-03T21:56:21.8304000Z      │                   └── symbrain-cli v0.12.1 (*)
2026-10-03T21:56:21.8304651Z      └── security-framework v3.7.0
2026-10-03T21:56:21.8305278Z          ├── rustls-native-certs v0.8.4
2026-10-03T21:56:21.8306031Z          │   └── rustls-platform-verifier v0.7.1 (*)
2026-10-03T21:56:21.8306775Z          └── rustls-platform-verifier v0.7.1 (*)
2026-10-03T21:56:21.8307111Z 
2026-10-03T21:56:21.8307464Z warning[duplicate]: found 3 duplicate entries for crate 'getrandom'
2026-10-03T21:56:21.8308329Z    ┌─ D:\a\symaira-brain\symaira-brain/Cargo.lock:52:1
2026-10-03T21:56:21.8308898Z    │  
2026-10-03T21:56:21.8309564Z 52 │ ╭ getrandom 0.2.17 registry+https://github.com/rust-lang/crates.io-index
2026-10-03T21:56:21.8310607Z 53 │ │ getrandom 0.3.3 registry+https://github.com/rust-lang/crates.io-index
2026-10-03T21:56:21.8311707Z 54 │ │ getrandom 0.4.3 registry+https://github.com/rust-lang/crates.io-index
2026-10-03T21:56:21.8312883Z    │ ╰─────────────────────────────────────────────────────────────────────┘ lock entries
2026-10-03T21:56:21.8313605Z    │  
2026-10-03T21:56:21.8313985Z    ├ getrandom v0.2.17
2026-10-03T21:56:21.8314426Z      └── ring v0.17.14
2026-10-03T21:56:21.8314899Z          ├── rustls v0.23.45
2026-10-03T21:56:21.8315483Z          │   ├── hyper-rustls v0.27.10
2026-10-03T21:56:21.8316113Z          │   │   └── reqwest v0.13.4
2026-10-03T21:56:21.8316818Z          │   │       └── symaira-core-llm v0.0.0
2026-10-03T21:56:21.8317572Z          │   │           └── symbrain-memory v0.12.1
2026-10-03T21:56:21.8318351Z          │   │               ├── symbrain-cli v0.12.1
2026-10-03T21:56:21.8319121Z          │   │               └── symbrain-gateway v0.12.1
2026-10-03T21:56:21.8319941Z          │   │                   └── symbrain-cli v0.12.1 (*)
2026-10-03T21:56:21.8320989Z          │   ├── reqwest v0.13.4 (*)
2026-10-03T21:56:21.8321681Z          │   ├── rustls-platform-verifier v0.7.1
2026-10-03T21:56:21.8322394Z          │   │   └── reqwest v0.13.4 (*)
2026-10-03T21:56:21.8323077Z          │   ├── tokio-rustls v0.26.6
2026-10-03T21:56:21.8323733Z          │   │   ├── hyper-rustls v0.27.10 (*)
2026-10-03T21:56:21.8324409Z          │   │   └── reqwest v0.13.4 (*)
2026-10-03T21:56:21.8324964Z          │   └── ureq v3.4.1
2026-10-03T21:56:21.8325592Z          │       ├── symaira-core-llm v0.0.0 (*)
2026-10-03T21:56:21.8326309Z          │       ├── symbrain-cli v0.12.1 (*)
2026-10-03T21:56:21.8327293Z          │       ├── symbrain-managed v0.12.1
2026-10-03T21:56:21.8328046Z          │       │   └── symbrain-cli v0.12.1 (*)
2026-10-03T21:56:21.8328727Z          │       └── symbrain-usage v0.12.1
2026-10-03T21:56:21.8329394Z          │           ├── symbrain-cli v0.12.1 (*)
2026-10-03T21:56:21.8330161Z          │           └── symbrain-gateway v0.12.1 (*)
2026-10-03T21:56:21.8330855Z          └── rustls-webpki v0.103.15
2026-10-03T21:56:21.8331491Z              ├── rustls v0.23.45 (*)
2026-10-03T21:56:21.8332280Z              └── rustls-platform-verifier v0.7.1 (*)
2026-10-03T21:56:21.8333147Z    ├ getrandom v0.3.3
2026-10-03T21:56:21.8333692Z      ├── symbrain-guard-core v0.12.1
2026-10-03T21:56:21.8334285Z      │   └── symbrain-cli v0.12.1
2026-10-03T21:56:21.8334859Z      └── symbrain-memory v0.12.1
2026-10-03T21:56:21.8335482Z          ├── symbrain-cli v0.12.1 (*)
2026-10-03T21:56:21.8336114Z          └── symbrain-gateway v0.12.1
2026-10-03T21:56:21.8336820Z              └── symbrain-cli v0.12.1 (*)
2026-10-03T21:56:21.8337363Z    ├ getrandom v0.4.3
2026-10-03T21:56:21.8337840Z      ├── jobserver v0.1.35
2026-10-03T21:56:21.8338309Z      │   └── cc v1.4.5
2026-10-03T21:56:21.8338832Z      │       ├── (build) aws-lc-sys v0.45.0
2026-10-03T21:56:21.8339438Z      │       │   └── aws-lc-rs v1.18.1
2026-10-03T21:56:21.8340044Z      │       │       ├── rustls v0.23.45
2026-10-03T21:56:21.8341020Z      │       │       │   ├── hyper-rustls v0.27.10
2026-10-03T21:56:21.8341752Z      │       │       │   │   └── reqwest v0.13.4
2026-10-03T21:56:21.8342584Z      │       │       │   │       └── symaira-core-llm v0.0.0
2026-10-03T21:56:21.8343476Z      │       │       │   │           └── symbrain-memory v0.12.1
2026-10-03T21:56:21.8344322Z      │       │       │   │               ├── symbrain-cli v0.12.1
2026-10-03T21:56:21.8345187Z      │       │       │   │               └── symbrain-gateway v0.12.1
2026-10-03T21:56:21.8346081Z      │       │       │   │                   └── symbrain-cli v0.12.1 (*)
2026-10-03T21:56:21.8346841Z      │       │       │   ├── reqwest v0.13.4 (*)
2026-10-03T21:56:21.8347566Z      │       │       │   ├── rustls-platform-verifier v0.7.1
2026-10-03T21:56:21.8348269Z      │       │       │   │   └── reqwest v0.13.4 (*)
2026-10-03T21:56:21.8349934Z      │       │       │   ├── tokio-rustls v0.26.6
2026-10-03T21:56:21.8350761Z      │       │       │   │   ├── hyper-rustls v0.27.10 (*)
2026-10-03T21:56:21.8351553Z      │       │       │   │   └── reqwest v0.13.4 (*)
2026-10-03T21:56:21.8353139Z      │       │       │   └── ureq v3.4.1
2026-10-03T21:56:21.8354636Z      │       │       │       ├── symaira-core-llm v0.0.0 (*)
2026-10-03T21:56:21.8355623Z      │       │       │       ├── symbrain-cli v0.12.1 (*)
2026-10-03T21:56:21.8356463Z      │       │       │       ├── symbrain-managed v0.12.1
2026-10-03T21:56:21.8357289Z      │       │       │       │   └── symbrain-cli v0.12.1 (*)
2026-10-03T21:56:21.8358374Z      │       │       │       └── symbrain-usage v0.12.1
2026-10-03T21:56:21.8359241Z      │       │       │           ├── symbrain-cli v0.12.1 (*)
2026-10-03T21:56:21.8360419Z      │       │       │           └── symbrain-gateway v0.12.1 (*)
2026-10-03T21:56:21.8361202Z      │       │       └── rustls-webpki v0.103.15
2026-10-03T21:56:21.8361934Z      │       │           ├── rustls v0.23.45 (*)
2026-10-03T21:56:21.8362762Z      │       │           └── rustls-platform-verifier v0.7.1 (*)
2026-10-03T21:56:21.8363477Z      │       ├── cmake v0.1.58
2026-10-03T21:56:21.8364140Z      │       │   └── (build) aws-lc-sys v0.45.0 (*)
2026-10-03T21:56:21.8364938Z      │       ├── (build) iana-time-zone-haiku v0.1.2
2026-10-03T21:56:21.8365641Z      │       │   └── iana-time-zone v0.1.65
2026-10-03T21:56:21.8366281Z      │       │       └── chrono v0.4.45
2026-10-03T21:56:21.8366964Z      │       │           ├── symbrain-activity v0.12.1
2026-10-03T21:56:21.8367743Z      │       │           │   ├── symbrain-cli v0.12.1 (*)
2026-10-03T21:56:21.8368554Z      │       │           │   ├── symbrain-gateway v0.12.1 (*)
2026-10-03T21:56:21.8369386Z      │       │           │   └── symbrain-memory v0.12.1 (*)
2026-10-03T21:56:21.8370167Z      │       │           ├── symbrain-audit v0.12.1
2026-10-03T21:56:21.8370938Z      │       │           │   ├── symbrain-cli v0.12.1 (*)
2026-10-03T21:56:21.8371752Z      │       │           │   └── symbrain-gateway v0.12.1 (*)
2026-10-03T21:56:21.8372548Z      │       │           ├── symbrain-cli v0.12.1 (*)
2026-10-03T21:56:21.8373283Z      │       │           ├── symbrain-core v0.12.1
2026-10-03T21:56:21.8374399Z      │       │           │   ├── symbrain-audit v0.12.1 (*)
2026-10-03T21:56:21.8375204Z      │       │           │   ├── symbrain-cli v0.12.1 (*)
2026-10-03T21:56:21.8376024Z      │       │           │   ├── symbrain-gateway v0.12.1 (*)
2026-10-03T21:56:21.8376831Z      │       │           │   ├── symbrain-guard-core v0.12.1
2026-10-03T21:56:21.8377690Z      │       │           │   │   └── symbrain-cli v0.12.1 (*)
2026-10-03T21:56:21.8378518Z      │       │           │   └── symbrain-policy v0.12.1
2026-10-03T21:56:21.8379352Z      │       │           │       ├── symbrain-activity v0.12.1 (*)
2026-10-03T21:56:21.8380712Z      │       │           │       ├── symbrain-catalog v0.12.1
2026-10-03T21:56:21.8381684Z      │       │           │       │   └── symbrain-gateway v0.12.1 (*)
2026-10-03T21:56:21.8382529Z      │       │           │       ├── symbrain-cli v0.12.1 (*)
2026-10-03T21:56:21.8383357Z      │       │           │       └── symbrain-gateway v0.12.1 (*)
2026-10-03T21:56:21.8384213Z      │       │           ├── symbrain-gateway v0.12.1 (*)
2026-10-03T21:56:21.8385006Z      │       │           ├── symbrain-guard-core v0.12.1 (*)
2026-10-03T21:56:21.8385779Z      │       │           ├── symbrain-harness v0.12.1
2026-10-03T21:56:21.8386556Z      │       │           │   ├── symbrain-adapter v0.12.1
2026-10-03T21:56:21.8387352Z      │       │           │   │   └── symbrain-cli v0.12.1 (*)
2026-10-03T21:56:21.8388148Z      │       │           │   ├── symbrain-cli v0.12.1 (*)
2026-10-03T21:56:21.8388890Z      │       │           │   ├── symbrain-gateway v0.12.1 (*)
2026-10-03T21:56:21.8389697Z      │       │           │   └── symbrain-skills v0.12.1
2026-10-03T21:56:21.8390444Z      │       │           │       ├── symbrain-cli v0.12.1 (*)
2026-10-03T21:56:21.8391277Z      │       │           │       └── symbrain-gateway v0.12.1 (*)
2026-10-03T21:56:21.8392068Z      │       │           ├── symbrain-managed v0.12.1 (*)
2026-10-03T21:56:21.8392823Z      │       │           ├── symbrain-memory v0.12.1 (*)
2026-10-03T21:56:21.8393604Z      │       │           ├── symbrain-skills v0.12.1 (*)
2026-10-03T21:56:21.8394416Z      │       │           └── symbrain-usage v0.12.1 (*)
2026-10-03T21:56:21.8395297Z      │       ├── (build) libsqlite3-sys v0.38.2
2026-10-03T21:56:21.8396015Z      │       │   └── rusqlite v0.40.2
2026-10-03T21:56:21.8397044Z      │       │       ├── symbrain-cli v0.12.1 (*)
2026-10-03T21:56:21.8397950Z      │       │       └── symbrain-memory v0.12.1 (*)
2026-10-03T21:56:21.8398705Z      │       ├── (build) ring v0.17.14
2026-10-03T21:56:21.8399374Z      │       │   ├── rustls v0.23.45 (*)
2026-10-03T21:56:21.8400479Z      │       │   └── rustls-webpki v0.103.15 (*)
2026-10-03T21:56:21.8401291Z      │       └── (build) sqlite-wasm-rs v0.5.5
2026-10-03T21:56:21.8402042Z      │           └── rusqlite v0.40.2 (*)
2026-10-03T21:56:21.8402705Z      └── tempfile v3.27.0
2026-10-03T21:56:21.8403439Z          ├── (dev) symbrain-activity v0.12.1 (*)
2026-10-03T21:56:21.8404303Z          ├── (dev) symbrain-adapter v0.12.1 (*)
2026-10-03T21:56:21.8405091Z          ├── (dev) symbrain-audit v0.12.1 (*)
2026-10-03T21:56:21.8405877Z          ├── (dev) symbrain-broker v0.12.1
2026-10-03T21:56:21.8406663Z          │   ├── symbrain-cli v0.12.1 (*)
2026-10-03T21:56:21.8407475Z          │   └── symbrain-gateway v0.12.1 (*)
2026-10-03T21:56:21.8408227Z          ├── (dev) symbrain-cli v0.12.1 (*)
2026-10-03T21:56:21.8408924Z          ├── symbrain-core v0.12.1 (*)
2026-10-03T21:56:21.8409605Z          ├── symbrain-harness v0.12.1 (*)
2026-10-03T21:56:21.8410339Z          ├── (dev) symbrain-instructions v0.12.1
2026-10-03T21:56:21.8411151Z          │   ├── symbrain-adapter v0.12.1 (*)
2026-10-03T21:56:21.8411884Z          │   └── symbrain-cli v0.12.1 (*)
2026-10-03T21:56:21.8412586Z          ├── symbrain-managed v0.12.1 (*)
2026-10-03T21:56:21.8413331Z          ├── (dev) symbrain-patterns v0.12.1
2026-10-03T21:56:21.8414087Z          │   ├── (dev) symbrain-activity v0.12.1 (*)
2026-10-03T21:56:21.8415233Z          │   ├── symbrain-cli v0.12.1 (*)
2026-10-03T21:56:21.8415955Z          │   └── symbrain-gateway v0.12.1 (*)
2026-10-03T21:56:21.8416736Z          ├── (dev) symbrain-policy v0.12.1 (*)
2026-10-03T21:56:21.8417565Z          ├── (dev) symbrain-skills v0.12.1 (*)
2026-10-03T21:56:21.8418323Z          └── symbrain-usage v0.12.1 (*)
2026-10-03T21:56:21.8418700Z 
2026-10-03T21:56:21.8419133Z warning[duplicate]: found 2 duplicate entries for crate 'hashbrown'
2026-10-03T21:56:21.8420110Z    ┌─ D:\a\symaira-brain\symaira-brain/Cargo.lock:55:1
2026-10-03T21:56:21.8421012Z    │  
2026-10-03T21:56:21.8421810Z 55 │ ╭ hashbrown 0.16.1 registry+https://github.com/rust-lang/crates.io-index
2026-10-03T21:56:21.8422959Z 56 │ │ hashbrown 0.17.1 registry+https://github.com/rust-lang/crates.io-index
2026-10-03T21:56:21.8424211Z    │ ╰──────────────────────────────────────────────────────────────────────┘ lock entries
2026-10-03T21:56:21.8424985Z    │  
2026-10-03T21:56:21.8425480Z    ├ hashbrown v0.16.1
2026-10-03T21:56:21.8426002Z      └── rsqlite-vfs v0.1.1
2026-10-03T21:56:21.8426593Z          └── sqlite-wasm-rs v0.5.5
2026-10-03T21:56:21.8427274Z              └── rusqlite v0.40.2
2026-10-03T21:56:21.8428026Z                  ├── symbrain-cli v0.12.1
2026-10-03T21:56:21.8428853Z                  └── symbrain-memory v0.12.1
2026-10-03T21:56:21.8430127Z                      ├── symbrain-cli v0.12.1 (*)
2026-10-03T21:56:21.8431100Z                      └── symbrain-gateway v0.12.1
2026-10-03T21:56:21.8432132Z                          └── symbrain-cli v0.12.1 (*)
2026-10-03T21:56:21.8432749Z    ├ hashbrown v0.17.1
2026-10-03T21:56:21.8433269Z      ├── hashlink v0.12.1
2026-10-03T21:56:21.8433813Z      │   └── rusqlite v0.40.2
2026-10-03T21:56:21.8434396Z      │       ├── symbrain-cli v0.12.1
2026-10-03T21:56:21.8435067Z      │       └── symbrain-memory v0.12.1
2026-10-03T21:56:21.8435866Z      │           ├── symbrain-cli v0.12.1 (*)
2026-10-03T21:56:21.8436678Z      │           └── symbrain-gateway v0.12.1
2026-10-03T21:56:21.8437448Z      │               └── symbrain-cli v0.12.1 (*)
2026-10-03T21:56:21.8438118Z      └── indexmap v2.14.2
2026-10-03T21:56:21.8438727Z          ├── serde_yaml_ng v0.10.0
2026-10-03T21:56:21.8439432Z          │   ├── symbrain-cli v0.12.1 (*)
2026-10-03T21:56:21.8440186Z          │   └── symbrain-skills v0.12.1
2026-10-03T21:56:21.8441310Z          │       ├── symbrain-cli v0.12.1 (*)
2026-10-03T21:56:21.8442154Z          │       └── symbrain-gateway v0.12.1 (*)
2026-10-03T21:56:21.8442924Z          ├── toml_edit v0.25.13+spec-1.1.0
2026-10-03T21:56:21.8443612Z          │   ├── symbrain-cli v0.12.1 (*)
2026-10-03T21:56:21.8444327Z          │   ├── symbrain-core v0.12.1
2026-10-03T21:56:21.8445022Z          │   │   ├── symbrain-audit v0.12.1
2026-10-03T21:56:21.8445793Z          │   │   │   ├── symbrain-cli v0.12.1 (*)
2026-10-03T21:56:21.8446625Z          │   │   │   └── symbrain-gateway v0.12.1 (*)
2026-10-03T21:56:21.8447789Z          │   │   ├── symbrain-cli v0.12.1 (*)
2026-10-03T21:56:21.8448596Z          │   │   ├── symbrain-gateway v0.12.1 (*)
2026-10-03T21:56:21.8449362Z          │   │   ├── symbrain-guard-core v0.12.1
2026-10-03T21:56:21.8450177Z          │   │   │   └── symbrain-cli v0.12.1 (*)
2026-10-03T21:56:21.8450974Z          │   │   └── symbrain-policy v0.12.1
2026-10-03T21:56:21.8451800Z          │   │       ├── symbrain-activity v0.12.1
2026-10-03T21:56:21.8452661Z          │   │       │   ├── symbrain-cli v0.12.1 (*)
2026-10-03T21:56:21.8453562Z          │   │       │   ├── symbrain-gateway v0.12.1 (*)
2026-10-03T21:56:21.8454484Z          │   │       │   └── symbrain-memory v0.12.1 (*)
2026-10-03T21:56:21.8455372Z          │   │       ├── symbrain-catalog v0.12.1
2026-10-03T21:56:21.8456238Z          │   │       │   └── symbrain-gateway v0.12.1 (*)
2026-10-03T21:56:21.8457022Z          │   │       ├── symbrain-cli v0.12.1 (*)
2026-10-03T21:56:21.8457839Z          │   │       └── symbrain-gateway v0.12.1 (*)
2026-10-03T21:56:21.8459032Z          │   ├── symbrain-harness v0.12.1
2026-10-03T21:56:21.8459858Z          │   │   ├── symbrain-adapter v0.12.1
2026-10-03T21:56:21.8460661Z          │   │   │   └── symbrain-cli v0.12.1 (*)
2026-10-03T21:56:21.8461439Z          │   │   ├── symbrain-cli v0.12.1 (*)
2026-10-03T21:56:21.8462235Z          │   │   ├── symbrain-gateway v0.12.1 (*)
2026-10-03T21:56:21.8463055Z          │   │   └── symbrain-skills v0.12.1 (*)
2026-10-03T21:56:21.8463751Z          │   ├── symbrain-policy v0.12.1 (*)
2026-10-03T21:56:21.8464517Z          │   └── symbrain-skills v0.12.1 (*)
2026-10-03T21:56:21.8465090Z          └── zip v8.6.0
2026-10-03T21:56:21.8465781Z              └── symbrain-managed v0.12.1
2026-10-03T21:56:21.8466599Z                  └── symbrain-cli v0.12.1 (*)
2026-10-03T21:56:21.8466965Z 
2026-10-03T21:56:21.8467358Z warning[duplicate]: found 2 duplicate entries for crate 'io-lifetimes'
2026-10-03T21:56:21.8468324Z    ┌─ D:\a\symaira-brain\symaira-brain/Cargo.lock:81:1
2026-10-03T21:56:21.8468966Z    │  
2026-10-03T21:56:21.8469681Z 81 │ ╭ io-lifetimes 2.0.4 registry+https://github.com/rust-lang/crates.io-index
2026-10-03T21:56:21.8470781Z 82 │ │ io-lifetimes 3.0.1 registry+https://github.com/rust-lang/crates.io-index
2026-10-03T21:56:21.8472019Z    │ ╰────────────────────────────────────────────────────────────────────────┘ lock entries
2026-10-03T21:56:21.8474963Z    │  
2026-10-03T21:56:21.8475501Z    ├ io-lifetimes v2.0.4
2026-10-03T21:56:21.8476031Z      └── fs-set-times v0.20.3
2026-10-03T21:56:21.8476632Z          └── cap-primitives v4.0.3
2026-10-03T21:56:21.8477293Z              ├── cap-fs-ext v4.0.3
2026-10-03T21:56:21.8478018Z              │   ├── symbrain-adapter v0.12.1
2026-10-03T21:56:21.8478815Z              │   │   └── symbrain-cli v0.12.1
2026-10-03T21:56:21.8479903Z              │   ├── symbrain-audit v0.12.1
2026-10-03T21:56:21.8480749Z              │   │   ├── symbrain-cli v0.12.1 (*)
2026-10-03T21:56:21.8481610Z              │   │   └── symbrain-gateway v0.12.1
2026-10-03T21:56:21.8482456Z              │   │       └── symbrain-cli v0.12.1 (*)
2026-10-03T21:56:21.8483256Z              │   ├── symbrain-harness v0.12.1
2026-10-03T21:56:21.8484104Z              │   │   ├── symbrain-adapter v0.12.1 (*)
2026-10-03T21:56:21.8484932Z              │   │   ├── symbrain-cli v0.12.1 (*)
2026-10-03T21:56:21.8485805Z              │   │   ├── symbrain-gateway v0.12.1 (*)
2026-10-03T21:56:21.8486668Z              │   │   └── symbrain-skills v0.12.1
2026-10-03T21:56:21.8487524Z              │   │       ├── symbrain-cli v0.12.1 (*)
2026-10-03T21:56:21.8488413Z              │   │       └── symbrain-gateway v0.12.1 (*)
2026-10-03T21:56:21.8489329Z              │   ├── symbrain-instructions v0.12.1
2026-10-03T21:56:21.8490597Z              │   │   ├── symbrain-adapter v0.12.1 (*)
2026-10-03T21:56:21.8491476Z              │   │   └── symbrain-cli v0.12.1 (*)
2026-10-03T21:56:21.8492282Z              │   └── symbrain-skills v0.12.1 (*)
2026-10-03T21:56:21.8493572Z              └── cap-std v4.0.3
2026-10-03T21:56:21.8494772Z                  ├── cap-fs-ext v4.0.3 (*)
2026-10-03T21:56:21.8495905Z                  ├── symbrain-adapter v0.12.1 (*)
2026-10-03T21:56:21.8496787Z                  ├── symbrain-audit v0.12.1 (*)
2026-10-03T21:56:21.8497652Z                  ├── symbrain-harness v0.12.1 (*)
2026-10-03T21:56:21.8499025Z                  ├── symbrain-instructions v0.12.1 (*)
2026-10-03T21:56:21.8500203Z                  ├── symbrain-skills v0.12.1 (*)
2026-10-03T21:56:21.8501018Z                  └── symbrain-usage v0.12.1
2026-10-03T21:56:21.8502676Z                      ├── symbrain-cli v0.12.1 (*)
2026-10-03T21:56:21.8503916Z                      └── symbrain-gateway v0.12.1 (*)
2026-10-03T21:56:21.8504850Z    ├ io-lifetimes v3.0.1
2026-10-03T21:56:21.8505321Z      ├── cap-fs-ext v4.0.3
2026-10-03T21:56:21.8505895Z      │   ├── symbrain-adapter v0.12.1
2026-10-03T21:56:21.8506538Z      │   │   └── symbrain-cli v0.12.1
2026-10-03T21:56:21.8507200Z      │   ├── symbrain-audit v0.12.1
2026-10-03T21:56:21.8507823Z      │   │   ├── symbrain-cli v0.12.1 (*)
2026-10-03T21:56:21.8508467Z      │   │   └── symbrain-gateway v0.12.1
2026-10-03T21:56:21.8509142Z      │   │       └── symbrain-cli v0.12.1 (*)
2026-10-03T21:56:21.8509793Z      │   ├── symbrain-harness v0.12.1
2026-10-03T21:56:21.8510710Z      │   │   ├── symbrain-adapter v0.12.1 (*)
2026-10-03T21:56:21.8511427Z      │   │   ├── symbrain-cli v0.12.1 (*)
2026-10-03T21:56:21.8512120Z      │   │   ├── symbrain-gateway v0.12.1 (*)
2026-10-03T21:56:21.8512811Z      │   │   └── symbrain-skills v0.12.1
2026-10-03T21:56:21.8513469Z      │   │       ├── symbrain-cli v0.12.1 (*)
2026-10-03T21:56:21.8514199Z      │   │       └── symbrain-gateway v0.12.1 (*)
2026-10-03T21:56:21.8514909Z      │   ├── symbrain-instructions v0.12.1
2026-10-03T21:56:21.8515620Z      │   │   ├── symbrain-adapter v0.12.1 (*)
2026-10-03T21:56:21.8516308Z      │   │   └── symbrain-cli v0.12.1 (*)
2026-10-03T21:56:21.8517003Z      │   └── symbrain-skills v0.12.1 (*)
2026-10-03T21:56:21.8517643Z      ├── cap-primitives v4.0.3
2026-10-03T21:56:21.8518220Z      │   ├── cap-fs-ext v4.0.3 (*)
2026-10-03T21:56:21.8518789Z      │   └── cap-std v4.0.3
2026-10-03T21:56:21.8519346Z      │       ├── cap-fs-ext v4.0.3 (*)
2026-10-03T21:56:21.8529329Z      │       ├── symbrain-adapter v0.12.1 (*)
2026-10-03T21:56:21.8530090Z      │       ├── symbrain-audit v0.12.1 (*)
2026-10-03T21:56:21.8530822Z      │       ├── symbrain-harness v0.12.1 (*)
2026-10-03T21:56:21.8531597Z      │       ├── symbrain-instructions v0.12.1 (*)
2026-10-03T21:56:21.8532347Z      │       ├── symbrain-skills v0.12.1 (*)
2026-10-03T21:56:21.8533025Z      │       └── symbrain-usage v0.12.1
2026-10-03T21:56:21.8533711Z      │           ├── symbrain-cli v0.12.1 (*)
2026-10-03T21:56:21.8534412Z      │           └── symbrain-gateway v0.12.1 (*)
2026-10-03T21:56:21.8535042Z      ├── cap-std v4.0.3 (*)
2026-10-03T21:56:21.8535876Z      └── io-extras v0.19.0
2026-10-03T21:56:21.8536500Z          ├── cap-primitives v4.0.3 (*)
2026-10-03T21:56:21.8537133Z          └── cap-std v4.0.3 (*)
2026-10-03T21:56:21.8537422Z 
2026-10-03T21:56:21.8537743Z warning[duplicate]: found 2 duplicate entries for crate 'r-efi'
2026-10-03T21:56:21.8538829Z     ┌─ D:\a\symaira-brain\symaira-brain/Cargo.lock:109:1
2026-10-03T21:56:21.8539442Z     │  
2026-10-03T21:56:21.8540436Z 109 │ ╭ r-efi 5.3.0 registry+https://github.com/rust-lang/crates.io-index
2026-10-03T21:56:21.8541473Z 110 │ │ r-efi 6.0.0 registry+https://github.com/rust-lang/crates.io-index
2026-10-03T21:56:21.8542612Z     │ ╰─────────────────────────────────────────────────────────────────┘ lock entries
2026-10-03T21:56:21.8543352Z     │  
2026-10-03T21:56:21.8543732Z     ├ r-efi v5.3.0
2026-10-03T21:56:21.8544201Z       └── getrandom v0.3.3
2026-10-03T21:56:21.8544836Z           ├── symbrain-guard-core v0.12.1
2026-10-03T21:56:21.8545536Z           │   └── symbrain-cli v0.12.1
2026-10-03T21:56:21.8546266Z           └── symbrain-memory v0.12.1
2026-10-03T21:56:21.8546995Z               ├── symbrain-cli v0.12.1 (*)
2026-10-03T21:56:21.8548163Z               └── symbrain-gateway v0.12.1
2026-10-03T21:56:21.8549217Z                   └── symbrain-cli v0.12.1 (*)
2026-10-03T21:56:21.8549692Z     ├ r-efi v6.0.0
2026-10-03T21:56:21.8550112Z       └── getrandom v0.4.3
2026-10-03T21:56:21.8550633Z           ├── jobserver v0.1.35
2026-10-03T21:56:21.8551151Z           │   └── cc v1.4.5
2026-10-03T21:56:21.8551777Z           │       ├── (build) aws-lc-sys v0.45.0
2026-10-03T21:56:21.8552463Z           │       │   └── aws-lc-rs v1.18.1
2026-10-03T21:56:21.8553112Z           │       │       ├── rustls v0.23.45
2026-10-03T21:56:21.8554226Z           │       │       │   ├── hyper-rustls v0.27.10
2026-10-03T21:56:21.8555726Z           │       │       │   │   └── reqwest v0.13.4
2026-10-03T21:56:21.8556617Z           │       │       │   │       └── symaira-core-llm v0.0.0
2026-10-03T21:56:21.8557624Z           │       │       │   │           └── symbrain-memory v0.12.1
2026-10-03T21:56:21.8558535Z           │       │       │   │               ├── symbrain-cli v0.12.1
2026-10-03T21:56:21.8559836Z           │       │       │   │               └── symbrain-gateway v0.12.1
2026-10-03T21:56:21.8561183Z           │       │       │   │                   └── symbrain-cli v0.12.1 (*)
2026-10-03T21:56:21.8562339Z           │       │       │   ├── reqwest v0.13.4 (*)
2026-10-03T21:56:21.8563293Z           │       │       │   ├── rustls-platform-verifier v0.7.1
2026-10-03T21:56:21.8564186Z           │       │       │   │   └── reqwest v0.13.4 (*)
2026-10-03T21:56:21.8564981Z           │       │       │   ├── tokio-rustls v0.26.6
2026-10-03T21:56:21.8565823Z           │       │       │   │   ├── hyper-rustls v0.27.10 (*)
2026-10-03T21:56:21.8566639Z           │       │       │   │   └── reqwest v0.13.4 (*)
2026-10-03T21:56:21.8567397Z           │       │       │   └── ureq v3.4.1
2026-10-03T21:56:21.8568429Z           │       │       │       ├── symaira-core-llm v0.0.0 (*)
2026-10-03T21:56:21.8569350Z           │       │       │       ├── symbrain-cli v0.12.1 (*)
2026-10-03T21:56:21.8570295Z           │       │       │       ├── symbrain-managed v0.12.1
2026-10-03T21:56:21.8571249Z           │       │       │       │   └── symbrain-cli v0.12.1 (*)
2026-10-03T21:56:21.8572212Z           │       │       │       └── symbrain-usage v0.12.1
2026-10-03T21:56:21.8573165Z           │       │       │           ├── symbrain-cli v0.12.1 (*)
2026-10-03T21:56:21.8574133Z           │       │       │           └── symbrain-gateway v0.12.1 (*)
2026-10-03T21:56:21.8575035Z           │       │       └── rustls-webpki v0.103.15
2026-10-03T21:56:21.8575836Z           │       │           ├── rustls v0.23.45 (*)
2026-10-03T21:56:21.8576800Z           │       │           └── rustls-platform-verifier v0.7.1 (*)
2026-10-03T21:56:21.8577583Z           │       ├── cmake v0.1.58
2026-10-03T21:56:21.8578679Z           │       │   └── (build) aws-lc-sys v0.45.0 (*)
2026-10-03T21:56:21.8579564Z           │       ├── (build) iana-time-zone-haiku v0.1.2
2026-10-03T21:56:21.8580785Z           │       │   └── iana-time-zone v0.1.65
2026-10-03T21:56:21.8581611Z           │       │       └── chrono v0.4.45
2026-10-03T21:56:21.8582491Z           │       │           ├── symbrain-activity v0.12.1
2026-10-03T21:56:21.8583438Z           │       │           │   ├── symbrain-cli v0.12.1 (*)
2026-10-03T21:56:21.8584401Z           │       │           │   ├── symbrain-gateway v0.12.1 (*)
2026-10-03T21:56:21.8585332Z           │       │           │   └── symbrain-memory v0.12.1 (*)
2026-10-03T21:56:21.8586231Z           │       │           ├── symbrain-audit v0.12.1
2026-10-03T21:56:21.8587121Z           │       │           │   ├── symbrain-cli v0.12.1 (*)
2026-10-03T21:56:21.8588080Z           │       │           │   └── symbrain-gateway v0.12.1 (*)
2026-10-03T21:56:21.8588947Z           │       │           ├── symbrain-cli v0.12.1 (*)
2026-10-03T21:56:21.8589813Z           │       │           ├── symbrain-core v0.12.1
2026-10-03T21:56:21.8590706Z           │       │           │   ├── symbrain-audit v0.12.1 (*)
2026-10-03T21:56:21.8591613Z           │       │           │   ├── symbrain-cli v0.12.1 (*)
2026-10-03T21:56:21.8592535Z           │       │           │   ├── symbrain-gateway v0.12.1 (*)
2026-10-03T21:56:21.8607998Z           │       │           │   ├── symbrain-guard-core v0.12.1
2026-10-03T21:56:21.8608998Z           │       │           │   │   └── symbrain-cli v0.12.1 (*)
2026-10-03T21:56:21.8609966Z           │       │           │   └── symbrain-policy v0.12.1
2026-10-03T21:56:21.8610720Z           │       │           │       ├── symbrain-activity v0.12.1 (*)
2026-10-03T21:56:21.8611340Z           │       │           │       ├── symbrain-catalog v0.12.1
2026-10-03T21:56:21.8612309Z           │       │           │       │   └── symbrain-gateway v0.12.1 (*)
2026-10-03T21:56:21.8613328Z           │       │           │       ├── symbrain-cli v0.12.1 (*)
2026-10-03T21:56:21.8614402Z           │       │           │       └── symbrain-gateway v0.12.1 (*)
2026-10-03T21:56:21.8615411Z           │       │           ├── symbrain-gateway v0.12.1 (*)
2026-10-03T21:56:21.8616437Z           │       │           ├── symbrain-guard-core v0.12.1 (*)
2026-10-03T21:56:21.8617377Z           │       │           ├── symbrain-harness v0.12.1
2026-10-03T21:56:21.8618619Z           │       │           │   ├── symbrain-adapter v0.12.1
2026-10-03T21:56:21.8619530Z           │       │           │   │   └── symbrain-cli v0.12.1 (*)
2026-10-03T21:56:21.8620416Z           │       │           │   ├── symbrain-cli v0.12.1 (*)
2026-10-03T21:56:21.8621295Z           │       │           │   ├── symbrain-gateway v0.12.1 (*)
2026-10-03T21:56:21.8622191Z           │       │           │   └── symbrain-skills v0.12.1
2026-10-03T21:56:21.8623059Z           │       │           │       ├── symbrain-cli v0.12.1 (*)
2026-10-03T21:56:21.8624266Z           │       │           │       └── symbrain-gateway v0.12.1 (*)
2026-10-03T21:56:21.8625131Z           │       │           ├── symbrain-managed v0.12.1 (*)
2026-10-03T21:56:21.8626055Z           │       │           ├── symbrain-memory v0.12.1 (*)
2026-10-03T21:56:21.8626933Z           │       │           ├── symbrain-skills v0.12.1 (*)
2026-10-03T21:56:21.8627806Z           │       │           └── symbrain-usage v0.12.1 (*)
2026-10-03T21:56:21.8628663Z           │       ├── (build) libsqlite3-sys v0.38.2
2026-10-03T21:56:21.8629414Z           │       │   └── rusqlite v0.40.2
2026-10-03T21:56:21.8630173Z           │       │       ├── symbrain-cli v0.12.1 (*)
2026-10-03T21:56:21.8630984Z           │       │       └── symbrain-memory v0.12.1 (*)
2026-10-03T21:56:21.8631760Z           │       ├── (build) ring v0.17.14
2026-10-03T21:56:21.8632450Z           │       │   ├── rustls v0.23.45 (*)
2026-10-03T21:56:21.8633204Z           │       │   └── rustls-webpki v0.103.15 (*)
2026-10-03T21:56:21.8634110Z           │       └── (build) sqlite-wasm-rs v0.5.5
2026-10-03T21:56:21.8634924Z           │           └── rusqlite v0.40.2 (*)
2026-10-03T21:56:21.8635677Z           └── tempfile v3.27.0
2026-10-03T21:56:21.8636464Z               ├── (dev) symbrain-activity v0.12.1 (*)
2026-10-03T21:56:21.8637321Z               ├── (dev) symbrain-adapter v0.12.1 (*)
2026-10-03T21:56:21.8638195Z               ├── (dev) symbrain-audit v0.12.1 (*)
2026-10-03T21:56:21.8639389Z               ├── (dev) symbrain-broker v0.12.1
2026-10-03T21:56:21.8640154Z               │   ├── symbrain-cli v0.12.1 (*)
2026-10-03T21:56:21.8640904Z               │   └── symbrain-gateway v0.12.1 (*)
2026-10-03T21:56:21.8641661Z               ├── (dev) symbrain-cli v0.12.1 (*)
2026-10-03T21:56:21.8642437Z               ├── symbrain-core v0.12.1 (*)
2026-10-03T21:56:21.8643193Z               ├── symbrain-harness v0.12.1 (*)
2026-10-03T21:56:21.8644033Z               ├── (dev) symbrain-instructions v0.12.1
2026-10-03T21:56:21.8644926Z               │   ├── symbrain-adapter v0.12.1 (*)
2026-10-03T21:56:21.8645735Z               │   └── symbrain-cli v0.12.1 (*)
2026-10-03T21:56:21.8646533Z               ├── symbrain-managed v0.12.1 (*)
2026-10-03T21:56:21.8647392Z               ├── (dev) symbrain-patterns v0.12.1
2026-10-03T21:56:21.8648289Z               │   ├── (dev) symbrain-activity v0.12.1 (*)
2026-10-03T21:56:21.8649395Z               │   ├── symbrain-cli v0.12.1 (*)
2026-10-03T21:56:21.8650249Z               │   └── symbrain-gateway v0.12.1 (*)
2026-10-03T21:56:21.8651082Z               ├── (dev) symbrain-policy v0.12.1 (*)
2026-10-03T21:56:21.8651926Z               ├── (dev) symbrain-skills v0.12.1 (*)
2026-10-03T21:56:21.8652715Z               └── symbrain-usage v0.12.1 (*)
2026-10-03T21:56:21.8653047Z 
2026-10-03T21:56:21.8653365Z warning[duplicate]: found 2 duplicate entries for crate 'syn'
2026-10-03T21:56:21.8654304Z     ┌─ D:\a\symaira-brain\symaira-brain/Cargo.lock:173:1
2026-10-03T21:56:21.8654937Z     │  
2026-10-03T21:56:21.8655659Z 173 │ ╭ syn 2.0.119 registry+https://github.com/rust-lang/crates.io-index
2026-10-03T21:56:21.8656632Z 174 │ │ syn 3.0.5 registry+https://github.com/rust-lang/crates.io-index
2026-10-03T21:56:21.8657685Z     │ ╰───────────────────────────────────────────────────────────────┘ lock entries
2026-10-03T21:56:21.8658326Z     │  
2026-10-03T21:56:21.8659076Z     ├ syn v2.0.119
2026-10-03T21:56:21.8659599Z       ├── jni-macros v0.22.4
2026-10-03T21:56:21.8660175Z       │   └── jni v0.22.4
2026-10-03T21:56:21.8660819Z       │       └── rustls-platform-verifier v0.7.1
2026-10-03T21:56:21.8661524Z       │           └── reqwest v0.13.4
2026-10-03T21:56:21.8662205Z       │               └── symaira-core-llm v0.0.0
2026-10-03T21:56:21.8662998Z       │                   └── symbrain-memory v0.12.1
2026-10-03T21:56:21.8663774Z       │                       ├── symbrain-cli v0.12.1
2026-10-03T21:56:21.8664624Z       │                       └── symbrain-gateway v0.12.1
2026-10-03T21:56:21.8665820Z       │                           └── symbrain-cli v0.12.1 (*)
2026-10-03T21:56:21.8666557Z       ├── jni-sys-macros v0.4.1
2026-10-03T21:56:21.8667115Z       │   └── jni-sys v0.4.1
2026-10-03T21:56:21.8667644Z       │       └── jni v0.22.4 (*)
2026-10-03T21:56:21.8668342Z       ├── windows-implement v0.60.2
2026-10-03T21:56:21.8668995Z       │   └── windows-core v0.62.2
2026-10-03T21:56:21.8669616Z       │       └── iana-time-zone v0.1.65
2026-10-03T21:56:21.8670257Z       │           └── chrono v0.4.45
2026-10-03T21:56:21.8671012Z       │               ├── symbrain-activity v0.12.1
2026-10-03T21:56:21.8671810Z       │               │   ├── symbrain-cli v0.12.1 (*)
2026-10-03T21:56:21.8672653Z       │               │   ├── symbrain-gateway v0.12.1 (*)
2026-10-03T21:56:21.8673464Z       │               │   └── symbrain-memory v0.12.1 (*)
2026-10-03T21:56:21.8674224Z       │               ├── symbrain-audit v0.12.1
2026-10-03T21:56:21.8674954Z       │               │   ├── symbrain-cli v0.12.1 (*)
2026-10-03T21:56:21.8675776Z       │               │   └── symbrain-gateway v0.12.1 (*)
2026-10-03T21:56:21.8676534Z       │               ├── symbrain-cli v0.12.1 (*)
2026-10-03T21:56:21.8677238Z       │               ├── symbrain-core v0.12.1
2026-10-03T21:56:21.8677985Z       │               │   ├── symbrain-audit v0.12.1 (*)
2026-10-03T21:56:21.8679131Z       │               │   ├── symbrain-cli v0.12.1 (*)
2026-10-03T21:56:21.8679956Z       │               │   ├── symbrain-gateway v0.12.1 (*)
2026-10-03T21:56:21.8680773Z       │               │   ├── symbrain-guard-core v0.12.1
2026-10-03T21:56:21.8681573Z       │               │   │   └── symbrain-cli v0.12.1 (*)
2026-10-03T21:56:21.8682331Z       │               │   └── symbrain-policy v0.12.1
2026-10-03T21:56:21.8683140Z       │               │       ├── symbrain-activity v0.12.1 (*)
2026-10-03T21:56:21.8683952Z       │               │       ├── symbrain-catalog v0.12.1
2026-10-03T21:56:21.8684744Z       │               │       │   └── symbrain-gateway v0.12.1 (*)
2026-10-03T21:56:21.8685561Z       │               │       ├── symbrain-cli v0.12.1 (*)
2026-10-03T21:56:21.8686351Z       │               │       └── symbrain-gateway v0.12.1 (*)
2026-10-03T21:56:21.8687111Z       │               ├── symbrain-gateway v0.12.1 (*)
2026-10-03T21:56:21.8687877Z       │               ├── symbrain-guard-core v0.12.1 (*)
2026-10-03T21:56:21.8688889Z       │               ├── symbrain-harness v0.12.1
2026-10-03T21:56:21.8689613Z       │               │   ├── symbrain-adapter v0.12.1
2026-10-03T21:56:21.8690374Z       │               │   │   └── symbrain-cli v0.12.1 (*)
2026-10-03T21:56:21.8691175Z       │               │   ├── symbrain-cli v0.12.1 (*)
2026-10-03T21:56:21.8691903Z       │               │   ├── symbrain-gateway v0.12.1 (*)
2026-10-03T21:56:21.8692694Z       │               │   └── symbrain-skills v0.12.1
2026-10-03T21:56:21.8693514Z       │               │       ├── symbrain-cli v0.12.1 (*)
2026-10-03T21:56:21.8694607Z       │               │       └── symbrain-gateway v0.12.1 (*)
2026-10-03T21:56:21.8695374Z       │               ├── symbrain-managed v0.12.1
2026-10-03T21:56:21.8696113Z       │               │   └── symbrain-cli v0.12.1 (*)
2026-10-03T21:56:21.8696878Z       │               ├── symbrain-memory v0.12.1 (*)
2026-10-03T21:56:21.8697608Z       │               ├── symbrain-skills v0.12.1 (*)
2026-10-03T21:56:21.8698342Z       │               └── symbrain-usage v0.12.1
2026-10-03T21:56:21.8699460Z       │                   ├── symbrain-cli v0.12.1 (*)
2026-10-03T21:56:21.8700271Z       │                   └── symbrain-gateway v0.12.1 (*)
2026-10-03T21:56:21.8700977Z       └── windows-interface v0.59.3
2026-10-03T21:56:21.8701643Z           └── windows-core v0.62.2 (*)
2026-10-03T21:56:21.8702175Z     ├ syn v3.0.5
2026-10-03T21:56:21.8702655Z       ├── displaydoc v0.2.7
2026-10-03T21:56:21.8703230Z       │   ├── icu_collections v2.3.0
2026-10-03T21:56:21.8703842Z       │   │   ├── icu_normalizer v2.3.0
2026-10-03T21:56:21.8704489Z       │   │   │   └── idna_adapter v1.2.2
2026-10-03T21:56:21.8705122Z       │   │   │       └── idna v1.1.0
2026-10-03T21:56:21.8705728Z       │   │   │           └── url v2.5.8
2026-10-03T21:56:21.8706394Z       │   │   │               ├── reqwest v0.13.4
2026-10-03T21:56:21.8707140Z       │   │   │               │   └── symaira-core-llm v0.0.0
2026-10-03T21:56:21.8707988Z       │   │   │               │       └── symbrain-memory v0.12.1
2026-10-03T21:56:21.8708820Z       │   │   │               │           ├── symbrain-cli v0.12.1
2026-10-03T21:56:21.8709652Z       │   │   │               │           └── symbrain-gateway v0.12.1
2026-10-03T21:56:21.8710517Z       │   │   │               │               └── symbrain-cli v0.12.1 (*)
2026-10-03T21:56:21.8711297Z       │   │   │               └── tower-http v0.6.11
2026-10-03T21:56:21.8712038Z       │   │   │                   └── reqwest v0.13.4 (*)
2026-10-03T21:56:21.8712754Z       │   │   └── icu_properties v2.3.0
2026-10-03T21:56:21.8713445Z       │   │       └── idna_adapter v1.2.2 (*)
2026-10-03T21:56:21.8714075Z       │   ├── icu_locale_core v2.3.0
2026-10-03T21:56:21.8714750Z       │   │   ├── icu_properties v2.3.0 (*)
2026-10-03T21:56:21.8715460Z       │   │   └── icu_provider v2.3.1
2026-10-03T21:56:21.8716146Z       │   │       ├── icu_normalizer v2.3.0 (*)
2026-10-03T21:56:21.8717067Z       │   │       └── icu_properties v2.3.0 (*)
2026-10-03T21:56:21.8717729Z       │   ├── icu_properties v2.3.0 (*)
2026-10-03T21:56:21.8718383Z       │   ├── icu_provider v2.3.1 (*)
2026-10-03T21:56:21.8719030Z       │   ├── tinystr v0.8.4
2026-10-03T21:56:21.8719964Z       │   │   └── icu_locale_core v2.3.0 (*)
2026-10-03T21:56:21.8720555Z       │   └── zerotrie v0.2.5
2026-10-03T21:56:21.8721133Z       │       ├── icu_properties v2.3.0 (*)
2026-10-03T21:56:21.8721748Z       │       └── icu_provider v2.3.1 (*)
2026-10-03T21:56:21.8722316Z       ├── futures-macro v0.3.34
2026-10-03T21:56:21.8722884Z       │   └── futures-util v0.3.34
2026-10-03T21:56:21.8723458Z       │       ├── hyper-util v0.1.21
2026-10-03T21:56:21.8724056Z       │       │   ├── hyper-rustls v0.27.10
2026-10-03T21:56:21.8724706Z       │       │   │   └── reqwest v0.13.4 (*)
2026-10-03T21:56:21.8725338Z       │       │   └── reqwest v0.13.4 (*)
2026-10-03T21:56:21.8725921Z       │       ├── js-sys v0.3.105
2026-10-03T21:56:21.8726552Z       │       │   ├── iana-time-zone v0.1.65
2026-10-03T21:56:21.8727179Z       │       │   │   └── chrono v0.4.45
2026-10-03T21:56:21.8727901Z       │       │   │       ├── symbrain-activity v0.12.1
2026-10-03T21:56:21.8728626Z       │       │   │       │   ├── symbrain-cli v0.12.1 (*)
2026-10-03T21:56:21.8729412Z       │       │   │       │   ├── symbrain-gateway v0.12.1 (*)
2026-10-03T21:56:21.8730158Z       │       │   │       │   └── symbrain-memory v0.12.1 (*)
2026-10-03T21:56:21.8730931Z       │       │   │       ├── symbrain-audit v0.12.1
2026-10-03T21:56:21.8731722Z       │       │   │       │   ├── symbrain-cli v0.12.1 (*)
2026-10-03T21:56:21.8732926Z       │       │   │       │   └── symbrain-gateway v0.12.1 (*)
2026-10-03T21:56:21.8733705Z       │       │   │       ├── symbrain-cli v0.12.1 (*)
2026-10-03T21:56:21.8734418Z       │       │   │       ├── symbrain-core v0.12.1
2026-10-03T21:56:21.8735169Z       │       │   │       │   ├── symbrain-audit v0.12.1 (*)
2026-10-03T21:56:21.8735883Z       │       │   │       │   ├── symbrain-cli v0.12.1 (*)
2026-10-03T21:56:21.8736626Z       │       │   │       │   ├── symbrain-gateway v0.12.1 (*)
2026-10-03T21:56:21.8737415Z       │       │   │       │   ├── symbrain-guard-core v0.12.1
2026-10-03T21:56:21.8738167Z       │       │   │       │   │   └── symbrain-cli v0.12.1 (*)
2026-10-03T21:56:21.8738896Z       │       │   │       │   └── symbrain-policy v0.12.1
2026-10-03T21:56:21.8739964Z       │       │   │       │       ├── symbrain-activity v0.12.1 (*)
2026-10-03T21:56:21.8740729Z       │       │   │       │       ├── symbrain-catalog v0.12.1
2026-10-03T21:56:21.8741574Z       │       │   │       │       │   └── symbrain-gateway v0.12.1 (*)
2026-10-03T21:56:21.8742347Z       │       │   │       │       ├── symbrain-cli v0.12.1 (*)
2026-10-03T21:56:21.8743123Z       │       │   │       │       └── symbrain-gateway v0.12.1 (*)
2026-10-03T21:56:21.8743857Z       │       │   │       ├── symbrain-gateway v0.12.1 (*)
2026-10-03T21:56:21.8744614Z       │       │   │       ├── symbrain-guard-core v0.12.1 (*)
2026-10-03T21:56:21.8745324Z       │       │   │       ├── symbrain-harness v0.12.1
2026-10-03T21:56:21.8746032Z       │       │   │       │   ├── symbrain-adapter v0.12.1
2026-10-03T21:56:21.8746764Z       │       │   │       │   │   └── symbrain-cli v0.12.1 (*)
2026-10-03T21:56:21.8747491Z       │       │   │       │   ├── symbrain-cli v0.12.1 (*)
2026-10-03T21:56:21.8748214Z       │       │   │       │   ├── symbrain-gateway v0.12.1 (*)
2026-10-03T21:56:21.8748939Z       │       │   │       │   └── symbrain-skills v0.12.1
2026-10-03T21:56:21.8749748Z       │       │   │       │       ├── symbrain-cli v0.12.1 (*)
2026-10-03T21:56:21.8750221Z       │       │   │       │       └── symbrain-gateway v0.12.1 (*)
2026-10-03T21:56:21.8750658Z       │       │   │       ├── symbrain-managed v0.12.1
2026-10-03T21:56:21.8751070Z       │       │   │       │   └── symbrain-cli v0.12.1 (*)
2026-10-03T21:56:21.8752102Z       │       │   │       ├── symbrain-memory v0.12.1 (*)
2026-10-03T21:56:21.8753026Z       │       │   │       ├── symbrain-skills v0.12.1 (*)
2026-10-03T21:56:21.8753803Z       │       │   │       └── symbrain-usage v0.12.1
2026-10-03T21:56:21.8754571Z       │       │   │           ├── symbrain-cli v0.12.1 (*)
2026-10-03T21:56:21.8755365Z       │       │   │           └── symbrain-gateway v0.12.1 (*)
2026-10-03T21:56:21.8756064Z       │       │   ├── reqwest v0.13.4 (*)
2026-10-03T21:56:21.8756770Z       │       │   ├── sqlite-wasm-rs v0.5.5
2026-10-03T21:56:21.8757444Z       │       │   │   └── rusqlite v0.40.2
2026-10-03T21:56:21.8758468Z       │       │   │       ├── symbrain-cli v0.12.1 (*)
2026-10-03T21:56:21.8759226Z       │       │   │       └── symbrain-memory v0.12.1 (*)
2026-10-03T21:56:21.8760434Z       │       │   ├── wasm-bindgen-futures v0.4.78
2026-10-03T21:56:21.8761149Z       │       │   │   └── reqwest v0.13.4 (*)
2026-10-03T21:56:21.8761803Z       │       │   └── web-sys v0.3.105
2026-10-03T21:56:21.8762462Z       │       │       └── reqwest v0.13.4 (*)
2026-10-03T21:56:21.8763097Z       │       ├── tokio-util v0.7.19
2026-10-03T21:56:21.8763761Z       │       │   └── symaira-core-llm v0.0.0 (*)
2026-10-03T21:56:21.8764384Z       │       ├── tower v0.5.3
2026-10-03T21:56:21.8764962Z       │       │   ├── reqwest v0.13.4 (*)
2026-10-03T21:56:21.8765588Z       │       │   └── tower-http v0.6.11 (*)
2026-10-03T21:56:21.8766220Z       │       └── tower-http v0.6.11 (*)
2026-10-03T21:56:21.8766806Z       ├── serde_derive v1.0.229
2026-10-03T21:56:21.8767348Z       │   └── serde v1.0.229
2026-10-03T21:56:21.8768008Z       │       ├── chrono v0.4.45 (*)
2026-10-03T21:56:21.8768617Z       │       ├── serde_yaml_ng v0.10.0
2026-10-03T21:56:21.8769258Z       │       │   ├── symbrain-cli v0.12.1 (*)
2026-10-03T21:56:21.8769960Z       │       │   └── symbrain-skills v0.12.1 (*)
2026-10-03T21:56:21.8770648Z       │       ├── symaira-core-llm v0.0.0 (*)
2026-10-03T21:56:21.8771366Z       │       ├── symaira-core-secretref v0.0.0
2026-10-03T21:56:21.8772091Z       │       │   └── symaira-core-llm v0.0.0 (*)
2026-10-03T21:56:21.8772807Z       │       ├── symbrain-activity v0.12.1 (*)
2026-10-03T21:56:21.8773536Z       │       ├── (dev) symbrain-adapter v0.12.1 (*)
2026-10-03T21:56:21.8774239Z       │       ├── symbrain-audit v0.12.1 (*)
2026-10-03T21:56:21.8774895Z       │       ├── symbrain-broker v0.12.1
2026-10-03T21:56:21.8775562Z       │       │   ├── symbrain-cli v0.12.1 (*)
2026-10-03T21:56:21.8776255Z       │       │   └── symbrain-gateway v0.12.1 (*)
2026-10-03T21:56:21.8776985Z       │       ├── symbrain-catalog v0.12.1 (*)
2026-10-03T21:56:21.8778096Z       │       ├── symbrain-cli v0.12.1 (*)
2026-10-03T21:56:21.8778788Z       │       ├── symbrain-core v0.12.1 (*)
2026-10-03T21:56:21.8779472Z       │       ├── symbrain-gateway v0.12.1 (*)
2026-10-03T21:56:21.8780182Z       │       ├── symbrain-guard-core v0.12.1 (*)
2026-10-03T21:56:21.8780886Z       │       ├── symbrain-harness v0.12.1 (*)
2026-10-03T21:56:21.8781872Z       │       ├── (dev) symbrain-instructions v0.12.1
2026-10-03T21:56:21.8782654Z       │       │   ├── symbrain-adapter v0.12.1 (*)
2026-10-03T21:56:21.8783386Z       │       │   └── symbrain-cli v0.12.1 (*)
2026-10-03T21:56:21.8784084Z       │       ├── symbrain-managed v0.12.1 (*)
2026-10-03T21:56:21.8784741Z       │       ├── symbrain-mcp v0.12.1
2026-10-03T21:56:21.8785422Z       │       │   ├── symbrain-broker v0.12.1 (*)
2026-10-03T21:56:21.8786111Z       │       │   ├── symbrain-cli v0.12.1 (*)
2026-10-03T21:56:21.8786781Z       │       │   └── symbrain-gateway v0.12.1 (*)
2026-10-03T21:56:21.8787506Z       │       ├── symbrain-memory v0.12.1 (*)
2026-10-03T21:56:21.8788182Z       │       ├── symbrain-patterns v0.12.1
2026-10-03T21:56:21.8788929Z       │       │   ├── (dev) symbrain-activity v0.12.1 (*)
2026-10-03T21:56:21.8789649Z       │       │   ├── symbrain-cli v0.12.1 (*)
2026-10-03T21:56:21.8790343Z       │       │   └── symbrain-gateway v0.12.1 (*)
2026-10-03T21:56:21.8791056Z       │       ├── symbrain-policy v0.12.1 (*)
2026-10-03T21:56:21.8791709Z       │       ├── symbrain-skills v0.12.1 (*)
2026-10-03T21:56:21.8792342Z       │       └── symbrain-usage v0.12.1 (*)
2026-10-03T21:56:21.8792941Z       ├── synstructure v0.14.0
2026-10-03T21:56:21.8793467Z       │   ├── yoke-derive v0.8.4
2026-10-03T21:56:21.8793989Z       │   │   └── yoke v0.8.3
2026-10-03T21:56:21.8794592Z       │   │       ├── icu_collections v2.3.0 (*)
2026-10-03T21:56:21.8795358Z       │   │       ├── icu_provider v2.3.1 (*)
2026-10-03T21:56:21.8797515Z       │   │       ├── zerotrie v0.2.5 (*)
2026-10-03T21:56:21.8798671Z       │   │       └── zerovec v0.11.8
2026-10-03T21:56:21.8799384Z       │   │           ├── icu_collections v2.3.0 (*)
2026-10-03T21:56:21.8800135Z       │   │           ├── icu_locale_core v2.3.0 (*)
2026-10-03T21:56:21.8800872Z       │   │           ├── icu_normalizer v2.3.0 (*)
2026-10-03T21:56:21.8801625Z       │   │           ├── icu_properties v2.3.0 (*)
2026-10-03T21:56:21.8802336Z       │   │           ├── icu_provider v2.3.1 (*)
2026-10-03T21:56:21.8803035Z       │   │           ├── potential_utf v0.1.6
2026-10-03T21:56:21.8803776Z       │   │           │   └── icu_collections v2.3.0 (*)
2026-10-03T21:56:21.8804471Z       │   │           └── tinystr v0.8.4 (*)
2026-10-03T21:56:21.8805105Z       │   └── zerofrom-derive v0.1.8
2026-10-03T21:56:21.8805693Z       │       └── zerofrom v0.1.8
2026-10-03T21:56:21.8806342Z       │           ├── icu_collections v2.3.0 (*)
2026-10-03T21:56:21.8807070Z       │           ├── icu_provider v2.3.1 (*)
2026-10-03T21:56:21.8807570Z       │           ├── yoke v0.8.3 (*)
2026-10-03T21:56:21.8807913Z       │           ├── zerotrie v0.2.5 (*)
2026-10-03T21:56:21.8808272Z       │           └── zerovec v0.11.8 (*)
2026-10-03T21:56:21.8808613Z       ├── thiserror-impl v2.0.20
2026-10-03T21:56:21.8808929Z       │   └── thiserror v2.0.20
2026-10-03T21:56:21.8809227Z       │       ├── jni v0.22.4
2026-10-03T21:56:21.8809870Z       │       │   └── rustls-platform-verifier v0.7.1
2026-10-03T21:56:21.8810692Z       │       │       └── reqwest v0.13.4 (*)
2026-10-03T21:56:21.8811365Z       │       ├── rsqlite-vfs v0.1.1
2026-10-03T21:56:21.8812066Z       │       │   └── sqlite-wasm-rs v0.5.5 (*)
2026-10-03T21:56:21.8812811Z       │       └── symaira-core-secretref v0.0.0 (*)
2026-10-03T21:56:21.8813459Z       ├── tokio-macros v2.7.2
2026-10-03T21:56:21.8813982Z       │   └── tokio v1.53.1
2026-10-03T21:56:21.8814499Z       │       ├── hyper v1.11.1
2026-10-03T21:56:21.8815125Z       │       │   ├── hyper-rustls v0.27.10 (*)
2026-10-03T21:56:21.8815824Z       │       │   ├── hyper-util v0.1.21 (*)
2026-10-03T21:56:21.8816466Z       │       │   └── reqwest v0.13.4 (*)
2026-10-03T21:56:21.8817102Z       │       ├── hyper-rustls v0.27.10 (*)
2026-10-03T21:56:21.8817739Z       │       ├── hyper-util v0.1.21 (*)
2026-10-03T21:56:21.8818718Z       │       ├── reqwest v0.13.4 (*)
2026-10-03T21:56:21.8819595Z       │       ├── symaira-core-llm v0.0.0 (*)
2026-10-03T21:56:21.8820263Z       │       ├── tokio-rustls v0.26.6
2026-10-03T21:56:21.8820927Z       │       │   ├── hyper-rustls v0.27.10 (*)
2026-10-03T21:56:21.8821575Z       │       │   └── reqwest v0.13.4 (*)
2026-10-03T21:56:21.8822187Z       │       ├── tokio-util v0.7.19 (*)
2026-10-03T21:56:21.8822757Z       │       └── tower v0.5.3 (*)
2026-10-03T21:56:21.8823402Z       ├── wasm-bindgen-macro-support v0.2.128
2026-10-03T21:56:21.8824116Z       │   └── wasm-bindgen-macro v0.2.128
2026-10-03T21:56:21.8824818Z       │       └── wasm-bindgen v0.2.128
2026-10-03T21:56:21.8825530Z       │           ├── iana-time-zone v0.1.65 (*)
2026-10-03T21:56:21.8826188Z       │           ├── js-sys v0.3.105 (*)
2026-10-03T21:56:21.8826794Z       │           ├── reqwest v0.13.4 (*)
2026-10-03T21:56:21.8827448Z       │           ├── sqlite-wasm-rs v0.5.5 (*)
2026-10-03T21:56:21.8828171Z       │           ├── wasm-bindgen-futures v0.4.78 (*)
2026-10-03T21:56:21.8828875Z       │           └── web-sys v0.3.105 (*)
2026-10-03T21:56:21.8829474Z       ├── yoke-derive v0.8.4 (*)
2026-10-03T21:56:21.8830047Z       ├── zerofrom-derive v0.1.8 (*)
2026-10-03T21:56:21.8830640Z       └── zerovec-derive v0.11.6
2026-10-03T21:56:21.8831235Z           └── zerovec v0.11.8 (*)
2026-10-03T21:56:21.8831529Z 
2026-10-03T21:56:21.8831852Z warning[duplicate]: found 2 duplicate entries for crate 'wasi'
2026-10-03T21:56:21.8832738Z     ┌─ D:\a\symaira-brain\symaira-brain/Cargo.lock:213:1
2026-10-03T21:56:21.8833330Z     │  
2026-10-03T21:56:21.8834201Z 213 │ ╭ wasi 0.11.1+wasi-snapshot-preview1 registry+https://github.com/rust-lang/crates.io-index
2026-10-03T21:56:21.8835742Z 214 │ │ wasi 0.14.7+wasi-0.2.4 registry+https://github.com/rust-lang/crates.io-index
2026-10-03T21:56:21.8836988Z     │ ╰────────────────────────────────────────────────────────────────────────────┘ lock entries
2026-10-03T21:56:21.8837688Z     │  
2026-10-03T21:56:21.8838608Z     ├ wasi v0.11.1+wasi-snapshot-preview1
2026-10-03T21:56:21.8839265Z       ├── getrandom v0.2.17
2026-10-03T21:56:21.8839782Z       │   └── ring v0.17.14
2026-10-03T21:56:21.8840300Z       │       ├── rustls v0.23.45
2026-10-03T21:56:21.8840894Z       │       │   ├── hyper-rustls v0.27.10
2026-10-03T21:56:21.8841571Z       │       │   │   └── reqwest v0.13.4
2026-10-03T21:56:21.8842287Z       │       │   │       └── symaira-core-llm v0.0.0
2026-10-03T21:56:21.8843117Z       │       │   │           └── symbrain-memory v0.12.1
2026-10-03T21:56:21.8843893Z       │       │   │               ├── symbrain-cli v0.12.1
2026-10-03T21:56:21.8844731Z       │       │   │               └── symbrain-gateway v0.12.1
2026-10-03T21:56:21.8845559Z       │       │   │                   └── symbrain-cli v0.12.1 (*)
2026-10-03T21:56:21.8846272Z       │       │   ├── reqwest v0.13.4 (*)
2026-10-03T21:56:21.8846988Z       │       │   ├── rustls-platform-verifier v0.7.1
2026-10-03T21:56:21.8847698Z       │       │   │   └── reqwest v0.13.4 (*)
2026-10-03T21:56:21.8848574Z       │       │   ├── tokio-rustls v0.26.6
2026-10-03T21:56:21.8849299Z       │       │   │   ├── hyper-rustls v0.27.10 (*)
2026-10-03T21:56:21.8849994Z       │       │   │   └── reqwest v0.13.4 (*)
2026-10-03T21:56:21.8850580Z       │       │   └── ureq v3.4.1
2026-10-03T21:56:21.8851250Z       │       │       ├── symaira-core-llm v0.0.0 (*)
2026-10-03T21:56:21.8852000Z       │       │       ├── symbrain-cli v0.12.1 (*)
2026-10-03T21:56:21.8852741Z       │       │       ├── symbrain-managed v0.12.1
2026-10-03T21:56:21.8853477Z       │       │       │   └── symbrain-cli v0.12.1 (*)
2026-10-03T21:56:21.8854220Z       │       │       └── symbrain-usage v0.12.1
2026-10-03T21:56:21.8854954Z       │       │           ├── symbrain-cli v0.12.1 (*)
2026-10-03T21:56:21.8855706Z       │       │           └── symbrain-gateway v0.12.1 (*)
2026-10-03T21:56:21.8856406Z       │       └── rustls-webpki v0.103.15
2026-10-03T21:56:21.8857043Z       │           ├── rustls v0.23.45 (*)
2026-10-03T21:56:21.8857804Z       │           └── rustls-platform-verifier v0.7.1 (*)
2026-10-03T21:56:21.8858789Z       └── mio v1.2.3
2026-10-03T21:56:21.8859329Z           └── tokio v1.53.1
2026-10-03T21:56:21.8859916Z               ├── hyper v1.11.1
2026-10-03T21:56:21.8860639Z               │   ├── hyper-rustls v0.27.10 (*)
2026-10-03T21:56:21.8861378Z               │   ├── hyper-util v0.1.21
2026-10-03T21:56:21.8862167Z               │   │   ├── hyper-rustls v0.27.10 (*)
2026-10-03T21:56:21.8862945Z               │   │   └── reqwest v0.13.4 (*)
2026-10-03T21:56:21.8863897Z               │   └── reqwest v0.13.4 (*)
2026-10-03T21:56:21.8864633Z               ├── hyper-rustls v0.27.10 (*)
2026-10-03T21:56:21.8865332Z               ├── hyper-util v0.1.21 (*)
2026-10-03T21:56:21.8865986Z               ├── reqwest v0.13.4 (*)
2026-10-03T21:56:21.8866771Z               ├── symaira-core-llm v0.0.0 (*)
2026-10-03T21:56:21.8867584Z               ├── tokio-rustls v0.26.6 (*)
2026-10-03T21:56:21.8868463Z               ├── tokio-util v0.7.19
2026-10-03T21:56:21.8869249Z               │   └── symaira-core-llm v0.0.0 (*)
2026-10-03T21:56:21.8869935Z               └── tower v0.5.3
2026-10-03T21:56:21.8870636Z                   ├── reqwest v0.13.4 (*)
2026-10-03T21:56:21.8871375Z                   └── tower-http v0.6.11
2026-10-03T21:56:21.8872190Z                       └── reqwest v0.13.4 (*)
2026-10-03T21:56:21.8872772Z     ├ wasi v0.14.7+wasi-0.2.4
2026-10-03T21:56:21.8873312Z       └── getrandom v0.3.3
2026-10-03T21:56:21.8873931Z           ├── symbrain-guard-core v0.12.1
2026-10-03T21:56:21.8874622Z           │   └── symbrain-cli v0.12.1
2026-10-03T21:56:21.8875274Z           └── symbrain-memory v0.12.1
2026-10-03T21:56:21.8875994Z               ├── symbrain-cli v0.12.1 (*)
2026-10-03T21:56:21.8876730Z               └── symbrain-gateway v0.12.1
2026-10-03T21:56:21.8877529Z                   └── symbrain-cli v0.12.1 (*)
2026-10-03T21:56:21.8877876Z 
2026-10-03T21:56:21.8878256Z warning[duplicate]: found 2 duplicate entries for crate 'windows-sys'
2026-10-03T21:56:21.8879579Z     ┌─ D:\a\symaira-brain\symaira-brain/Cargo.lock:235:1
2026-10-03T21:56:21.8880181Z     │  
2026-10-03T21:56:21.8880885Z 235 │ ╭ windows-sys 0.52.0 registry+https://github.com/rust-lang/crates.io-index
2026-10-03T21:56:21.8882044Z 236 │ │ windows-sys 0.61.2 registry+https://github.com/rust-lang/crates.io-index
2026-10-03T21:56:21.8883358Z     │ ╰────────────────────────────────────────────────────────────────────────┘ lock entries
2026-10-03T21:56:21.8884059Z     │  
2026-10-03T21:56:21.8884490Z     ├ windows-sys v0.52.0
2026-10-03T21:56:21.8885057Z       ├── fs-set-times v0.20.3
2026-10-03T21:56:21.8885680Z       │   └── cap-primitives v4.0.3
2026-10-03T21:56:21.8886285Z       │       ├── cap-fs-ext v4.0.3
2026-10-03T21:56:21.8886942Z       │       │   ├── symbrain-adapter v0.12.1
2026-10-03T21:56:21.8887635Z       │       │   │   └── symbrain-cli v0.12.1
2026-10-03T21:56:21.8888615Z       │       │   ├── symbrain-audit v0.12.1
2026-10-03T21:56:21.8889362Z       │       │   │   ├── symbrain-cli v0.12.1 (*)
2026-10-03T21:56:21.8890085Z       │       │   │   └── symbrain-gateway v0.12.1
2026-10-03T21:56:21.8890832Z       │       │   │       └── symbrain-cli v0.12.1 (*)
2026-10-03T21:56:21.8891551Z       │       │   ├── symbrain-harness v0.12.1
2026-10-03T21:56:21.8892282Z       │       │   │   ├── symbrain-adapter v0.12.1 (*)
2026-10-03T21:56:21.8893008Z       │       │   │   ├── symbrain-cli v0.12.1 (*)
2026-10-03T21:56:21.8893749Z       │       │   │   ├── symbrain-gateway v0.12.1 (*)
2026-10-03T21:56:21.8894504Z       │       │   │   └── symbrain-skills v0.12.1
2026-10-03T21:56:21.8895236Z       │       │   │       ├── symbrain-cli v0.12.1 (*)
2026-10-03T21:56:21.8895995Z       │       │   │       └── symbrain-gateway v0.12.1 (*)
2026-10-03T21:56:21.8896746Z       │       │   ├── symbrain-instructions v0.12.1
2026-10-03T21:56:21.8897492Z       │       │   │   ├── symbrain-adapter v0.12.1 (*)
2026-10-03T21:56:21.8898211Z       │       │   │   └── symbrain-cli v0.12.1 (*)
2026-10-03T21:56:21.8899333Z       │       │   └── symbrain-skills v0.12.1 (*)
2026-10-03T21:56:21.8900010Z       │       └── cap-std v4.0.3
2026-10-03T21:56:21.8900628Z       │           ├── cap-fs-ext v4.0.3 (*)
2026-10-03T21:56:21.8901326Z       │           ├── symbrain-adapter v0.12.1 (*)
2026-10-03T21:56:21.8902090Z       │           ├── symbrain-audit v0.12.1 (*)
2026-10-03T21:56:21.8902816Z       │           ├── symbrain-harness v0.12.1 (*)
2026-10-03T21:56:21.8903618Z       │           ├── symbrain-instructions v0.12.1 (*)
2026-10-03T21:56:21.8904623Z       │           ├── symbrain-skills v0.12.1 (*)
2026-10-03T21:56:21.8905319Z       │           └── symbrain-usage v0.12.1
2026-10-03T21:56:21.8906066Z       │               ├── symbrain-cli v0.12.1 (*)
2026-10-03T21:56:21.8906825Z       │               └── symbrain-gateway v0.12.1 (*)
2026-10-03T21:56:21.8907484Z       ├── io-extras v0.19.0
2026-10-03T21:56:21.8908122Z       │   ├── cap-primitives v4.0.3 (*)
2026-10-03T21:56:21.8908735Z       │   └── cap-std v4.0.3 (*)
2026-10-03T21:56:21.8909261Z       ├── ring v0.17.14
2026-10-03T21:56:21.8909758Z       │   ├── rustls v0.23.45
2026-10-03T21:56:21.8910336Z       │   │   ├── hyper-rustls v0.27.10
2026-10-03T21:56:21.8910996Z       │   │   │   └── reqwest v0.13.4
2026-10-03T21:56:21.8911683Z       │   │   │       └── symaira-core-llm v0.0.0
2026-10-03T21:56:21.8912427Z       │   │   │           └── symbrain-memory v0.12.1
2026-10-03T21:56:21.8913203Z       │   │   │               ├── symbrain-cli v0.12.1 (*)
2026-10-03T21:56:21.8914033Z       │   │   │               └── symbrain-gateway v0.12.1 (*)
2026-10-03T21:56:21.8914704Z       │   │   ├── reqwest v0.13.4 (*)
2026-10-03T21:56:21.8915389Z       │   │   ├── rustls-platform-verifier v0.7.1
2026-10-03T21:56:21.8916066Z       │   │   │   └── reqwest v0.13.4 (*)
2026-10-03T21:56:21.8916674Z       │   │   ├── tokio-rustls v0.26.6
2026-10-03T21:56:21.8917653Z       │   │   │   ├── hyper-rustls v0.27.10 (*)
2026-10-03T21:56:21.8918380Z       │   │   │   └── reqwest v0.13.4 (*)
2026-10-03T21:56:21.8918971Z       │   │   └── ureq v3.4.1
2026-10-03T21:56:21.8920065Z       │   │       ├── symaira-core-llm v0.0.0 (*)
2026-10-03T21:56:21.8920827Z       │   │       ├── symbrain-cli v0.12.1 (*)
2026-10-03T21:56:21.8921570Z       │   │       ├── symbrain-managed v0.12.1
2026-10-03T21:56:21.8922323Z       │   │       │   └── symbrain-cli v0.12.1 (*)
2026-10-03T21:56:21.8923041Z       │   │       └── symbrain-usage v0.12.1 (*)
2026-10-03T21:56:21.8923741Z       │   └── rustls-webpki v0.103.15
2026-10-03T21:56:21.8924347Z       │       ├── rustls v0.23.45 (*)
2026-10-03T21:56:21.8925084Z       │       └── rustls-platform-verifier v0.7.1 (*)
2026-10-03T21:56:21.8925890Z       ├── rustls-platform-verifier v0.7.1 (*)
2026-10-03T21:56:21.8926575Z       ├── winapi-util v0.1.11
2026-10-03T21:56:21.8927169Z       │   ├── same-file v1.0.6
2026-10-03T21:56:21.8927756Z       │   │   └── walkdir v2.5.0
2026-10-03T21:56:21.8928350Z       │   │       └── (build) jni v0.22.4
2026-10-03T21:56:21.8929118Z       │   │           └── rustls-platform-verifier v0.7.1 (*)
2026-10-03T21:56:21.8929867Z       │   └── walkdir v2.5.0 (*)
2026-10-03T21:56:21.8930399Z       └── winx v0.36.4
2026-10-03T21:56:21.8930995Z           └── cap-primitives v4.0.3 (*)
2026-10-03T21:56:21.8931564Z     ├ windows-sys v0.61.2
2026-10-03T21:56:21.8932085Z       ├── cap-fs-ext v4.0.3
2026-10-03T21:56:21.8932661Z       │   ├── symbrain-adapter v0.12.1
2026-10-03T21:56:21.8933585Z       │   │   └── symbrain-cli v0.12.1
2026-10-03T21:56:21.8934208Z       │   ├── symbrain-audit v0.12.1
2026-10-03T21:56:21.8934846Z       │   │   ├── symbrain-cli v0.12.1 (*)
2026-10-03T21:56:21.8935528Z       │   │   └── symbrain-gateway v0.12.1
2026-10-03T21:56:21.8936206Z       │   │       └── symbrain-cli v0.12.1 (*)
2026-10-03T21:56:21.8937270Z       │   ├── symbrain-harness v0.12.1
2026-10-03T21:56:21.8938022Z       │   │   ├── symbrain-adapter v0.12.1 (*)
2026-10-03T21:56:21.8938707Z       │   │   ├── symbrain-cli v0.12.1 (*)
2026-10-03T21:56:21.8939378Z       │   │   ├── symbrain-gateway v0.12.1 (*)
2026-10-03T21:56:21.8940045Z       │   │   └── symbrain-skills v0.12.1
2026-10-03T21:56:21.8940717Z       │   │       ├── symbrain-cli v0.12.1 (*)
2026-10-03T21:56:21.8941418Z       │   │       └── symbrain-gateway v0.12.1 (*)
2026-10-03T21:56:21.8942119Z       │   ├── symbrain-instructions v0.12.1
2026-10-03T21:56:21.8942813Z       │   │   ├── symbrain-adapter v0.12.1 (*)
2026-10-03T21:56:21.8943504Z       │   │   └── symbrain-cli v0.12.1 (*)
2026-10-03T21:56:21.8944151Z       │   └── symbrain-skills v0.12.1 (*)
2026-10-03T21:56:21.8944736Z       ├── cap-primitives v4.0.3
2026-10-03T21:56:21.8945317Z       │   ├── cap-fs-ext v4.0.3 (*)
2026-10-03T21:56:21.8945976Z       │   └── cap-std v4.0.3
2026-10-03T21:56:21.8946564Z       │       ├── cap-fs-ext v4.0.3 (*)
2026-10-03T21:56:21.8947298Z       │       ├── symbrain-adapter v0.12.1 (*)
2026-10-03T21:56:21.8948014Z       │       ├── symbrain-audit v0.12.1 (*)
2026-10-03T21:56:21.8948720Z       │       ├── symbrain-harness v0.12.1 (*)
2026-10-03T21:56:21.8949456Z       │       ├── symbrain-instructions v0.12.1 (*)
2026-10-03T21:56:21.8950182Z       │       ├── symbrain-skills v0.12.1 (*)
2026-10-03T21:56:21.8950851Z       │       └── symbrain-usage v0.12.1
2026-10-03T21:56:21.8951549Z       │           ├── symbrain-cli v0.12.1 (*)
2026-10-03T21:56:21.8952273Z       │           └── symbrain-gateway v0.12.1 (*)
2026-10-03T21:56:21.8952930Z       ├── errno v0.3.14
2026-10-03T21:56:21.8953434Z       │   ├── rustix v1.1.4
2026-10-03T21:56:21.8954058Z       │   │   ├── cap-primitives v4.0.3 (*)
2026-10-03T21:56:21.8954701Z       │   │   ├── cap-std v4.0.3 (*)
2026-10-03T21:56:21.8955334Z       │   │   ├── fs-set-times v0.20.3
2026-10-03T21:56:21.8956005Z       │   │   │   └── cap-primitives v4.0.3 (*)
2026-10-03T21:56:21.8958979Z       │   │   ├── rustix-linux-procfs v0.1.1
2026-10-03T21:56:21.8959896Z       │   │   │   └── cap-primitives v4.0.3 (*)
2026-10-03T21:56:21.8960666Z       │   │   ├── symaira-core-secretref v0.0.0
2026-10-03T21:56:21.8961404Z       │   │   │   └── symaira-core-llm v0.0.0
2026-10-03T21:56:21.8962130Z       │   │   │       └── symbrain-memory v0.12.1
2026-10-03T21:56:21.8962943Z       │   │   │           ├── symbrain-cli v0.12.1 (*)
2026-10-03T21:56:21.8963733Z       │   │   │           └── symbrain-gateway v0.12.1 (*)
2026-10-03T21:56:21.8964515Z       │   │   ├── symbrain-adapter v0.12.1 (*)
2026-10-03T21:56:21.8965278Z       │   │   ├── symbrain-harness v0.12.1 (*)
2026-10-03T21:56:21.8966012Z       │   │   ├── symbrain-instructions v0.12.1 (*)
2026-10-03T21:56:21.8966768Z       │   │   ├── symbrain-skills v0.12.1 (*)
2026-10-03T21:56:21.8967480Z       │   │   ├── symbrain-usage v0.12.1 (*)
2026-10-03T21:56:21.8968202Z       │   │   └── tempfile v3.27.0
2026-10-03T21:56:21.8968938Z       │   │       ├── (dev) symbrain-activity v0.12.1
2026-10-03T21:56:21.8969674Z       │   │       │   ├── symbrain-cli v0.12.1 (*)
2026-10-03T21:56:21.8970426Z       │   │       │   ├── symbrain-gateway v0.12.1 (*)
2026-10-03T21:56:21.8971174Z       │   │       │   └── symbrain-memory v0.12.1 (*)
2026-10-03T21:56:21.8971949Z       │   │       ├── (dev) symbrain-adapter v0.12.1 (*)
2026-10-03T21:56:21.8972710Z       │   │       ├── (dev) symbrain-audit v0.12.1 (*)
2026-10-03T21:56:21.8973435Z       │   │       ├── (dev) symbrain-broker v0.12.1
2026-10-03T21:56:21.8974105Z       │   │       │   ├── symbrain-cli v0.12.1 (*)
2026-10-03T21:56:21.8975109Z       │   │       │   └── symbrain-gateway v0.12.1 (*)
2026-10-03T21:56:21.8975860Z       │   │       ├── (dev) symbrain-cli v0.12.1 (*)
2026-10-03T21:56:21.8976517Z       │   │       ├── symbrain-core v0.12.1
2026-10-03T21:56:21.8977212Z       │   │       │   ├── symbrain-audit v0.12.1 (*)
2026-10-03T21:56:21.8978378Z       │   │       │   ├── symbrain-cli v0.12.1 (*)
2026-10-03T21:56:21.8979167Z       │   │       │   ├── symbrain-gateway v0.12.1 (*)
2026-10-03T21:56:21.8979931Z       │   │       │   ├── symbrain-guard-core v0.12.1
2026-10-03T21:56:21.8980686Z       │   │       │   │   └── symbrain-cli v0.12.1 (*)
2026-10-03T21:56:21.8981423Z       │   │       │   └── symbrain-policy v0.12.1
2026-10-03T21:56:21.8982202Z       │   │       │       ├── symbrain-activity v0.12.1 (*)
2026-10-03T21:56:21.8982975Z       │   │       │       ├── symbrain-catalog v0.12.1
2026-10-03T21:56:21.8983780Z       │   │       │       │   └── symbrain-gateway v0.12.1 (*)
2026-10-03T21:56:21.8984574Z       │   │       │       ├── symbrain-cli v0.12.1 (*)
2026-10-03T21:56:21.8985399Z       │   │       │       └── symbrain-gateway v0.12.1 (*)
2026-10-03T21:56:21.8986221Z       │   │       ├── symbrain-harness v0.12.1 (*)
2026-10-03T21:56:21.8987053Z       │   │       ├── (dev) symbrain-instructions v0.12.1 (*)
2026-10-03T21:56:21.8987821Z       │   │       ├── symbrain-managed v0.12.1
2026-10-03T21:56:21.8988770Z       │   │       │   └── symbrain-cli v0.12.1 (*)
2026-10-03T21:56:21.8989566Z       │   │       ├── (dev) symbrain-patterns v0.12.1
2026-10-03T21:56:21.8990395Z       │   │       │   ├── (dev) symbrain-activity v0.12.1 (*)
2026-10-03T21:56:21.8991181Z       │   │       │   ├── symbrain-cli v0.12.1 (*)
2026-10-03T21:56:21.8991938Z       │   │       │   └── symbrain-gateway v0.12.1 (*)
2026-10-03T21:56:21.8992709Z       │   │       ├── (dev) symbrain-policy v0.12.1 (*)
2026-10-03T21:56:21.8993476Z       │   │       ├── (dev) symbrain-skills v0.12.1 (*)
2026-10-03T21:56:21.8994228Z       │   │       └── symbrain-usage v0.12.1 (*)
2026-10-03T21:56:21.8994926Z       │   └── signal-hook-registry v1.4.8
2026-10-03T21:56:21.8996978Z       │       └── signal-hook v0.3.18
2026-10-03T21:56:21.8997694Z       │           └── symbrain-cli v0.12.1 (*)
2026-10-03T21:56:21.8998286Z       ├── mio v1.2.3
2026-10-03T21:56:21.8998762Z       │   └── tokio v1.53.1
2026-10-03T21:56:21.8999314Z       │       ├── hyper v1.11.1
2026-10-03T21:56:21.8999900Z       │       │   ├── hyper-rustls v0.27.10
2026-10-03T21:56:21.9000537Z       │       │   │   └── reqwest v0.13.4
2026-10-03T21:56:21.9001563Z       │       │   │       └── symaira-core-llm v0.0.0 (*)
2026-10-03T21:56:21.9002255Z       │       │   ├── hyper-util v0.1.21
2026-10-03T21:56:21.9002946Z       │       │   │   ├── hyper-rustls v0.27.10 (*)
2026-10-03T21:56:21.9003630Z       │       │   │   └── reqwest v0.13.4 (*)
2026-10-03T21:56:21.9004258Z       │       │   └── reqwest v0.13.4 (*)
2026-10-03T21:56:21.9004886Z       │       ├── hyper-rustls v0.27.10 (*)
2026-10-03T21:56:21.9005790Z       │       ├── hyper-util v0.1.21 (*)
2026-10-03T21:56:21.9006409Z       │       ├── reqwest v0.13.4 (*)
2026-10-03T21:56:21.9007043Z       │       ├── symaira-core-llm v0.0.0 (*)
2026-10-03T21:56:21.9007678Z       │       ├── tokio-rustls v0.26.6
2026-10-03T21:56:21.9008336Z       │       │   ├── hyper-rustls v0.27.10 (*)
2026-10-03T21:56:21.9009014Z       │       │   └── reqwest v0.13.4 (*)
2026-10-03T21:56:21.9009614Z       │       ├── tokio-util v0.7.19
2026-10-03T21:56:21.9010260Z       │       │   └── symaira-core-llm v0.0.0 (*)
2026-10-03T21:56:21.9010865Z       │       └── tower v0.5.3
2026-10-03T21:56:21.9011453Z       │           ├── reqwest v0.13.4 (*)
2026-10-03T21:56:21.9012074Z       │           └── tower-http v0.6.11
2026-10-03T21:56:21.9012703Z       │               └── reqwest v0.13.4 (*)
2026-10-03T21:56:21.9013276Z       ├── rustix v1.1.4 (*)
2026-10-03T21:56:21.9013777Z       ├── schannel v0.1.29
2026-10-03T21:56:21.9014365Z       │   └── rustls-native-certs v0.8.4
2026-10-03T21:56:21.9015059Z       │       └── rustls-platform-verifier v0.7.1
2026-10-03T21:56:21.9015726Z       │           └── reqwest v0.13.4 (*)
2026-10-03T21:56:21.9016324Z       ├── socket2 v0.6.5
2026-10-03T21:56:21.9016849Z       │   ├── hyper-util v0.1.21 (*)
2026-10-03T21:56:21.9017420Z       │   └── tokio v1.53.1 (*)
2026-10-03T21:56:21.9018013Z       ├── symbrain-adapter v0.12.1 (*)
2026-10-03T21:56:21.9018669Z       ├── symbrain-instructions v0.12.1 (*)
2026-10-03T21:56:21.9019279Z       ├── tempfile v3.27.0 (*)
2026-10-03T21:56:21.9019797Z       └── tokio v1.53.1 (*)
2026-10-03T21:56:21.9020052Z 
2026-10-03T21:56:21.9956149Z advisories ok, bans ok, licenses ok, sources ok
2026-10-03T21:56:22.0728009Z ##[group]Run set -euo pipefail
2026-10-03T21:56:22.0728537Z [36;1mset -euo pipefail[0m
2026-10-03T21:56:22.0729059Z [36;1mCGO_ENABLED=0 go build -ldflags "-X main.version=dev" -o "$RUNNER_TEMP/symbrain-go.exe" ./cmd/symbrain[0m
2026-10-03T21:56:22.0729689Z [36;1mSYMBRAIN_VERSION=dev cargo build --workspace --locked[0m
2026-10-03T21:56:22.0730210Z [36;1m./guard/scripts/guard-scan-oracle/run.sh parity target/debug/symbrain.exe[0m
2026-10-03T21:56:22.0730878Z [36;1mpython3 scripts/rust-differential.py "$RUNNER_TEMP/symbrain-go.exe" target/debug/symbrain.exe[0m
2026-10-03T21:56:22.0762448Z shell: C:\Program Files\Git\bin\bash.EXE --noprofile --norc -e -o pipefail {0}
2026-10-03T21:56:22.0763236Z env:
2026-10-03T21:56:22.0763568Z   GOTOOLCHAIN: local
2026-10-03T21:56:22.0764129Z   SYMBRAIN_XDG_ORACLE_FIXTURE: D:\a\_temp/xdg-oracle-windows.json
2026-10-03T21:56:22.0765025Z   SYMBRAIN_GUARD_DOCTOR_ORACLE_FIXTURE: D:\a\_temp/guard-doctor-oracle-windows.json
2026-10-03T21:56:22.0766139Z   SYMBRAIN_INSTRUCTIONS_ORACLE_FIXTURE: D:\a\_temp/instructions-oracle-windows.json
2026-10-03T21:56:22.0767140Z   SYMBRAIN_CLI_TREE_ORACLE_FIXTURE: D:\a\_temp/cli-tree-oracle-windows.json
2026-10-03T21:56:22.0768130Z   SYMBRAIN_ACTIVITY_CLI_ORACLE_FIXTURE: D:\a\_temp/activity-cli-oracle-windows.json
2026-10-03T21:56:22.0769219Z   SYMBRAIN_PROFILE_REMOVE_ORACLE_FIXTURE: D:\a\_temp/profile-remove-oracle-windows.json
2026-10-03T21:56:22.0770226Z   SYMBRAIN_SKILLS_ORACLE_FIXTURE: D:\a\_temp/skills-oracle-windows.json
2026-10-03T21:56:22.0771229Z   SYMBRAIN_SKILLS_INSTALL_ORACLE_FIXTURE: D:\a\_temp/skills-install-oracle-windows.json
2026-10-03T21:56:22.0772279Z   SYMBRAIN_GUARD_SCAN_ORACLE_FIXTURE: D:\a\_temp/guard-scan-oracle-windows.json
2026-10-03T21:56:22.0773023Z ##[endgroup]
2026-10-03T21:56:27.4479798Z    Compiling symbrain-broker v0.12.1 (D:\a\symaira-brain\symaira-brain\rust\symbrain-broker)
2026-10-03T21:56:27.4481314Z    Compiling symbrain-skills v0.12.1 (D:\a\symaira-brain\symaira-brain\rust\symbrain-skills)
2026-10-03T21:56:27.4573243Z    Compiling symbrain-cli v0.12.1 (D:\a\symaira-brain\symaira-brain\rust\symbrain-cli)
2026-10-03T21:56:28.4274803Z    Compiling symbrain-gateway v0.12.1 (D:\a\symaira-brain\symaira-brain\rust\symbrain-gateway)
2026-10-03T21:56:40.5242437Z     Finished `dev` profile [unoptimized + debuginfo] target(s) in 13.44s
2026-10-03T21:56:41.0910533Z PASS: native/Go guard scan parity passed (8 cases)
2026-10-03T21:56:56.2637435Z SKIP 40 platform-specific parity cases:
2026-10-03T21:56:56.2638482Z   config_get_raw_ff_key: raw-byte argv is not representable by Windows process APIs
2026-10-03T21:56:56.2639694Z   config_get_raw_latin1_key: raw-byte argv is not representable by Windows process APIs
2026-10-03T21:56:56.2640840Z   config_get_raw_nel_key: raw-byte argv is not representable by Windows process APIs
2026-10-03T21:56:56.2642672Z   config_get_raw_nbsp_key: raw-byte argv is not representable by Windows process APIs
2026-10-03T21:56:56.2643957Z   config_get_raw_zwsp_key: raw-byte argv is not representable by Windows process APIs
2026-10-03T21:56:56.2645353Z   config_get_raw_line_separator_key: raw-byte argv is not representable by Windows process APIs
2026-10-03T21:56:56.2646606Z   config_get_raw_bom_key: raw-byte argv is not representable by Windows process APIs
2026-10-03T21:56:56.2647944Z   config_get_raw_quote_backslash_control_key: raw-byte argv is not representable by Windows process APIs
2026-10-03T21:56:56.2649293Z   config_get_raw_extra_arg: raw-byte argv is not representable by Windows process APIs
2026-10-03T21:56:56.2650540Z   profile_remove_bound_project_symlink_refuses: POSIX-only filesystem/process behavior
2026-10-03T21:56:56.2651643Z   profile_remove_symlink: POSIX-only filesystem/process behavior
2026-10-03T21:56:56.2652674Z   profile_remove_symlink_profiles_root: POSIX-only filesystem/process behavior
2026-10-03T21:56:56.2653750Z   profile_remove_special_file: POSIX-only filesystem/process behavior
2026-10-03T21:56:56.2657785Z   doctor_successful_vault_handshake: POSIX-only filesystem/process behavior
2026-10-03T21:56:56.2658909Z   doctor_empty_vault_agent: POSIX-only filesystem/process behavior
2026-10-03T21:56:56.2659882Z   doctor_slow_vault_handshake: POSIX-only filesystem/process behavior
2026-10-03T21:56:56.2660926Z   vault_passthrough_argv_stdio: POSIX-only filesystem/process behavior
2026-10-03T21:56:56.2661832Z   vault_exit_status: POSIX-only filesystem/process behavior
2026-10-03T21:56:56.2663038Z   vault_signal_status: POSIX-only filesystem/process behavior
2026-10-03T21:56:56.2663949Z   vault_tty_inheritance: POSIX-only filesystem/process behavior
2026-10-03T21:56:56.2664882Z   vault_managed_precedes_path: POSIX-only filesystem/process behavior
2026-10-03T21:56:56.2665902Z   vault_configured_precedes_managed: POSIX-only filesystem/process behavior
2026-10-03T21:56:56.2666984Z   vault_env_override_precedes_config: POSIX-only filesystem/process behavior
2026-10-03T21:56:56.2668067Z   vault_configured_binary_missing: POSIX-only filesystem/process behavior
2026-10-03T21:56:56.2669104Z   vault_empty_config_uses_path: POSIX-only filesystem/process behavior
2026-10-03T21:56:56.2670064Z   vault_raw_env_missing: POSIX-only filesystem/process behavior
2026-10-03T21:56:56.2671075Z   config_set_raw_ff_key: raw-byte argv is not representable by Windows process APIs
2026-10-03T21:56:56.2672226Z   config_set_raw_latin1_key: raw-byte argv is not representable by Windows process APIs
2026-10-03T21:56:56.2673413Z   config_set_raw_dotted_key: raw-byte argv is not representable by Windows process APIs
2026-10-03T21:56:56.2674643Z   config_set_raw_type_conflict: raw-byte argv is not representable by Windows process APIs
2026-10-03T21:56:56.2675681Z   config_set_symlink: POSIX-only filesystem/process behavior
2026-10-03T21:56:56.2676568Z   config_set_readonly_dir: POSIX-only filesystem/process behavior
2026-10-03T21:56:56.2677616Z   skills_status_opencode_dangling_symlink: POSIX-only filesystem/process behavior
2026-10-03T21:56:56.2678777Z   skills_status_opencode_symlink_to_dir: POSIX-only filesystem/process behavior
2026-10-03T21:56:56.2679928Z   skills_status_opencode_symlink_to_file: POSIX-only filesystem/process behavior
2026-10-03T21:56:56.2681099Z   skills_status_opencode_symlink_to_marker_file: POSIX-only filesystem/process behavior
2026-10-03T21:56:56.2683091Z   skills_status_opencode_symlink_chain: POSIX-only filesystem/process behavior
2026-10-03T21:56:56.2684316Z   skills_status_opencode_project_symlink_to_file: POSIX-only filesystem/process behavior
2026-10-03T21:56:56.2685572Z   skills_status_opencode_project_symlink_chain: POSIX-only filesystem/process behavior
2026-10-03T21:56:56.2686600Z   skills_targets_symlink_entry_json: POSIX-only filesystem/process behavior
2026-10-03T21:56:56.2687397Z PASS guard_doctor_invalid_config_native
2026-10-03T21:56:56.2687973Z PASS guard_doctor_corrupt_anchor_native
2026-10-03T21:56:56.2688496Z PASS no_args
2026-10-03T21:56:56.2688831Z PASS help
2026-10-03T21:56:56.2689118Z PASS help_long
2026-10-03T21:56:56.2689478Z PASS help_short
2026-10-03T21:56:56.2689853Z PASS version_human
2026-10-03T21:56:56.2690232Z PASS version_terminator
2026-10-03T21:56:56.2690651Z PASS version_json
2026-10-03T21:56:56.2691068Z PASS version_terminator_json
2026-10-03T21:56:56.2691548Z PASS version_json_before
2026-10-03T21:56:56.2692005Z PASS version_output_equals
2026-10-03T21:56:56.2692477Z PASS version_missing_output_value
2026-10-03T21:56:56.2692985Z PASS version_output_single_missing
2026-10-03T21:56:56.2693501Z PASS version_conflicting_output
2026-10-03T21:56:56.2693993Z PASS version_unknown_flag
2026-10-03T21:56:56.2694443Z PASS version_flag_value_double
2026-10-03T21:56:56.2694885Z PASS version_flag_value_single
2026-10-03T21:56:56.2695302Z PASS version_bare_hyphen
2026-10-03T21:56:56.2695738Z PASS version_help_short
2026-10-03T21:56:56.2696172Z PASS version_help_single_dash
2026-10-03T21:56:56.2696622Z PASS version_help_double_dash
2026-10-03T21:56:56.2698085Z PASS version_unexpected_argument
2026-10-03T21:56:56.2698626Z PASS version_terminator_extra
2026-10-03T21:56:56.2699030Z PASS version_terminator_flag
2026-10-03T21:56:56.2699452Z PASS version_version
2026-10-03T21:56:56.2699831Z PASS version_json_version
2026-10-03T21:56:56.2700265Z PASS json_help
2026-10-03T21:56:56.2700639Z PASS config_path
2026-10-03T21:56:56.2701020Z PASS config_path_extra
2026-10-03T21:56:56.2701460Z PASS config_path_unexpected_double
2026-10-03T21:56:56.2701986Z PASS config_path_unexpected_single
2026-10-03T21:56:56.2702510Z PASS config_path_unexpected_terminator
2026-10-03T21:56:56.2703397Z PASS config_path_no_env
2026-10-03T21:56:56.2703844Z PASS config_path_relative_xdg
2026-10-03T21:56:56.2704282Z PASS unknown_command_quoted
2026-10-03T21:56:56.2704712Z PASS unknown_fallback
2026-10-03T21:56:56.2705094Z PASS config_get_no_file
2026-10-03T21:56:56.2705502Z PASS config_get_no_file_key
2026-10-03T21:56:56.2705971Z PASS config_get_unicode_key
2026-10-03T21:56:56.2706481Z PASS config_get_unicode_replacement_key
2026-10-03T21:56:56.2707078Z PASS config_get_unicode_emoji_key
2026-10-03T21:56:56.2707573Z PASS config_get_unicode_cjk_key
2026-10-03T21:56:56.2708049Z PASS config_get_unicode_nel_key
2026-10-03T21:56:56.2708547Z PASS config_get_unicode_nbsp_key
2026-10-03T21:56:56.2709093Z PASS config_get_unicode_zwsp_key
2026-10-03T21:56:56.2709618Z PASS config_get_unicode_line_separator_key
2026-10-03T21:56:56.2710179Z PASS config_get_unicode_bom_key
2026-10-03T21:56:56.2710646Z PASS config_get_whole_file
2026-10-03T21:56:56.2711130Z PASS config_get_whole_file_malformed
2026-10-03T21:56:56.2711634Z PASS config_get_terminator
2026-10-03T21:56:56.2712073Z PASS config_get_string
2026-10-03T21:56:56.2712480Z PASS config_get_bool_true
2026-10-03T21:56:56.2712923Z PASS config_get_bool_false
2026-10-03T21:56:56.2713345Z PASS config_get_int
2026-10-03T21:56:56.2713748Z PASS config_get_dotted_three
2026-10-03T21:56:56.2714196Z PASS config_get_table
2026-10-03T21:56:56.2714616Z PASS config_get_table_nested
2026-10-03T21:56:56.2715084Z PASS config_get_inline_table
2026-10-03T21:56:56.2715549Z PASS config_get_inline_table_leaf
2026-10-03T21:56:56.2716034Z PASS config_get_list
2026-10-03T21:56:56.2716438Z PASS config_get_empty_list
2026-10-03T21:56:56.2717188Z PASS config_get_empty_table
2026-10-03T21:56:56.2717644Z PASS config_get_missing_key
2026-10-03T21:56:56.2718101Z PASS config_get_malformed_key
2026-10-03T21:56:56.2718567Z PASS config_get_extra_arg
2026-10-03T21:56:56.2719031Z PASS config_get_extra_arg_flag
2026-10-03T21:56:56.2719489Z PASS config_get_key_flag
2026-10-03T21:56:56.2719925Z PASS config_get_home_variant
2026-10-03T21:56:56.2720392Z PASS config_get_unreadable_file
2026-10-03T21:56:56.2720905Z PASS config_get_unreadable_file_key
2026-10-03T21:56:56.2721412Z PASS config_get_float_pos_zero
2026-10-03T21:56:56.2721888Z PASS config_get_float_neg_zero
2026-10-03T21:56:56.2722365Z PASS config_get_float_pos_inf
2026-10-03T21:56:56.2722852Z PASS config_get_float_pos_inf_plus
2026-10-03T21:56:56.2723713Z PASS config_get_float_neg_inf
2026-10-03T21:56:56.2724185Z PASS config_get_float_nan
2026-10-03T21:56:56.2724634Z PASS config_get_float_pos_nan
2026-10-03T21:56:56.2725110Z PASS config_get_float_neg_nan
2026-10-03T21:56:56.2725572Z PASS config_get_float_large
2026-10-03T21:56:56.2726052Z PASS config_get_float_large2
2026-10-03T21:56:56.2726510Z PASS config_get_float_small
2026-10-03T21:56:56.2726966Z PASS config_get_float_small2
2026-10-03T21:56:56.2727428Z PASS config_get_float_large_neg
2026-10-03T21:56:56.2727912Z PASS config_get_float_large2_neg
2026-10-03T21:56:56.2728409Z PASS config_get_float_small_neg
2026-10-03T21:56:56.2728878Z PASS config_get_float_small2_neg
2026-10-03T21:56:56.2729352Z PASS config_get_float_sci1
2026-10-03T21:56:56.2729811Z PASS config_get_float_sci2
2026-10-03T21:56:56.2730253Z PASS config_get_float_pi
2026-10-03T21:56:56.2730734Z PASS config_get_float_boundary_below_large
2026-10-03T21:56:56.2731570Z PASS config_get_float_boundary_above_small
2026-10-03T21:56:56.2732192Z PASS config_get_float_boundary_below_small
2026-10-03T21:56:56.2732742Z PASS config_get_odt_z
2026-10-03T21:56:56.2733169Z PASS config_get_odt_z_lower
2026-10-03T21:56:56.2733702Z PASS config_get_odt_space_z
2026-10-03T21:56:56.2734179Z PASS config_get_odt_frac_micro_z
2026-10-03T21:56:56.2734675Z PASS config_get_odt_frac_milli_z
2026-10-03T21:56:56.2735162Z PASS config_get_odt_frac_nano_z
2026-10-03T21:56:56.2735644Z PASS config_get_odt_frac_trailing_z
2026-10-03T21:56:56.2736151Z PASS config_get_odt_frac_zero_z
2026-10-03T21:56:56.2736627Z PASS config_get_odt_no_sec_z
2026-10-03T21:56:56.2737100Z PASS config_get_odt_pos_offset
2026-10-03T21:56:56.2737568Z PASS config_get_odt_neg_offset
2026-10-03T21:56:56.2738040Z PASS config_get_odt_offset_zero
2026-10-03T21:56:56.2738523Z PASS config_get_odt_offset_neg_zero
2026-10-03T21:56:56.2739052Z PASS config_get_odt_space_offset
2026-10-03T21:56:56.2739569Z PASS config_get_odt_frac_micro_offset
2026-10-03T21:56:56.2740120Z PASS config_get_odt_frac_half_hour_offset
2026-10-03T21:56:56.2740682Z PASS config_get_odt_frac_trailing_offset
2026-10-03T21:56:56.2741239Z PASS config_get_odt_no_sec_offset
2026-10-03T21:56:56.2741717Z PASS config_get_ldt
2026-10-03T21:56:56.2742130Z PASS config_get_ldt_space
2026-10-03T21:56:56.2742572Z PASS config_get_ldt_lower
2026-10-03T21:56:56.2743027Z PASS config_get_ldt_frac_micro
2026-10-03T21:56:56.2743802Z PASS config_get_ldt_frac_milli
2026-10-03T21:56:56.2744279Z PASS config_get_ldt_frac_nano
2026-10-03T21:56:56.2744759Z PASS config_get_ldt_frac_trailing
2026-10-03T21:56:56.2745231Z PASS config_get_ldt_frac_zero
2026-10-03T21:56:56.2745706Z PASS config_get_ldt_no_sec
2026-10-03T21:56:56.2746133Z PASS config_get_ld
2026-10-03T21:56:56.2746534Z PASS config_get_ld_today
2026-10-03T21:56:56.2746976Z PASS config_get_ld_year_one
2026-10-03T21:56:56.2747413Z PASS config_get_lt
2026-10-03T21:56:56.2747811Z PASS config_get_lt_frac_micro
2026-10-03T21:56:56.2748282Z PASS config_get_lt_frac_milli
2026-10-03T21:56:56.2748709Z PASS config_get_lt_frac_nano
2026-10-03T21:56:56.2749203Z PASS config_get_lt_frac_trailing
2026-10-03T21:56:56.2749693Z PASS config_get_lt_frac_zero
2026-10-03T21:56:56.2750425Z PASS config_get_lt_no_sec
2026-10-03T21:56:56.2750874Z PASS profile_help
2026-10-03T21:56:56.2751262Z PASS profile_help_long
2026-10-03T21:56:56.2751693Z PASS profile_list_empty
2026-10-03T21:56:56.2752115Z PASS profile_list_empty_json
2026-10-03T21:56:56.2752611Z PASS profile_list_fixture_json
2026-10-03T21:56:56.2753033Z PASS profile_list_partial_error
2026-10-03T21:56:56.2753456Z PASS profile_list_extra
2026-10-03T21:56:56.2753866Z PASS profile_list_help_flag
2026-10-03T21:56:56.2754243Z PASS profile_list_help_short
2026-10-03T21:56:56.2754618Z PASS profile_show_missing
2026-10-03T21:56:56.2755044Z PASS profile_show_missing_json
2026-10-03T21:56:56.2755513Z PASS profile_show_help_flag
2026-10-03T21:56:56.2755916Z PASS profile_show_help_short
2026-10-03T21:56:56.2756348Z PASS profile_show_fixture_json
2026-10-03T21:56:56.2756893Z PASS profile_show_fixture_json_flag_before_name
2026-10-03T21:56:56.2757483Z PASS profile_show_fixture_human
2026-10-03T21:56:56.2758099Z PASS profile_add_default (stdout, stderr, exit code, fs manifest/modes)
2026-10-03T21:56:56.2759064Z PASS profile_add_personal_after_name (stdout, stderr, exit code, fs manifest/modes)
2026-10-03T21:56:56.2760139Z PASS profile_add_personal_before_name (stdout, stderr, exit code, fs manifest/modes)
2026-10-03T21:56:56.2760964Z PASS profile_add_invalid_name
2026-10-03T21:56:56.2761433Z PASS profile_add_invalid_from
2026-10-03T21:56:56.2761901Z PASS profile_add_exists
2026-10-03T21:56:56.2762378Z PASS profile_add_help_flag
2026-10-03T21:56:56.2762831Z PASS profile_add_help_short
2026-10-03T21:56:56.2763210Z PASS profile_add_unknown_flag
2026-10-03T21:56:56.2764127Z PASS profile_add_unknown_after_name
2026-10-03T21:56:56.2764671Z PASS profile_add_missing_from_value
2026-10-03T21:57:23.2160539Z PASS profile_add_from_equals (stdout, stderr, exit code, fs manifest/modes)
2026-10-03T21:57:23.2161376Z PASS profile_add_trailing_terminator (stdout, stderr, exit code, fs manifest/modes)
2026-10-03T21:57:23.2162181Z PASS profile_add_terminator_then_flag (stdout, stderr, exit code, fs manifest/modes)
2026-10-03T21:57:23.2162817Z PASS profile_remove_missing
2026-10-03T21:57:23.2163302Z PASS profile_remove_force (stdout, stderr, exit code, fs manifest/modes)
2026-10-03T21:57:23.2164387Z PASS profile_remove_prompt_yes (stdout, stderr, exit code, fs manifest/modes)
2026-10-03T21:57:23.2164946Z PASS profile_remove_prompt_no
2026-10-03T21:57:23.2165297Z PASS profile_remove_prompt_eof
2026-10-03T21:57:23.2165650Z PASS profile_remove_prompt_oversized
2026-10-03T21:57:23.2166238Z PASS profile_remove_bound_global_refuses (stdout, stderr, exit code, fs manifest/modes)
2026-10-03T21:57:23.2167066Z PASS profile_remove_bound_project_refuses (stdout, stderr, exit code, fs manifest/modes)
2026-10-03T21:57:23.2167964Z PASS profile_remove_bound_project_relative_refuses (stdout, stderr, exit code, fs manifest/modes)
2026-10-03T21:57:23.2168796Z PASS profile_remove_bound_force (stdout, stderr, exit code, fs manifest/modes)
2026-10-03T21:57:23.2169563Z PASS profile_remove_malformed_profile (stdout, stderr, exit code, fs manifest/modes)
2026-10-03T21:57:23.2170394Z PASS profile_remove_malformed_harness_config (stdout, stderr, exit code, fs manifest/modes)
2026-10-03T21:57:23.2171273Z PASS profile_remove_malformed_harness_refuses (stdout, stderr, exit code, fs manifest/modes)
2026-10-03T21:57:23.2172099Z PASS profile_remove_empty_directory (stdout, stderr, exit code, fs manifest/modes)
2026-10-03T21:57:23.2172871Z PASS profile_remove_force_before_name (stdout, stderr, exit code, fs manifest/modes)
2026-10-03T21:57:23.2173629Z PASS profile_remove_terminator (stdout, stderr, exit code, fs manifest/modes)
2026-10-03T21:57:23.2174179Z PASS audit_missing_subcommand
2026-10-03T21:57:23.2174513Z PASS audit_unknown_subcommand
2026-10-03T21:57:23.2174837Z PASS audit_help
2026-10-03T21:57:23.2175114Z PASS audit_tail_empty_json
2026-10-03T21:57:23.2175440Z PASS audit_tail_missing_profile_json
2026-10-03T21:57:23.2175728Z PASS audit_tail_fixture_json
2026-10-03T21:57:23.2176190Z PASS audit_tail_global_json
2026-10-03T21:57:23.2176444Z PASS audit_tail_fixture_human
2026-10-03T21:57:23.2176713Z PASS audit_tail_negative_limit
2026-10-03T21:57:23.2176964Z PASS audit_tail_help
2026-10-03T21:57:23.2177196Z PASS audit_tail_unknown_flag
2026-10-03T21:57:23.2177450Z PASS audit_tail_missing_n
2026-10-03T21:57:23.2177700Z PASS audit_tail_invalid_n
2026-10-03T21:57:23.2177937Z PASS doctor_empty_human
2026-10-03T21:57:23.2178174Z PASS doctor_empty_json
2026-10-03T21:57:23.2178408Z PASS doctor_global_json
2026-10-03T21:57:23.2178646Z PASS doctor_disabled_fix
2026-10-03T21:57:23.2178904Z PASS doctor_disabled_force_release
2026-10-03T21:57:23.2179189Z PASS doctor_unused_force_release
2026-10-03T21:57:23.2179474Z PASS doctor_unused_force_release_true
2026-10-03T21:57:23.2179772Z PASS doctor_disabled_fix_zero
2026-10-03T21:57:23.2180040Z PASS doctor_invalid_force_release
2026-10-03T21:57:23.2180344Z PASS doctor_disabled_vault_profile
2026-10-03T21:57:23.2180698Z PASS doctor_missing_vault_profile
2026-10-03T21:57:23.2180989Z PASS doctor_failing_vault_handshake
2026-10-03T21:57:23.2181278Z PASS doctor_help
2026-10-03T21:57:23.2181502Z PASS doctor_unknown_flag
2026-10-03T21:57:23.2181758Z PASS doctor_ignores_positionals
2026-10-03T21:57:23.2182079Z PASS doctor_vault_agent_value_consumes_force_release
2026-10-03T21:57:23.2182443Z PASS doctor_vault_agent_then_help
2026-10-03T21:57:23.2182731Z PASS doctor_vault_agent_equals_then_help
2026-10-03T21:57:23.2183041Z PASS doctor_vault_agent_missing_value
2026-10-03T21:57:23.2183337Z PASS doctor_failed_version_json
2026-10-03T21:57:23.2183949Z PASS vault_missing_binary
2026-10-03T21:57:23.2184262Z PASS setup_unknown_flag
2026-10-03T21:57:23.2185530Z PASS setup_lone_hyphen (stdout, stderr, exit code, fs manifest/modes)
2026-10-03T21:57:23.2186104Z PASS setup_install_json (stdout, stderr, exit code, fs manifest/modes)
2026-10-03T21:57:23.2186615Z PASS setup_install_human (stdout, stderr, exit code, fs manifest/modes)
2026-10-03T21:57:23.2187164Z PASS setup_install_cosign_fail_json (stdout, stderr, exit code, fs manifest/modes)
2026-10-03T21:57:23.2187742Z PASS setup_cosign_command_fail_json (stdout, stderr, exit code, fs manifest/modes)
2026-10-03T21:57:23.2188289Z PASS setup_fix_correct_json (stdout, stderr, exit code, fs manifest/modes)
2026-10-03T21:57:23.2188820Z PASS setup_fix_correct_human (stdout, stderr, exit code, fs manifest/modes)
2026-10-03T21:57:23.2189374Z PASS setup_fix_mismatched_json (stdout, stderr, exit code, fs manifest/modes)
2026-10-03T21:57:23.2189898Z PASS install_cursor_fresh (stdout, stderr, exit code, fs manifest/modes)
2026-10-03T21:57:23.2190411Z PASS install_claude_fresh (stdout, stderr, exit code, fs manifest/modes)
2026-10-03T21:57:23.2190970Z PASS install_claude_desktop_fresh (stdout, stderr, exit code, fs manifest/modes)
2026-10-03T21:57:23.2191520Z PASS install_opencode_fresh (stdout, stderr, exit code, fs manifest/modes)
2026-10-03T21:57:23.2192035Z PASS install_codex_fresh (stdout, stderr, exit code, fs manifest/modes)
2026-10-03T21:57:23.2192571Z PASS install_antigravity_fresh (stdout, stderr, exit code, fs manifest/modes)
2026-10-03T21:57:23.2193164Z PASS install_default_profile_env_override (stdout, stderr, exit code, fs manifest/modes)
2026-10-03T21:57:23.2193781Z PASS install_malformed_global_config (stdout, stderr, exit code, fs manifest/modes)
2026-10-03T21:57:23.2194362Z PASS install_cursor_equals_flags (stdout, stderr, exit code, fs manifest/modes)
2026-10-03T21:57:23.2194920Z PASS install_missing_profile (stdout, stderr, exit code, fs manifest/modes)
2026-10-03T21:57:23.2195445Z PASS install_default_profile (stdout, stderr, exit code, fs manifest/modes)
2026-10-03T21:57:23.2196033Z PASS install_malformed_refuses_before_backup (stdout, stderr, exit code, fs manifest/modes)
2026-10-03T21:57:23.2196672Z PASS install_superseded_basenames_keep_vault (stdout, stderr, exit code, fs manifest/modes)
2026-10-03T21:57:23.2197385Z PASS install_keep_superseded (stdout, stderr, exit code, fs manifest/modes)
2026-10-03T21:57:23.2198562Z PASS install_claude_project (stdout, stderr, exit code, fs manifest/modes)
2026-10-03T21:57:23.2199550Z PASS install_unsupported_project (stdout, stderr, exit code, fs manifest/modes)
2026-10-03T21:57:23.2200500Z PASS install_dry_run (stdout, stderr, exit code, fs manifest/modes)
2026-10-03T21:57:23.2201145Z PASS uninstall_foreign_symbrain_noop (stdout, stderr, exit code, fs manifest/modes)
2026-10-03T21:57:23.2201732Z PASS uninstall_missing_config_noop (stdout, stderr, exit code, fs manifest/modes)
2026-10-03T21:57:23.2202291Z PASS uninstall_absent_entry_noop (stdout, stderr, exit code, fs manifest/modes)
2026-10-03T21:57:23.2202863Z PASS uninstall_removes_symbrain (stdout, stderr, exit code, fs manifest/modes)
2026-10-03T21:57:23.2203376Z PASS uninstall_dry_run (stdout, stderr, exit code, fs manifest/modes)
2026-10-03T21:57:23.2204264Z PASS config_set_fallback (stdout, stderr, exit code, fs manifest/modes)
2026-10-03T21:57:23.2204691Z PASS config_set_no_args
2026-10-03T21:57:23.2204928Z PASS config_set_one_arg
2026-10-03T21:57:23.2205158Z PASS config_set_three_args
2026-10-03T21:57:23.2205399Z PASS config_set_empty_key
2026-10-03T21:57:23.2205751Z PASS config_set_new_string (stdout, stderr, exit code, fs manifest/modes)
2026-10-03T21:57:23.2206268Z PASS config_set_new_bool_true (stdout, stderr, exit code, fs manifest/modes)
2026-10-03T21:57:23.2206784Z PASS config_set_new_bool_false (stdout, stderr, exit code, fs manifest/modes)
2026-10-03T21:57:23.2207287Z PASS config_set_new_bool_1 (stdout, stderr, exit code, fs manifest/modes)
2026-10-03T21:57:23.2207764Z PASS config_set_new_bool_0 (stdout, stderr, exit code, fs manifest/modes)
2026-10-03T21:57:23.2208458Z PASS config_set_new_bool_t (stdout, stderr, exit code, fs manifest/modes)
2026-10-03T21:57:23.2208945Z PASS config_set_new_bool_f (stdout, stderr, exit code, fs manifest/modes)
2026-10-03T21:57:23.2209416Z PASS config_set_new_bool_T (stdout, stderr, exit code, fs manifest/modes)
2026-10-03T21:57:23.2209897Z PASS config_set_new_bool_F (stdout, stderr, exit code, fs manifest/modes)
2026-10-03T21:57:23.2210390Z PASS config_set_new_bool_TRUE (stdout, stderr, exit code, fs manifest/modes)
2026-10-03T21:57:23.2210898Z PASS config_set_new_bool_FALSE (stdout, stderr, exit code, fs manifest/modes)
2026-10-03T21:57:23.2211402Z PASS config_set_new_bool_True (stdout, stderr, exit code, fs manifest/modes)
2026-10-03T21:57:23.2211909Z PASS config_set_new_bool_False (stdout, stderr, exit code, fs manifest/modes)
2026-10-03T21:57:23.2212400Z PASS config_set_new_int (stdout, stderr, exit code, fs manifest/modes)
2026-10-03T21:57:23.2212876Z PASS config_set_new_int_neg (stdout, stderr, exit code, fs manifest/modes)
2026-10-03T21:57:23.2213387Z PASS config_set_new_string_float (stdout, stderr, exit code, fs manifest/modes)
2026-10-03T21:57:23.2213902Z PASS config_set_new_nested (stdout, stderr, exit code, fs manifest/modes)
2026-10-03T21:57:23.2214405Z PASS config_set_new_deep_nested (stdout, stderr, exit code, fs manifest/modes)
2026-10-03T21:57:23.2214932Z PASS config_set_existing_update (stdout, stderr, exit code, fs manifest/modes)
2026-10-03T21:57:23.2215480Z PASS config_set_existing_parent_mode (stdout, stderr, exit code, fs manifest/modes)
2026-10-03T21:57:23.2216033Z PASS config_set_existing_sample (stdout, stderr, exit code, fs manifest/modes)
2026-10-03T21:57:23.2216548Z PASS config_set_terminator (stdout, stderr, exit code, fs manifest/modes)
2026-10-03T21:57:23.2216939Z PASS config_set_type_conflict
2026-10-03T21:57:23.2217205Z PASS config_set_malformed_existing
2026-10-03T21:57:23.2217490Z PASS config_set_unreadable_file
2026-10-03T21:57:23.2217763Z PASS config_unrelated_subcommand_fallback
2026-10-03T21:57:23.2218058Z PASS config_no_subcommand_fallback
2026-10-03T21:57:23.2218437Z PASS config_set_inline_leaf (stdout, stderr, exit code, fs manifest/modes)
2026-10-03T21:57:23.2218962Z PASS config_set_inline_new_key (stdout, stderr, exit code, fs manifest/modes)
2026-10-03T21:57:23.2219646Z PASS config_set_nested_inline_leaf (stdout, stderr, exit code, fs manifest/modes)
2026-10-03T21:57:23.2220205Z PASS config_set_nested_inline_new_key (stdout, stderr, exit code, fs manifest/modes)
2026-10-03T21:57:23.2220777Z PASS config_set_sample_nested_inline (stdout, stderr, exit code, fs manifest/modes)
2026-10-03T21:57:23.2221362Z PASS config_set_floats_preserve_existing (stdout, stderr, exit code, fs manifest/modes)
2026-10-03T21:57:23.2221949Z PASS config_set_floats_update_neg_zero (stdout, stderr, exit code, fs manifest/modes)
2026-10-03T21:57:23.2222520Z PASS config_set_floats_update_large (stdout, stderr, exit code, fs manifest/modes)
2026-10-03T21:57:23.2223127Z PASS config_set_datetime_preserve_existing (stdout, stderr, exit code, fs manifest/modes)
2026-10-03T21:57:23.2223716Z PASS config_set_complex_preserve (stdout, stderr, exit code, fs manifest/modes)
2026-10-03T21:57:23.2224631Z PASS config_set_quoted_key_update (stdout, stderr, exit code, fs manifest/modes)
2026-10-03T21:57:23.2225069Z PASS config_set_array_of_tables_add_field
2026-10-03T21:57:23.2225374Z PASS skills_status_opencode_root_missing
2026-10-03T21:57:23.2225673Z PASS skills_status_opencode_root_empty
2026-10-03T21:57:23.2225973Z PASS skills_status_opencode_unmanaged_skill
2026-10-03T21:57:23.2226304Z PASS skills_status_opencode_dir_without_skill
2026-10-03T21:57:23.2226639Z PASS skills_status_opencode_regular_file
2026-10-03T21:57:23.2226943Z PASS skills_status_opencode_orphaned_marker
2026-10-03T21:57:23.2227262Z PASS skills_status_opencode_foreign_marker
2026-10-03T21:57:23.2227592Z PASS skills_status_opencode_legacy_hash_only_marker
2026-10-03T21:58:59.4156215Z PASS skills_status_opencode_malformed_marker
2026-10-03T21:58:59.4157814Z PASS skills_status_opencode_unsupported_schema_marker
2026-10-03T21:58:59.4158804Z PASS skills_status_opencode_empty_marker
2026-10-03T21:58:59.4159802Z PASS skills_status_opencode_wrong_type_marker
2026-10-03T21:58:59.4160641Z PASS skills_status_opencode_mixed
2026-10-03T21:58:59.4161409Z PASS skills_status_opencode_mixed_json
2026-10-03T21:58:59.4162264Z PASS skills_status_opencode_managed_symlink
2026-10-03T21:58:59.4163139Z PASS skills_status_opencode_managed_symlink_json
2026-10-03T21:58:59.4164595Z PASS skills_status_opencode_managed_copy_json
2026-10-03T21:58:59.4165543Z PASS skills_status_opencode_managed_harness_changed_json
2026-10-03T21:58:59.4166470Z PASS skills_status_opencode_managed_conflict_json
2026-10-03T21:58:59.4167360Z PASS skills_status_opencode_managed_conflict
2026-10-03T21:58:59.4168197Z PASS skills_status_opencode_managed_orphaned
2026-10-03T21:58:59.4168994Z PASS skills_status_default_dynamic_target_fallback
2026-10-03T21:58:59.4169878Z PASS skills_status_opencode_project_root_missing
2026-10-03T21:58:59.4170767Z PASS skills_status_opencode_project_unmanaged_skill
2026-10-03T21:58:59.4171700Z PASS skills_status_opencode_project_dir_without_skill
2026-10-03T21:58:59.4172602Z PASS skills_status_opencode_project_regular_file
2026-10-03T21:58:59.4173503Z PASS skills_status_opencode_project_mixed_json
2026-10-03T21:58:59.4174241Z PASS skills_status_opencode_project_orphaned_marker
2026-10-03T21:58:59.4175067Z PASS skills_status_opencode_project_unsupported_schema_marker
2026-10-03T21:58:59.4175887Z PASS skills_status_opencode_project_malformed_marker_json
2026-10-03T21:58:59.4176978Z PASS skills_status_opencode_project_isolated_from_user_root
2026-10-03T21:58:59.4177688Z PASS skills_status_unknown_scope_fallback
2026-10-03T21:58:59.4178352Z PASS skills_status_claude_missing_root_table
2026-10-03T21:58:59.4178982Z PASS skills_status_claude_missing_root_json
2026-10-03T21:58:59.4179597Z PASS skills_status_codex_missing_root_table
2026-10-03T21:58:59.4180222Z PASS skills_status_codex_missing_root_json
2026-10-03T21:58:59.4180884Z PASS skills_status_hermes_missing_root_table
2026-10-03T21:58:59.4181503Z PASS skills_status_hermes_missing_root_json
2026-10-03T21:58:59.4182154Z PASS skills_status_antigravity_missing_root_table
2026-10-03T21:58:59.4183124Z PASS skills_status_antigravity_missing_root_json
2026-10-03T21:58:59.4183848Z PASS skills_status_openclaw_missing_root_table
2026-10-03T21:58:59.4184516Z PASS skills_status_openclaw_missing_root_json
2026-10-03T21:58:59.4185181Z PASS skills_status_opencode_escapable_name_json
2026-10-03T21:58:59.4185861Z PASS memory_list_fallback
2026-10-03T21:58:59.4186387Z PASS memory_list_seeded
2026-10-03T21:58:59.4186854Z PASS memory_search_seeded
2026-10-03T21:58:59.4187336Z PASS memory_search_seeded_table
2026-10-03T21:58:59.4187856Z PASS memory_search_seeded_scope
2026-10-03T21:58:59.4188430Z PASS memory_search_seeded_other_scope
2026-10-03T21:58:59.4188985Z PASS memory_search_seeded_limit
2026-10-03T21:58:59.4189514Z PASS memory_search_seeded_limit_zero
2026-10-03T21:58:59.4190092Z PASS memory_search_two_candidates_limit
2026-10-03T21:58:59.4190724Z PASS memory_search_two_candidates_limit_one
2026-10-03T21:58:59.4191311Z PASS memory_search_db_override
2026-10-03T21:58:59.4191828Z PASS memory_search_limit_and_db
2026-10-03T21:58:59.4192342Z PASS memory_search_no_candidate
2026-10-03T21:58:59.4192907Z PASS memory_search_no_candidate_table
2026-10-03T21:58:59.4193459Z PASS memory_search_empty_query
2026-10-03T21:58:59.4193996Z PASS memory_search_missing_query_fallback
2026-10-03T21:58:59.4194580Z PASS memory_search_unknown_flag_fallback
2026-10-03T21:58:59.4195157Z PASS memory_search_help_fallback
2026-10-03T21:58:59.4195718Z PASS memory_query_log_seeded
2026-10-03T21:58:59.4196203Z PASS activity_usage
2026-10-03T21:58:59.4196927Z PASS activity_help
2026-10-03T21:58:59.4197375Z PASS activity_missing_profile
2026-10-03T21:58:59.4197939Z PASS activity_get_missing_profile
2026-10-03T21:58:59.4198674Z PASS activity_search_missing_profile
2026-10-03T21:58:59.4199239Z PASS activity_status_reader_profile
2026-10-03T21:58:59.4199816Z PASS activity_status_reader_profile_table
2026-10-03T21:58:59.4200435Z PASS activity_status_db_override
2026-10-03T21:58:59.4200962Z PASS activity_get_db_override
2026-10-03T21:58:59.4201489Z PASS activity_search_db_override
2026-10-03T21:58:59.4202020Z PASS activity_status_missing_budget
2026-10-03T21:58:59.4202616Z PASS activity_status_zero_budget
2026-10-03T21:58:59.4203155Z PASS activity_status_excess_budget
2026-10-03T21:58:59.4203702Z PASS activity_get_missing_row
2026-10-03T21:58:59.4204235Z PASS activity_get_missing_row_table
2026-10-03T21:58:59.4204790Z PASS activity_get_missing_budget
2026-10-03T21:58:59.4205349Z PASS activity_get_zero_budget
2026-10-03T21:58:59.4205872Z PASS activity_get_excess_budget
2026-10-03T21:58:59.4206415Z PASS activity_search_reader_profile_table
2026-10-03T21:58:59.4207044Z PASS activity_search_invalid_window_keeps_go
2026-10-03T21:58:59.4207731Z PASS activity_search_out_of_bounds_keeps_go
2026-10-03T21:58:59.4208389Z PASS activity_get_identifier_before_flags_keeps_go
2026-10-03T21:58:59.4209028Z PASS activity_search_reader_profile
2026-10-03T21:58:59.4209583Z PASS activity_unknown_subcommand
2026-10-03T21:58:59.4210133Z PASS usage_missing
2026-10-03T21:58:59.4210564Z PASS usage_missing_json
2026-10-03T21:58:59.4211052Z PASS usage_opencode_workspace_only
2026-10-03T21:58:59.4211608Z PASS usage_opencode_workspace_only_json
2026-10-03T21:58:59.4212215Z PASS usage_codex_stale_auth_file
2026-10-03T21:58:59.4212757Z PASS usage_codex_stale_auth_file_json
2026-10-03T21:58:59.4213298Z PASS activity_usage_fallback
2026-10-03T21:58:59.4213796Z PASS activity_help_fallback
2026-10-03T21:58:59.4214340Z PASS activity_missing_profile_fallback
2026-10-03T21:58:59.4214893Z PASS activity_get_fallback
2026-10-03T21:58:59.4215389Z PASS audit_tail_missing_directory
2026-10-03T21:58:59.4215934Z PASS audit_tail_missing_directory_json
2026-10-03T21:58:59.4216824Z PASS memory_list_seeded_table
2026-10-03T21:58:59.4217364Z PASS memory_list_seeded_scope_alias
2026-10-03T21:58:59.4217910Z PASS memory_list_seeded_limit_zero
2026-10-03T21:58:59.4218462Z PASS memory_list_unknown_flag_fallback
2026-10-03T21:58:59.4219207Z PASS memory_set_native
2026-10-03T21:58:59.4219711Z PASS memory_set_native_table
2026-10-03T21:58:59.4220215Z PASS memory_set_native_staged
2026-10-03T21:58:59.4220729Z PASS memory_set_missing_kind_fallback
2026-10-03T21:58:59.4221283Z PASS memory_set_invalid_kind_fallback
2026-10-03T21:58:59.4221870Z PASS memory_set_author_fallback
2026-10-03T21:58:59.4222386Z PASS memory_delete_missing_row
2026-10-03T21:58:59.4222912Z PASS memory_delete_seeded_json
2026-10-03T21:58:59.4223434Z PASS memory_delete_seeded_table
2026-10-03T21:58:59.4224008Z PASS memory_delete_no_id_fallback
2026-10-03T21:58:59.4224541Z PASS memory_help_fallback
2026-10-03T21:58:59.4225027Z PASS memory_rules_empty
2026-10-03T21:58:59.4225513Z PASS memory_rules_empty_table
2026-10-03T21:58:59.4226069Z PASS memory_rules_seeded
2026-10-03T21:58:59.4226577Z PASS memory_rules_seeded_table
2026-10-03T21:58:59.4227119Z PASS memory_rules_seeded_scope
2026-10-03T21:58:59.4227656Z PASS memory_query_log_seeded_table
2026-10-03T21:58:59.4228249Z PASS memory_query_log_fallback
2026-10-03T21:58:59.4228773Z PASS sync_dry_run_empty
2026-10-03T21:58:59.4229223Z PASS sync_dry_run_all
2026-10-03T21:58:59.4229689Z PASS sync_html_project_json
2026-10-03T21:58:59.4230187Z PASS sync_flag_terminator
2026-10-03T21:58:59.4230712Z PASS sync_flag_after_positional
2026-10-03T21:58:59.4231234Z PASS sync_flag_after_terminator
2026-10-03T21:58:59.4231722Z PASS sync_bool_true
2026-10-03T21:58:59.4232162Z PASS sync_bool_false
2026-10-03T21:58:59.4232645Z PASS sync_bool_invalid
2026-10-03T21:58:59.4233112Z PASS sync_dry_run_with_library
2026-10-03T21:58:59.4233629Z PASS sync_installs_library_skill
2026-10-03T21:58:59.4234156Z PASS sync_unknown_harness
2026-10-03T21:58:59.4235645Z PASS sync_help
2026-10-03T21:58:59.4236170Z PASS sync_unknown_flag
2026-10-03T21:58:59.4236950Z PASS harness_list_empty
2026-10-03T21:58:59.4237455Z PASS harness_list_empty_json
2026-10-03T21:58:59.4237975Z PASS harness_list_installed
2026-10-03T21:58:59.4238528Z PASS harness_list_installed_json
2026-10-03T21:58:59.4239064Z PASS harness_list_foreign_json
2026-10-03T21:58:59.4239590Z PASS harness_list_malformed_json
2026-10-03T21:58:59.4240114Z PASS harness_list_unknown_flag
2026-10-03T21:58:59.4240680Z PASS harness_unknown_subcommand
2026-10-03T21:58:59.4241201Z PASS harness_health_empty_json
2026-10-03T21:58:59.4241723Z PASS harness_health_malformed_json
2026-10-03T21:58:59.4242306Z PASS harness_health_malformed_json_response
2026-10-03T21:58:59.4243241Z ACCEPTED HAR-007 harness_health_missing_command (validated versioned health contract)
2026-10-03T21:58:59.4244116Z PASS harness_health_missing_command
2026-10-03T21:58:59.4244985Z ACCEPTED HAR-007 harness_health_missing_command_json (validated versioned health contract)
2026-10-03T21:58:59.4245907Z PASS harness_health_missing_command_json
2026-10-03T21:58:59.4246525Z PASS harness_health_initialize
2026-10-03T21:58:59.4247328Z ACCEPTED HAR-007 harness_health_initialize_json (validated versioned health contract)
2026-10-03T21:58:59.4248213Z PASS harness_health_initialize_json
2026-10-03T21:58:59.4248761Z PASS harness_health_filter_json
2026-10-03T21:58:59.4249322Z PASS harness_health_unknown_harness
2026-10-03T21:58:59.4249864Z PASS skills_list_empty_library
2026-10-03T21:58:59.4250381Z PASS skills_list_empty_library_json
2026-10-03T21:58:59.4250925Z PASS skills_list_populated_library
2026-10-03T21:58:59.4251534Z PASS skills_list_populated_library_json
2026-10-03T21:58:59.4252157Z PASS skills_list_categories_json
2026-10-03T21:58:59.4272841Z PASS skills_list_managed_installs_json
2026-10-03T21:58:59.4273734Z PASS skills_list_last_used_json
2026-10-03T21:58:59.4274274Z PASS skills_list_target_flag_is_ignored
2026-10-03T21:58:59.4274865Z PASS skills_list_broken_skill_fallback
2026-10-03T21:58:59.4275441Z PASS skills_list_missing_skill_md_fallback
2026-10-03T21:58:59.4276020Z PASS skills_list_unknown_flag_fallback
2026-10-03T21:58:59.4276603Z PASS skills_list_dynamic_config_fallback
2026-10-03T21:58:59.4278584Z PASS skills_targets_dynamic_root_native
2026-10-03T21:58:59.4279131Z PASS skills_targets_mixed_json
2026-10-03T21:58:59.4279606Z PASS skills_targets_mixed_table
2026-10-03T21:58:59.4280137Z PASS skills_targets_empty_root_json
2026-10-03T21:58:59.4280666Z PASS skills_targets_managed_only_json
2026-10-03T21:58:59.4281236Z PASS skills_targets_config_dir_evidence_json
2026-10-03T21:58:59.4281819Z PASS skills_targets_project_scope_json
2026-10-03T21:58:59.4282410Z PASS skills_targets_unknown_scope_fallback
2026-10-03T21:58:59.4283004Z PASS skills_targets_unknown_flag_fallback
2026-10-03T21:58:59.4283565Z PASS skills_log_populated_fallback
2026-10-03T21:58:59.4284086Z PASS skills_sync_dry_run_dynamic_config
2026-10-03T21:58:59.4284651Z PASS skills_sync_dry_run_json
2026-10-03T21:58:59.4285131Z PASS skills_log_empty_json
2026-10-03T21:58:59.4285689Z PASS skills_targets_default_json
2026-10-03T21:58:59.4286163Z PASS skills_status_unknown_target
2026-10-03T21:58:59.4286696Z PASS skills_status_unknown_flag
2026-10-03T21:58:59.4287185Z 464 parity cases passed
2026-10-03T21:58:59.4630847Z ##[group]Run scripts/activity-validation-oracle/run.sh "$RUNNER_TEMP/activity-validation-767.json"
2026-10-03T21:58:59.4631698Z [36;1mscripts/activity-validation-oracle/run.sh "$RUNNER_TEMP/activity-validation-767.json"[0m
2026-10-03T21:58:59.4654324Z shell: C:\Program Files\Git\bin\bash.EXE --noprofile --norc -e -o pipefail {0}
2026-10-03T21:58:59.4655069Z env:
2026-10-03T21:58:59.4655396Z   GOTOOLCHAIN: local
2026-10-03T21:58:59.4655946Z   SYMBRAIN_XDG_ORACLE_FIXTURE: D:\a\_temp/xdg-oracle-windows.json
2026-10-03T21:58:59.4656893Z   SYMBRAIN_GUARD_DOCTOR_ORACLE_FIXTURE: D:\a\_temp/guard-doctor-oracle-windows.json
2026-10-03T21:58:59.4657964Z   SYMBRAIN_INSTRUCTIONS_ORACLE_FIXTURE: D:\a\_temp/instructions-oracle-windows.json
2026-10-03T21:58:59.4658993Z   SYMBRAIN_CLI_TREE_ORACLE_FIXTURE: D:\a\_temp/cli-tree-oracle-windows.json
2026-10-03T21:58:59.4659979Z   SYMBRAIN_ACTIVITY_CLI_ORACLE_FIXTURE: D:\a\_temp/activity-cli-oracle-windows.json
2026-10-03T21:58:59.4661118Z   SYMBRAIN_PROFILE_REMOVE_ORACLE_FIXTURE: D:\a\_temp/profile-remove-oracle-windows.json
2026-10-03T21:58:59.4662151Z   SYMBRAIN_SKILLS_ORACLE_FIXTURE: D:\a\_temp/skills-oracle-windows.json
2026-10-03T21:58:59.4663164Z   SYMBRAIN_SKILLS_INSTALL_ORACLE_FIXTURE: D:\a\_temp/skills-install-oracle-windows.json
2026-10-03T21:58:59.4664259Z   SYMBRAIN_GUARD_SCAN_ORACLE_FIXTURE: D:\a\_temp/guard-scan-oracle-windows.json
2026-10-03T21:58:59.4665076Z ##[endgroup]
2026-10-03T21:59:10.8114267Z Wrote D:/a/_temp/activity-validation-767.R7yYcm/activity-cli.json
2026-10-03T21:59:11.6514505Z    Compiling symbrain-skills v0.12.1 (D:\a\symaira-brain\symaira-brain\rust\symbrain-skills)
2026-10-03T21:59:11.6527500Z    Compiling symbrain-cli v0.12.1 (D:\a\symaira-brain\symaira-brain\rust\symbrain-cli)
2026-10-03T21:59:12.3132986Z    Compiling symbrain-gateway v0.12.1 (D:\a\symaira-brain\symaira-brain\rust\symbrain-gateway)
2026-10-03T21:59:17.3026971Z     Finished `dev` profile [unoptimized + debuginfo] target(s) in 6.03s
2026-10-03T21:59:17.8219009Z    Compiling symbrain-cli v0.12.1 (D:\a\symaira-brain\symaira-brain\rust\symbrain-cli)
2026-10-03T21:59:19.5431473Z     Finished `test` profile [unoptimized + debuginfo] target(s) in 2.13s
2026-10-03T21:59:19.5656080Z      Running tests\activity_cli_oracle_tests.rs (target\debug\deps\activity_cli_oracle_tests-16af200d91a54306.exe)
2026-10-03T21:59:19.5785703Z 
2026-10-03T21:59:19.5786399Z running 1 test
2026-10-03T21:59:21.6066920Z test bounded_activity_reads_match_the_pinned_go_commands ... ok
2026-10-03T21:59:21.6067877Z 
2026-10-03T21:59:21.6068639Z test result: ok. 1 passed; 0 failed; 0 ignored; 0 measured; 0 filtered out; finished in 2.03s
2026-10-03T21:59:21.6069543Z 
2026-10-03T21:59:59.6554755Z 237/237 real activity validation cases match
2026-10-03T22:00:00.2024504Z    Compiling symbrain-cli v0.12.1 (D:\a\symaira-brain\symaira-brain\rust\symbrain-cli)
2026-10-03T22:00:01.1325118Z     Finished `test` profile [unoptimized + debuginfo] target(s) in 1.38s
2026-10-03T22:00:01.1514308Z      Running tests\activity_validation_tests.rs (target\debug\deps\activity_validation_tests-fa929c30e1c5dae9.exe)
2026-10-03T22:00:01.1633246Z 
2026-10-03T22:00:01.1633967Z running 1 test
2026-10-03T22:00:14.9395312Z test activity_validation_matches_complete_go_process_fixture_without_fallback ... ok
2026-10-03T22:00:14.9396077Z 
2026-10-03T22:00:14.9396637Z test result: ok. 1 passed; 0 failed; 0 ignored; 0 measured; 0 filtered out; finished in 13.78s
2026-10-03T22:00:14.9397293Z 
2026-10-03T22:00:37.1792915Z 3/3 actual native fixture failure controls passed
2026-10-03T22:00:37.2486152Z ##[group]Run actions/upload-artifact@043fb46d1a93c77aae656e7c1c64a875d1fc6a0a
2026-10-03T22:00:37.2486706Z with:
2026-10-03T22:00:37.2486961Z   name: activity-validation-767-Windows
2026-10-03T22:00:37.2487766Z   path: D:\a\_temp/activity-validation-767.json
D:\a\_temp/activity-validation-767.json.fixture.json
D:\a\_temp/activity-validation-767.json.controls.json

2026-10-03T22:00:37.2488595Z   if-no-files-found: error
2026-10-03T22:00:37.2488870Z   retention-days: 14
2026-10-03T22:00:37.2489112Z   compression-level: 6
2026-10-03T22:00:37.2489349Z   overwrite: false
2026-10-03T22:00:37.2489586Z   include-hidden-files: false
2026-10-03T22:00:37.2489862Z   archive: true
2026-10-03T22:00:37.2490073Z env:
2026-10-03T22:00:37.2490293Z   GOTOOLCHAIN: local
2026-10-03T22:00:37.2490902Z   SYMBRAIN_XDG_ORACLE_FIXTURE: D:\a\_temp/xdg-oracle-windows.json
2026-10-03T22:00:37.2491489Z   SYMBRAIN_GUARD_DOCTOR_ORACLE_FIXTURE: D:\a\_temp/guard-doctor-oracle-windows.json
2026-10-03T22:00:37.2492171Z   SYMBRAIN_INSTRUCTIONS_ORACLE_FIXTURE: D:\a\_temp/instructions-oracle-windows.json
2026-10-03T22:00:37.2492780Z   SYMBRAIN_CLI_TREE_ORACLE_FIXTURE: D:\a\_temp/cli-tree-oracle-windows.json
2026-10-03T22:00:37.2493372Z   SYMBRAIN_ACTIVITY_CLI_ORACLE_FIXTURE: D:\a\_temp/activity-cli-oracle-windows.json
2026-10-03T22:00:37.2494031Z   SYMBRAIN_PROFILE_REMOVE_ORACLE_FIXTURE: D:\a\_temp/profile-remove-oracle-windows.json
2026-10-03T22:00:37.2494642Z   SYMBRAIN_SKILLS_ORACLE_FIXTURE: D:\a\_temp/skills-oracle-windows.json
2026-10-03T22:00:37.2495238Z   SYMBRAIN_SKILLS_INSTALL_ORACLE_FIXTURE: D:\a\_temp/skills-install-oracle-windows.json
2026-10-03T22:00:37.2495874Z   SYMBRAIN_GUARD_SCAN_ORACLE_FIXTURE: D:\a\_temp/guard-scan-oracle-windows.json
2026-10-03T22:00:37.2496493Z ##[endgroup]
2026-10-03T22:00:37.9194317Z Multiple search paths detected. Calculating the least common ancestor of all paths
2026-10-03T22:00:37.9197156Z The least common ancestor is D:\a\_temp. This will be the root directory of the artifact
2026-10-03T22:00:37.9198540Z With the provided path, there will be 3 files uploaded
2026-10-03T22:00:37.9203285Z Artifact name is valid!
2026-10-03T22:00:37.9204915Z Root directory input is valid!
2026-10-03T22:00:38.3823621Z Uploading artifact: activity-validation-767-Windows.zip
2026-10-03T22:00:38.3894809Z Beginning upload of artifact content to blob storage
2026-10-03T22:00:38.7362843Z Uploaded bytes 18400
2026-10-03T22:00:38.7919917Z Finished uploading artifact content to blob storage!
2026-10-03T22:00:38.7921300Z SHA256 digest of uploaded artifact is 36ec23dafe3e0f49ebf1944a129b32ad930f7272c30b9ed3f39c25ed42107125
2026-10-03T22:00:38.7925538Z Finalizing artifact upload
2026-10-03T22:00:39.1880601Z Artifact activity-validation-767-Windows successfully finalized. Artifact ID 11286347451
2026-10-03T22:00:39.1882239Z Artifact activity-validation-767-Windows has been successfully uploaded! Final size is 18400 bytes. Artifact ID is 11286347451
2026-10-03T22:00:39.1890113Z Artifact download URL: https://github.com/danieljustus/symaira-brain/actions/runs/37155540582/artifacts/11286347451
2026-10-03T22:00:39.2213419Z ##[group]Run scripts/setup-repair-oracle/run.sh "$RUNNER_TEMP/setup-repair-parity.json"
2026-10-03T22:00:39.2214760Z [36;1mscripts/setup-repair-oracle/run.sh "$RUNNER_TEMP/setup-repair-parity.json"[0m
2026-10-03T22:00:39.2239541Z shell: C:\Program Files\Git\bin\bash.EXE --noprofile --norc -e -o pipefail {0}
2026-10-03T22:00:39.2240035Z env:
2026-10-03T22:00:39.2240331Z   GOTOOLCHAIN: local
2026-10-03T22:00:39.2240740Z   SYMBRAIN_XDG_ORACLE_FIXTURE: D:\a\_temp/xdg-oracle-windows.json
2026-10-03T22:00:39.2241325Z   SYMBRAIN_GUARD_DOCTOR_ORACLE_FIXTURE: D:\a\_temp/guard-doctor-oracle-windows.json
2026-10-03T22:00:39.2242000Z   SYMBRAIN_INSTRUCTIONS_ORACLE_FIXTURE: D:\a\_temp/instructions-oracle-windows.json
2026-10-03T22:00:39.2242608Z   SYMBRAIN_CLI_TREE_ORACLE_FIXTURE: D:\a\_temp/cli-tree-oracle-windows.json
2026-10-03T22:00:39.2243236Z   SYMBRAIN_ACTIVITY_CLI_ORACLE_FIXTURE: D:\a\_temp/activity-cli-oracle-windows.json
2026-10-03T22:00:39.2243964Z   SYMBRAIN_PROFILE_REMOVE_ORACLE_FIXTURE: D:\a\_temp/profile-remove-oracle-windows.json
2026-10-03T22:00:39.2244591Z   SYMBRAIN_SKILLS_ORACLE_FIXTURE: D:\a\_temp/skills-oracle-windows.json
2026-10-03T22:00:39.2245225Z   SYMBRAIN_SKILLS_INSTALL_ORACLE_FIXTURE: D:\a\_temp/skills-install-oracle-windows.json
2026-10-03T22:00:39.2245853Z   SYMBRAIN_GUARD_SCAN_ORACLE_FIXTURE: D:\a\_temp/guard-scan-oracle-windows.json
2026-10-03T22:00:39.2246316Z ##[endgroup]
2026-10-03T22:00:47.4261652Z     Finished `dev` profile [unoptimized + debuginfo] target(s) in 0.39s
2026-10-03T22:01:54.3496091Z PASS setup_unknown_flag
2026-10-03T22:01:54.3496894Z PASS setup_lone_hyphen (stdout, stderr, exit code, fs manifest/modes)
2026-10-03T22:01:54.3497935Z PASS setup_install_json (stdout, stderr, exit code, fs manifest/modes)
2026-10-03T22:01:54.3498898Z PASS setup_install_human (stdout, stderr, exit code, fs manifest/modes)
2026-10-03T22:01:54.3500343Z PASS setup_install_cosign_fail_json (stdout, stderr, exit code, fs manifest/modes)
2026-10-03T22:01:54.3501480Z PASS setup_cosign_command_fail_json (stdout, stderr, exit code, fs manifest/modes)
2026-10-03T22:01:54.3502581Z PASS setup_fix_correct_json (stdout, stderr, exit code, fs manifest/modes)
2026-10-03T22:01:54.3503634Z PASS setup_fix_correct_human (stdout, stderr, exit code, fs manifest/modes)
2026-10-03T22:01:54.3504696Z PASS setup_fix_mismatched_json (stdout, stderr, exit code, fs manifest/modes)
2026-10-03T22:01:54.3505831Z PASS repair-sidecar-0-force-False (stdout, stderr, exit code, fs manifest/modes)
2026-10-03T22:01:54.3506950Z PASS repair-sidecar-0-force-True (stdout, stderr, exit code, fs manifest/modes)
2026-10-03T22:01:54.3508101Z PASS repair-sidecar-1-force-False (stdout, stderr, exit code, fs manifest/modes)
2026-10-03T22:01:54.3509216Z PASS repair-sidecar-1-force-True (stdout, stderr, exit code, fs manifest/modes)
2026-10-03T22:01:54.3510330Z PASS repair-sidecar-2-force-False (stdout, stderr, exit code, fs manifest/modes)
2026-10-03T22:01:54.3511479Z PASS repair-sidecar-2-force-True (stdout, stderr, exit code, fs manifest/modes)
2026-10-03T22:01:54.3512581Z PASS repair-sidecar-3-force-False (stdout, stderr, exit code, fs manifest/modes)
2026-10-03T22:01:54.3513719Z PASS repair-sidecar-3-force-True (stdout, stderr, exit code, fs manifest/modes)
2026-10-03T22:01:54.3514828Z PASS repair-sidecar-4-force-False (stdout, stderr, exit code, fs manifest/modes)
2026-10-03T22:01:54.3515933Z PASS repair-sidecar-4-force-True (stdout, stderr, exit code, fs manifest/modes)
2026-10-03T22:01:54.3517077Z PASS repair-sidecar-5-force-False (stdout, stderr, exit code, fs manifest/modes)
2026-10-03T22:01:54.3518175Z PASS repair-sidecar-5-force-True (stdout, stderr, exit code, fs manifest/modes)
2026-10-03T22:01:54.3519317Z PASS repair-sidecar-6-force-False (stdout, stderr, exit code, fs manifest/modes)
2026-10-03T22:01:54.3520678Z PASS repair-sidecar-6-force-True (stdout, stderr, exit code, fs manifest/modes)
2026-10-03T22:01:54.3524522Z PASS repair-sidecar-7-force-False (stdout, stderr, exit code, fs manifest/modes)
2026-10-03T22:01:54.3525762Z PASS repair-sidecar-7-force-True (stdout, stderr, exit code, fs manifest/modes)
2026-10-03T22:01:54.3526973Z PASS repair-sidecar-8-force-False (stdout, stderr, exit code, fs manifest/modes)
2026-10-03T22:01:54.3528372Z PASS repair-sidecar-8-force-True (stdout, stderr, exit code, fs manifest/modes)
2026-10-03T22:01:54.3529483Z PASS repair-sidecar-9-force-False (stdout, stderr, exit code, fs manifest/modes)
2026-10-03T22:01:54.3530631Z PASS repair-sidecar-9-force-True (stdout, stderr, exit code, fs manifest/modes)
2026-10-03T22:01:54.3531752Z PASS repair-sidecar-10-force-False (stdout, stderr, exit code, fs manifest/modes)
2026-10-03T22:01:54.3532867Z PASS repair-sidecar-10-force-True (stdout, stderr, exit code, fs manifest/modes)
2026-10-03T22:01:54.3534019Z PASS repair-sidecar-11-force-False (stdout, stderr, exit code, fs manifest/modes)
2026-10-03T22:01:54.3535133Z PASS repair-sidecar-11-force-True (stdout, stderr, exit code, fs manifest/modes)
2026-10-03T22:01:54.3536283Z PASS repair-sidecar-12-force-False (stdout, stderr, exit code, fs manifest/modes)
2026-10-03T22:01:54.3537397Z PASS repair-sidecar-12-force-True (stdout, stderr, exit code, fs manifest/modes)
2026-10-03T22:01:54.3538526Z PASS repair-sidecar-13-force-False (stdout, stderr, exit code, fs manifest/modes)
2026-10-03T22:01:54.3539673Z PASS repair-sidecar-13-force-True (stdout, stderr, exit code, fs manifest/modes)
2026-10-03T22:01:54.3541126Z PASS repair-sidecar-14-force-False (stdout, stderr, exit code, fs manifest/modes)
2026-10-03T22:01:54.3542287Z PASS repair-sidecar-14-force-True (stdout, stderr, exit code, fs manifest/modes)
2026-10-03T22:01:54.3543400Z PASS repair-sidecar-15-force-False (stdout, stderr, exit code, fs manifest/modes)
2026-10-03T22:01:54.3544542Z PASS repair-sidecar-15-force-True (stdout, stderr, exit code, fs manifest/modes)
2026-10-03T22:01:54.3545656Z PASS repair-sidecar-16-force-False (stdout, stderr, exit code, fs manifest/modes)
2026-10-03T22:01:54.3546771Z PASS repair-sidecar-16-force-True (stdout, stderr, exit code, fs manifest/modes)
2026-10-03T22:01:54.3547917Z PASS repair-sidecar-17-force-False (stdout, stderr, exit code, fs manifest/modes)
2026-10-03T22:01:54.3549026Z PASS repair-sidecar-17-force-True (stdout, stderr, exit code, fs manifest/modes)
2026-10-03T22:01:54.3550162Z PASS repair-sidecar-18-force-False (stdout, stderr, exit code, fs manifest/modes)
2026-10-03T22:01:54.3551277Z PASS repair-sidecar-18-force-True (stdout, stderr, exit code, fs manifest/modes)
2026-10-03T22:01:54.3552365Z PASS repair-sidecar-19-force-False (stdout, stderr, exit code, fs manifest/modes)
2026-10-03T22:01:54.3553497Z PASS repair-sidecar-19-force-True (stdout, stderr, exit code, fs manifest/modes)
2026-10-03T22:01:54.3554593Z PASS repair-sidecar-20-force-False (stdout, stderr, exit code, fs manifest/modes)
2026-10-03T22:01:54.3555734Z PASS repair-sidecar-20-force-True (stdout, stderr, exit code, fs manifest/modes)
2026-10-03T22:01:54.3556854Z PASS repair-sidecar-21-force-False (stdout, stderr, exit code, fs manifest/modes)
2026-10-03T22:01:54.3557991Z PASS repair-sidecar-21-force-True (stdout, stderr, exit code, fs manifest/modes)
2026-10-03T22:01:54.3559074Z PASS repair-sidecar-22-force-False (stdout, stderr, exit code, fs manifest/modes)
2026-10-03T22:01:54.3560182Z PASS repair-sidecar-22-force-True (stdout, stderr, exit code, fs manifest/modes)
2026-10-03T22:01:54.3561608Z PASS repair-sidecar-23-force-False (stdout, stderr, exit code, fs manifest/modes)
2026-10-03T22:01:54.3562723Z PASS repair-sidecar-23-force-True (stdout, stderr, exit code, fs manifest/modes)
2026-10-03T22:01:54.3563858Z PASS repair-sidecar-24-force-False (stdout, stderr, exit code, fs manifest/modes)
2026-10-03T22:01:54.3564974Z PASS repair-sidecar-24-force-True (stdout, stderr, exit code, fs manifest/modes)
2026-10-03T22:01:54.3566074Z PASS repair-sidecar-25-force-False (stdout, stderr, exit code, fs manifest/modes)
2026-10-03T22:01:54.3567950Z PASS repair-sidecar-25-force-True (stdout, stderr, exit code, fs manifest/modes)
2026-10-03T22:01:54.3569108Z PASS repair-sidecar-26-force-False (stdout, stderr, exit code, fs manifest/modes)
2026-10-03T22:01:54.3570254Z PASS repair-sidecar-26-force-True (stdout, stderr, exit code, fs manifest/modes)
2026-10-03T22:01:54.3571493Z PASS repair-sidecar-27-force-False (stdout, stderr, exit code, fs manifest/modes)
2026-10-03T22:01:54.3572591Z PASS repair-sidecar-27-force-True (stdout, stderr, exit code, fs manifest/modes)
2026-10-03T22:01:54.3573659Z PASS repair-sidecar-28-force-False (stdout, stderr, exit code, fs manifest/modes)
2026-10-03T22:01:54.3574677Z PASS repair-sidecar-28-force-True (stdout, stderr, exit code, fs manifest/modes)
2026-10-03T22:01:54.3575707Z PASS repair-sidecar-29-force-False (stdout, stderr, exit code, fs manifest/modes)
2026-10-03T22:01:54.3576758Z PASS repair-sidecar-29-force-True (stdout, stderr, exit code, fs manifest/modes)
2026-10-03T22:01:54.3577800Z PASS repair-sidecar-30-force-False (stdout, stderr, exit code, fs manifest/modes)
2026-10-03T22:01:54.3592714Z PASS repair-sidecar-30-force-True (stdout, stderr, exit code, fs manifest/modes)
2026-10-03T22:01:54.3595794Z PASS repair-sidecar-31-force-False (stdout, stderr, exit code, fs manifest/modes)
2026-10-03T22:01:54.3597041Z PASS repair-sidecar-31-force-True (stdout, stderr, exit code, fs manifest/modes)
2026-10-03T22:01:54.3599059Z PASS repair-sidecar-32-force-False (stdout, stderr, exit code, fs manifest/modes)
2026-10-03T22:01:54.3600156Z PASS repair-sidecar-32-force-True (stdout, stderr, exit code, fs manifest/modes)
2026-10-03T22:01:54.3601248Z PASS repair-sidecar-33-force-False (stdout, stderr, exit code, fs manifest/modes)
2026-10-03T22:01:54.3602365Z PASS repair-sidecar-33-force-True (stdout, stderr, exit code, fs manifest/modes)
2026-10-03T22:01:54.3603825Z PASS repair-sidecar-34-force-False (stdout, stderr, exit code, fs manifest/modes)
2026-10-03T22:01:54.3605017Z PASS repair-sidecar-34-force-True (stdout, stderr, exit code, fs manifest/modes)
2026-10-03T22:01:54.3606133Z PASS repair-sidecar-35-force-False (stdout, stderr, exit code, fs manifest/modes)
2026-10-03T22:01:54.3607214Z PASS repair-sidecar-35-force-True (stdout, stderr, exit code, fs manifest/modes)
2026-10-03T22:01:54.3608286Z PASS repair-sidecar-36-force-False (stdout, stderr, exit code, fs manifest/modes)
2026-10-03T22:01:54.3609403Z PASS repair-sidecar-36-force-True (stdout, stderr, exit code, fs manifest/modes)
2026-10-03T22:01:54.3610533Z PASS repair-sidecar-37-force-False (stdout, stderr, exit code, fs manifest/modes)
2026-10-03T22:01:54.3611683Z PASS repair-sidecar-37-force-True (stdout, stderr, exit code, fs manifest/modes)
2026-10-03T22:01:54.3612843Z PASS repair-sidecar-38-force-False (stdout, stderr, exit code, fs manifest/modes)
2026-10-03T22:01:54.3613984Z PASS repair-sidecar-38-force-True (stdout, stderr, exit code, fs manifest/modes)
2026-10-03T22:01:54.3615049Z PASS repair-bool-json-1 (stdout, stderr, exit code, fs manifest/modes)
2026-10-03T22:01:54.3616027Z PASS repair-bool-json-t (stdout, stderr, exit code, fs manifest/modes)
2026-10-03T22:01:54.3617005Z PASS repair-bool-json-T (stdout, stderr, exit code, fs manifest/modes)
2026-10-03T22:01:54.3618012Z PASS repair-bool-json-TRUE (stdout, stderr, exit code, fs manifest/modes)
2026-10-03T22:01:54.3619365Z PASS repair-bool-json-True (stdout, stderr, exit code, fs manifest/modes)
2026-10-03T22:01:54.3620381Z PASS repair-bool-json-true (stdout, stderr, exit code, fs manifest/modes)
2026-10-03T22:01:54.3621462Z PASS repair-bool-json-0 (stdout, stderr, exit code, fs manifest/modes)
2026-10-03T22:01:54.3622432Z PASS repair-bool-json-f (stdout, stderr, exit code, fs manifest/modes)
2026-10-03T22:01:54.3623373Z PASS repair-bool-json-F (stdout, stderr, exit code, fs manifest/modes)
2026-10-03T22:01:54.3624353Z PASS repair-bool-json-FALSE (stdout, stderr, exit code, fs manifest/modes)
2026-10-03T22:01:54.3625386Z PASS repair-bool-json-False (stdout, stderr, exit code, fs manifest/modes)
2026-10-03T22:01:54.3626624Z PASS repair-bool-json-false (stdout, stderr, exit code, fs manifest/modes)
2026-10-03T22:01:54.3627647Z PASS repair-bool-json- (stdout, stderr, exit code, fs manifest/modes)
2026-10-03T22:01:54.3628620Z PASS repair-bool-json-yes (stdout, stderr, exit code, fs manifest/modes)
2026-10-03T22:01:54.3629807Z PASS repair-bool-fix-1 (stdout, stderr, exit code, fs manifest/modes)
2026-10-03T22:02:26.1750947Z PASS repair-bool-fix-t (stdout, stderr, exit code, fs manifest/modes)
2026-10-03T22:02:26.1752215Z PASS repair-bool-fix-T (stdout, stderr, exit code, fs manifest/modes)
2026-10-03T22:02:26.1753368Z PASS repair-bool-fix-TRUE (stdout, stderr, exit code, fs manifest/modes)
2026-10-03T22:02:26.1754567Z PASS repair-bool-fix-True (stdout, stderr, exit code, fs manifest/modes)
2026-10-03T22:02:26.1755729Z PASS repair-bool-fix-true (stdout, stderr, exit code, fs manifest/modes)
2026-10-03T22:02:26.1756884Z PASS repair-bool-fix-0 (stdout, stderr, exit code, fs manifest/modes)
2026-10-03T22:02:26.1758521Z PASS repair-bool-fix-f (stdout, stderr, exit code, fs manifest/modes)
2026-10-03T22:02:26.1759691Z PASS repair-bool-fix-F (stdout, stderr, exit code, fs manifest/modes)
2026-10-03T22:02:26.1761143Z PASS repair-bool-fix-FALSE (stdout, stderr, exit code, fs manifest/modes)
2026-10-03T22:02:26.1762237Z PASS repair-bool-fix-False (stdout, stderr, exit code, fs manifest/modes)
2026-10-03T22:02:26.1763256Z PASS repair-bool-fix-false (stdout, stderr, exit code, fs manifest/modes)
2026-10-03T22:02:26.1764315Z PASS repair-bool-fix- (stdout, stderr, exit code, fs manifest/modes)
2026-10-03T22:02:26.1766054Z PASS repair-bool-fix-yes (stdout, stderr, exit code, fs manifest/modes)
2026-10-03T22:02:26.1767346Z PASS repair-bool-allow-unsigned-1 (stdout, stderr, exit code, fs manifest/modes)
2026-10-03T22:02:26.1768566Z PASS repair-bool-allow-unsigned-t (stdout, stderr, exit code, fs manifest/modes)
2026-10-03T22:02:26.1769734Z PASS repair-bool-allow-unsigned-T (stdout, stderr, exit code, fs manifest/modes)
2026-10-03T22:02:26.1770906Z PASS repair-bool-allow-unsigned-TRUE (stdout, stderr, exit code, fs manifest/modes)
2026-10-03T22:02:26.1772138Z PASS repair-bool-allow-unsigned-True (stdout, stderr, exit code, fs manifest/modes)
2026-10-03T22:02:26.1773328Z PASS repair-bool-allow-unsigned-true (stdout, stderr, exit code, fs manifest/modes)
2026-10-03T22:02:26.1774506Z PASS repair-bool-allow-unsigned-0 (stdout, stderr, exit code, fs manifest/modes)
2026-10-03T22:02:26.1775585Z PASS repair-bool-allow-unsigned-f (stdout, stderr, exit code, fs manifest/modes)
2026-10-03T22:02:26.1776636Z PASS repair-bool-allow-unsigned-F (stdout, stderr, exit code, fs manifest/modes)
2026-10-03T22:02:26.1777771Z PASS repair-bool-allow-unsigned-FALSE (stdout, stderr, exit code, fs manifest/modes)
2026-10-03T22:02:26.1778899Z PASS repair-bool-allow-unsigned-False (stdout, stderr, exit code, fs manifest/modes)
2026-10-03T22:02:26.1780035Z PASS repair-bool-allow-unsigned-false (stdout, stderr, exit code, fs manifest/modes)
2026-10-03T22:02:26.1781147Z PASS repair-bool-allow-unsigned- (stdout, stderr, exit code, fs manifest/modes)
2026-10-03T22:02:26.1782238Z PASS repair-bool-allow-unsigned-yes (stdout, stderr, exit code, fs manifest/modes)
2026-10-03T22:02:26.1783311Z PASS repair-bool-force-release-1 (stdout, stderr, exit code, fs manifest/modes)
2026-10-03T22:02:26.1784362Z PASS repair-bool-force-release-t (stdout, stderr, exit code, fs manifest/modes)
2026-10-03T22:02:26.1785445Z PASS repair-bool-force-release-T (stdout, stderr, exit code, fs manifest/modes)
2026-10-03T22:02:26.1786894Z PASS repair-bool-force-release-TRUE (stdout, stderr, exit code, fs manifest/modes)
2026-10-03T22:02:26.1788022Z PASS repair-bool-force-release-True (stdout, stderr, exit code, fs manifest/modes)
2026-10-03T22:02:26.1789176Z PASS repair-bool-force-release-true (stdout, stderr, exit code, fs manifest/modes)
2026-10-03T22:02:26.1790256Z PASS repair-bool-force-release-0 (stdout, stderr, exit code, fs manifest/modes)
2026-10-03T22:02:26.1791622Z PASS repair-bool-force-release-f (stdout, stderr, exit code, fs manifest/modes)
2026-10-03T22:02:26.1792755Z PASS repair-bool-force-release-F (stdout, stderr, exit code, fs manifest/modes)
2026-10-03T22:02:26.1793808Z PASS repair-bool-force-release-FALSE (stdout, stderr, exit code, fs manifest/modes)
2026-10-03T22:02:26.1795239Z PASS repair-bool-force-release-False (stdout, stderr, exit code, fs manifest/modes)
2026-10-03T22:02:26.1796489Z PASS repair-bool-force-release-false (stdout, stderr, exit code, fs manifest/modes)
2026-10-03T22:02:26.1797705Z PASS repair-bool-force-release- (stdout, stderr, exit code, fs manifest/modes)
2026-10-03T22:02:26.1798910Z PASS repair-bool-force-release-yes (stdout, stderr, exit code, fs manifest/modes)
2026-10-03T22:02:26.1800067Z PASS repair-source-human (stdout, stderr, exit code, fs manifest/modes)
2026-10-03T22:02:26.1801164Z PASS repair-module-config-0 (stdout, stderr, exit code, fs manifest/modes)
2026-10-03T22:02:26.1802382Z PASS repair-module-config-1 (stdout, stderr, exit code, fs manifest/modes)
2026-10-03T22:02:26.1803540Z PASS repair-module-config-2 (stdout, stderr, exit code, fs manifest/modes)
2026-10-03T22:02:26.1808546Z PASS repair-module-config-3 (stdout, stderr, exit code, fs manifest/modes)
2026-10-03T22:02:26.1809685Z PASS repair-module-config-4 (stdout, stderr, exit code, fs manifest/modes)
2026-10-03T22:02:26.1810676Z PASS repair-module-config-5 (stdout, stderr, exit code, fs manifest/modes)
2026-10-03T22:02:26.1811601Z PASS repair-module-config-6 (stdout, stderr, exit code, fs manifest/modes)
2026-10-03T22:02:26.1812454Z 151 parity cases passed
2026-10-03T22:02:26.2497741Z ##[group]Run actions/upload-artifact@043fb46d1a93c77aae656e7c1c64a875d1fc6a0a
2026-10-03T22:02:26.2498249Z with:
2026-10-03T22:02:26.2499074Z   name: setup-repair-parity-Windows
2026-10-03T22:02:26.2499407Z   path: D:\a\_temp/setup-repair-parity.json
2026-10-03T22:02:26.2499733Z   if-no-files-found: error
2026-10-03T22:02:26.2500027Z   retention-days: 14
2026-10-03T22:02:26.2500389Z   compression-level: 6
2026-10-03T22:02:26.2500738Z   overwrite: false
2026-10-03T22:02:26.2501348Z   include-hidden-files: false
2026-10-03T22:02:26.2501695Z   archive: true
2026-10-03T22:02:26.2502025Z env:
2026-10-03T22:02:26.2502344Z   GOTOOLCHAIN: local
2026-10-03T22:02:26.2502840Z   SYMBRAIN_XDG_ORACLE_FIXTURE: D:\a\_temp/xdg-oracle-windows.json
2026-10-03T22:02:26.2503693Z   SYMBRAIN_GUARD_DOCTOR_ORACLE_FIXTURE: D:\a\_temp/guard-doctor-oracle-windows.json
2026-10-03T22:02:26.2504910Z   SYMBRAIN_INSTRUCTIONS_ORACLE_FIXTURE: D:\a\_temp/instructions-oracle-windows.json
2026-10-03T22:02:26.2505551Z   SYMBRAIN_CLI_TREE_ORACLE_FIXTURE: D:\a\_temp/cli-tree-oracle-windows.json
2026-10-03T22:02:26.2506108Z   SYMBRAIN_ACTIVITY_CLI_ORACLE_FIXTURE: D:\a\_temp/activity-cli-oracle-windows.json
2026-10-03T22:02:26.2506700Z   SYMBRAIN_PROFILE_REMOVE_ORACLE_FIXTURE: D:\a\_temp/profile-remove-oracle-windows.json
2026-10-03T22:02:26.2507424Z   SYMBRAIN_SKILLS_ORACLE_FIXTURE: D:\a\_temp/skills-oracle-windows.json
2026-10-03T22:02:26.2508000Z   SYMBRAIN_SKILLS_INSTALL_ORACLE_FIXTURE: D:\a\_temp/skills-install-oracle-windows.json
2026-10-03T22:02:26.2508608Z   SYMBRAIN_GUARD_SCAN_ORACLE_FIXTURE: D:\a\_temp/guard-scan-oracle-windows.json
2026-10-03T22:02:26.2509052Z ##[endgroup]
2026-10-03T22:02:26.4483235Z With the provided path, there will be 1 file uploaded
2026-10-03T22:02:26.4491270Z Artifact name is valid!
2026-10-03T22:02:26.4492306Z Root directory input is valid!
2026-10-03T22:02:26.7967753Z Uploading artifact: setup-repair-parity-Windows.zip
2026-10-03T22:02:26.8033377Z Beginning upload of artifact content to blob storage
2026-10-03T22:02:27.1354473Z Uploaded bytes 41153
2026-10-03T22:02:27.1927207Z Finished uploading artifact content to blob storage!
2026-10-03T22:02:27.1928640Z SHA256 digest of uploaded artifact is 9a052a6b282f969aaaf52b9a1e785abf20d9d120b2d3e1eb5ee26ee77bdac302
2026-10-03T22:02:27.1929738Z Finalizing artifact upload
2026-10-03T22:02:27.5556286Z Artifact setup-repair-parity-Windows successfully finalized. Artifact ID 11286496316
2026-10-03T22:02:27.5558433Z Artifact setup-repair-parity-Windows has been successfully uploaded! Final size is 41153 bytes. Artifact ID is 11286496316
2026-10-03T22:02:27.5566924Z Artifact download URL: https://github.com/danieljustus/symaira-brain/actions/runs/37155540582/artifacts/11286496316
2026-10-03T22:02:27.5926658Z ##[group]Run scripts/usage-fetch-oracle/run.sh "$RUNNER_TEMP/usage-fetch-620.json"
2026-10-03T22:02:27.5927382Z [36;1mscripts/usage-fetch-oracle/run.sh "$RUNNER_TEMP/usage-fetch-620.json"[0m
2026-10-03T22:02:27.5949307Z shell: C:\Program Files\Git\bin\bash.EXE --noprofile --norc -e -o pipefail {0}
2026-10-03T22:02:27.5949742Z env:
2026-10-03T22:02:27.5949940Z   GOTOOLCHAIN: local
2026-10-03T22:02:27.5950273Z   SYMBRAIN_XDG_ORACLE_FIXTURE: D:\a\_temp/xdg-oracle-windows.json
2026-10-03T22:02:27.5950793Z   SYMBRAIN_GUARD_DOCTOR_ORACLE_FIXTURE: D:\a\_temp/guard-doctor-oracle-windows.json
2026-10-03T22:02:27.5951381Z   SYMBRAIN_INSTRUCTIONS_ORACLE_FIXTURE: D:\a\_temp/instructions-oracle-windows.json
2026-10-03T22:02:27.5951933Z   SYMBRAIN_CLI_TREE_ORACLE_FIXTURE: D:\a\_temp/cli-tree-oracle-windows.json
2026-10-03T22:02:27.5952480Z   SYMBRAIN_ACTIVITY_CLI_ORACLE_FIXTURE: D:\a\_temp/activity-cli-oracle-windows.json
2026-10-03T22:02:27.5953091Z   SYMBRAIN_PROFILE_REMOVE_ORACLE_FIXTURE: D:\a\_temp/profile-remove-oracle-windows.json
2026-10-03T22:02:27.5953637Z   SYMBRAIN_SKILLS_ORACLE_FIXTURE: D:\a\_temp/skills-oracle-windows.json
2026-10-03T22:02:27.5954175Z   SYMBRAIN_SKILLS_INSTALL_ORACLE_FIXTURE: D:\a\_temp/skills-install-oracle-windows.json
2026-10-03T22:02:27.5954753Z   SYMBRAIN_GUARD_SCAN_ORACLE_FIXTURE: D:\a\_temp/guard-scan-oracle-windows.json
2026-10-03T22:02:27.5955158Z ##[endgroup]
2026-10-03T22:02:31.0820363Z ok  	github.com/danieljustus/symaira-brain/internal/usage	0.076s
2026-10-03T22:02:38.9459090Z ok  	github.com/danieljustus/symaira-brain/cmd/symbrain	0.078s
2026-10-03T22:02:39.9305401Z    Compiling cc v1.4.5
2026-10-03T22:02:39.9306390Z    Compiling proc-macro2 v1.0.107
2026-10-03T22:02:39.9315801Z    Compiling quote v1.0.47
2026-10-03T22:02:39.9316390Z    Compiling windows-sys v0.52.0
2026-10-03T22:02:40.5942566Z    Compiling windows-sys v0.61.2
2026-10-03T22:02:43.3543023Z    Compiling ring v0.17.14
2026-10-03T22:02:43.5358779Z    Compiling memchr v2.8.3
2026-10-03T22:02:43.5458675Z    Compiling httparse v1.10.1
2026-10-03T22:02:44.4966371Z    Compiling syn v3.0.5
2026-10-03T22:02:45.3045403Z    Compiling rustls v0.23.45
2026-10-03T22:02:45.6860584Z    Compiling once_cell v1.21.4
2026-10-03T22:02:46.1451466Z    Compiling http v1.5.0
2026-10-03T22:02:47.1963393Z    Compiling fs-set-times v0.20.3
2026-10-03T22:02:47.5754309Z    Compiling io-extras v0.19.0
2026-10-03T22:02:48.6995869Z    Compiling aho-corasick v1.1.5
2026-10-03T22:02:48.7809210Z    Compiling winx v0.36.4
2026-10-03T22:02:50.0235640Z    Compiling serde_derive v1.0.229
2026-10-03T22:02:50.1245206Z    Compiling serde_json v1.0.151
2026-10-03T22:02:50.6616707Z    Compiling rustls-webpki v0.103.15
2026-10-03T22:02:53.8837702Z    Compiling base64 v0.23.1
2026-10-03T22:02:54.0133728Z    Compiling regex-automata v0.4.18
2026-10-03T22:02:54.8095902Z    Compiling ureq-proto v0.6.2
2026-10-03T22:02:55.1947461Z    Compiling cap-primitives v4.0.3
2026-10-03T22:02:57.0079447Z    Compiling serde v1.0.229
2026-10-03T22:02:57.1629152Z    Compiling errno v0.3.14
2026-10-03T22:02:57.7019676Z    Compiling tempfile v3.27.0
2026-10-03T22:02:58.3934294Z    Compiling chrono v0.4.45
2026-10-03T22:02:58.9503387Z    Compiling regex v1.13.1
2026-10-03T22:03:00.3899401Z    Compiling digest v0.10.7
2026-10-03T22:03:00.8001965Z    Compiling rustix v1.1.4
2026-10-03T22:03:02.1083163Z    Compiling cap-std v4.0.3
2026-10-03T22:03:02.8903726Z    Compiling sha2 v0.10.9
2026-10-03T22:03:04.0429099Z    Compiling ureq v3.4.1
2026-10-03T22:03:06.0727371Z    Compiling symbrain-usage v0.12.1 (D:\a\symaira-brain\symaira-brain\rust\symbrain-usage)
2026-10-03T22:03:24.0078510Z     Finished `test` profile [unoptimized + debuginfo] target(s) in 44.38s
2026-10-03T22:03:24.0174215Z      Running unittests src\lib.rs (target\debug\deps\symbrain_usage-cb188b710c259e22.exe)
2026-10-03T22:03:24.0321856Z 
2026-10-03T22:03:24.0322344Z running 1 test
2026-10-03T22:03:24.1118810Z test providers::usage_fetch_oracle_tests::usage_fetch_620_reports_and_all_identity_headers_match_go ... ok
2026-10-03T22:03:24.1119832Z 
2026-10-03T22:03:24.1120379Z test result: ok. 1 passed; 0 failed; 0 ignored; 0 measured; 60 filtered out; finished in 0.08s
2026-10-03T22:03:24.1121084Z 
2026-10-03T22:03:24.1142998Z      Running tests\credential_reference_tests.rs (target\debug\deps\credential_reference_tests-e7137ce2635e8667.exe)
2026-10-03T22:03:24.1281245Z 
2026-10-03T22:03:24.1281692Z running 0 tests
2026-10-03T22:03:24.1282610Z 
2026-10-03T22:03:24.1283577Z test result: ok. 0 passed; 0 failed; 0 ignored; 0 measured; 1 filtered out; finished in 0.00s
2026-10-03T22:03:24.1284310Z 
2026-10-03T22:03:24.1301460Z      Running tests\hermes_credential_tests.rs (target\debug\deps\hermes_credential_tests-c1ca44768e34d443.exe)
2026-10-03T22:03:24.1408533Z 
2026-10-03T22:03:24.1408906Z running 0 tests
2026-10-03T22:03:24.1409405Z 
2026-10-03T22:03:24.1410289Z test result: ok. 0 passed; 0 failed; 0 ignored; 0 measured; 1 filtered out; finished in 0.00s
2026-10-03T22:03:24.1411078Z 
2026-10-03T22:03:24.1427288Z      Running tests\secret_oracle_tests.rs (target\debug\deps\secret_oracle_tests-84d4e723b0a596cb.exe)
2026-10-03T22:03:24.1535336Z 
2026-10-03T22:03:24.1535764Z running 0 tests
2026-10-03T22:03:24.1536288Z 
2026-10-03T22:03:24.1536882Z test result: ok. 0 passed; 0 failed; 0 ignored; 0 measured; 8 filtered out; finished in 0.00s
2026-10-03T22:03:24.1537634Z 
2026-10-03T22:03:24.1557136Z      Running tests\usage_tests.rs (target\debug\deps\usage_tests-3d32c567a767f3fc.exe)
2026-10-03T22:03:24.1661133Z 
2026-10-03T22:03:24.1661582Z running 0 tests
2026-10-03T22:03:24.1662103Z 
2026-10-03T22:03:24.1662991Z test result: ok. 0 passed; 0 failed; 0 ignored; 0 measured; 9 filtered out; finished in 0.00s
2026-10-03T22:03:24.1663794Z 
2026-10-03T22:03:24.6577883Z    Compiling symbrain-cli v0.12.1 (D:\a\symaira-brain\symaira-brain\rust\symbrain-cli)
2026-10-03T22:03:35.7423870Z     Finished `test` profile [unoptimized + debuginfo] target(s) in 11.50s
2026-10-03T22:03:35.7614890Z      Running unittests src\lib.rs (target\debug\deps\symbrain_cli-f450fe0ef38ab31f.exe)
2026-10-03T22:03:35.7766939Z 
2026-10-03T22:03:35.7767682Z running 1 test
2026-10-03T22:03:35.7979555Z test usage_cli::fetch_output_tests::usage_fetch_620_cli_json_and_table_match_go_bytes ... ok
2026-10-03T22:03:35.7980686Z 
2026-10-03T22:03:35.7981283Z test result: ok. 1 passed; 0 failed; 0 ignored; 0 measured; 108 filtered out; finished in 0.02s
2026-10-03T22:03:35.7982021Z 
2026-10-03T22:03:37.3031355Z usage #620: all four real negative controls failed with their expected diagnostics
2026-10-03T22:03:37.5259050Z usage #620: 133/133 reports, 266 JSON/table byte comparisons, complete request walks match
2026-10-03T22:03:37.9712344Z ##[group]Run actions/upload-artifact@043fb46d1a93c77aae656e7c1c64a875d1fc6a0a
2026-10-03T22:03:37.9713184Z with:
2026-10-03T22:03:37.9713539Z   name: usage-fetch-620-Windows
2026-10-03T22:03:37.9714084Z   path: D:\a\_temp/usage-fetch-620.json
2026-10-03T22:03:37.9714590Z   if-no-files-found: error
2026-10-03T22:03:37.9715010Z   retention-days: 14
2026-10-03T22:03:37.9715387Z   compression-level: 6
2026-10-03T22:03:37.9715771Z   overwrite: false
2026-10-03T22:03:37.9716144Z   include-hidden-files: false
2026-10-03T22:03:37.9716570Z   archive: true
2026-10-03T22:03:37.9716897Z env:
2026-10-03T22:03:37.9717209Z   GOTOOLCHAIN: local
2026-10-03T22:03:37.9717755Z   SYMBRAIN_XDG_ORACLE_FIXTURE: D:\a\_temp/xdg-oracle-windows.json
2026-10-03T22:03:37.9718680Z   SYMBRAIN_GUARD_DOCTOR_ORACLE_FIXTURE: D:\a\_temp/guard-doctor-oracle-windows.json
2026-10-03T22:03:37.9719719Z   SYMBRAIN_INSTRUCTIONS_ORACLE_FIXTURE: D:\a\_temp/instructions-oracle-windows.json
2026-10-03T22:03:37.9720737Z   SYMBRAIN_CLI_TREE_ORACLE_FIXTURE: D:\a\_temp/cli-tree-oracle-windows.json
2026-10-03T22:03:37.9721717Z   SYMBRAIN_ACTIVITY_CLI_ORACLE_FIXTURE: D:\a\_temp/activity-cli-oracle-windows.json
2026-10-03T22:03:37.9723079Z   SYMBRAIN_PROFILE_REMOVE_ORACLE_FIXTURE: D:\a\_temp/profile-remove-oracle-windows.json
2026-10-03T22:03:37.9724062Z   SYMBRAIN_SKILLS_ORACLE_FIXTURE: D:\a\_temp/skills-oracle-windows.json
2026-10-03T22:03:37.9725032Z   SYMBRAIN_SKILLS_INSTALL_ORACLE_FIXTURE: D:\a\_temp/skills-install-oracle-windows.json
2026-10-03T22:03:37.9726050Z   SYMBRAIN_GUARD_SCAN_ORACLE_FIXTURE: D:\a\_temp/guard-scan-oracle-windows.json
2026-10-03T22:03:37.9726771Z ##[endgroup]
2026-10-03T22:03:38.1968302Z With the provided path, there will be 1 file uploaded
2026-10-03T22:03:38.1973747Z Artifact name is valid!
2026-10-03T22:03:38.1975964Z Root directory input is valid!
2026-10-03T22:03:38.5376006Z Uploading artifact: usage-fetch-620-Windows.zip
2026-10-03T22:03:38.5426024Z Beginning upload of artifact content to blob storage
2026-10-03T22:03:38.8302597Z Uploaded bytes 16344
2026-10-03T22:03:38.8878819Z Finished uploading artifact content to blob storage!
2026-10-03T22:03:38.8880699Z SHA256 digest of uploaded artifact is 12b9b44947b9df1eaef8771e1d8d27b9a520685e9ed69a2c70f9519286d81cf5
2026-10-03T22:03:38.8882006Z Finalizing artifact upload
2026-10-03T22:03:39.2451909Z Artifact usage-fetch-620-Windows successfully finalized. Artifact ID 11285742920
2026-10-03T22:03:39.2453606Z Artifact usage-fetch-620-Windows has been successfully uploaded! Final size is 16344 bytes. Artifact ID is 11285742920
2026-10-03T22:03:39.2460325Z Artifact download URL: https://github.com/danieljustus/symaira-brain/actions/runs/37155540582/artifacts/11285742920
2026-10-03T22:03:39.2816389Z ##[group]Run scripts/usage-credential-oracle/run.sh "$RUNNER_TEMP/usage-credential-768.json"
2026-10-03T22:03:39.2817937Z [36;1mscripts/usage-credential-oracle/run.sh "$RUNNER_TEMP/usage-credential-768.json"[0m
2026-10-03T22:03:39.2834085Z shell: C:\Program Files\Git\bin\bash.EXE --noprofile --norc -e -o pipefail {0}
2026-10-03T22:03:39.2834532Z env:
2026-10-03T22:03:39.2834761Z   GOTOOLCHAIN: local
2026-10-03T22:03:39.2835110Z   SYMBRAIN_XDG_ORACLE_FIXTURE: D:\a\_temp/xdg-oracle-windows.json
2026-10-03T22:03:39.2835720Z   SYMBRAIN_GUARD_DOCTOR_ORACLE_FIXTURE: D:\a\_temp/guard-doctor-oracle-windows.json
2026-10-03T22:03:39.2836311Z   SYMBRAIN_INSTRUCTIONS_ORACLE_FIXTURE: D:\a\_temp/instructions-oracle-windows.json
2026-10-03T22:03:39.2836884Z   SYMBRAIN_CLI_TREE_ORACLE_FIXTURE: D:\a\_temp/cli-tree-oracle-windows.json
2026-10-03T22:03:39.2837456Z   SYMBRAIN_ACTIVITY_CLI_ORACLE_FIXTURE: D:\a\_temp/activity-cli-oracle-windows.json
2026-10-03T22:03:39.2838098Z   SYMBRAIN_PROFILE_REMOVE_ORACLE_FIXTURE: D:\a\_temp/profile-remove-oracle-windows.json
2026-10-03T22:03:39.2838686Z   SYMBRAIN_SKILLS_ORACLE_FIXTURE: D:\a\_temp/skills-oracle-windows.json
2026-10-03T22:03:39.2839252Z   SYMBRAIN_SKILLS_INSTALL_ORACLE_FIXTURE: D:\a\_temp/skills-install-oracle-windows.json
2026-10-03T22:03:39.2839844Z   SYMBRAIN_GUARD_SCAN_ORACLE_FIXTURE: D:\a\_temp/guard-scan-oracle-windows.json
2026-10-03T22:03:39.2840262Z ##[endgroup]
2026-10-03T22:03:40.9808064Z cp: target 'D:\a\_temp/symbrain-usage-768.KCyLKQ/bin/security.exe' is not a directory
2026-10-03T22:03:41.4483637Z ##[error]Process completed with exit code 1.
2026-10-03T22:03:41.4741076Z ##[group]Run actions/upload-artifact@043fb46d1a93c77aae656e7c1c64a875d1fc6a0a
2026-10-03T22:03:41.4741898Z with:
2026-10-03T22:03:41.4742295Z   name: usage-credential-768-Windows
2026-10-03T22:03:41.4743104Z   path: D:\a\_temp/usage-credential-768.json
D:\a\_temp/usage-credential-768.evidence

2026-10-03T22:03:41.4743940Z   if-no-files-found: error
2026-10-03T22:03:41.4744373Z   retention-days: 14
2026-10-03T22:03:41.4744769Z   compression-level: 6
2026-10-03T22:03:41.4745161Z   overwrite: false
2026-10-03T22:03:41.4745554Z   include-hidden-files: false
2026-10-03T22:03:41.4746000Z   archive: true
2026-10-03T22:03:41.4746609Z env:
2026-10-03T22:03:41.4746951Z   GOTOOLCHAIN: local
2026-10-03T22:03:41.4747514Z   SYMBRAIN_XDG_ORACLE_FIXTURE: D:\a\_temp/xdg-oracle-windows.json
2026-10-03T22:03:41.4748853Z   SYMBRAIN_GUARD_DOCTOR_ORACLE_FIXTURE: D:\a\_temp/guard-doctor-oracle-windows.json
2026-10-03T22:03:41.4749983Z   SYMBRAIN_INSTRUCTIONS_ORACLE_FIXTURE: D:\a\_temp/instructions-oracle-windows.json
2026-10-03T22:03:41.4751009Z   SYMBRAIN_CLI_TREE_ORACLE_FIXTURE: D:\a\_temp/cli-tree-oracle-windows.json
2026-10-03T22:03:41.4752022Z   SYMBRAIN_ACTIVITY_CLI_ORACLE_FIXTURE: D:\a\_temp/activity-cli-oracle-windows.json
2026-10-03T22:03:41.4753126Z   SYMBRAIN_PROFILE_REMOVE_ORACLE_FIXTURE: D:\a\_temp/profile-remove-oracle-windows.json
2026-10-03T22:03:41.4754163Z   SYMBRAIN_SKILLS_ORACLE_FIXTURE: D:\a\_temp/skills-oracle-windows.json
2026-10-03T22:03:41.4755169Z   SYMBRAIN_SKILLS_INSTALL_ORACLE_FIXTURE: D:\a\_temp/skills-install-oracle-windows.json
2026-10-03T22:03:41.4756244Z   SYMBRAIN_GUARD_SCAN_ORACLE_FIXTURE: D:\a\_temp/guard-scan-oracle-windows.json
2026-10-03T22:03:41.4756996Z ##[endgroup]
2026-10-03T22:03:41.6699170Z Multiple search paths detected. Calculating the least common ancestor of all paths
2026-10-03T22:03:41.6701738Z The least common ancestor is D:\a\_temp. This will be the root directory of the artifact
2026-10-03T22:03:41.6702803Z With the provided path, there will be 1 file uploaded
2026-10-03T22:03:41.6707972Z Artifact name is valid!
2026-10-03T22:03:41.6709400Z Root directory input is valid!
2026-10-03T22:03:42.0179428Z Uploading artifact: usage-credential-768-Windows.zip
2026-10-03T22:03:42.0254929Z Beginning upload of artifact content to blob storage
2026-10-03T22:03:42.2571657Z Uploaded bytes 278
2026-10-03T22:03:42.3135614Z Finished uploading artifact content to blob storage!
2026-10-03T22:03:42.3137385Z SHA256 digest of uploaded artifact is c21419e08a319619dd9d2d2fe1b8eab99f478fd07250b6028a37b7f8c6e963cd
2026-10-03T22:03:42.3139020Z Finalizing artifact upload
2026-10-03T22:03:42.7062868Z Artifact usage-credential-768-Windows successfully finalized. Artifact ID 11285752835
2026-10-03T22:03:42.7064750Z Artifact usage-credential-768-Windows has been successfully uploaded! Final size is 278 bytes. Artifact ID is 11285752835
2026-10-03T22:03:42.7072481Z Artifact download URL: https://github.com/danieljustus/symaira-brain/actions/runs/37155540582/artifacts/11285752835
2026-10-03T22:03:42.7456213Z ##[group]Run actions/upload-artifact@043fb46d1a93c77aae656e7c1c64a875d1fc6a0a
2026-10-03T22:03:42.7456745Z with:
2026-10-03T22:03:42.7456995Z   name: usage-provider-files-768-Windows
2026-10-03T22:03:42.7457527Z   path: D:\a\_temp/usage-provider-files-768.json
D:\a\_temp/usage-provider-files-768.evidence

2026-10-03T22:03:42.7458047Z   if-no-files-found: error
2026-10-03T22:03:42.7458312Z   retention-days: 14
2026-10-03T22:03:42.7458560Z   compression-level: 6
2026-10-03T22:03:42.7458803Z   overwrite: false
2026-10-03T22:03:42.7459055Z   include-hidden-files: false
2026-10-03T22:03:42.7459332Z   archive: true
2026-10-03T22:03:42.7459562Z env:
2026-10-03T22:03:42.7459772Z   GOTOOLCHAIN: local
2026-10-03T22:03:42.7460127Z   SYMBRAIN_XDG_ORACLE_FIXTURE: D:\a\_temp/xdg-oracle-windows.json
2026-10-03T22:03:42.7460683Z   SYMBRAIN_GUARD_DOCTOR_ORACLE_FIXTURE: D:\a\_temp/guard-doctor-oracle-windows.json
2026-10-03T22:03:42.7461338Z   SYMBRAIN_INSTRUCTIONS_ORACLE_FIXTURE: D:\a\_temp/instructions-oracle-windows.json
2026-10-03T22:03:42.7462262Z   SYMBRAIN_CLI_TREE_ORACLE_FIXTURE: D:\a\_temp/cli-tree-oracle-windows.json
2026-10-03T22:03:42.7462918Z   SYMBRAIN_ACTIVITY_CLI_ORACLE_FIXTURE: D:\a\_temp/activity-cli-oracle-windows.json
2026-10-03T22:03:42.7463539Z   SYMBRAIN_PROFILE_REMOVE_ORACLE_FIXTURE: D:\a\_temp/profile-remove-oracle-windows.json
2026-10-03T22:03:42.7464136Z   SYMBRAIN_SKILLS_ORACLE_FIXTURE: D:\a\_temp/skills-oracle-windows.json
2026-10-03T22:03:42.7464701Z   SYMBRAIN_SKILLS_INSTALL_ORACLE_FIXTURE: D:\a\_temp/skills-install-oracle-windows.json
2026-10-03T22:03:42.7465300Z   SYMBRAIN_GUARD_SCAN_ORACLE_FIXTURE: D:\a\_temp/guard-scan-oracle-windows.json
2026-10-03T22:03:42.7465721Z ##[endgroup]
2026-10-03T22:03:42.9326848Z Multiple search paths detected. Calculating the least common ancestor of all paths
2026-10-03T22:03:42.9330154Z The least common ancestor is D:\a\_temp. This will be the root directory of the artifact
2026-10-03T22:03:42.9354576Z ##[error]No files were found with the provided path: D:\a\_temp/usage-provider-files-768.json
D:\a\_temp/usage-provider-files-768.evidence. No artifacts will be uploaded.
2026-10-03T22:03:42.9649732Z ##[group]Run actions/upload-artifact@043fb46d1a93c77aae656e7c1c64a875d1fc6a0a
2026-10-03T22:03:42.9650249Z with:
2026-10-03T22:03:42.9650480Z   name: usage-hermes-768-Windows
2026-10-03T22:03:42.9650910Z   path: D:\a\_temp/usage-hermes-768.json
D:\a\_temp/usage-hermes-768.evidence

2026-10-03T22:03:42.9651348Z   if-no-files-found: error
2026-10-03T22:03:42.9651607Z   retention-days: 14
2026-10-03T22:03:42.9651848Z   compression-level: 6
2026-10-03T22:03:42.9652087Z   overwrite: false
2026-10-03T22:03:42.9652321Z   include-hidden-files: false
2026-10-03T22:03:42.9652600Z   archive: true
2026-10-03T22:03:42.9652809Z env:
2026-10-03T22:03:42.9653011Z   GOTOOLCHAIN: local
2026-10-03T22:03:42.9653353Z   SYMBRAIN_XDG_ORACLE_FIXTURE: D:\a\_temp/xdg-oracle-windows.json
2026-10-03T22:03:42.9653899Z   SYMBRAIN_GUARD_DOCTOR_ORACLE_FIXTURE: D:\a\_temp/guard-doctor-oracle-windows.json
2026-10-03T22:03:42.9654538Z   SYMBRAIN_INSTRUCTIONS_ORACLE_FIXTURE: D:\a\_temp/instructions-oracle-windows.json
2026-10-03T22:03:42.9655103Z   SYMBRAIN_CLI_TREE_ORACLE_FIXTURE: D:\a\_temp/cli-tree-oracle-windows.json
2026-10-03T22:03:42.9655665Z   SYMBRAIN_ACTIVITY_CLI_ORACLE_FIXTURE: D:\a\_temp/activity-cli-oracle-windows.json
2026-10-03T22:03:42.9656294Z   SYMBRAIN_PROFILE_REMOVE_ORACLE_FIXTURE: D:\a\_temp/profile-remove-oracle-windows.json
2026-10-03T22:03:42.9656870Z   SYMBRAIN_SKILLS_ORACLE_FIXTURE: D:\a\_temp/skills-oracle-windows.json
2026-10-03T22:03:42.9657427Z   SYMBRAIN_SKILLS_INSTALL_ORACLE_FIXTURE: D:\a\_temp/skills-install-oracle-windows.json
2026-10-03T22:03:42.9658013Z   SYMBRAIN_GUARD_SCAN_ORACLE_FIXTURE: D:\a\_temp/guard-scan-oracle-windows.json
2026-10-03T22:03:42.9658431Z ##[endgroup]
2026-10-03T22:03:43.1556138Z Multiple search paths detected. Calculating the least common ancestor of all paths
2026-10-03T22:03:43.1558943Z The least common ancestor is D:\a\_temp. This will be the root directory of the artifact
2026-10-03T22:03:43.1562447Z ##[error]No files were found with the provided path: D:\a\_temp/usage-hermes-768.json
D:\a\_temp/usage-hermes-768.evidence. No artifacts will be uploaded.
2026-10-03T22:03:43.1886836Z ##[group]Run actions/upload-artifact@043fb46d1a93c77aae656e7c1c64a875d1fc6a0a
2026-10-03T22:03:43.1887915Z with:
2026-10-03T22:03:43.1888510Z   name: vault-admin-parity-Windows
2026-10-03T22:03:43.1889259Z   path: D:\a\_temp/vault-admin-parity.json
2026-10-03T22:03:43.1889946Z   if-no-files-found: error
2026-10-03T22:03:43.1890625Z   retention-days: 7
2026-10-03T22:03:43.1891195Z   compression-level: 6
2026-10-03T22:03:43.1891812Z   overwrite: false
2026-10-03T22:03:43.1892408Z   include-hidden-files: false
2026-10-03T22:03:43.1893391Z   archive: true
2026-10-03T22:03:43.1893891Z env:
2026-10-03T22:03:43.1894403Z   GOTOOLCHAIN: local
2026-10-03T22:03:43.1895126Z   SYMBRAIN_XDG_ORACLE_FIXTURE: D:\a\_temp/xdg-oracle-windows.json
2026-10-03T22:03:43.1896310Z   SYMBRAIN_GUARD_DOCTOR_ORACLE_FIXTURE: D:\a\_temp/guard-doctor-oracle-windows.json
2026-10-03T22:03:43.1897443Z   SYMBRAIN_INSTRUCTIONS_ORACLE_FIXTURE: D:\a\_temp/instructions-oracle-windows.json
2026-10-03T22:03:43.1898221Z   SYMBRAIN_CLI_TREE_ORACLE_FIXTURE: D:\a\_temp/cli-tree-oracle-windows.json
2026-10-03T22:03:43.1898893Z   SYMBRAIN_ACTIVITY_CLI_ORACLE_FIXTURE: D:\a\_temp/activity-cli-oracle-windows.json
2026-10-03T22:03:43.1899608Z   SYMBRAIN_PROFILE_REMOVE_ORACLE_FIXTURE: D:\a\_temp/profile-remove-oracle-windows.json
2026-10-03T22:03:43.1900274Z   SYMBRAIN_SKILLS_ORACLE_FIXTURE: D:\a\_temp/skills-oracle-windows.json
2026-10-03T22:03:43.1900980Z   SYMBRAIN_SKILLS_INSTALL_ORACLE_FIXTURE: D:\a\_temp/skills-install-oracle-windows.json
2026-10-03T22:03:43.1901958Z   SYMBRAIN_GUARD_SCAN_ORACLE_FIXTURE: D:\a\_temp/guard-scan-oracle-windows.json
2026-10-03T22:03:43.1902471Z ##[endgroup]
2026-10-03T22:03:43.3905080Z ##[error]No files were found with the provided path: D:\a\_temp/vault-admin-parity.json. No artifacts will be uploaded.
2026-10-03T22:03:43.4475305Z Post job cleanup.
2026-10-03T22:03:43.6893919Z [command]"C:\Program Files\Git\bin\git.exe" version
2026-10-03T22:03:43.7327525Z git version 2.55.0.windows.5
2026-10-03T22:03:43.7416421Z Temporarily overriding HOME='D:\a\_temp\d9429773-7284-4396-8a7d-920eb49e2410' before making global git config changes
2026-10-03T22:03:43.7447650Z Adding repository directory to the temporary git global config as a safe directory
2026-10-03T22:03:43.7449488Z [command]"C:\Program Files\Git\bin\git.exe" config --global --add safe.directory D:\a\symaira-brain\symaira-brain
2026-10-03T22:03:43.7815307Z Removing SSH command configuration
2026-10-03T22:03:43.7831945Z [command]"C:\Program Files\Git\bin\git.exe" config --local --name-only --get-regexp core\.sshCommand
2026-10-03T22:03:43.8240032Z [command]"C:\Program Files\Git\bin\git.exe" submodule foreach --recursive "sh -c \"git config --local --name-only --get-regexp 'core\.sshCommand' && git config --local --unset-all 'core.sshCommand' || :\""
2026-10-03T22:03:44.3954377Z Removing HTTP extra header
2026-10-03T22:03:44.3968674Z [command]"C:\Program Files\Git\bin\git.exe" config --local --name-only --get-regexp http\.https\:\/\/github\.com\/\.extraheader
2026-10-03T22:03:44.4289331Z [command]"C:\Program Files\Git\bin\git.exe" submodule foreach --recursive "sh -c \"git config --local --name-only --get-regexp 'http\.https\:\/\/github\.com\/\.extraheader' && git config --local --unset-all 'http.https://github.com/.extraheader' || :\""
2026-10-03T22:03:45.0017563Z Removing includeIf entries pointing to credentials config files
2026-10-03T22:03:45.0036204Z [command]"C:\Program Files\Git\bin\git.exe" config --local --name-only --get-regexp ^includeIf\.gitdir:
2026-10-03T22:03:45.0333478Z includeif.gitdir:D:/a/symaira-brain/symaira-brain/.git.path
2026-10-03T22:03:45.0335022Z includeif.gitdir:D:/a/symaira-brain/symaira-brain/.git/worktrees/*.path
2026-10-03T22:03:45.0335891Z includeif.gitdir:/github/workspace/.git.path
2026-10-03T22:03:45.0336688Z includeif.gitdir:/github/workspace/.git/worktrees/*.path
2026-10-03T22:03:45.0374275Z [command]"C:\Program Files\Git\bin\git.exe" config --local --get-all includeif.gitdir:D:/a/symaira-brain/symaira-brain/.git.path
2026-10-03T22:03:45.0661754Z D:\a\_temp\git-credentials-bac27df6-6f9a-4826-aa90-c48d9343a381.config
2026-10-03T22:03:45.0707170Z [command]"C:\Program Files\Git\bin\git.exe" config --local --unset includeif.gitdir:D:/a/symaira-brain/symaira-brain/.git.path D\:\\a\\_temp\\git\-credentials\-bac27df6\-6f9a\-4826\-aa90\-c48d9343a381\.config
2026-10-03T22:03:45.1031568Z [command]"C:\Program Files\Git\bin\git.exe" config --local --get-all includeif.gitdir:D:/a/symaira-brain/symaira-brain/.git/worktrees/*.path
2026-10-03T22:03:45.1299400Z D:\a\_temp\git-credentials-bac27df6-6f9a-4826-aa90-c48d9343a381.config
2026-10-03T22:03:45.1340084Z [command]"C:\Program Files\Git\bin\git.exe" config --local --unset includeif.gitdir:D:/a/symaira-brain/symaira-brain/.git/worktrees/*.path D\:\\a\\_temp\\git\-credentials\-bac27df6\-6f9a\-4826\-aa90\-c48d9343a381\.config
2026-10-03T22:03:45.1643483Z [command]"C:\Program Files\Git\bin\git.exe" config --local --get-all includeif.gitdir:/github/workspace/.git.path
2026-10-03T22:03:45.1906256Z /github/runner_temp/git-credentials-bac27df6-6f9a-4826-aa90-c48d9343a381.config
2026-10-03T22:03:45.1949234Z [command]"C:\Program Files\Git\bin\git.exe" config --local --unset includeif.gitdir:/github/workspace/.git.path \/github\/runner_temp\/git\-credentials\-bac27df6\-6f9a\-4826\-aa90\-c48d9343a381\.config
2026-10-03T22:03:45.2293577Z [command]"C:\Program Files\Git\bin\git.exe" config --local --get-all includeif.gitdir:/github/workspace/.git/worktrees/*.path
2026-10-03T22:03:45.2556829Z /github/runner_temp/git-credentials-bac27df6-6f9a-4826-aa90-c48d9343a381.config
2026-10-03T22:03:45.2651143Z [command]"C:\Program Files\Git\bin\git.exe" config --local --unset includeif.gitdir:/github/workspace/.git/worktrees/*.path \/github\/runner_temp\/git\-credentials\-bac27df6\-6f9a\-4826\-aa90\-c48d9343a381\.config
2026-10-03T22:03:45.3010322Z [command]"C:\Program Files\Git\bin\git.exe" submodule foreach --recursive "git config --local --show-origin --name-only --get-regexp remote.origin.url"
2026-10-03T22:03:45.8826309Z Removing credentials config 'D:\a\_temp\git-credentials-bac27df6-6f9a-4826-aa90-c48d9343a381.config'
2026-10-03T22:03:45.9093187Z Cleaning up orphan processes
2026-10-03T22:03:45.9632850Z Terminate orphan process: pid (5524) (vctip)
